stem_id,station_m,x,y,diameter_m,gt_tree_id
1,0.0,423620.59297,5858117.82098,0.2307,10
1,0.5,423620.26673000003,5858118.188000001,0.2941,10
1,1.0,423619.94049,5858118.555020001,0.2941,10
1,1.5,423619.61425,5858118.922040001,0.346,10
1,2.0,423619.24723000004,5858119.28906,0.346,10
1,2.5,423618.92099,5858119.656080001,0.346,10
1,3.0,423618.55397,5858120.023100001,0.3647,10
1,3.5,423618.18695,5858120.390120001,0.346,10
1,4.0,423617.86071000004,5858120.716360001,0.346,10
1,4.5,423617.53447,5858121.083380001,0.346,10
1,5.0,423617.16745,5858121.4504,0.4078,10
1,5.5,423616.80043,5858121.81742,0.4078,10
1,6.0,423616.47419000004,5858122.1436600005,0.4078,10
1,6.5,423616.10717000003,5858122.551460001,0.346,10
1,7.0,423615.78093,5858122.877700001,0.4078,10
1,7.5,423615.41391,5858123.244720001,0.4078,10
1,8.0,423615.04689,5858123.611740001,0.4078,10
1,8.5,423614.72065000003,5858123.937980001,0.4078,10
1,9.0,423614.35363,5858124.305000001,0.4078,10
1,9.5,423614.02739,5858124.67202,0.4078,10
1,10.0,423613.66037,5858125.039040001,0.4078,10
1,10.5,423613.33413000003,5858125.3652800005,0.4078,10
1,11.0,423612.96711,5858125.7323,0.4078,10
1,11.5,423612.64087,5858126.099320001,0.4078,10
1,12.0,423612.27385,5858126.466340001,0.4614,10
1,12.5,423611.90683,5858126.8333600005,0.4614,10
1,13.0,423611.58059,5858127.20038,0.4078,10
1,13.5,423611.25435,5858127.526620001,0.4614,10
1,14.0,423610.88733,5858127.89364,0.4078,10
1,14.5,423610.56109000003,5858128.3014400005,0.4614,10
1,15.0,423610.23485,5858128.66846,0.4614,10
1,15.5,423609.90861,5858129.035480001,0.4614,10
1,16.0,423609.58237,5858129.402500001,0.4078,10
1,16.5,423609.21535,5858129.769520001,0.4614,10
1,17.0,423608.88911,5858130.13654,0.4614,10
1,17.5,423608.56287,5858130.503560001,0.4614,10
1,18.0,423608.19585,5858130.870580001,0.4078,10
1,18.5,423607.86961,5858131.237600001,0.4078,10
1,19.0,423607.54337,5858131.60462,0.4078,10
1,19.5,423607.21713,5858132.0124200005,0.4078,10
1,20.0,423606.89089000004,5858132.37944,0.4078,10
1,20.5,423606.56465,5858132.746460001,0.346,10
1,21.0,423606.23841,5858133.15426,0.346,10
1,21.5,423605.91217,5858133.521280001,0.346,10
1,22.0,423605.58593,5858133.888300001,0.346,10
1,22.5,423605.25969000004,5858134.25532,0.346,10
1,23.0,423604.89267000003,5858134.62234,0.346,10
1,23.5,423604.56643,5858134.989360001,0.4078,10
1,24.0,423604.28097,5858135.397160001,0.346,10
1,24.5,423603.91395,5858135.7234000005,0.2941,10
2,0.0,423608.35897,5858128.383,0.3363,9
2,0.5,423607.99195,5858128.750020001,0.4078,9
2,1.0,423607.70649,5858129.117040001,0.3363,9
2,1.5,423607.42103,5858129.524840001,0.3363,9
2,2.0,423607.17635,5858129.973420001,0.3363,9
2,2.5,423606.93167,5858130.422,0.2941,9
2,3.0,423606.68699,5858130.870580001,0.2941,9
2,3.5,423606.48309,5858131.31916,0.3262,9
2,4.0,423606.31997,5858131.80852,0.4756,9
2,4.5,423606.07529,5858132.216320001,0.4614,9
2,5.0,423605.70827,5858132.58334,0.5222,9
2,5.5,423605.38203000004,5858132.950360001,0.5222,9
2,6.0,423605.05579,5858133.2766,0.5767,9
2,6.5,423604.64799,5858133.64362,0.5222,9
2,7.0,423604.32175,5858133.969860001,0.5222,9
2,7.5,423603.95473,5858134.33688,0.5222,9
2,8.0,423603.62849000003,5858134.703900001,0.5222,9
2,8.5,423603.30225,5858135.070920001,0.5222,9
2,9.0,423602.93523,5858135.437940001,0.5158,9
2,9.5,423602.64977,5858135.845740001,0.5222,9
2,10.0,423602.32353,5858136.2127600005,0.5222,9
2,10.5,423601.95651,5858136.57978,0.5222,9
2,11.0,423601.63027,5858136.946800001,0.5222,9
2,11.5,423601.26325,5858137.313820001,0.5222,9
2,12.0,423600.89623,5858137.640060001,0.6921,9
2,12.5,423600.52921,5858137.9663,0.7519,9
2,13.0,423600.24375,5858138.374100001,0.6921,9
2,13.5,423599.91751,5858138.74112,0.6576,9
2,14.0,423599.55049,5858139.108140001,0.6211,9
2,14.5,423599.22425,5858139.475160001,0.637,9
2,15.0,423598.85723,5858139.842180001,0.637,9
2,15.5,423598.53099,5858140.168420001,0.637,9
2,16.0,423598.16397,5858140.535440001,0.637,9
2,16.5,423597.79695,5858140.861680001,0.637,9
2,17.0,423597.42993,5858141.228700001,0.6921,9
2,17.5,423597.06291000004,5858141.595720001,0.6921,9
2,18.0,423596.73667,5858141.921960001,0.7519,9
2,18.5,423596.41043,5858142.288980001,0.7519,9
2,19.0,423596.04341,5858142.656,0.7519,9
2,19.5,423595.67639000004,5858143.023020001,0.7016,9
2,20.0,423595.35015,5858143.3492600005,0.6921,9
2,20.5,423594.98313,5858143.71628,0.6921,9
2,21.0,423594.61611,5858144.083300001,0.637,9
2,21.5,423594.28987000004,5858144.450320001,0.637,9
2,22.0,423593.92285000003,5858144.8173400005,0.5767,9
2,22.5,423593.59661,5858145.143580001,0.5767,9
3,0.0,423709.08557,5858121.898980001,0.2941,29
3,0.5,423708.63699,5858122.102880001,0.2579,29
3,1.0,423708.18841,5858122.30678,0.2579,29
3,1.5,423707.73983000003,5858122.551460001,0.2579,29
3,2.0,423707.29125,5858122.79614,0.2579,29
3,2.5,423706.84267,5858123.040820001,0.2579,29
3,3.0,423706.39409,5858123.244720001,0.2941,29
3,3.5,423705.94551,5858123.40784,0.2941,29
3,4.0,423705.45615,5858123.570960001,0.2941,29
3,4.5,423705.00757,5858123.77486,0.2579,29
3,5.0,423704.55899,5858123.97876,0.2579,29
3,5.5,423704.11041,5858124.223440001,0.1824,29
3,6.0,423703.66183,5858124.46812,0.1824,29
3,6.5,423703.25403,5858124.712800001,0.2307,29
3,7.0,423702.80545,5858124.95748,0.2941,29
3,7.5,423702.39765,5858125.202160001,0.2941,29
3,8.0,423701.94907000003,5858125.487620001,0.3363,29
3,8.5,423701.54127,5858125.773080001,0.4392,29
3,9.0,423701.09269,5858126.017760001,0.4078,29
3,9.5,423700.64411,5858126.22166,0.4392,29
3,10.0,423700.19553,5858126.42556,0.4078,29
3,10.5,423699.74695,5858126.670240001,0.4078,29
3,11.0,423699.33915,5858126.91492,0.3363,29
3,11.5,423698.89057,5858127.159600001,0.2941,29
3,12.0,423698.44199,5858127.40428,0.2579,29
3,12.5,423697.99341,5858127.60818,0.3262,29
3,13.0,423697.54483,5858127.8120800005,0.3363,29
3,13.5,423697.09625,5858128.015980001,0.4614,29
3,14.0,423696.64767000003,5858128.260660001,0.4392,29
3,14.5,423696.19909,5858128.505340001,0.4614,29
3,15.0,423695.75051,5858128.750020001,0.5222,29
3,15.5,423695.34271,5858128.994700001,0.5471,29
3,16.0,423694.89413000003,5858129.239380001,0.4614,29
3,16.5,423694.48633,5858129.484060001,0.4078,29
3,17.0,423694.03775,5858129.769520001,0.3363,29
3,17.5,423693.58917,5858129.973420001,0.3647,29
3,18.0,423693.18137,5858130.218100001,0.4392,29
3,18.5,423692.73279000004,5858130.462780001,0.4756,29
3,19.0,423692.28421,5858130.707460001,0.4159,29
3,19.5,423691.83563,5858130.91136,0.4078,29
3,20.0,423691.38705,5858131.156040001,0.3647,29
4,0.0,423504.85933,5858091.92568,0.4078,71
4,0.5,423504.77777,5858092.41504,0.4078,71
4,1.0,423504.69621,5858092.9044,0.4078,71
4,1.5,423504.53309,5858093.39376,0.4078,71
4,2.0,423504.28841000004,5858093.8015600005,0.4078,71
4,2.5,423504.04373000003,5858094.250140001,0.4392,71
4,3.0,423503.79905000003,5858094.698720001,0.4078,71
4,3.5,423503.59515,5858095.1473,0.3262,71
4,4.0,423503.43203,5858095.63666,0.3363,71
4,4.5,423503.30969,5858096.085240001,0.4078,71
4,5.0,423503.14657,5858096.574600001,0.4078,71
4,5.5,423502.98345,5858097.063960001,0.3647,71
4,6.0,423502.82033,5858097.5125400005,0.3363,71
4,6.5,423502.61643,5858098.0019000005,0.3262,71
4,7.0,423502.41253000003,5858098.450480001,0.2941,71
4,7.5,423502.24941,5858098.899060001,0.3262,71
4,8.0,423502.04551,5858099.388420001,0.2941,71
4,8.5,423501.88239,5858099.837,0.2941,71
4,9.0,423501.71927,5858100.32636,0.2941,71
4,9.5,423501.51537000004,5858100.774940001,0.2579,71
4,10.0,423501.31147,5858101.22352,0.2307,71
4,10.5,423501.14835000003,5858101.672100001,0.1631,71
4,11.0,423500.98523,5858102.161460001,0.2307,71
4,11.5,423500.82211,5858102.650820001,0.3262,71
4,12.0,423500.61821,5858103.099400001,0.2941,71
4,12.5,423500.41431,5858103.54798,0.2447,71
4,13.0,423500.25119000004,5858104.03734,0.2579,71
4,13.5,423500.08807,5858104.485920001,0.2941,71
4,14.0,423499.88417000003,5858104.975280001,0.3363,71
4,14.5,423499.72105,5858105.42386,0.3647,71
4,15.0,423499.51715,5858105.872440001,0.4078,71
4,15.5,423499.31325,5858106.361800001,0.4078,71
4,16.0,423499.10935,5858106.810380001,0.3647,71
4,16.5,423498.94623,5858107.25896,0.3647,71
4,17.0,423498.74233000004,5858107.707540001,0.4078,71
4,17.5,423498.53843,5858108.196900001,0.4159,71
4,18.0,423498.33453,5858108.64548,0.4392,71
4,18.5,423498.13063,5858109.094060001,0.4392,71
4,19.0,423497.92673,5858109.542640001,0.4392,71
5,0.0,423697.58561,5858005.8391,0.2941,62
5,0.5,423697.38171,5858006.287680001,0.4392,62
5,1.0,423697.21859,5858006.777040001,0.4078,62
5,1.5,423697.01469000004,5858007.225620001,0.4392,62
5,2.0,423696.85157,5858007.714980001,0.4078,62
5,2.5,423696.68845,5858008.16356,0.4961,62
5,3.0,423696.56611,5858008.65292,0.5471,62
5,3.5,423696.36221,5858009.101500001,0.5158,62
5,4.0,423696.19909,5858009.590860001,0.5158,62
5,4.5,423696.03597,5858010.080220001,0.4392,62
5,5.0,423695.95441,5858010.569580001,0.4894,62
5,5.5,423695.83207,5858011.058940001,0.4961,62
5,6.0,423695.70973,5858011.50752,0.4961,62
5,6.5,423695.58739,5858011.99688,0.4961,62
5,7.0,423695.46505,5858012.48624,0.4894,62
5,7.5,423695.34271,5858012.9756000005,0.4392,62
5,8.0,423695.22037,5858013.4649600005,0.4078,62
5,8.5,423695.09803,5858013.9543200005,0.4392,62
5,9.0,423694.97569,5858014.4436800005,0.4894,62
5,9.5,423694.81257,5858014.892260001,0.4961,62
5,10.0,423694.64945,5858015.381620001,0.4756,62
5,10.5,423694.56789,5858015.870980001,0.5471,62
5,11.0,423694.44555,5858016.360340001,0.5709,62
5,11.5,423694.28243,5858016.808920001,0.4756,62
5,12.0,423694.07853,5858017.298280001,0.3647,62
5,12.5,423693.91541,5858017.787640001,0.3647,62
5,13.0,423693.79307,5858018.23622,0.4159,62
5,13.5,423693.67073,5858018.72558,0.4159,62
5,14.0,423693.50761000003,5858019.21494,0.4159,62
5,14.5,423693.34449,5858019.663520001,0.4756,62
5,15.0,423693.14059,5858020.152880001,0.4961,62
5,15.5,423692.97747,5858020.6014600005,0.5158,62
5,16.0,423692.85513000004,5858021.0908200005,0.5471,62
5,16.5,423692.73279000004,5858021.5801800005,0.4756,62
5,17.0,423692.56967,5858022.0695400005,0.4756,62
5,17.5,423692.44733,5858022.518120001,0.4392,62
6,0.0,423692.12109000003,5858024.067760001,0.5158,58
6,0.5,423691.83563,5858024.475560001,0.4756,58
6,1.0,423691.55017,5858024.88336,0.4078,58
6,1.5,423691.26471,5858025.2911600005,0.4078,58
6,2.0,423690.97925000003,5858025.739740001,0.4614,58
6,2.5,423690.69379,5858026.106760001,0.5158,58
6,3.0,423690.40833,5858026.514560001,0.5158,58
6,3.5,423690.08209000004,5858026.922360001,0.5222,58
6,4.0,423689.79663,5858027.33016,0.5471,58
6,4.5,423689.51117,5858027.7379600005,0.5158,58
6,5.0,423689.18493,5858028.10498,0.5222,58
6,5.5,423688.89947,5858028.51278,0.4756,58
6,6.0,423688.61401,5858028.920580001,0.4614,58
6,6.5,423688.28777,5858029.328380001,0.5222,58
6,7.0,423688.00231,5858029.736180001,0.5158,58
6,7.5,423687.71685,5858030.143980001,0.4756,58
6,8.0,423687.39061,5858030.511000001,0.4756,58
6,8.5,423687.10515,5858030.918800001,0.5158,58
6,9.0,423686.81969000003,5858031.3266,0.5222,58
6,9.5,423686.49345,5858031.7344,0.4756,58
6,10.0,423686.20799,5858032.142200001,0.5158,58
6,10.5,423685.92253000004,5858032.550000001,0.4756,58
6,11.0,423685.63707,5858032.9170200005,0.5158,58
6,11.5,423685.31083000003,5858033.324820001,0.4392,58
6,12.0,423685.02537,5858033.732620001,0.4614,58
6,12.5,423684.73991,5858034.140420001,0.4614,58
6,13.0,423684.41367000004,5858034.54822,0.4756,58
6,13.5,423684.16899000003,5858034.95602,0.5158,58
6,14.0,423683.88353,5858035.363820001,0.5881,58
6,14.5,423683.59807,5858035.771620001,0.7295,58
6,15.0,423683.31261,5858036.179420001,0.8074,58
6,15.5,423683.02715000004,5858036.6280000005,0.867,58
6,16.0,423682.74169,5858036.99502,0.8033,58
6,16.5,423682.41545000003,5858037.40282,0.6921,58
6,17.0,423682.08921,5858037.769840001,0.5471,58
6,17.5,423681.80375,5858038.17764,0.5158,58
7,0.0,423757.12441,5858059.750260001,0.3363,50
7,0.5,423757.00207,5858060.239620001,0.3647,50
7,1.0,423756.87973,5858060.728980001,0.3647,50
7,1.5,423756.79817,5858061.218340001,0.4078,50
7,2.0,423756.71661,5858061.707700001,0.4078,50
7,2.5,423756.67583,5858062.197060001,0.4078,50
7,3.0,423756.63505,5858062.686420001,0.4078,50
7,3.5,423756.55349,5858063.216560001,0.4078,50
7,4.0,423756.47193,5858063.705920001,0.3363,50
7,4.5,423756.43115,5858064.195280001,0.4078,50
7,5.0,423756.34959,5858064.684640001,0.4078,50
7,5.5,423756.26803000004,5858065.174000001,0.3262,50
7,6.0,423756.22725,5858065.663360001,0.3262,50
7,6.5,423756.14569000003,5858066.152720001,0.3262,50
7,7.0,423756.06413,5858066.642080001,0.3262,50
7,7.5,423755.94179,5858067.131440001,0.4078,50
7,8.0,423755.86023,5858067.620800001,0.4078,50
7,8.5,423755.77867,5858068.110160001,0.4078,50
7,9.0,423755.69711,5858068.640300001,0.4078,50
7,9.5,423755.61555,5858069.129660001,0.4159,50
7,10.0,423755.53399,5858069.619020001,0.4159,50
7,10.5,423755.45243,5858070.108380001,0.4159,50
7,11.0,423755.37087,5858070.597740001,0.4159,50
7,11.5,423755.24853,5858071.087100001,0.4894,50
7,12.0,423755.16697,5858071.576460001,0.4894,50
7,12.5,423755.08541,5858072.065820001,0.4159,50
7,13.0,423755.00385000004,5858072.555180001,0.4078,50
7,13.5,423754.92229,5858073.044540001,0.4078,50
7,14.0,423754.79995,5858073.533900001,0.4159,50
7,14.5,423754.67761,5858074.023260001,0.4078,50
7,15.0,423754.55527,5858074.512620001,0.3262,50
7,15.5,423754.47371,5858075.001980001,0.3262,50
7,16.0,423754.39215,5858075.491340001,0.3262,50
7,16.5,423754.26981,5858075.980700001,0.3262,50
8,0.0,423649.87301000004,5858104.689820001,0.0816,27
8,0.5,423649.95457,5858105.179180001,0.3262,27
8,1.0,423649.91379,5858105.668540001,0.3262,27
8,1.5,423649.87301000004,5858106.19868,0.3262,27
8,2.0,423649.79145,5858106.68804,0.2579,27
8,2.5,423649.75067000004,5858107.1774,0.3262,27
8,3.0,423649.70989,5858107.66676,0.3262,27
8,3.5,423649.66911,5858108.15612,0.3262,27
8,4.0,423649.58755,5858108.64548,0.3262,27
8,4.5,423649.50599000003,5858109.13484,0.3363,27
8,5.0,423649.46521,5858109.664980001,0.4159,27
8,5.5,423649.42443,5858110.154340001,0.4078,27
8,6.0,423649.38365000003,5858110.643700001,0.4078,27
8,6.5,423649.34287,5858111.133060001,0.3262,27
8,7.0,423649.34287,5858111.6632,0.3262,27
8,7.5,423649.26131000003,5858112.15256,0.2447,27
8,8.0,423649.22053,5858112.64192,0.3262,27
8,8.5,423649.09819,5858113.13128,0.4078,27
8,9.0,423649.05741,5858113.62064,0.4078,27
8,9.5,423648.97585,5858114.11,0.4159,27
8,10.0,423648.93507,5858114.59936,0.4078,27
8,10.5,423648.85351,5858115.08872,0.4078,27
8,11.0,423648.81273,5858115.618860001,0.4078,27
8,11.5,423648.73117,5858116.108220001,0.3647,27
8,12.0,423648.69039,5858116.597580001,0.4078,27
8,12.5,423648.60883,5858117.086940001,0.3262,27
8,13.0,423648.56805,5858117.576300001,0.3647,27
8,13.5,423648.48649000004,5858118.065660001,0.3363,27
8,14.0,423648.44571,5858118.5958,0.3363,27
8,14.5,423648.36415000004,5858119.08516,0.4078,27
8,15.0,423648.28259,5858119.57452,0.4078,27
8,15.5,423648.24181000004,5858120.06388,0.4078,27
8,16.0,423648.16025,5858120.55324,0.4078,27
8,16.5,423648.07869,5858121.0426,0.3363,27
9,0.0,423656.72405,5858124.141880001,0.3647,20
9,0.5,423656.52015,5858124.590460001,0.3262,20
9,1.0,423656.39781,5858125.079820001,0.3647,20
9,1.5,423656.23469,5858125.569180001,0.3363,20
9,2.0,423656.07157000003,5858126.017760001,0.3262,20
9,2.5,423655.94923,5858126.507120001,0.3262,20
9,3.0,423655.78611,5858126.996480001,0.3262,20
9,3.5,423655.62299,5858127.445060001,0.3363,20
9,4.0,423655.45987,5858127.934420001,0.3647,20
9,4.5,423655.29675000004,5858128.423780001,0.3647,20
9,5.0,423655.13363,5858128.87236,0.4078,20
9,5.5,423654.97051,5858129.320940001,0.4078,20
9,6.0,423654.80739000003,5858129.810300001,0.4392,20
9,6.5,423654.64427,5858130.299660001,0.4756,20
9,7.0,423654.48115,5858130.748240001,0.4756,20
9,7.5,423654.31803,5858131.237600001,0.4756,20
9,8.0,423654.15491,5858131.686180001,0.4756,20
9,8.5,423653.95101,5858132.175540001,0.4392,20
9,9.0,423653.78789000004,5858132.624120001,0.4392,20
9,9.5,423653.62477,5858133.113480001,0.4756,20
9,10.0,423653.46165,5858133.602840001,0.4756,20
9,10.5,423653.29853000003,5858134.05142,0.4756,20
9,11.0,423653.09463,5858134.500000001,0.4756,20
9,11.5,423652.93151,5858134.989360001,0.5158,20
9,12.0,423652.76839,5858135.437940001,0.5158,20
9,12.5,423652.60527,5858135.927300001,0.4961,20
9,13.0,423652.40137000004,5858136.375880001,0.5158,20
9,13.5,423652.23825,5858136.865240001,0.5767,20
9,14.0,423652.07513,5858137.354600001,0.5471,20
9,14.5,423651.87123,5858137.803180001,0.4894,20
9,15.0,423651.74889,5858138.25176,0.4961,20
9,15.5,423651.54499,5858138.74112,0.346,20
10,0.0,423589.80407,5858160.3545200005,0.2941,7
10,0.5,423589.39627,5858160.680760001,0.346,7
10,1.0,423588.98847,5858160.966220001,0.3647,7
10,1.5,423588.62145000004,5858161.251680001,0.2941,7
10,2.0,423588.21365,5858161.537140001,0.2941,7
10,2.5,423587.80585,5858161.822600001,0.2941,7
10,3.0,423587.39805,5858162.148840001,0.3647,7
10,3.5,423587.03103,5858162.47508,0.2941,7
10,4.0,423586.62323,5858162.760540001,0.346,7
10,4.5,423586.21543,5858163.0867800005,0.346,7
10,5.0,423585.80763,5858163.37224,0.2941,7
10,5.5,423585.44061,5858163.698480001,0.3363,7
10,6.0,423585.03281,5858163.983940001,0.2941,7
10,6.5,423584.62501,5858164.269400001,0.2941,7
10,7.0,423584.25799,5858164.595640001,0.346,7
10,7.5,423583.85019,5858164.92188,0.3363,7
10,8.0,423583.44239000004,5858165.207340001,0.3647,7
10,8.5,423583.03459,5858165.492800001,0.3363,7
10,9.0,423582.66757,5858165.81904,0.3647,7
10,9.5,423582.25977,5858166.145280001,0.346,7
10,10.0,423581.89275,5858166.430740001,0.3647,7
10,10.5,423581.48495,5858166.756980001,0.4078,7
10,11.0,423581.07715,5858167.042440001,0.3647,7
10,11.5,423580.66935000004,5858167.36868,0.4078,7
10,12.0,423580.30233000003,5858167.65414,0.3647,7
10,12.5,423579.89453,5858167.939600001,0.4078,7
10,13.0,423579.48673,5858168.225060001,0.4078,7
10,13.5,423579.07893,5858168.5513,0.4078,7
10,14.0,423578.67113000003,5858168.83676,0.4078,7
10,14.5,423578.26333,5858169.12222,0.3363,7
10,15.0,423577.85553,5858169.407680001,0.1631,7
11,0.0,423693.91541,5858022.762800001,0.2941,60
11,0.5,423693.71151,5858023.21138,0.2579,60
11,1.0,423693.46683,5858023.659960001,0.3363,60
11,1.5,423693.18137,5858024.067760001,0.4078,60
11,2.0,423692.89591,5858024.475560001,0.4078,60
11,2.5,423692.61045000004,5858024.88336,0.4078,60
11,3.0,423692.32499,5858025.2911600005,0.4078,60
11,3.5,423691.99875,5858025.698960001,0.4078,60
11,4.0,423691.71329,5858026.106760001,0.4392,60
11,4.5,423691.42783,5858026.514560001,0.4756,60
11,5.0,423691.06081,5858026.8408,0.5222,60
11,5.5,423690.73457000003,5858027.207820001,0.4614,60
11,6.0,423690.44911,5858027.61562,0.4078,60
11,6.5,423690.16365,5858028.02342,0.5222,60
11,7.0,423689.87819,5858028.431220001,0.5881,60
11,7.5,423689.59273000003,5858028.839020001,0.5158,60
11,8.0,423689.30727,5858029.2876,0.4614,60
11,8.5,423688.98103,5858029.613840001,0.4614,60
11,9.0,423688.69557000004,5858030.021640001,0.3363,60
11,9.5,423688.41011,5858030.429440001,0.4078,60
11,10.0,423688.12465,5858030.878020001,0.4392,60
11,10.5,423687.87997,5858031.285820001,0.4078,60
11,11.0,423687.59451,5858031.693620001,0.4392,60
11,11.5,423687.34983,5858032.142200001,0.4078,60
11,12.0,423687.06437000004,5858032.550000001,0.4392,60
11,12.5,423686.77891,5858032.957800001,0.4078,60
11,13.0,423686.49345,5858033.365600001,0.4614,60
11,13.5,423686.12643,5858033.732620001,0.2307,60
12,0.0,423510.93555,5858085.931020001,0.0816,72
12,0.5,423510.85399000003,5858086.420380001,0.3262,72
12,1.0,423510.69087,5858086.868960001,0.3262,72
12,1.5,423510.44619,5858087.317540001,0.2941,72
12,2.0,423510.20151,5858087.766120001,0.4078,72
12,2.5,423509.99761,5858088.2147,0.3647,72
12,3.0,423509.79371,5858088.663280001,0.3647,72
12,3.5,423509.54903,5858089.1118600005,0.4078,72
12,4.0,423509.30435,5858089.560440001,0.4756,72
12,4.5,423509.01889,5858089.96824,0.4078,72
12,5.0,423508.69265,5858090.335260001,0.3647,72
12,5.5,423508.40719,5858090.74306,0.4078,72
12,6.0,423508.20329000003,5858091.191640001,0.3647,72
12,6.5,423507.95861000003,5858091.64022,0.3647,72
12,7.0,423507.71393,5858092.088800001,0.3647,72
12,7.5,423507.46925,5858092.496600001,0.4078,72
12,8.0,423507.22457,5858092.945180001,0.4078,72
12,8.5,423506.97989,5858093.39376,0.3647,72
12,9.0,423506.69443000003,5858093.8015600005,0.3647,72
12,9.5,423506.44975,5858094.250140001,0.346,72
12,10.0,423506.20507,5858094.65794,0.4078,72
12,10.5,423505.91961,5858095.106520001,0.346,72
12,11.0,423505.63415,5858095.514320001,0.3647,72
12,11.5,423505.43025000003,5858095.92212,0.4756,72
12,12.0,423505.18557000003,5858096.370700001,0.5158,72
12,12.5,423504.94089,5858096.81928,0.4756,72
12,13.0,423504.73699,5858097.267860001,0.4756,72
12,13.5,423504.45153,5858097.675660001,0.4078,72
13,0.0,423670.22223,5858138.45566,0.4614,18
13,0.5,423669.85521,5858138.781900001,0.5222,18
13,1.0,423669.44741,5858139.108140001,0.5222,18
13,1.5,423669.08039,5858139.43438,0.5767,18
13,2.0,423668.71337,5858139.760620001,0.5767,18
13,2.5,423668.30557,5858140.086860001,0.6211,18
13,3.0,423667.93855,5858140.372320001,0.5881,18
13,3.5,423667.53075000003,5858140.69856,0.5471,18
13,4.0,423667.16373000003,5858141.024800001,0.4614,18
13,4.5,423666.79671,5858141.351040001,0.4078,18
13,5.0,423666.42969,5858141.67728,0.4078,18
13,5.5,423666.06267,5858142.044300001,0.4078,18
13,6.0,423665.65487,5858142.3705400005,0.5222,18
13,6.5,423665.28785,5858142.656,0.5767,18
13,7.0,423664.88005000004,5858142.982240001,0.5881,18
13,7.5,423664.51303000003,5858143.308480001,0.6211,18
13,8.0,423664.10523,5858143.593940001,0.637,18
13,8.5,423663.73821000004,5858143.92018,0.5881,18
13,9.0,423663.33041,5858144.246420001,0.5767,18
13,9.5,423662.92261,5858144.531880001,0.5767,18
13,10.0,423662.55559,5858144.858120001,0.5471,18
13,10.5,423662.14779,5858145.143580001,0.5881,18
13,11.0,423661.73999000003,5858145.429040001,0.6211,18
13,11.5,423661.33219,5858145.755280001,0.6576,18
13,12.0,423660.96517000004,5858146.0815200005,0.6921,18
13,12.5,423660.59815000003,5858146.407760001,0.6921,18
13,13.0,423660.19035,5858146.734000001,0.5767,18
13,13.5,423659.82333,5858147.0602400005,0.7295,18
14,0.0,423495.31681,5858098.695160001,0.2941,73
14,0.5,423495.15369,5858099.184520001,0.5471,73
14,1.0,423494.86823,5858099.592320001,0.5222,73
14,1.5,423494.58277000004,5858100.000120001,0.5222,73
14,2.0,423494.29731,5858100.407920001,0.5158,73
14,2.5,423494.01185,5858100.81572,0.4614,73
14,3.0,423493.76717,5858101.22352,0.5158,73
14,3.5,423493.52249,5858101.672100001,0.5158,73
14,4.0,423493.23703,5858102.0799,0.5222,73
14,4.5,423492.91079,5858102.4877,0.5881,73
14,5.0,423492.62533,5858102.895500001,0.5881,73
14,5.5,423492.29909,5858103.26252,0.5767,73
14,6.0,423492.01363,5858103.6703200005,0.6211,73
14,6.5,423491.72817,5858104.078120001,0.637,73
14,7.0,423491.44271000003,5858104.485920001,0.6921,73
14,7.5,423491.15725,5858104.893720001,0.7016,73
14,8.0,423490.87179,5858105.30152,0.6921,73
14,8.5,423490.58633,5858105.70932,0.6921,73
14,9.0,423490.26009,5858106.1171200005,0.6211,73
14,9.5,423489.97463,5858106.524920001,0.5881,73
14,10.0,423489.68917,5858106.932720001,0.5881,73
14,10.5,423489.40371,5858107.340520001,0.6211,73
14,11.0,423489.11825,5858107.74832,0.5767,73
14,11.5,423488.83279,5858108.15612,0.5767,73
14,12.0,423488.54733000003,5858108.563920001,0.5471,73
14,12.5,423488.26187,5858108.971720001,0.5767,73
14,13.0,423487.97641,5858109.379520001,0.5881,73
15,0.0,423718.87277,5858091.72178,0.3262,41
15,0.5,423718.75043,5858092.21114,0.2941,41
15,1.0,423718.58731000003,5858092.659720001,0.4078,41
15,1.5,423718.34263,5858093.1083,0.5158,41
15,2.0,423718.05717,5858093.516100001,0.4078,41
15,2.5,423717.73093,5858093.923900001,0.4078,41
15,3.0,423717.52703,5858094.37248,0.4078,41
15,3.5,423717.40469,5858094.821060001,0.4392,41
15,4.0,423717.20079000003,5858095.310420001,0.5158,41
15,4.5,423716.99689,5858095.759000001,0.5471,41
15,5.0,423716.75221,5858096.207580001,0.4961,41
15,5.5,423716.50753,5858096.61538,0.346,41
15,6.0,423716.22207,5858097.0231800005,0.5767,41
15,6.5,423715.93661000003,5858097.471760001,0.5767,41
15,7.0,423715.69193000003,5858097.87956,0.5158,41
15,7.5,423715.44725,5858098.328140001,0.5158,41
15,8.0,423715.20257,5858098.77672,0.4961,41
15,8.5,423714.95789,5858099.184520001,0.4078,41
15,9.0,423714.71321,5858099.6331,0.5158,41
15,9.5,423714.50931,5858100.081680001,0.5158,41
15,10.0,423714.26463,5858100.53026,0.5222,41
15,10.5,423713.97917,5858100.938060001,0.5222,41
15,11.0,423713.73449,5858101.345860001,0.5471,41
15,11.5,423713.40825000004,5858101.753660001,0.3647,41
15,12.0,423713.20435,5858102.2022400005,0.4894,41
15,12.5,423712.95967,5858102.650820001,0.5471,41
15,13.0,423712.71499,5858103.05862,0.4756,41
16,0.0,423707.98451000004,5858077.16332,0.2941,40
16,0.5,423707.82139,5858077.65268,0.1824,40
16,1.0,423707.69905,5858078.14204,0.2447,40
16,1.5,423707.53593,5858078.590620001,0.2579,40
16,2.0,423707.41359,5858079.079980001,0.3262,40
16,2.5,423707.25047,5858079.569340001,0.2579,40
16,3.0,423707.04657,5858080.0179200005,0.2579,40
16,3.5,423706.84267,5858080.466500001,0.2941,40
16,4.0,423706.63877,5858080.915080001,0.3363,40
16,4.5,423706.43487,5858081.36366,0.3363,40
16,5.0,423706.23097000003,5858081.85302,0.4078,40
16,5.5,423706.06785,5858082.301600001,0.4078,40
16,6.0,423705.90473,5858082.790960001,0.4078,40
16,6.5,423705.78239,5858083.23954,0.3647,40
16,7.0,423705.61927,5858083.7289,0.3363,40
16,7.5,423705.49693,5858084.21826,0.3363,40
16,8.0,423705.29303,5858084.666840001,0.3262,40
16,8.5,423705.12991,5858085.156200001,0.3262,40
16,9.0,423705.00757,5858085.645560001,0.2447,40
16,9.5,423704.92601,5858086.134920001,0.2941,40
16,10.0,423704.84445000003,5858086.624280001,0.3647,40
16,10.5,423704.72211000003,5858087.113640001,0.3262,40
16,11.0,423704.55899,5858087.562220001,0.3363,40
16,11.5,423704.39587,5858088.051580001,0.3363,40
16,12.0,423704.19197,5858088.50016,0.2579,40
16,12.5,423703.98807,5858088.948740001,0.1824,40
17,0.0,423731.06599000003,5858097.5125400005,0.2941,44
17,0.5,423730.86209,5858097.961120001,0.4078,44
17,1.0,423730.65819,5858098.409700001,0.4756,44
17,1.5,423730.45429,5858098.85828,0.4961,44
17,2.0,423730.25039,5858099.34764,0.4392,44
17,2.5,423730.04649000004,5858099.796220001,0.4159,44
17,3.0,423729.88337,5858100.2448,0.3647,44
17,3.5,423729.67947000003,5858100.73416,0.3363,44
17,4.0,423729.43479,5858101.182740001,0.4392,44
17,4.5,423729.19011,5858101.59054,0.5158,44
17,5.0,423728.98621,5858102.039120001,0.5158,44
17,5.5,423728.82309,5858102.528480001,0.2447,44
17,6.0,423728.53763000004,5858102.936280001,0.3647,44
17,6.5,423728.33373,5858103.384860001,0.3647,44
17,7.0,423728.12983,5858103.833440001,0.4392,44
17,7.5,423727.92593,5858104.282020001,0.4756,44
17,8.0,423727.72203,5858104.7306,0.4392,44
17,8.5,423727.51813,5858105.179180001,0.4078,44
17,9.0,423727.31423,5858105.668540001,0.4392,44
17,9.5,423727.11033,5858106.1171200005,0.4756,44
17,10.0,423726.90643000003,5858106.565700001,0.5158,44
17,10.5,423726.70253,5858107.014280001,0.5158,44
17,11.0,423726.49863,5858107.46286,0.5158,44
17,11.5,423726.21317,5858107.911440001,0.3647,44
17,12.0,423726.00927000004,5858108.3600200005,0.4078,44
18,0.0,423526.14649,5858086.95052,0.2447,69
18,0.5,423525.90181,5858087.399100001,0.5881,69
18,1.0,423525.65713,5858087.806900001,0.5158,69
18,1.5,423525.37167,5858088.2147,0.4392,69
18,2.0,423525.08621000004,5858088.663280001,0.4078,69
18,2.5,423524.84153000003,5858089.071080001,0.3647,69
18,3.0,423524.55607,5858089.47888,0.4078,69
18,3.5,423524.27061,5858089.88668,0.4078,69
18,4.0,423523.98515,5858090.294480001,0.4078,69
18,4.5,423523.69969000004,5858090.702280001,0.4078,69
18,5.0,423523.41423,5858091.15086,0.4078,69
18,5.5,423523.16955,5858091.558660001,0.3647,69
18,6.0,423522.92487,5858092.007240001,0.4392,69
18,6.5,423522.68019,5858092.41504,0.4756,69
18,7.0,423522.39473,5858092.8228400005,0.4614,69
18,7.5,423522.10927,5858093.271420001,0.4392,69
18,8.0,423521.82381000003,5858093.67922,0.5158,69
18,8.5,423521.53835,5858094.08702,0.4392,69
18,9.0,423521.25289,5858094.494820001,0.4078,69
18,9.5,423520.96743,5858094.902620001,0.4614,69
18,10.0,423520.68197000003,5858095.310420001,0.4392,69
18,10.5,423520.43729000003,5858095.759000001,0.4078,69
18,11.0,423520.23339,5858096.207580001,0.346,69
18,11.5,423519.98871,5858096.656160001,0.4756,69
18,12.0,423519.74403,5858097.063960001,0.6576,69
19,0.0,423533.20143,5858060.239620001,0.4614,65
19,0.5,423532.83441,5858060.606640001,0.5222,65
19,1.0,423532.50817,5858060.973660001,0.5471,65
19,1.5,423532.18193,5858061.299900001,0.5767,65
19,2.0,423531.81491,5858061.666920001,0.637,65
19,2.5,423531.44789,5858062.03394,0.5767,65
19,3.0,423531.12165,5858062.40096,0.5767,65
19,3.5,423530.79541,5858062.767980001,0.5767,65
19,4.0,423530.42839,5858063.135000001,0.5767,65
19,4.5,423530.10215,5858063.5020200005,0.637,65
19,5.0,423529.77591,5858063.86904,0.5881,65
19,5.5,423529.44967,5858064.236060001,0.5767,65
19,6.0,423529.08265,5858064.603080001,0.637,65
19,6.5,423528.75641000003,5858064.9701000005,0.637,65
19,7.0,423528.43017,5858065.33712,0.637,65
19,7.5,423528.06315,5858065.704140001,0.6921,65
19,8.0,423527.69613,5858066.071160001,0.6921,65
19,8.5,423527.36989000003,5858066.397400001,0.637,65
19,9.0,423527.00287,5858066.764420001,0.637,65
19,9.5,423526.63585,5858067.131440001,0.637,65
19,10.0,423526.30961,5858067.457680001,0.5767,65
19,10.5,423525.94259,5858067.824700001,0.5767,65
19,11.0,423525.57557,5858068.150940001,0.5767,65
19,11.5,423525.20855000004,5858068.517960001,0.5767,65
20,0.0,423653.70633,5858136.906020001,0.1631,17
20,0.5,423653.42087000003,5858137.313820001,0.346,17
20,1.0,423653.05385,5858137.640060001,0.346,17
20,1.5,423652.68683,5858138.007080001,0.346,17
20,2.0,423652.31981,5858138.374100001,0.346,17
20,2.5,423652.03435000003,5858138.74112,0.2307,17
20,3.0,423651.70811,5858139.1489200005,0.2579,17
20,3.5,423651.42265,5858139.556720001,0.2307,17
20,4.0,423651.13719000004,5858139.964520001,0.2307,17
20,4.5,423650.85173,5858140.372320001,0.2307,17
20,5.0,423650.56627,5858140.78012,0.2307,17
20,5.5,423650.28081,5858141.18792,0.2579,17
20,6.0,423649.99535,5858141.595720001,0.2941,17
20,6.5,423649.70989,5858142.003520001,0.3363,17
20,7.0,423649.46521,5858142.411320001,0.346,17
20,7.5,423649.13897,5858142.819120001,0.4078,17
20,8.0,423648.81273,5858143.22692,0.4614,17
20,8.5,423648.52727,5858143.593940001,0.4614,17
20,9.0,423648.20103,5858144.00174,0.4614,17
20,9.5,423647.87479000003,5858144.368760001,0.4614,17
20,10.0,423647.50777,5858144.735780001,0.4614,17
20,10.5,423647.18153,5858145.1028,0.4614,17
20,11.0,423646.85529000004,5858145.46982,0.4614,17
20,11.5,423646.52905,5858145.836840001,0.4078,17
21,0.0,423779.02327,5858088.255480001,0.3262,54
21,0.5,423778.98249,5858088.744840001,0.3262,54
21,1.0,423778.98249,5858089.234200001,0.3262,54
21,1.5,423778.90093,5858089.76434,0.2941,54
21,2.0,423778.86015,5858090.2537,0.3262,54
21,2.5,423778.77859,5858090.74306,0.2579,54
21,3.0,423778.73781,5858091.23242,0.3262,54
21,3.5,423778.65625,5858091.72178,0.3262,54
21,4.0,423778.61547,5858092.21114,0.3262,54
21,4.5,423778.53391,5858092.741280001,0.3363,54
21,5.0,423778.45235000004,5858093.230640001,0.3262,54
21,5.5,423778.37079,5858093.720000001,0.3262,54
21,6.0,423778.33001000003,5858094.209360001,0.4078,54
21,6.5,423778.28923,5858094.698720001,0.3647,54
21,7.0,423778.20767000003,5858095.188080001,0.3262,54
21,7.5,423778.16689,5858095.677440001,0.3262,54
21,8.0,423778.12611,5858096.207580001,0.3262,54
21,8.5,423778.08533000003,5858096.696940001,0.3262,54
21,9.0,423778.04455,5858097.186300001,0.3262,54
21,9.5,423777.96299,5858097.675660001,0.3262,54
21,10.0,423777.92221,5858098.165020001,0.3262,54
21,10.5,423777.84065,5858098.654380001,0.3262,54
21,11.0,423777.75909,5858099.184520001,0.3262,54
22,0.0,423548.77939000004,5858059.220120001,0.2941,67
22,0.5,423548.45315,5858059.58714,0.2941,67
22,1.0,423548.12691,5858059.954160001,0.2941,67
22,1.5,423547.80067,5858060.36196,0.2941,67
22,2.0,423547.43365,5858060.728980001,0.3647,67
22,2.5,423547.10741,5858061.05522,0.4078,67
22,3.0,423546.74039,5858061.42224,0.4078,67
22,3.5,423546.37337,5858061.789260001,0.4078,67
22,4.0,423546.04713,5858062.1155,0.4078,67
22,4.5,423545.68011,5858062.482520001,0.4078,67
22,5.0,423545.31309,5858062.849540001,0.4078,67
22,5.5,423544.98685,5858063.175780001,0.4078,67
22,6.0,423544.61983000004,5858063.542800001,0.4614,67
22,6.5,423544.25281000003,5858063.909820001,0.4614,67
22,7.0,423543.92657,5858064.27684,0.4614,67
22,7.5,423543.60033,5858064.603080001,0.4614,67
22,8.0,423543.23331000004,5858065.010880001,0.4614,67
22,8.5,423542.90707,5858065.377900001,0.4614,67
22,9.0,423542.58083,5858065.704140001,0.4614,67
22,9.5,423542.17303,5858066.071160001,0.5222,67
22,10.0,423541.80601,5858066.397400001,0.4614,67
22,10.5,423541.52055,5858066.764420001,0.4756,67
22,11.0,423541.19431,5858067.172220001,0.4614,67
23,0.0,423610.80577000004,5858094.046240001,0.1631,30
23,0.5,423610.84655,5858094.535600001,0.2579,30
23,1.0,423610.88733,5858095.024960001,0.2447,30
23,1.5,423611.00967,5858095.514320001,0.2941,30
23,2.0,423611.09123,5858096.003680001,0.2579,30
23,2.5,423611.21357,5858096.493040001,0.2579,30
23,3.0,423611.41747,5858096.982400001,0.3262,30
23,3.5,423611.45825,5858097.471760001,0.3262,30
23,4.0,423611.49903,5858097.961120001,0.2579,30
23,4.5,423611.58059,5858098.450480001,0.2447,30
23,5.0,423611.49903,5858098.939840001,0.3363,30
23,5.5,423611.49903,5858099.429200001,0.2447,30
23,6.0,423611.62137,5858099.918560001,0.2447,30
23,6.5,423611.70293,5858100.407920001,0.2307,30
23,7.0,423611.78449,5858100.938060001,0.1631,30
23,7.5,423611.82527000003,5858101.427420001,0.2447,30
23,8.0,423611.82527000003,5858101.916780001,0.2447,30
23,8.5,423611.86605,5858102.406140001,0.2447,30
23,9.0,423611.90683,5858102.895500001,0.3262,30
23,9.5,423611.90683,5858103.425640001,0.3262,30
23,10.0,423611.90683,5858103.915000001,0.3262,30
23,10.5,423611.90683,5858104.404360001,0.3262,30
24,0.0,423667.24529,5858045.151020001,0.4159,64
24,0.5,423667.04139,5858045.5996,0.5158,64
24,1.0,423666.79671,5858046.048180001,0.4392,64
24,1.5,423666.59281,5858046.4967600005,0.4392,64
24,2.0,423666.34813,5858046.945340001,0.4078,64
24,2.5,423666.18501,5858047.393920001,0.4078,64
24,3.0,423665.98111,5858047.883280001,0.4756,64
24,3.5,423665.77721000003,5858048.33186,0.3647,64
24,4.0,423665.53253,5858048.780440001,0.346,64
24,4.5,423665.32863,5858049.22902,0.4078,64
24,5.0,423665.16551,5858049.677600001,0.1824,64
24,5.5,423664.92083,5858050.126180001,0.2941,64
24,6.0,423664.63537000003,5858050.533980001,0.3363,64
24,6.5,423664.39069000003,5858050.98256,0.2579,64
24,7.0,423664.22757,5858051.431140001,0.3262,64
24,7.5,423664.02367,5858051.879720001,0.4392,64
24,8.0,423663.81977,5858052.369080001,0.5158,64
24,8.5,423663.57509,5858052.776880001,0.4392,64
24,9.0,423663.33041,5858053.22546,0.4078,64
24,9.5,423663.08573,5858053.6332600005,0.3647,64
24,10.0,423662.88183,5858054.081840001,0.3647,64
25,0.0,423629.68691,5858130.0549800005,0.3262,15
25,0.5,423629.60535,5858130.5443400005,0.3262,15
25,1.0,423629.48301,5858131.0337000005,0.4078,15
25,1.5,423629.44223,5858131.5230600005,0.4078,15
25,2.0,423629.36067,5858132.0124200005,0.4078,15
25,2.5,423629.31989,5858132.542560001,0.4894,15
25,3.0,423629.27911,5858133.031920001,0.4894,15
25,3.5,423629.23833,5858133.521280001,0.4894,15
25,4.0,423629.15677,5858134.010640001,0.4078,15
25,4.5,423629.15677,5858134.500000001,0.4078,15
25,5.0,423629.15677,5858135.03014,0.3262,15
25,5.5,423629.07521000004,5858135.5195,0.3363,15
25,6.0,423628.99365,5858136.00886,0.4078,15
25,6.5,423628.95287000004,5858136.49822,0.4078,15
25,7.0,423628.83053000004,5858136.98758,0.4894,15
25,7.5,423628.78975,5858137.47694,0.4894,15
25,8.0,423628.74897,5858137.9663,0.5709,15
25,8.5,423628.70819000003,5858138.496440001,0.6211,15
25,9.0,423628.62663,5858138.985800001,0.5709,15
25,9.5,423628.54507,5858139.475160001,0.5158,15
26,0.0,423529.28655,5858078.019700001,0.1631,68
26,0.5,423529.00109000003,5858078.4275,0.2941,68
26,1.0,423528.63407000003,5858078.794520001,0.2941,68
26,1.5,423528.30783,5858079.161540001,0.2941,68
26,2.0,423527.98159000004,5858079.5285600005,0.2941,68
26,2.5,423527.65535,5858079.89558,0.2941,68
26,3.0,423527.28833,5858080.262600001,0.2941,68
26,3.5,423526.96209,5858080.629620001,0.2941,68
26,4.0,423526.59507000004,5858080.9966400005,0.346,68
26,4.5,423526.26883,5858081.36366,0.2941,68
26,5.0,423525.94259,5858081.730680001,0.2941,68
26,5.5,423525.57557,5858082.097700001,0.3363,68
26,6.0,423525.24933,5858082.423940001,0.3363,68
26,6.5,423524.88231,5858082.83174,0.346,68
26,7.0,423524.55607,5858083.157980001,0.346,68
26,7.5,423524.18905,5858083.525,0.346,68
26,8.0,423523.82203000004,5858083.851240001,0.3647,68
26,8.5,423523.45501000003,5858084.177480001,0.346,68
26,9.0,423523.08799,5858084.544500001,0.4078,68
26,9.5,423522.76175,5858084.870740001,0.4078,68
27,0.0,423690.20443,5858112.968160001,0.4392,37
27,0.5,423690.08209000004,5858113.457520001,0.4961,37
27,1.0,423689.87819,5858113.9061,0.5158,37
27,1.5,423689.67429,5858114.354680001,0.5158,37
27,2.0,423689.47039000003,5858114.844040001,0.5767,37
27,2.5,423689.26649,5858115.29262,0.5881,37
27,3.0,423689.06259,5858115.741200001,0.6211,37
27,3.5,423688.85869,5858116.189780001,0.6211,37
27,4.0,423688.61401,5858116.63836,0.5767,37
27,4.5,423688.41011,5858117.086940001,0.5767,37
27,5.0,423688.20621000003,5858117.53552,0.5767,37
27,5.5,423687.96153000003,5858117.984100001,0.5471,37
27,6.0,423687.75763,5858118.432680001,0.5767,37
27,6.5,423687.51295,5858118.881260001,0.5471,37
27,7.0,423687.26827,5858119.329840001,0.5471,37
27,7.5,423687.02359,5858119.737640001,0.5158,37
27,8.0,423686.77891,5858120.1862200005,0.5158,37
27,8.5,423686.57501000003,5858120.634800001,0.5767,37
27,9.0,423686.33033,5858121.083380001,0.4756,37
27,9.5,423686.12643,5858121.53196,0.4756,37
28,0.0,423585.07359,5858161.455580001,0.4078,6
28,0.5,423584.66579,5858161.781820001,0.4078,6
28,1.0,423584.29877,5858162.067280001,0.3647,6
28,1.5,423583.89097,5858162.352740001,0.4078,6
28,2.0,423583.48317,5858162.67898,0.4078,6
28,2.5,423583.11615,5858163.005220001,0.346,6
28,3.0,423582.74913,5858163.331460001,0.4614,6
28,3.5,423582.38211,5858163.698480001,0.3647,6
28,4.0,423582.01509,5858164.024720001,0.346,6
28,4.5,423581.60729,5858164.310180001,0.346,6
28,5.0,423581.24027,5858164.63642,0.3647,6
28,5.5,423580.83247,5858164.962660001,0.3647,6
28,6.0,423580.46545,5858165.288900001,0.346,6
28,6.5,423580.05765000003,5858165.61514,0.346,6
28,7.0,423579.69063,5858165.941380001,0.346,6
28,7.5,423579.32361,5858166.267620001,0.346,6
28,8.0,423578.95659,5858166.59386,0.4078,6
28,8.5,423578.58957,5858166.920100001,0.346,6
28,9.0,423578.18177,5858167.246340001,0.346,6
29,0.0,423535.77057,5858070.842420001,0.1153,68
29,0.5,423535.40355,5858071.20944,0.2579,68
29,1.0,423535.11809,5858071.576460001,0.2579,68
29,1.5,423534.79185000004,5858071.943480001,0.2941,68
29,2.0,423534.42483000003,5858072.351280001,0.346,68
29,2.5,423534.09859,5858072.718300001,0.4078,68
29,3.0,423533.77235,5858073.085320001,0.4078,68
29,3.5,423533.48689,5858073.493120001,0.2941,68
29,4.0,423533.11987,5858073.8601400005,0.2941,68
29,4.5,423532.83441,5858074.22716,0.2941,68
29,5.0,423532.50817,5858074.594180001,0.3363,68
29,5.5,423532.14115000004,5858075.001980001,0.2941,68
29,6.0,423531.85569,5858075.369000001,0.2941,68
29,6.5,423531.52945000003,5858075.736020001,0.346,68
29,7.0,423531.16243,5858076.10304,0.346,68
29,7.5,423530.79541,5858076.470060001,0.346,68
29,8.0,423530.46917,5858076.7963000005,0.346,68
29,8.5,423530.10215,5858077.204100001,0.346,68
29,9.0,423529.77591,5858077.530340001,0.2941,68
30,0.0,423691.50939,5858105.342300001,0.5767,32
30,0.5,423691.30549,5858105.79088,0.5158,32
30,1.0,423691.02003,5858106.239460001,0.5222,32
30,1.5,423690.77535,5858106.647260001,0.4756,32
30,2.0,423690.48989,5858107.055060001,0.5222,32
30,2.5,423690.24521,5858107.503640001,0.5471,32
30,3.0,423690.04131,5858107.95222,0.5158,32
30,3.5,423689.75585,5858108.3600200005,0.5471,32
30,4.0,423689.51117,5858108.808600001,0.5471,32
30,4.5,423689.26649,5858109.257180001,0.5471,32
30,5.0,423689.02181,5858109.664980001,0.4756,32
30,5.5,423688.81791,5858110.154340001,0.5471,32
30,6.0,423688.61401,5858110.60292,0.5471,32
30,6.5,423688.36933,5858111.010720001,0.4756,32
30,7.0,423688.12465,5858111.4593,0.637,32
30,7.5,423687.87997,5858111.8671,0.6211,32
30,8.0,423687.59451,5858112.315680001,0.5881,32
30,8.5,423687.34983,5858112.723480001,0.5158,32
31,0.0,423779.10483,5858071.658020001,0.0816,56
31,0.5,423779.22717,5858072.147380001,0.2447,56
31,1.0,423779.34951000003,5858072.636740001,0.3363,56
31,1.5,423779.43107,5858073.126100001,0.3647,56
31,2.0,423779.55341,5858073.615460001,0.4756,56
31,2.5,423779.59419000003,5858074.104820001,0.4078,56
31,3.0,423779.67575,5858074.594180001,0.3647,56
31,3.5,423779.75731,5858075.083540001,0.3262,56
31,4.0,423779.79809,5858075.572900001,0.2941,56
31,4.5,423779.79809,5858076.10304,0.3262,56
31,5.0,423779.79809,5858076.5924,0.3262,56
31,5.5,423779.79809,5858077.08176,0.3262,56
31,6.0,423779.83887000004,5858077.57112,0.4894,56
31,6.5,423779.83887000004,5858078.101260001,0.4392,56
31,7.0,423779.96121000004,5858078.54984,0.3262,56
31,7.5,423780.16511,5858079.0392,0.4392,56
31,8.0,423780.28745,5858079.487780001,0.4078,56
31,8.5,423780.36901,5858079.977140001,0.3262,56
32,0.0,423672.22045,5858035.078360001,0.3262,64
32,0.5,423672.09811,5858035.567720001,0.3363,64
32,1.0,423671.93499000004,5858036.057080001,0.3262,64
32,1.5,423671.77187,5858036.50566,0.3647,64
32,2.0,423671.56797000003,5858036.954240001,0.4078,64
32,2.5,423671.32329000003,5858037.40282,0.4078,64
32,3.0,423671.11939,5858037.851400001,0.4756,64
32,3.5,423670.87471,5858038.299980001,0.5158,64
32,4.0,423670.58925,5858038.707780001,0.4614,64
32,4.5,423670.38535,5858039.15636,0.3647,64
32,5.0,423670.14067,5858039.604940001,0.4756,64
32,5.5,423669.93677000003,5858040.053520001,0.5222,64
32,6.0,423669.65131,5858040.461320001,0.4614,64
32,6.5,423669.44741,5858040.9099,0.5158,64
32,7.0,423669.12117,5858041.276920001,0.3363,64
32,7.5,423668.83571,5858041.68472,0.2941,64
32,8.0,423668.59103,5858042.133300001,0.2447,64
32,8.5,423668.38713,5858042.58188,0.0,0
33,0.0,423623.44757,5858126.874140001,0.4078,13
33,0.5,423623.12133,5858127.241160001,0.5881,13
33,1.0,423622.79509,5858127.648960001,0.5222,13
33,1.5,423622.46885,5858128.015980001,0.5222,13
33,2.0,423622.14261000004,5858128.383,0.4756,13
33,2.5,423621.81637,5858128.790800001,0.4756,13
33,3.0,423621.49013,5858129.15782,0.4392,13
33,3.5,423621.20467,5858129.5656200005,0.4078,13
33,4.0,423620.87843,5858129.93264,0.4078,13
33,4.5,423620.55219,5858130.34044,0.4078,13
33,5.0,423620.26673000003,5858130.707460001,0.3647,13
33,5.5,423619.94049,5858131.11526,0.346,13
33,6.0,423619.61425,5858131.482280001,0.346,13
33,6.5,423619.28801,5858131.849300001,0.346,13
33,7.0,423618.92099,5858132.216320001,0.2941,13
33,7.5,423618.59475,5858132.58334,0.2941,13
33,8.0,423618.26851,5858132.9911400005,0.2941,13
33,8.5,423617.98305000004,5858133.398940001,0.1631,13
34,0.0,423510.93555,5858078.54984,0.1153,71
34,0.5,423510.65009,5858078.957640001,0.2307,71
34,1.0,423510.40541,5858079.40622,0.2579,71
34,1.5,423510.16073,5858079.854800001,0.2307,71
34,2.0,423509.91605,5858080.262600001,0.1824,71
34,2.5,423509.67137,5858080.711180001,0.1824,71
34,3.0,423509.46747000003,5858081.159760001,0.2941,71
34,3.5,423509.22279,5858081.608340001,0.2941,71
34,4.0,423509.01889,5858082.05692,0.2941,71
34,4.5,423508.77421,5858082.505500001,0.2941,71
34,5.0,423508.57031000004,5858082.9540800005,0.2941,71
34,5.5,423508.40719,5858083.402660001,0.3262,71
34,6.0,423508.24407,5858083.892020001,0.2941,71
34,6.5,423508.08095000003,5858084.340600001,0.3363,71
34,7.0,423507.87705,5858084.829960001,0.2941,71
34,7.5,423507.63237,5858085.237760001,0.3363,71
34,8.0,423507.34691,5858085.6863400005,0.346,71
34,8.5,423507.06145000004,5858086.094140001,0.3363,71
35,0.0,423719.52525,5858093.88312,0.3262,42
35,0.5,423719.40291,5858094.37248,0.2447,42
35,1.0,423719.36213,5858094.86184,0.3262,42
35,1.5,423719.23979,5858095.3512,0.2941,42
35,2.0,423719.11745,5858095.84056,0.2579,42
35,2.5,423718.91355,5858096.289140001,0.3262,42
35,3.0,423718.83199000004,5858096.778500001,0.3647,42
35,3.5,423718.70965000003,5858097.267860001,0.3363,42
35,4.0,423718.58731000003,5858097.757220001,0.3262,42
35,4.5,423718.46497000003,5858098.246580001,0.3262,42
35,5.0,423718.38341,5858098.735940001,0.4078,42
35,5.5,423718.17951,5858099.184520001,0.3262,42
35,6.0,423718.01639,5858099.673880001,0.3262,42
35,6.5,423717.89405,5858100.163240001,0.2941,42
35,7.0,423717.77171,5858100.61182,0.3647,42
35,7.5,423717.56781000004,5858101.10118,0.3647,42
35,8.0,423717.40469,5858101.549760001,0.3363,42
35,8.5,423717.28235,5858102.039120001,0.1631,42
36,0.0,423628.46351000003,5858141.26948,0.1631,15
36,0.5,423628.42273,5858141.75884,0.3262,15
36,1.0,423628.38195,5858142.2482,0.2941,15
36,1.5,423628.42273,5858142.778340001,0.3262,15
36,2.0,423628.42273,5858143.267700001,0.4078,15
36,2.5,423628.34117,5858143.757060001,0.4894,15
36,3.0,423628.25961,5858144.246420001,0.4894,15
36,3.5,423628.21883,5858144.735780001,0.5709,15
36,4.0,423628.17805,5858145.265920001,0.5709,15
36,4.5,423628.13727,5858145.755280001,0.5709,15
36,5.0,423628.09649,5858146.244640001,0.5709,15
36,5.5,423628.05571,5858146.734000001,0.4894,15
36,6.0,423628.05571,5858147.223360001,0.4078,15
36,6.5,423628.01493,5858147.712720001,0.4078,15
36,7.0,423627.97415,5858148.242860001,0.4078,15
36,7.5,423627.89259,5858148.732220001,0.3647,15
36,8.0,423627.85181,5858149.221580001,0.4078,15
37,0.0,423720.21851000004,5858095.881340001,0.3363,42
37,0.5,423720.05539,5858096.370700001,0.2941,42
37,1.0,423719.93305,5858096.860060001,0.3262,42
37,1.5,423719.81071,5858097.30864,0.2941,42
37,2.0,423719.68837,5858097.798,0.3262,42
37,2.5,423719.52525,5858098.28736,0.2941,42
37,3.0,423719.36213,5858098.735940001,0.3262,42
37,3.5,423719.23979,5858099.225300001,0.2579,42
37,4.0,423719.07667000004,5858099.714660001,0.2941,42
37,4.5,423718.87277,5858100.163240001,0.3262,42
37,5.0,423718.66887,5858100.61182,0.2941,42
37,5.5,423718.46497000003,5858101.10118,0.2579,42
37,6.0,423718.38341,5858101.549760001,0.3262,42
37,6.5,423718.26107,5858102.039120001,0.3262,42
37,7.0,423718.05717,5858102.528480001,0.3363,42
37,7.5,423717.85327,5858102.97706,0.3647,42
37,8.0,423717.77171,5858103.46642,0.1631,42
38,0.0,423682.57857,5858121.205720001,0.5767,31
38,0.5,423682.25233,5858121.572740001,0.5767,31
38,1.0,423681.92609,5858121.980540001,0.6211,31
38,1.5,423681.59985,5858122.347560001,0.637,31
38,2.0,423681.27361000003,5858122.71458,0.6211,31
38,2.5,423680.94737,5858123.122380001,0.5767,31
38,3.0,423680.62113,5858123.4894,0.5881,31
38,3.5,423680.29489,5858123.856420001,0.6211,31
38,4.0,423679.96865,5858124.223440001,0.5767,31
38,4.5,423679.64241000003,5858124.590460001,0.5767,31
38,5.0,423679.27539,5858124.95748,0.5767,31
38,5.5,423678.94915,5858125.324500001,0.5767,31
38,6.0,423678.62291000003,5858125.691520001,0.5881,31
38,6.5,423678.29667,5858126.058540001,0.637,31
38,7.0,423677.88887,5858126.384780001,0.4614,31
38,7.5,423677.52185,5858126.751800001,0.4078,31
38,8.0,423677.19561,5858127.11882,0.4078,31
39,0.0,423644.49005,5858148.854560001,0.2307,16
39,0.5,423644.20459000004,5858149.262360001,0.1824,16
39,1.0,423643.91913,5858149.67016,0.1824,16
39,1.5,423643.63367,5858150.07796,0.1631,16
39,2.0,423643.30743,5858150.444980001,0.1824,16
39,2.5,423642.98119,5858150.812000001,0.1824,16
39,3.0,423642.61417,5858151.219800001,0.2307,16
39,3.5,423642.28793,5858151.54604,0.2941,16
39,4.0,423641.96169,5858151.953840001,0.2941,16
39,4.5,423641.63545,5858152.32086,0.2941,16
39,5.0,423641.30921000004,5858152.687880001,0.2941,16
39,5.5,423640.94219000003,5858153.054900001,0.346,16
39,6.0,423640.57517,5858153.381140001,0.346,16
39,6.5,423640.20815,5858153.7073800005,0.346,16
39,7.0,423639.84113,5858154.033620001,0.3647,16
39,7.5,423639.51489,5858154.400640001,0.346,16
39,8.0,423639.18865,5858154.808440001,0.2941,16
40,0.0,423577.69241,5858167.205560001,0.1631,5
40,0.5,423577.20305,5858167.36868,0.1824,5
40,1.0,423576.75447,5858167.531800001,0.2307,5
40,1.5,423576.26511000004,5858167.694920001,0.2447,5
40,2.0,423575.81653,5858167.85804,0.2447,5
40,2.5,423575.32717,5858168.021160001,0.2307,5
40,3.0,423574.83781,5858168.1435,0.2307,5
40,3.5,423574.38923000003,5858168.2658400005,0.2307,5
40,4.0,423573.89987,5858168.428960001,0.1824,5
40,4.5,423573.41051,5858168.592080001,0.1824,5
40,5.0,423572.96193,5858168.7552000005,0.2307,5
40,5.5,423572.47257,5858168.877540001,0.2447,5
40,6.0,423571.98321000003,5858168.959100001,0.2447,5
40,6.5,423571.49385,5858169.12222,0.2307,5
40,7.0,423571.00449,5858169.285340001,0.2307,5
40,7.5,423570.51513,5858169.366900001,0.2447,5
41,0.0,423651.78967,5858132.746460001,0.0816,22
41,0.5,423651.46343,5858133.113480001,0.2941,22
41,1.0,423651.13719000004,5858133.4805000005,0.2941,22
41,1.5,423650.81095,5858133.888300001,0.2941,22
41,2.0,423650.48471,5858134.25532,0.2941,22
41,2.5,423650.11769,5858134.62234,0.2941,22
41,3.0,423649.83223,5858135.03014,0.3363,22
41,3.5,423649.54677,5858135.437940001,0.346,22
41,4.0,423649.26131000003,5858135.845740001,0.346,22
41,4.5,423648.97585,5858136.253540001,0.346,22
41,5.0,423648.69039,5858136.661340001,0.346,22
41,5.5,423648.40493,5858137.06914,0.3647,22
41,6.0,423648.11947000003,5858137.47694,0.3363,22
41,6.5,423647.87479000003,5858137.925520001,0.2579,22
41,7.0,423647.58933,5858138.33332,0.2941,22
41,7.5,423647.30387,5858138.74112,0.2941,22
42,0.0,423771.31585,5858116.719920001,0.3647,51
42,0.5,423771.07117,5858117.168500001,0.3647,51
42,1.0,423770.86727,5858117.61708,0.4078,51
42,1.5,423770.62259,5858118.065660001,0.4078,51
42,2.0,423770.37791000004,5858118.473460001,0.4078,51
42,2.5,423770.13323000004,5858118.922040001,0.346,51
42,3.0,423769.84777,5858119.329840001,0.3647,51
42,3.5,423769.60309,5858119.77842,0.4078,51
42,4.0,423769.35841,5858120.227000001,0.4614,51
42,4.5,423769.11373,5858120.634800001,0.4614,51
42,5.0,423768.82827,5858121.0426,0.4392,51
42,5.5,423768.58359,5858121.491180001,0.4756,51
42,6.0,423768.33891,5858121.898980001,0.4756,51
42,6.5,423768.05345,5858122.347560001,0.4614,51
42,7.0,423767.76799,5858122.755360001,0.346,51
42,7.5,423767.48253000004,5858123.163160001,0.4078,51
43,0.0,423733.51279,5858092.863620001,0.4078,45
43,0.5,423733.47201,5858093.352980001,0.4894,45
43,1.0,423733.34967,5858093.842340001,0.4159,45
43,1.5,423733.26811,5858094.331700001,0.4392,45
43,2.0,423733.14577,5858094.821060001,0.4961,45
43,2.5,423733.02343,5858095.310420001,0.5471,45
43,3.0,423732.90109,5858095.799780001,0.5471,45
43,3.5,423732.77875,5858096.289140001,0.5471,45
43,4.0,423732.65641,5858096.778500001,0.4894,45
43,4.5,423732.53407,5858097.267860001,0.4078,45
43,5.0,423732.41173,5858097.716440001,0.3262,45
43,5.5,423732.33017000003,5858098.246580001,0.4078,45
43,6.0,423732.28939,5858098.735940001,0.5767,45
43,6.5,423732.12627,5858099.184520001,0.4961,45
43,7.0,423732.00393,5858099.673880001,0.5158,45
43,7.5,423731.88159,5858100.163240001,0.5709,45
44,0.0,423690.00053,5858131.563840001,0.0816,29
44,0.5,423689.63351,5858131.89008,0.2941,29
44,1.0,423689.22571,5858132.216320001,0.4756,29
44,1.5,423688.81791,5858132.420220001,0.4756,29
44,2.0,423688.36933,5858132.664900001,0.4756,29
44,2.5,423687.92075,5858132.8688,0.5158,29
44,3.0,423687.43139,5858133.113480001,0.5158,29
44,3.5,423686.98281,5858133.317380001,0.5471,29
44,4.0,423686.57501000003,5858133.56206,0.5158,29
44,4.5,423686.12643,5858133.806740001,0.5158,29
44,5.0,423685.67785000004,5858134.05142,0.5222,29
44,5.5,423685.27005,5858134.296100001,0.4756,29
44,6.0,423684.82147,5858134.581560001,0.5767,29
44,6.5,423684.41367000004,5858134.867020001,0.637,29
44,7.0,423684.00587,5858135.152480001,0.637,29
45,0.0,423588.78457,5858155.624040001,0.3363,8
45,0.5,423588.33599,5858155.868720001,0.3363,8
45,1.0,423587.92819,5858156.113400001,0.2941,8
45,1.5,423587.52039,5858156.398860001,0.346,8
45,2.0,423587.07181,5858156.684320001,0.3363,8
45,2.5,423586.66401,5858156.9290000005,0.3363,8
45,3.0,423586.25621,5858157.21446,0.2941,8
45,3.5,423585.80763,5858157.49992,0.2941,8
45,4.0,423585.39983,5858157.744600001,0.3363,8
45,4.5,423584.95125,5858157.98928,0.2941,8
45,5.0,423584.54345,5858158.27474,0.3363,8
45,5.5,423584.13565,5858158.519420001,0.3363,8
45,6.0,423583.68707,5858158.804880001,0.346,8
45,6.5,423583.27927,5858159.090340001,0.2941,8
45,7.0,423582.87147,5858159.335020001,0.3363,8
46,0.0,423702.15297,5858006.083780001,0.0816,59
46,0.5,423701.94907000003,5858006.532360001,0.4078,59
46,1.0,423701.78595,5858007.021720001,0.5709,59
46,1.5,423701.62283,5858007.470300001,0.4756,59
46,2.0,423701.45971,5858007.959660001,0.4159,59
46,2.5,423701.33737,5858008.449020001,0.4392,59
46,3.0,423701.21503,5858008.938380001,0.4392,59
46,3.5,423701.09269,5858009.427740001,0.4392,59
46,4.0,423700.97035,5858009.917100001,0.4756,59
46,4.5,423700.84801,5858010.365680001,0.4756,59
46,5.0,423700.72567,5858010.855040001,0.4961,59
46,5.5,423700.56255000003,5858011.344400001,0.4756,59
46,6.0,423700.44021000003,5858011.833760001,0.4961,59
46,6.5,423700.27709,5858012.28234,0.4159,59
46,7.0,423700.15475,5858012.7717,0.4392,59
47,0.0,423774.00733,5858021.417060001,0.4159,57
47,0.5,423773.84421,5858021.906420001,0.4392,57
47,1.0,423773.64031,5858022.355,0.4159,57
47,1.5,423773.43641,5858022.803580001,0.3647,57
47,2.0,423773.27329,5858023.292940001,0.4392,57
47,2.5,423773.06939,5858023.741520001,0.4078,57
47,3.0,423772.90627000004,5858024.1901,0.4159,57
47,3.5,423772.74315,5858024.67946,0.4078,57
47,4.0,423772.53925000003,5858025.128040001,0.4392,57
47,4.5,423772.37613,5858025.617400001,0.4756,57
47,5.0,423772.17223,5858026.06598,0.4392,57
47,5.5,423771.96833,5858026.514560001,0.4078,57
47,6.0,423771.76443000004,5858026.963140001,0.3647,57
47,6.5,423771.56053,5858027.452500001,0.4078,57
47,7.0,423771.31585,5858027.860300001,0.2941,57
48,0.0,423686.69735000003,5858113.661420001,0.6525,32
48,0.5,423686.49345,5858114.11,0.6211,32
48,1.0,423686.24877,5858114.558580001,0.6211,32
48,1.5,423685.96331,5858114.966380001,0.6211,32
48,2.0,423685.75941,5858115.414960001,0.6576,32
48,2.5,423685.47395,5858115.822760001,0.6921,32
48,3.0,423685.22927,5858116.27134,0.6576,32
48,3.5,423684.98459,5858116.719920001,0.6211,32
48,4.0,423684.69913,5858117.12772,0.6576,32
48,4.5,423684.45445,5858117.53552,0.637,32
48,5.0,423684.16899000003,5858117.984100001,0.6576,32
48,5.5,423683.88353,5858118.391900001,0.6576,32
48,6.0,423683.63885,5858118.840480001,0.7016,32
48,6.5,423683.39417,5858119.248280001,0.6968,32
48,7.0,423683.14949000004,5858119.6968600005,0.5767,32
49,0.0,423781.83709,5858088.1331400005,0.3363,55
49,0.5,423781.83709,5858088.6225000005,0.2447,55
49,1.0,423781.87787,5858089.1118600005,0.2447,55
49,1.5,423781.79631,5858089.642000001,0.2307,55
49,2.0,423781.71475,5858090.131360001,0.2447,55
49,2.5,423781.67397,5858090.620720001,0.2447,55
49,3.0,423781.59241,5858091.110080001,0.4078,55
49,3.5,423781.55163,5858091.599440001,0.3262,55
49,4.0,423781.42929,5858092.088800001,0.3363,55
49,4.5,423781.34773000004,5858092.578160001,0.4078,55
49,5.0,423781.22539000004,5858093.067520001,0.3262,55
49,5.5,423781.14383,5858093.556880001,0.2579,55
49,6.0,423780.98071000003,5858094.046240001,0.2579,55
49,6.5,423780.89915,5858094.535600001,0.3262,55
49,7.0,423780.81759,5858095.024960001,0.3363,55
50,0.0,423589.88563000003,5858155.787160001,0.2447,7
50,0.5,423589.51861,5858156.154180001,0.2307,7
50,1.0,423589.19237,5858156.5212,0.2307,7
50,1.5,423588.86613000004,5858156.847440001,0.2307,7
50,2.0,423588.49911000003,5858157.255240001,0.1824,7
50,2.5,423588.17287,5858157.622260001,0.2307,7
50,3.0,423587.84663,5858157.98928,0.2941,7
50,3.5,423587.47961000004,5858158.356300001,0.4078,7
50,4.0,423587.15337,5858158.723320001,0.4078,7
50,4.5,423586.82713,5858159.090340001,0.4078,7
50,5.0,423586.50089,5858159.45736,0.346,7
50,5.5,423586.17465,5858159.824380001,0.346,7
50,6.0,423585.84841000004,5858160.191400001,0.2941,7
50,6.5,423585.48139000003,5858160.599200001,0.2941,7
51,0.0,423773.06939,5858113.253620001,0.346,52
51,0.5,423772.90627000004,5858113.702200001,0.4392,52
51,1.0,423772.74315,5858114.191560001,0.4078,52
51,1.5,423772.66159000003,5858114.680920001,0.4756,52
51,2.0,423772.53925000003,5858115.170280001,0.4961,52
51,2.5,423772.37613,5858115.659640001,0.4961,52
51,3.0,423772.25379,5858116.149,0.5471,52
51,3.5,423772.09067,5858116.597580001,0.4756,52
51,4.0,423771.92755,5858117.086940001,0.4392,52
51,4.5,423771.76443000004,5858117.576300001,0.4078,52
51,5.0,423771.64209000004,5858118.02488,0.4078,52
51,5.5,423771.51975000004,5858118.51424,0.4078,52
51,6.0,423771.39741000003,5858119.0036,0.4159,52
51,6.5,423771.23429,5858119.49296,0.4961,52
52,0.0,423657.13185,5858124.060320001,0.3262,21
52,0.5,423657.05029,5858124.549680001,0.4078,21
52,1.0,423656.92795,5858125.039040001,0.4392,21
52,1.5,423656.80561000004,5858125.528400001,0.4756,21
52,2.0,423656.68327000004,5858126.017760001,0.4894,21
52,2.5,423656.56093000004,5858126.507120001,0.4961,21
52,3.0,423656.43859000003,5858126.996480001,0.5158,21
52,3.5,423656.31625000003,5858127.445060001,0.5709,21
52,4.0,423656.19391000003,5858127.934420001,0.5709,21
52,4.5,423656.03079,5858128.423780001,0.5471,21
52,5.0,423655.90845,5858128.913140001,0.5709,21
52,5.5,423655.78611,5858129.402500001,0.5767,21
52,6.0,423655.58221,5858129.85108,0.4961,21
52,6.5,423655.41909000004,5858130.299660001,0.4392,21
53,0.0,423643.47055,5858010.977380001,0.0816,61
53,0.5,423642.98119,5858010.89582,0.3647,61
53,1.0,423642.49183,5858010.89582,0.5471,61
53,1.5,423642.00247,5858011.01816,0.4894,61
53,2.0,423641.51311,5858011.09972,0.4894,61
53,2.5,423641.02375,5858011.181280001,0.4961,61
53,3.0,423640.53439,5858011.262840001,0.5158,61
53,3.5,423640.04503000004,5858011.344400001,0.5158,61
53,4.0,423639.55567000003,5858011.466740001,0.4894,61
53,4.5,423639.06631,5858011.548300001,0.4961,61
53,5.0,423638.57695,5858011.629860001,0.5471,61
53,5.5,423638.08759,5858011.752200001,0.4894,61
53,6.0,423637.59823,5858011.87454,0.4392,61
53,6.5,423637.10887,5858011.99688,0.4159,61
54,0.0,423693.22215,5858110.929160001,0.4078,38
54,0.5,423693.01825,5858111.37774,0.4078,38
54,1.0,423692.77357,5858111.826320001,0.4078,38
54,1.5,423692.52889,5858112.274900001,0.3647,38
54,2.0,423692.28421,5858112.682700001,0.2941,38
54,2.5,423692.08031,5858113.13128,0.3363,38
54,3.0,423691.87641,5858113.579860001,0.4078,38
54,3.5,423691.63173,5858114.069220001,0.4078,38
54,4.0,423691.42783,5858114.5178000005,0.4392,38
54,4.5,423691.18315,5858114.925600001,0.4078,38
54,5.0,423690.93847,5858115.37418,0.4078,38
54,5.5,423690.69379,5858115.822760001,0.3647,38
54,6.0,423690.44911,5858116.27134,0.4078,38
54,6.5,423690.24521,5858116.679140001,0.4078,38
55,0.0,423705.61927,5857993.686660001,0.0816,59
55,0.5,423705.57849,5857994.176020001,0.2307,59
55,1.0,423705.49693,5857994.665380001,0.2447,59
55,1.5,423705.41537,5857995.154740001,0.2579,59
55,2.0,423705.33381000004,5857995.644100001,0.2941,59
55,2.5,423705.25225,5857996.174240001,0.2447,59
55,3.0,423705.17069,5857996.663600001,0.2447,59
55,3.5,423705.08913000004,5857997.152960001,0.1631,59
55,4.0,423705.00757,5857997.642320001,0.2307,59
55,4.5,423704.88523,5857998.131680001,0.2447,59
55,5.0,423704.72211000003,5857998.580260001,0.2447,59
55,5.5,423704.55899,5857999.069620001,0.1631,59
55,6.0,423704.39587,5857999.518200001,0.1824,59
55,6.5,423704.19197,5857999.96678,0.2307,59
56,0.0,423687.92075,5858114.477020001,0.0816,31
56,0.5,423687.75763,5858114.966380001,0.4078,31
56,1.0,423687.51295,5858115.37418,0.4078,31
56,1.5,423687.18671000004,5858115.741200001,0.4078,31
56,2.0,423686.81969000003,5858116.108220001,0.4614,31
56,2.5,423686.57501000003,5858116.516020001,0.3363,31
56,3.0,423686.24877,5858116.923820001,0.4756,31
56,3.5,423685.92253000004,5858117.290840001,0.4614,31
56,4.0,423685.63707,5858117.698640001,0.4614,31
56,4.5,423685.31083000003,5858118.065660001,0.5158,31
56,5.0,423684.98459,5858118.473460001,0.5158,31
56,5.5,423684.65835,5858118.840480001,0.5222,31
56,6.0,423684.33211,5858119.2075000005,0.4756,31
56,6.5,423684.00587,5858119.57452,0.5222,31
57,0.0,423751.61911,5858093.026740001,0.4159,46
57,0.5,423751.21131,5858093.271420001,0.4756,46
57,1.0,423750.84429000004,5858093.638440001,0.4078,46
57,1.5,423750.47727000003,5858093.96468,0.4078,46
57,2.0,423750.11025,5858094.2909200005,0.4614,46
57,2.5,423749.70245,5858094.617160001,0.5222,46
57,3.0,423749.33543000004,5858094.9434,0.5881,46
57,3.5,423748.92763,5858095.269640001,0.6211,46
57,4.0,423748.56061,5858095.595880001,0.6921,46
57,4.5,423748.19359000004,5858095.92212,0.7295,46
57,5.0,423747.82657000003,5858096.248360001,0.637,46
57,5.5,423747.50033,5858096.656160001,0.5767,46
57,6.0,423747.17409,5858097.0231800005,0.4614,46
57,6.5,423746.76629,5858097.349420001,0.346,46
58,0.0,423754.18825,5858083.7289,0.3363,49
58,0.5,423753.98435,5858084.177480001,0.3363,49
58,1.0,423753.82123,5858084.666840001,0.4078,49
58,1.5,423753.61733000004,5858085.115420001,0.4392,49
58,2.0,423753.45421,5858085.564,0.4756,49
58,2.5,423753.25031000003,5858086.05336,0.4756,49
58,3.0,423753.04641,5858086.501940001,0.5158,49
58,3.5,423752.88329,5858086.95052,0.5471,49
58,4.0,423752.67939,5858087.43988,0.5471,49
58,4.5,423752.47549,5858087.888460001,0.5938,49
58,5.0,423752.31237,5858088.337040001,0.5471,49
58,5.5,423752.10847000004,5858088.826400001,0.5158,49
58,6.0,423751.86379000003,5858089.234200001,0.5471,49
58,6.5,423751.65989,5858089.68278,0.5881,49
59,0.0,423565.17295000004,5858093.67922,0.4614,28
59,0.5,423564.72437,5858093.88312,0.8074,28
59,1.0,423564.35735,5858094.250140001,0.8074,28
59,1.5,423564.03111000004,5858094.57638,0.8074,28
59,2.0,423563.66409000003,5858094.9434,0.7519,28
59,2.5,423563.33785,5858095.310420001,0.7519,28
59,3.0,423562.97083,5858095.677440001,0.7519,28
59,3.5,423562.64459000004,5858096.0444600005,0.7519,28
59,4.0,423562.27757000003,5858096.41148,0.7519,28
59,4.5,423561.95133,5858096.778500001,0.7519,28
59,5.0,423561.58431,5858097.145520001,0.7519,28
59,5.5,423561.25807000004,5858097.5125400005,0.7519,28
59,6.0,423560.93183,5858097.87956,0.7519,28
59,6.5,423560.56481,5858098.246580001,0.6576,28
60,0.0,423639.47411,5858131.31916,0.4159,24
60,0.5,423639.14787,5858131.726960001,0.1824,24
60,1.0,423638.94397,5858132.175540001,0.1824,24
60,1.5,423638.78085000004,5858132.624120001,0.2307,24
60,2.0,423638.74007,5858133.113480001,0.2941,24
60,2.5,423638.57695,5858133.602840001,0.3647,24
60,3.0,423638.41383000003,5858134.092200001,0.4159,24
60,3.5,423638.25071,5858134.54078,0.4159,24
60,4.0,423638.04681,5858134.989360001,0.4392,24
60,4.5,423637.84291,5858135.478720001,0.4392,24
60,5.0,423637.63901,5858135.927300001,0.4756,24
60,5.5,423637.43511,5858136.375880001,0.4756,24
60,6.0,423637.23121,5858136.824460001,0.4756,24
60,6.5,423637.02731000003,5858137.27304,0.4756,24
61,0.0,423727.51813,5858112.234120001,0.1153,43
61,0.5,423727.19189,5858112.601140001,0.3363,43
61,1.0,423726.86565,5858112.968160001,0.5222,43
61,1.5,423726.45785,5858113.253620001,0.4614,43
61,2.0,423726.05005,5858113.579860001,0.4756,43
61,2.5,423725.64225000003,5858113.865320001,0.4614,43
61,3.0,423725.23445,5858114.150780001,0.4078,43
61,3.5,423724.82665,5858114.436240001,0.4078,43
61,4.0,423724.41885,5858114.721700001,0.4078,43
61,4.5,423724.01105000003,5858115.0071600005,0.4614,43
61,5.0,423723.60325,5858115.29262,0.4756,43
61,5.5,423723.19545,5858115.57808,0.5222,43
61,6.0,423722.78765,5858115.86354,0.5222,43
61,6.5,423722.33907,5858116.149,0.5767,43
62,0.0,423612.35541,5858148.732220001,0.0816,11
62,0.5,423612.19229000004,5858149.221580001,0.4078,11
62,1.0,423612.11073,5858149.710940001,0.4078,11
62,1.5,423612.11073,5858150.200300001,0.4078,11
62,2.0,423612.11073,5858150.689660001,0.4894,11
62,2.5,423612.15151,5858151.179020001,0.4894,11
62,3.0,423612.19229000004,5858151.709160001,0.4159,11
62,3.5,423612.23307,5858152.198520001,0.4894,11
62,4.0,423612.23307,5858152.687880001,0.4894,11
62,4.5,423612.19229000004,5858153.177240001,0.4894,11
62,5.0,423612.15151,5858153.7073800005,0.4894,11
62,5.5,423612.15151,5858154.1967400005,0.4894,11
62,6.0,423612.11073,5858154.6861000005,0.4894,11
62,6.5,423612.02917,5858155.1754600005,0.5709,11
63,0.0,423696.64767000003,5858107.055060001,0.1153,31
63,0.5,423696.23987,5858107.340520001,0.2307,31
63,1.0,423695.87285,5858107.707540001,0.2307,31
63,1.5,423695.50583000004,5858108.033780001,0.2307,31
63,2.0,423695.13881000003,5858108.3600200005,0.2307,31
63,2.5,423694.73101,5858108.686260001,0.2307,31
63,3.0,423694.36399,5858108.971720001,0.2307,31
63,3.5,423693.95619,5858109.257180001,0.2579,31
63,4.0,423693.54839,5858109.583420001,0.2307,31
63,4.5,423693.14059,5858109.868880001,0.2307,31
63,5.0,423692.73279000004,5858110.154340001,0.2307,31
63,5.5,423692.36577000003,5858110.480580001,0.1824,31
63,6.0,423691.91719,5858110.766040001,0.2307,31
64,0.0,423628.46351000003,5858122.22522,0.2307,13
64,0.5,423628.09649,5858122.592240001,0.2941,13
64,1.0,423627.77025,5858122.91848,0.3363,13
64,1.5,423627.40323,5858123.2855,0.346,13
64,2.0,423627.03621,5858123.652520001,0.346,13
64,2.5,423626.70997,5858123.97876,0.346,13
64,3.0,423626.34295,5858124.345780001,0.346,13
64,3.5,423625.97593,5858124.67202,0.4078,13
64,4.0,423625.60891,5858125.039040001,0.346,13
64,4.5,423625.24189,5858125.406060001,0.346,13
64,5.0,423624.91565000004,5858125.7323,0.346,13
64,5.5,423624.54863000003,5858126.058540001,0.2941,13
64,6.0,423624.18161,5858126.42556,0.3363,13
65,0.0,423655.62299,5858009.917100001,0.0816,62
65,0.5,423655.13363,5858009.957880001,0.2447,62
65,1.0,423654.64427,5858010.03944,0.3262,62
65,1.5,423654.15491,5858010.121,0.4078,62
65,2.0,423653.66555000003,5858010.2433400005,0.3262,62
65,2.5,423653.17619,5858010.3249,0.3262,62
65,3.0,423652.68683,5858010.447240001,0.2579,62
65,3.5,423652.19747,5858010.61036,0.3262,62
65,4.0,423651.74889,5858010.773480001,0.3363,62
65,4.5,423651.25953000004,5858010.936600001,0.3363,62
65,5.0,423650.81095,5858011.181280001,0.4392,62
65,5.5,423650.36237,5858011.38518,0.4756,62
66,0.0,423679.43851,5858126.62946,0.0816,33
66,0.5,423679.11227,5858126.996480001,0.3647,33
66,1.0,423678.70447,5858127.3227200005,0.5222,33
66,1.5,423678.29667,5858127.567400001,0.5471,33
66,2.0,423677.84809,5858127.8120800005,0.5471,33
66,2.5,423677.44029,5858128.09754,0.5158,33
66,3.0,423676.99171000003,5858128.342220001,0.5471,33
66,3.5,423676.54313,5858128.546120001,0.5881,33
66,4.0,423676.13533,5858128.790800001,0.5881,33
66,4.5,423675.72753000003,5858129.0762600005,0.5767,33
66,5.0,423675.31973,5858129.402500001,0.5881,33
66,5.5,423674.95271,5858129.728740001,0.6211,33
67,0.0,423715.48803,5858109.13484,0.4392,42
67,0.5,423715.36569,5858109.6242,0.4392,42
67,1.0,423715.20257,5858110.11356,0.4078,42
67,1.5,423715.12101,5858110.60292,0.4159,42
67,2.0,423714.99867,5858111.09228,0.4756,42
67,2.5,423714.83555,5858111.540860001,0.4961,42
67,3.0,423714.67243000004,5858112.030220001,0.4756,42
67,3.5,423714.55009000003,5858112.519580001,0.4961,42
67,4.0,423714.34619,5858112.968160001,0.2941,42
67,4.5,423714.14229,5858113.41674,0.2447,42
67,5.0,423714.01995,5858113.9061,0.3262,42
67,5.5,423713.93839,5858114.39546,0.4756,42
68,0.0,423542.09147,5858055.223680001,0.1153,65
68,0.5,423541.64289,5858055.46836,0.1824,65
68,1.0,423541.19431,5858055.67226,0.1824,65
68,1.5,423540.70495,5858055.835380001,0.1631,65
68,2.0,423540.21559000004,5858055.87616,0.1631,65
68,2.5,423539.76701,5858056.0800600005,0.1631,65
68,3.0,423539.27765,5858056.16162,0.1631,65
68,3.5,423538.78829,5858056.283960001,0.2447,65
68,4.0,423538.33971000003,5858056.44708,0.2307,65
68,4.5,423537.89113,5858056.691760001,0.1824,65
68,5.0,423537.40177,5858056.814100001,0.1631,65
68,5.5,423536.91241,5858056.93644,0.1153,65
69,0.0,423626.42451,5858122.02132,0.0816,13
69,0.5,423626.26139,5858122.469900001,0.2941,13
69,1.0,423626.01671,5858122.91848,0.2941,13
69,1.5,423625.73125,5858123.367060001,0.2941,13
69,2.0,423625.44579,5858123.77486,0.2579,13
69,2.5,423625.16033,5858124.141880001,0.2941,13
69,3.0,423624.87487,5858124.549680001,0.2941,13
69,3.5,423624.58941,5858124.95748,0.2941,13
69,4.0,423624.26317,5858125.3652800005,0.2941,13
69,4.5,423623.97771,5858125.773080001,0.2941,13
69,5.0,423623.69225,5858126.180880001,0.2941,13
69,5.5,423623.44757,5858126.62946,0.2941,13
70,0.0,423778.77859,5858062.074720001,0.0816,56
70,0.5,423778.65625,5858062.564080001,0.2307,56
70,1.0,423778.53391,5858063.053440001,0.1631,56
70,1.5,423778.53391,5858063.542800001,0.1631,56
70,2.0,423778.73781,5858063.9913800005,0.2447,56
70,2.5,423778.69703000004,5858064.4807400005,0.1631,56
70,3.0,423778.61547,5858064.9701000005,0.1631,56
70,3.5,423778.57469000004,5858065.500240001,0.1631,56
70,4.0,423778.53391,5858065.989600001,0.1631,56
70,4.5,423778.53391,5858066.478960001,0.1631,56
70,5.0,423778.57469000004,5858066.968320001,0.1631,56
71,0.0,423658.72227,5858131.482280001,0.1631,17
71,0.5,423658.47759,5858131.930860001,0.1631,17
71,1.0,423658.19213000004,5858132.338660001,0.1824,17
71,1.5,423657.86589,5858132.705680001,0.1631,17
71,2.0,423657.62121,5858133.113480001,0.1824,17
71,2.5,423657.29497,5858133.521280001,0.1153,17
71,3.0,423656.92795,5858133.888300001,0.2941,17
71,3.5,423656.56093000004,5858134.173760001,0.3363,17
71,4.0,423656.19391000003,5858134.500000001,0.2941,17
71,4.5,423655.82689,5858134.867020001,0.2307,17
71,5.0,423655.50065,5858135.2340400005,0.2307,17
72,0.0,423658.43681,5858118.7181400005,0.1153,20
72,0.5,423658.23291,5858119.166720001,0.1153,20
72,1.0,423658.06979000004,5858119.656080001,0.1153,20
72,1.5,423657.90667,5858120.145440001,0.1631,20
72,2.0,423657.78433,5858120.594020001,0.2447,20
72,2.5,423657.62121,5858121.083380001,0.2579,20
72,3.0,423657.49887,5858121.572740001,0.3262,20
72,3.5,423657.37653,5858122.062100001,0.2579,20
72,4.0,423657.21341,5858122.51068,0.3262,20
72,4.5,423657.09107,5858123.00004,0.3262,20
72,5.0,423656.92795,5858123.4894,0.3647,20
73,0.0,423516.23695,5858079.61012,0.1631,72
73,0.5,423515.91071,5858079.977140001,0.2307,72
73,1.0,423515.54369,5858080.344160001,0.1824,72
73,1.5,423515.21745,5858080.670400001,0.2307,72
73,2.0,423514.85043,5858081.0782,0.2307,72
73,2.5,423514.56497,5858081.445220001,0.2307,72
73,3.0,423514.32029,5858081.893800001,0.2307,72
73,3.5,423514.11639000004,5858082.34238,0.2307,72
73,4.0,423513.87171000004,5858082.790960001,0.2307,72
73,4.5,423513.62703000003,5858083.23954,0.2941,72
73,5.0,423513.30079,5858083.60656,0.1824,72
74,0.0,423746.60317,5858070.353060001,0.4078,48
74,0.5,423746.56239000004,5858070.842420001,0.3363,48
74,1.0,423746.44005000003,5858071.331780001,0.3262,48
74,1.5,423746.27693,5858071.821140001,0.4078,48
74,2.0,423746.11381,5858072.26972,0.4392,48
74,2.5,423745.95069,5858072.75908,0.4756,48
74,3.0,423745.74679,5858073.207660001,0.5158,48
74,3.5,423745.50211,5858073.65624,0.5158,48
74,4.0,423745.29821000004,5858074.104820001,0.5881,48
74,4.5,423745.09431,5858074.553400001,0.6576,48
74,5.0,423744.84963,5858075.001980001,0.6211,48
75,0.0,423705.04835,5857993.074960001,0.0816,59
75,0.5,423705.04835,5857993.564320001,0.0816,59
75,1.0,423705.00757,5857994.053680001,0.1631,59
75,1.5,423704.96679000003,5857994.58382,0.2447,59
75,2.0,423704.92601,5857995.07318,0.3262,59
75,2.5,423704.84445000003,5857995.56254,0.4078,59
75,3.0,423704.72211000003,5857996.0519,0.4159,59
75,3.5,423704.55899,5857996.54126,0.3262,59
75,4.0,423704.47743,5857997.03062,0.3262,59
75,4.5,423704.39587,5857997.51998,0.3262,59
75,5.0,423704.23275,5857997.968560001,0.3647,59
76,0.0,423774.17045000003,5858107.993000001,0.2307,52
76,0.5,423774.00733,5858108.482360001,0.2447,52
76,1.0,423773.84421,5858108.93094,0.2447,52
76,1.5,423773.72187,5858109.4203,0.3363,52
76,2.0,423773.59953,5858109.90966,0.3363,52
76,2.5,423773.51797,5858110.39902,0.3647,52
76,3.0,423773.43641,5858110.88838,0.4078,52
76,3.5,423773.35485,5858111.37774,0.4078,52
76,4.0,423773.27329,5858111.8671,0.4159,52
76,4.5,423773.15095000004,5858112.35646,0.4078,52
76,5.0,423773.06939,5858112.84582,0.4078,52
77,0.0,423613.86427,5858129.85108,0.1631,11
77,0.5,423614.02739,5858130.34044,0.2579,11
77,1.0,423614.10895,5858130.8298,0.2307,11
77,1.5,423613.94583,5858131.278380001,0.2307,11
77,2.0,423613.82349000004,5858131.767740001,0.1631,11
77,2.5,423613.78271,5858132.257100001,0.2579,11
77,3.0,423613.70115000004,5858132.78724,0.3262,11
77,3.5,423613.57881000004,5858133.235820001,0.2447,11
77,4.0,423613.49725,5858133.76596,0.2307,11
77,4.5,423613.45647000003,5858134.25532,0.2447,11
77,5.0,423613.33413000003,5858134.7446800005,0.1631,11
78,0.0,423612.55931,5858139.597500001,0.5709,11
78,0.5,423612.55931,5858140.086860001,0.3262,11
78,1.0,423612.64087,5858140.576220001,0.4078,11
78,1.5,423612.72243,5858141.065580001,0.4159,11
78,2.0,423612.68165,5858141.595720001,0.3262,11
78,2.5,423612.68165,5858142.085080001,0.3262,11
78,3.0,423612.68165,5858142.574440001,0.4078,11
78,3.5,423612.68165,5858143.063800001,0.4078,11
78,4.0,423612.64087,5858143.593940001,0.4078,11
78,4.5,423612.55931,5858144.083300001,0.4078,11
78,5.0,423612.51853,5858144.572660001,0.4894,11
79,0.0,423670.14067,5858027.411720001,0.1824,63
79,0.5,423669.93677000003,5858027.860300001,0.2941,63
79,1.0,423669.69209,5858028.30888,0.2307,63
79,1.5,423669.40663,5858028.716680001,0.2307,63
79,2.0,423669.16195000004,5858029.165260001,0.2579,63
79,2.5,423668.95805,5858029.613840001,0.2941,63
79,3.0,423668.71337,5858030.021640001,0.3363,63
79,3.5,423668.46869,5858030.4702200005,0.3363,63
79,4.0,423668.22401,5858030.918800001,0.3363,63
79,4.5,423667.97933,5858031.367380001,0.3363,63
80,0.0,423743.62623,5858083.769680001,0.0816,47
80,0.5,423743.54467000003,5858084.259040001,0.2447,47
80,1.0,423743.38155,5858084.748400001,0.5158,47
80,1.5,423743.13687,5858085.156200001,0.4756,47
80,2.0,423742.85141,5858085.564,0.4756,47
80,2.5,423742.60673,5858086.012580001,0.5471,47
80,3.0,423742.36205,5858086.420380001,0.5222,47
80,3.5,423742.07659,5858086.868960001,0.5222,47
80,4.0,423741.79113,5858087.276760001,0.5471,47
80,4.5,423741.54645,5858087.684560001,0.5767,47
81,0.0,423612.43697000004,5858134.25532,0.3262,11
81,0.5,423612.35541,5858134.7446800005,0.2941,11
81,1.0,423612.23307,5858135.2340400005,0.2307,11
81,1.5,423612.15151,5858135.7234000005,0.2447,11
81,2.0,423612.11073,5858136.2127600005,0.2447,11
81,2.5,423612.11073,5858136.742900001,0.3262,11
81,3.0,423612.15151,5858137.232260001,0.3262,11
81,3.5,423612.15151,5858137.721620001,0.2941,11
81,4.0,423612.23307,5858138.210980001,0.3262,11
81,4.5,423612.27385,5858138.700340001,0.2941,11
82,0.0,423518.72453,5858093.1083,0.2941,70
82,0.5,423518.35751,5858093.475320001,0.2941,70
82,1.0,423518.03127000004,5858093.8015600005,0.346,70
82,1.5,423517.66425000003,5858094.16858,0.346,70
82,2.0,423517.29723,5858094.494820001,0.346,70
82,2.5,423516.93021,5858094.86184,0.4078,70
82,3.0,423516.56319,5858095.228860001,0.4078,70
82,3.5,423516.23695,5858095.595880001,0.4078,70
82,4.0,423515.91071,5858095.92212,0.4078,70
82,4.5,423515.54369,5858096.289140001,0.3647,70
83,0.0,423679.15305,5858128.627680001,0.4756,34
83,0.5,423678.74525000004,5858128.913140001,0.5158,34
83,1.0,423678.33745,5858129.198600001,0.5471,34
83,1.5,423677.92965,5858129.484060001,0.5767,34
83,2.0,423677.48107000004,5858129.728740001,0.5881,34
83,2.5,423677.07327,5858130.014200001,0.6576,34
83,3.0,423676.62469,5858130.258880001,0.6211,34
83,3.5,423676.21689000004,5858130.503560001,0.5767,34
83,4.0,423675.76831,5858130.707460001,0.5471,34
83,4.5,423675.27895,5858130.91136,0.4159,34
84,0.0,423619.32879,5858154.359860001,0.5471,14
84,0.5,423619.08411,5858154.808440001,0.5222,14
84,1.0,423618.83943,5858155.216240001,0.5158,14
84,1.5,423618.55397,5858155.624040001,0.5158,14
84,2.0,423618.30929,5858156.072620001,0.5158,14
84,2.5,423618.02383,5858156.480420001,0.5222,14
84,3.0,423617.73837000004,5858156.888220001,0.4756,14
84,3.5,423617.41213,5858157.255240001,0.4614,14
84,4.0,423617.08589,5858157.622260001,0.4078,14
84,4.5,423616.75965,5858158.030060001,0.5471,14
85,0.0,423696.19909,5858104.24124,0.1824,31
85,0.5,423695.87285,5858104.608260001,0.2307,31
85,1.0,423695.54661,5858105.01606,0.2307,31
85,1.5,423695.22037,5858105.383080001,0.2307,31
85,2.0,423694.85335,5858105.750100001,0.2579,31
85,2.5,423694.52711,5858106.1171200005,0.2307,31
85,3.0,423694.28243,5858106.524920001,0.1824,31
85,3.5,423693.99697000004,5858106.9735,0.1824,31
85,4.0,423693.67073,5858107.340520001,0.2307,31
85,4.5,423693.34449,5858107.707540001,0.2941,31
86,0.0,423628.17805,5858141.147140001,0.3647,14
86,0.5,423627.93337,5858141.595720001,0.346,14
86,1.0,423627.64791,5858142.003520001,0.3647,14
86,1.5,423627.40323,5858142.411320001,0.4078,14
86,2.0,423627.11777,5858142.8599000005,0.4078,14
86,2.5,423626.87309,5858143.267700001,0.346,14
86,3.0,423626.58763,5858143.675500001,0.3647,14
86,3.5,423626.30217000004,5858144.083300001,0.346,14
86,4.0,423626.01671,5858144.531880001,0.4078,14
87,0.0,423570.88215,5858086.74662,0.2579,28
87,0.5,423570.55591,5858087.1544200005,0.346,28
87,1.0,423570.27045,5858087.52144,0.2941,28
87,1.5,423569.94421,5858087.92924,0.2941,28
87,2.0,423569.61797,5858088.296260001,0.2941,28
87,2.5,423569.29173,5858088.70406,0.4078,28
87,3.0,423568.96549000003,5858089.071080001,0.5222,28
87,3.5,423568.63925,5858089.438100001,0.5222,28
87,4.0,423568.35379,5858089.845900001,0.5881,28
88,0.0,423733.34967,5858091.558660001,0.4392,44
88,0.5,423733.14577,5858092.007240001,0.3363,44
88,1.0,423733.02343,5858092.496600001,0.3262,44
88,1.5,423732.86031,5858092.985960001,0.3363,44
88,2.0,423732.73797,5858093.434540001,0.4078,44
88,2.5,423732.53407,5858093.923900001,0.4392,44
88,3.0,423732.33017000003,5858094.37248,0.4961,44
88,3.5,423732.16705,5858094.821060001,0.4392,44
88,4.0,423731.96315,5858095.310420001,0.4159,44
89,0.0,423528.83797,5858083.361880001,0.0816,69
89,0.5,423528.59329,5858083.81046,0.1824,69
89,1.0,423528.26705,5858084.177480001,0.2307,69
89,1.5,423527.98159000004,5858084.58528,0.2941,69
89,2.0,423527.69613,5858084.99308,0.3647,69
89,2.5,423527.41067,5858085.400880001,0.4078,69
89,3.0,423527.16599,5858085.849460001,0.3647,69
89,3.5,423526.88053,5858086.25726,0.3647,69
89,4.0,423526.55429,5858086.624280001,0.346,69
90,0.0,423703.62105,5858089.96824,0.0816,40
90,0.5,423703.58027000003,5858090.4576,0.2579,40
90,1.0,423703.45793000003,5858090.94696,0.2941,40
90,1.5,423703.29481,5858091.43632,0.2447,40
90,2.0,423703.17247,5858091.92568,0.3262,40
90,2.5,423703.05013,5858092.41504,0.2447,40
90,3.0,423702.88701,5858092.863620001,0.2941,40
90,3.5,423702.72389,5858093.352980001,0.2579,40
90,4.0,423702.60155,5858093.8015600005,0.2579,40
91,0.0,423738.08015,5858093.638440001,0.2579,47
91,0.5,423737.71313,5858094.005460001,0.4756,47
91,1.0,423737.34611,5858094.331700001,0.4614,47
91,1.5,423737.10143000004,5858094.739500001,0.4078,47
91,2.0,423736.85675000004,5858095.188080001,0.6211,47
91,2.5,423736.65285,5858095.63666,0.6968,47
91,3.0,423736.36739,5858096.0444600005,0.6921,47
91,3.5,423736.04115,5858096.452260001,0.637,47
91,4.0,423735.75569,5858096.860060001,0.5767,47
92,0.0,423643.91913,5858121.93976,0.1631,24
92,0.5,423643.63367,5858122.347560001,0.4078,24
92,1.0,423643.42977,5858122.79614,0.4392,24
92,1.5,423643.18509,5858123.244720001,0.4756,24
92,2.0,423642.94041000004,5858123.6933,0.4961,24
92,2.5,423642.77729,5858124.18266,0.5767,24
92,3.0,423642.61417,5858124.631240001,0.5471,24
92,3.5,423642.36949,5858125.079820001,0.5158,24
92,4.0,423642.16559,5858125.528400001,0.4756,24
93,0.0,423650.32159,5858009.590860001,0.4078,61
93,0.5,423649.83223,5858009.713200001,0.4894,61
93,1.0,423649.34287,5858009.876320001,0.4894,61
93,1.5,423648.89429,5858009.998660001,0.4894,61
93,2.0,423648.40493,5858010.121,0.4756,61
93,2.5,423647.91557,5858010.202560001,0.5471,61
93,3.0,423647.38543,5858010.2433400005,0.5709,61
93,3.5,423646.89607,5858010.284120001,0.4894,61
93,4.0,423646.40671,5858010.284120001,0.5709,61
94,0.0,423776.25023,5858089.438100001,0.1631,53
94,0.5,423776.20945,5858089.927460001,0.1631,53
94,1.0,423776.29101,5858090.416820001,0.1631,53
94,1.5,423776.25023,5858090.94696,0.1631,53
94,2.0,423776.25023,5858091.43632,0.1631,53
94,2.5,423776.20945,5858091.92568,0.1631,53
94,3.0,423776.08711,5858092.41504,0.1631,53
94,3.5,423775.92399000004,5858092.9044,0.1631,53
94,4.0,423775.96477,5858093.39376,0.0816,53
95,0.0,423693.83385,5858105.6277600005,0.6211,31
95,0.5,423693.58917,5858106.076340001,0.4961,31
95,1.0,423693.34449,5858106.524920001,0.3363,31
95,1.5,423693.18137,5858106.9735,0.4756,31
95,2.0,423692.97747,5858107.422080001,0.5158,31
95,2.5,423692.73279000004,5858107.8706600005,0.4756,31
95,3.0,423692.48811000003,5858108.278460001,0.4756,31
95,3.5,423692.24343000003,5858108.72704,0.4078,31
96,0.0,423538.70673000003,5858067.0091,0.1153,68
96,0.5,423538.46205000003,5858067.457680001,0.1824,68
96,1.0,423538.17659,5858067.865480001,0.2307,68
96,1.5,423537.85035,5858068.232500001,0.2579,68
96,2.0,423537.56489000004,5858068.640300001,0.2941,68
96,2.5,423537.27943,5858069.0481,0.2579,68
96,3.0,423536.95319000003,5858069.415120001,0.2941,68
96,3.5,423536.62695,5858069.782140001,0.2941,68
97,0.0,423643.67445,5858123.734080001,0.3363,25
97,0.5,423643.55211,5858124.223440001,0.3647,25
97,1.0,423643.38899,5858124.712800001,0.3363,25
97,1.5,423643.26665,5858125.16138,0.3647,25
97,2.0,423643.14431,5858125.65074,0.3262,25
97,2.5,423642.98119,5858126.1401,0.3647,25
97,3.0,423642.85885,5858126.62946,0.4078,25
97,3.5,423642.73651,5858127.11882,0.4159,25
98,0.0,423507.22457,5858088.663280001,0.0816,71
98,0.5,423506.93911000004,5858089.071080001,0.1824,71
98,1.0,423506.65365,5858089.47888,0.1824,71
98,1.5,423506.40897,5858089.927460001,0.1824,71
98,2.0,423506.12351,5858090.335260001,0.2307,71
98,2.5,423505.87883,5858090.74306,0.2307,71
98,3.0,423505.59337,5858091.191640001,0.2307,71
98,3.5,423505.26713,5858091.558660001,0.1824,71
99,0.0,423632.17449,5858139.1489200005,0.0816,14
99,0.5,423631.72591000004,5858139.352820001,0.2307,14
99,1.0,423631.23655000003,5858139.51594,0.1824,14
99,1.5,423630.78797,5858139.71984,0.2307,14
99,2.0,423630.33939000004,5858139.882960001,0.1824,14
99,2.5,423629.85003000003,5858140.086860001,0.2447,14
99,3.0,423629.40145,5858140.249980001,0.2579,14
99,3.5,423628.91209,5858140.453880001,0.2941,14
100,0.0,423687.92075,5858106.524920001,0.0816,32
100,0.5,423687.67607,5858106.9735,0.2941,32
100,1.0,423687.47217,5858107.422080001,0.2941,32
100,1.5,423687.26827,5858107.8706600005,0.2941,32
100,2.0,423687.10515,5858108.3600200005,0.3363,32
100,2.5,423686.94203000003,5858108.808600001,0.3262,32
100,3.0,423686.77891,5858109.297960001,0.3363,32
100,3.5,423686.65657,5858109.787320001,0.2941,32
101,0.0,423775.67931000004,5858096.493040001,0.0816,53
101,0.5,423775.67931000004,5858096.982400001,0.1631,53
101,1.0,423775.63853,5858097.471760001,0.1153,53
101,1.5,423775.51619,5858097.961120001,0.1631,53
101,2.0,423775.51619,5858098.4912600005,0.1631,53
101,2.5,423775.39385,5858098.939840001,0.2941,53
101,3.0,423775.23073,5858099.429200001,0.3363,53
101,3.5,423775.18995,5858099.918560001,0.1824,53
102,0.0,423575.00093000004,5858169.897040001,0.1153,6
102,0.5,423574.71547,5858170.30484,0.3647,6
102,1.0,423574.30767,5858170.631080001,0.346,6
102,1.5,423573.94065,5858170.916540001,0.346,6
102,2.0,423573.53285,5858171.2020000005,0.346,6
102,2.5,423573.16583,5858171.528240001,0.4078,6
102,3.0,423572.75803,5858171.85448,0.3647,6
102,3.5,423572.35023000004,5858172.139940001,0.2307,6
103,0.0,423696.23987,5858018.44012,0.2941,58
103,0.5,423695.83207,5858018.766360001,0.2941,58
103,1.0,423695.58739,5858019.174160001,0.4078,58
103,1.5,423695.30193,5858019.581960001,0.4756,58
103,2.0,423695.01647000003,5858019.98976,0.5158,58
103,2.5,423694.73101,5858020.39756,0.5158,58
103,3.0,423694.44555,5858020.805360001,0.5222,58
103,3.5,423694.16009,5858021.213160001,0.5222,58
104,0.0,423692.89591,5858101.916780001,0.3262,32
104,0.5,423692.69201,5858102.365360001,0.2579,32
104,1.0,423692.48811000003,5858102.813940001,0.2941,32
104,1.5,423692.32499,5858103.303300001,0.2447,32
104,2.0,423692.08031,5858103.75188,0.2579,32
104,2.5,423691.87641,5858104.200460001,0.3363,32
104,3.0,423691.63173,5858104.6490400005,0.3262,32
104,3.5,423691.46861000004,5858105.097620001,0.3363,32
105,0.0,423650.93329,5858123.244720001,0.1824,26
105,0.5,423650.81095,5858123.734080001,0.3647,26
105,1.0,423650.64783000003,5858124.223440001,0.3647,26
105,1.5,423650.48471,5858124.67202,0.3647,26
105,2.0,423650.28081,5858125.120600001,0.3363,26
105,2.5,423650.11769,5858125.609960001,0.4078,26
105,3.0,423649.95457,5858126.058540001,0.3647,26
105,3.5,423649.75067000004,5858126.507120001,0.4078,26
106,0.0,423721.68659,5858089.845900001,0.1631,42
106,0.5,423721.44191,5858090.294480001,0.2941,42
106,1.0,423721.19723,5858090.74306,0.3363,42
106,1.5,423720.95255,5858091.15086,0.2941,42
106,2.0,423720.66709,5858091.558660001,0.2307,42
106,2.5,423720.38163,5858091.966460001,0.1824,42
106,3.0,423720.13695,5858092.41504,0.1824,42
106,3.5,423719.85149000003,5858092.8228400005,0.1153,42
107,0.0,423568.14989,5858165.81904,0.2307,3
107,0.5,423568.35379,5858166.267620001,0.2579,3
107,1.0,423568.55769,5858166.716200001,0.2941,3
107,1.5,423568.76159,5858167.16478,0.2941,3
107,2.0,423568.96549000003,5858167.65414,0.3363,3
107,2.5,423569.16939,5858168.102720001,0.3647,3
107,3.0,423569.37329,5858168.5513,0.3363,3
107,3.5,423569.49563,5858169.04066,0.3647,3
108,0.0,423701.86751,5857999.558980001,0.3262,59
108,0.5,423701.82673000003,5858000.04834,0.4078,59
108,1.0,423701.78595,5858000.5377,0.3262,59
108,1.5,423701.78595,5858001.067840001,0.4078,59
108,2.0,423701.70439,5858001.557200001,0.3262,59
108,2.5,423701.62283,5858002.046560001,0.3262,59
108,3.0,423701.58205,5858002.535920001,0.2579,59
108,3.5,423701.54127,5858003.025280001,0.0816,59
109,0.0,423696.64767000003,5858105.342300001,0.0816,31
109,0.5,423696.28065000003,5858105.668540001,0.1824,31
109,1.0,423695.91363,5858106.035560001,0.2307,31
109,1.5,423695.58739,5858106.361800001,0.2307,31
109,2.0,423695.22037,5858106.728820001,0.2307,31
109,2.5,423694.85335,5858107.095840001,0.2307,31
109,3.0,423694.48633,5858107.422080001,0.2941,31
110,0.0,423680.90659,5858132.216320001,0.4078,35
110,0.5,423680.62113,5858132.624120001,0.2941,35
110,1.0,423680.33567,5858133.031920001,0.1824,35
110,1.5,423680.13177000004,5858133.4805000005,0.2307,35
110,2.0,423679.92787,5858133.929080001,0.1824,35
110,2.5,423679.72397,5858134.377660001,0.2941,35
110,3.0,423679.47929,5858134.82624,0.3647,35
111,0.0,423701.86751,5858091.110080001,0.2307,39
111,0.5,423701.70439,5858091.558660001,0.2579,39
111,1.0,423701.50049,5858092.048020001,0.2579,39
111,1.5,423701.37815,5858092.537380001,0.3363,39
111,2.0,423701.25581,5858092.985960001,0.4078,39
111,2.5,423701.05191000004,5858093.475320001,0.4078,39
111,3.0,423700.84801,5858093.923900001,0.4159,39
112,0.0,423746.56239000004,5858097.5125400005,0.5938,46
112,0.5,423746.23615,5858097.87956,0.5222,46
112,1.0,423745.90991,5858098.246580001,0.4756,46
112,1.5,423745.58367,5858098.654380001,0.3363,46
112,2.0,423745.33899,5858099.06218,0.2941,46
112,2.5,423745.05353000003,5858099.4699800005,0.5222,46
112,3.0,423744.72729,5858099.877780001,0.5471,46
113,0.0,423539.48155,5858053.837160001,0.1824,65
113,0.5,423539.19609,5858054.244960001,0.1824,65
113,1.0,423538.82907000004,5858054.571200001,0.1824,65
113,1.5,423538.46205000003,5858054.938220001,0.2307,65
113,2.0,423538.09503,5858055.26446,0.2307,65
113,2.5,423537.68723000004,5858055.549920001,0.2941,65
113,3.0,423537.27943,5858055.835380001,0.346,65
114,0.0,423649.13897,5858136.78368,0.0816,23
114,0.5,423648.89429,5858137.232260001,0.2941,23
114,1.0,423648.60883,5858137.640060001,0.2941,23
114,1.5,423648.32337,5858138.04786,0.1824,23
114,2.0,423648.07869,5858138.45566,0.2307,23
114,2.5,423647.75245,5858138.863460001,0.2941,23
114,3.0,423647.50777,5858139.271260001,0.0816,23
115,0.0,423697.21859,5858020.152880001,0.2307,58
115,0.5,423696.77001000004,5858020.356780001,0.2307,58
115,1.0,423696.32143,5858020.560680001,0.1824,58
115,1.5,423695.91363,5858020.88692,0.2941,58
115,2.0,423695.54661,5858021.17238,0.3363,58
115,2.5,423695.09803,5858021.45784,0.4078,58
115,3.0,423694.69023,5858021.702520001,0.4392,58
116,0.0,423717.36391,5858104.363580001,0.2579,42
116,0.5,423717.16001,5858104.812160001,0.3363,42
116,1.0,423716.95611,5858105.260740001,0.3363,42
116,1.5,423716.79299,5858105.750100001,0.4078,42
116,2.0,423716.58909,5858106.19868,0.2941,42
116,2.5,423716.42597,5858106.68804,0.3647,42
116,3.0,423716.22207,5858107.136620001,0.2579,42
117,0.0,423541.39821,5858050.737880001,0.2941,65
117,0.5,423541.03119,5858051.06412,0.346,65
117,1.0,423540.66417,5858051.390360001,0.4078,65
117,1.5,423540.29715,5858051.716600001,0.4078,65
117,2.0,423539.93013,5858052.083620001,0.4614,65
117,2.5,423539.60389,5858052.491420001,0.3647,65
117,3.0,423539.27765,5858052.817660001,0.4078,65
118,0.0,423753.49499000004,5858092.741280001,0.2307,46
118,0.5,423753.98435,5858092.741280001,0.1631,46
118,1.0,423754.51449000003,5858092.741280001,0.2447,46
118,1.5,423755.00385000004,5858092.782060001,0.1631,46
118,2.0,423755.49321,5858092.8228400005,0.1631,46
118,2.5,423755.98257,5858092.8228400005,0.1631,46
118,3.0,423756.47193,5858092.863620001,0.1631,46
119,0.0,423572.92115,5858167.898820001,0.0816,2
119,0.5,423572.43179,5858167.939600001,0.4078,2
119,1.0,423571.94243,5858168.102720001,0.4756,2
119,1.5,423571.49385,5858168.3474,0.4392,2
119,2.0,423571.04527,5858168.5513,0.4756,2
119,2.5,423570.59669000003,5858168.7552000005,0.4756,2
120,0.0,423591.43527,5858156.03184,0.1824,6
120,0.5,423591.06825,5858156.358080001,0.1153,6
120,1.0,423590.74201,5858156.7251,0.1153,6
120,1.5,423590.41577,5858157.132900001,0.0816,6
120,2.0,423590.04875,5858157.49992,0.1824,6
120,2.5,423589.72251,5858157.826160001,0.2307,6
121,0.0,423514.07561,5858097.716440001,0.0816,70
121,0.5,423513.79015,5858098.124240001,0.346,70
121,1.0,423513.42313,5858098.4912600005,0.346,70
121,1.5,423513.09689,5858098.817500001,0.346,70
121,2.0,423512.72987000004,5858099.184520001,0.346,70
121,2.5,423512.36285000003,5858099.55154,0.346,70
122,0.0,423617.57525,5858127.037260001,0.1153,12
122,0.5,423617.65681,5858127.526620001,0.1631,12
122,1.0,423617.69759,5858128.015980001,0.1631,12
122,1.5,423617.73837000004,5858128.546120001,0.1631,12
122,2.0,423617.77915,5858129.035480001,0.2307,12
122,2.5,423617.81993,5858129.524840001,0.1631,12
123,0.0,423536.46383,5858056.895660001,0.3647,65
123,0.5,423536.13759,5858057.262680001,0.4078,65
123,1.0,423535.81135000003,5858057.670480001,0.4078,65
123,1.5,423535.48511,5858058.037500001,0.4392,65
123,2.0,423535.15887,5858058.40452,0.4078,65
123,2.5,423534.83263,5858058.8123200005,0.4392,65
124,0.0,423636.57873,5858157.866940001,0.4078,16
124,0.5,423636.25249,5858158.233960001,0.4078,16
124,1.0,423635.88547000004,5858158.600980001,0.4078,16
124,1.5,423635.55923,5858158.927220001,0.346,16
124,2.0,423635.19221,5858159.294240001,0.2941,16
124,2.5,423634.78441,5858159.620480001,0.1824,16
125,0.0,423569.90343,5858169.652360001,0.2307,3
125,0.5,423570.14811,5858170.10094,0.2579,3
125,1.0,423570.39279,5858170.50874,0.2307,3
125,1.5,423570.67825,5858170.916540001,0.2579,3
125,2.0,423570.96371000004,5858171.365120001,0.2307,3
125,2.5,423571.28995,5858171.732140001,0.2307,3
126,0.0,423666.18501,5858033.936520001,0.4078,63
126,0.5,423665.81799,5858034.303540001,0.346,63
126,1.0,423665.53253,5858034.711340001,0.4078,63
126,1.5,423665.28785,5858035.119140001,0.4078,63
126,2.0,423665.04317,5858035.567720001,0.4614,63
126,2.5,423664.75771000003,5858035.975520001,0.4614,63
127,0.0,423743.91169000004,5858100.571040001,0.1153,46
127,0.5,423743.74857,5858101.060400001,0.6921,46
127,1.0,423743.46311,5858101.468200001,0.7519,46
127,1.5,423743.17765,5858101.835220001,0.7016,46
127,2.0,423742.81063,5858102.243020001,0.6921,46
127,2.5,423742.52517000004,5858102.610040001,0.7016,46
128,0.0,423558.48503000004,5858100.652600001,0.4894,28
128,0.5,423558.11801000003,5858101.01962,0.8033,28
128,1.0,423557.79177,5858101.386640001,0.867,28
128,1.5,423557.46553,5858101.753660001,0.8822,28
128,2.0,423557.13929,5858102.120680001,0.9227,28
128,2.5,423556.81305,5858102.4877,0.9299,28
129,0.0,423696.19909,5858103.507200001,0.1824,31
129,0.5,423695.87285,5858103.874220001,0.4078,31
129,1.0,423695.54661,5858104.24124,0.4078,31
129,1.5,423695.17959,5858104.608260001,0.346,31
129,2.0,423694.81257,5858104.975280001,0.2941,31
129,2.5,423694.48633,5858105.30152,0.2307,31
130,0.0,423745.37977,5858080.955860001,0.0816,47
130,0.5,423745.21665,5858081.445220001,0.2579,47
130,1.0,423745.01275,5858081.893800001,0.4078,47
130,1.5,423744.80885000003,5858082.34238,0.3647,47
130,2.0,423744.52339,5858082.75018,0.346,47
130,2.5,423744.23793,5858083.157980001,0.2941,47
131,0.0,423751.12975,5858090.294480001,0.2579,49
131,0.5,423751.08897,5858090.783840001,0.4894,49
131,1.0,423750.84429000004,5858091.23242,0.4756,49
131,1.5,423750.59961000003,5858091.681000001,0.4756,49
131,2.0,423750.31415,5858092.088800001,0.4756,49
131,2.5,423750.02869,5858092.496600001,0.5222,49
132,0.0,423618.47241,5858129.198600001,0.1631,12
132,0.5,423618.43163,5858129.687960001,0.0816,12
132,1.0,423618.43163,5858130.177320001,0.1631,12
132,1.5,423618.39085,5858130.707460001,0.1631,12
132,2.0,423618.35007,5858131.196820001,0.1631,12
132,2.5,423618.22773,5858131.686180001,0.2447,12
133,0.0,423505.63415,5858089.356540001,0.1631,71
133,0.5,423505.43025000003,5858089.805120001,0.1824,71
133,1.0,423505.26713,5858090.294480001,0.2579,71
133,1.5,423505.06323,5858090.74306,0.3363,71
133,2.0,423504.94089,5858091.23242,0.2941,71
133,2.5,423504.85933,5858091.72178,0.2579,71
134,0.0,423513.46391,5858081.241320001,0.2447,72
134,0.5,423513.26001,5858081.689900001,0.2941,72
134,1.0,423513.01533,5858082.138480001,0.2941,72
134,1.5,423512.81143,5858082.587060001,0.2941,72
134,2.0,423512.60753000004,5858083.03564,0.3647,72
134,2.5,423512.36285000003,5858083.484220001,0.3363,72
135,0.0,423587.35727000004,5858159.66126,0.2941,6
135,0.5,423586.99025000003,5858159.987500001,0.346,6
135,1.0,423586.58245,5858160.313740001,0.3647,6
135,1.5,423586.21543,5858160.599200001,0.4078,6
135,2.0,423585.80763,5858160.92544,0.4392,6
136,0.0,423738.32483,5858105.179180001,0.1824,43
136,0.5,423737.95781,5858105.50542,0.1824,43
136,1.0,423737.55001,5858105.831660001,0.1824,43
136,1.5,423737.18299,5858106.157900001,0.2307,43
136,2.0,423736.77519,5858106.443360001,0.2941,43
137,0.0,423644.49005,5858142.4521,0.4078,22
137,0.5,423644.20459000004,5858142.8599000005,0.3647,22
137,1.0,423643.87835,5858143.22692,0.4078,22
137,1.5,423643.55211,5858143.63472,0.4078,22
137,2.0,423643.26665,5858144.042520001,0.4078,22
138,0.0,423590.82357,5858156.072620001,0.2941,6
138,0.5,423590.49733,5858156.480420001,0.2307,6
138,1.0,423590.17109,5858156.847440001,0.1824,6
138,1.5,423589.88563000003,5858157.21446,0.1824,6
138,2.0,423589.47783,5858157.540700001,0.1824,6
139,0.0,423754.59605,5858090.824620001,0.1824,46
139,0.5,423754.18825,5858091.15086,0.1824,46
139,1.0,423753.78045,5858091.395540001,0.2307,46
139,1.5,423753.33187,5858091.64022,0.2579,46
139,2.0,423752.92407,5858091.884900001,0.2307,46
140,0.0,423716.83377,5858103.26252,0.3647,42
140,0.5,423716.71143,5858103.75188,0.3262,42
140,1.0,423716.62987,5858104.24124,0.3262,42
140,1.5,423716.50753,5858104.7306,0.2941,42
140,2.0,423716.38519,5858105.21996,0.4078,42
141,0.0,423613.08945,5858135.356380001,0.3647,11
141,0.5,423613.00789,5858135.845740001,0.3262,11
141,1.0,423612.92633,5858136.335100001,0.2447,11
141,1.5,423612.88555,5858136.824460001,0.2447,11
141,2.0,423612.84477,5858137.354600001,0.1631,11
142,0.0,423780.45057,5858096.778500001,0.2941,55
142,0.5,423780.36901,5858097.267860001,0.3262,55
142,1.0,423780.24667,5858097.757220001,0.2941,55
142,1.5,423780.12433,5858098.246580001,0.3262,55
142,2.0,423780.00199,5858098.735940001,0.2941,55
143,0.0,423543.07019,5858050.452420001,0.1153,65
143,0.5,423542.74395000003,5858050.819440001,0.2307,65
143,1.0,423542.41771,5858051.18646,0.2307,65
143,1.5,423542.05069,5858051.55348,0.2307,65
143,2.0,423541.68367,5858051.879720001,0.2307,65
144,0.0,423703.78417,5858000.3745800005,0.4078,59
144,0.5,423703.58027000003,5858000.823160001,0.4159,59
144,1.0,423703.33559000003,5858001.271740001,0.2941,59
144,1.5,423703.25403,5858001.761100001,0.1824,59
144,2.0,423703.17247,5858002.250460001,0.2447,59
145,0.0,423616.80043,5858134.7446800005,0.4614,13
145,0.5,423616.43341,5858135.1117,0.4614,13
145,1.0,423616.10717000003,5858135.478720001,0.4614,13
145,1.5,423615.78093,5858135.845740001,0.4078,13
145,2.0,423615.41391,5858136.2127600005,0.2447,13
146,0.0,423682.04843,5858121.001820001,0.3363,32
146,0.5,423681.76297000004,5858121.409620001,0.2579,32
146,1.0,423681.43673,5858121.81742,0.1824,32
146,1.5,423681.15127000003,5858122.184440001,0.1153,32
146,2.0,423680.82503,5858122.592240001,0.0816,32
147,0.0,423617.90149,5858129.85108,0.3262,12
147,0.5,423617.86071000004,5858130.34044,0.4078,12
147,1.0,423617.81993,5858130.8298,0.4894,12
147,1.5,423617.77915,5858131.359940001,0.4894,12
147,2.0,423617.73837000004,5858131.849300001,0.4894,12
148,0.0,423652.36059,5858119.900760001,0.2579,26
148,0.5,423652.19747,5858120.390120001,0.2579,26
148,1.0,423652.03435000003,5858120.838700001,0.2447,26
148,1.5,423651.87123,5858121.328060001,0.2447,26
148,2.0,423651.66733,5858121.776640001,0.2579,26
149,0.0,423702.68311,5858000.8639400005,0.4756,59
149,0.5,423702.64233,5858001.353300001,0.2447,59
149,1.0,423702.56077000004,5858001.842660001,0.2447,59
149,1.5,423702.47921,5858002.332020001,0.2447,59
149,2.0,423702.31609000004,5858002.821380001,0.1153,59
150,0.0,423739.54823,5858090.620720001,0.2579,47
150,0.5,423739.42589,5858091.110080001,0.5158,47
150,1.0,423739.22199,5858091.558660001,0.5471,47
150,1.5,423738.93653,5858091.966460001,0.5767,47
150,2.0,423738.69185,5858092.41504,0.4961,47
151,0.0,423733.63513,5858108.72704,0.5158,43
151,0.5,423733.18655,5858108.93094,0.5709,43
151,1.0,423732.69719000004,5858109.053280001,0.2579,43
151,1.5,423732.24861,5858109.297960001,0.3363,43
151,2.0,423731.80003,5858109.501860001,0.1824,43
152,0.0,423550.00279,5858057.385020001,0.2307,67
152,0.5,423549.71733,5858057.792820001,0.2307,67
152,1.0,423549.43187000003,5858058.20062,0.1824,67
152,1.5,423549.10563,5858058.60842,0.1153,67
152,2.0,423548.86095,5858059.016220001,0.2307,67
153,0.0,423663.98289,5858036.91346,0.1631,63
153,0.5,423663.81977,5858037.40282,0.4078,63
153,1.0,423663.57509,5858037.810620001,0.4078,63
153,1.5,423663.28963,5858038.259200001,0.4078,63
153,2.0,423663.00417000003,5858038.667,0.2941,63
154,0.0,423617.65681,5858132.37944,0.4078,12
154,0.5,423617.65681,5858132.8688,0.4078,12
154,1.0,423617.61603000003,5858133.35816,0.4894,12
154,1.5,423617.49369000003,5858133.84752,0.4392,12
154,2.0,423617.41213,5858134.33688,0.4756,12
155,0.0,423588.90691,5858158.030060001,0.2307,6
155,0.5,423588.53989,5858158.356300001,0.2307,6
155,1.0,423588.17287,5858158.68254,0.2307,6
155,1.5,423587.80585,5858159.049560001,0.1824,6
155,2.0,423587.43883,5858159.416580001,0.1824,6
156,0.0,423615.74015,5858144.735780001,0.2447,12
156,0.5,423615.53625,5858145.18436,0.4756,12
156,1.0,423615.49547,5858145.67372,0.4894,12
156,1.5,423615.41391,5858146.203860001,0.4078,12
156,2.0,423615.37313,5858146.693220001,0.4078,12
157,0.0,423731.47379,5858101.427420001,0.4078,45
157,0.5,423731.51457,5858101.916780001,0.5709,45
157,1.0,423731.43301000004,5858102.406140001,0.5471,45
157,1.5,423731.31067000004,5858102.895500001,0.4894,45
158,0.0,423703.70261000004,5857996.092680001,0.4078,59
158,0.5,423703.70261000004,5857996.582040001,0.2447,59
158,1.0,423703.66183,5857997.071400001,0.0816,59
158,1.5,423703.62105,5857997.601540001,0.1631,59
159,0.0,423774.12967,5858111.133060001,0.4159,52
159,0.5,423773.96655,5858111.622420001,0.2941,52
159,1.0,423773.80343,5858112.071,0.3363,52
159,1.5,423773.59953,5858112.519580001,0.2941,52
160,0.0,423701.98985,5857996.418920001,0.2307,59
160,0.5,423701.98985,5857996.908280001,0.3262,59
160,1.0,423701.98985,5857997.4384200005,0.3262,59
160,1.5,423701.98985,5857997.9277800005,0.4078,59
161,0.0,423775.96477,5858109.175620001,0.0816,52
161,0.5,423775.59775,5858109.501860001,0.1824,52
161,1.0,423775.31229000003,5858109.90966,0.1824,52
161,1.5,423774.98605,5858110.3174600005,0.1824,52
162,0.0,423703.94729000004,5857998.621040001,0.3647,59
162,0.5,423703.90651,5857999.110400001,0.3262,59
162,1.0,423703.82495000004,5857999.599760001,0.2447,59
162,1.5,423703.78417,5858000.129900001,0.4078,59
163,0.0,423678.25589000003,5858134.13298,0.1631,36
163,0.5,423678.33745,5858134.62234,0.2307,36
163,1.0,423678.50057000003,5858135.1117,0.1824,36
163,1.5,423678.70447,5858135.560280001,0.1153,36
164,0.0,423538.91063,5858051.390360001,0.1631,65
164,0.5,423538.91063,5858051.879720001,0.2447,65
164,1.0,423538.78829,5858052.369080001,0.1631,65
164,1.5,423538.66595,5858052.858440001,0.2307,65
165,0.0,423636.04859,5858140.086860001,0.3262,24
165,0.5,423635.80391,5858140.535440001,0.4392,24
165,1.0,423635.55923,5858140.98402,0.4961,24
165,1.5,423635.31455,5858141.3918200005,0.4756,24
166,0.0,423540.70495,5858052.6545400005,0.1824,65
166,0.5,423540.29715,5858052.980780001,0.1824,65
166,1.0,423539.97091000003,5858053.307020001,0.1824,65
166,1.5,423539.64467,5858053.674040001,0.1824,65
167,0.0,423782.85659000004,5858086.216480001,0.2579,55
167,0.5,423782.61191000004,5858086.6650600005,0.2307,55
167,1.0,423782.32645,5858087.03208,0.1631,55
167,1.5,423782.08177,5858087.480660001,0.2579,55
168,0.0,423645.42799,5858141.147140001,0.1153,22
168,0.5,423645.18331,5858141.595720001,0.2941,22
168,1.0,423644.85707,5858141.96274,0.346,22
169,0.0,423691.18315,5858111.010720001,0.6211,31
169,0.5,423690.85691000003,5858111.37774,0.637,31
169,1.0,423690.53067,5858111.744760001,0.4392,31
170,0.0,423692.89591,5858103.221740001,0.0816,32
170,0.5,423692.69201,5858103.6703200005,0.1631,32
170,1.0,423692.48811000003,5858104.1596800005,0.2307,32
171,0.0,423694.20087,5858107.8706600005,0.2941,31
171,0.5,423693.83385,5858108.196900001,0.4078,31
171,1.0,423693.42605,5858108.523140001,0.346,31
172,0.0,423538.58439000003,5858053.062340001,0.2579,65
172,0.5,423538.42127,5858053.551700001,0.2307,65
172,1.0,423538.21737,5858054.00028,0.2579,65
173,0.0,423569.45485000004,5858169.163000001,0.4614,2
173,0.5,423569.04705,5858169.448460001,0.4614,2
173,1.0,423568.63925,5858169.7339200005,0.4614,2
174,0.0,423589.23315,5858158.19318,0.2941,6
174,0.5,423588.86613000004,5858158.519420001,0.2307,6
174,1.0,423588.49911000003,5858158.8864400005,0.2307,6
175,0.0,423539.27765,5858053.674040001,0.2307,65
175,0.5,423538.86985,5858053.959500001,0.2579,65
175,1.0,423538.46205000003,5858054.244960001,0.2307,65
176,0.0,423691.87641,5858109.8281000005,0.7016,31
176,0.5,423691.59095,5858110.235900001,0.6211,31
176,1.0,423691.34627000004,5858110.68448,0.4614,31
177,0.0,423694.40477,5858100.32636,0.1153,32
177,0.5,423694.07853,5858100.693380001,0.1824,32
177,1.0,423693.71151,5858101.01962,0.1824,32
178,0.0,423618.59475,5858127.852860001,0.2447,12
178,0.5,423618.51319,5858128.342220001,0.1824,12
178,1.0,423618.39085,5858128.831580001,0.2579,12
179,0.0,423577.81475,5858167.491020001,0.4078,6
179,0.5,423577.44773,5858167.817260001,0.4078,6
179,1.0,423577.03993,5858168.1435,0.4078,6
180,0.0,423689.79663,5858112.723480001,0.4078,31
180,0.5,423689.47039000003,5858113.090500001,0.4614,31
180,1.0,423689.14415,5858113.498300001,0.4614,31
181,0.0,423694.07853,5858104.363580001,0.0816,31
181,0.5,423694.03775,5858104.852940001,0.4078,31
181,1.0,423693.95619,5858105.342300001,0.4894,31
182,0.0,423678.86759000004,5858136.29432,0.1631,36
182,0.5,423678.86759000004,5858136.78368,0.2447,36
182,1.0,423678.78603,5858137.27304,0.0816,36
183,0.0,423686.53423,5858110.929160001,0.3262,32
183,0.5,423686.53423,5858111.418520001,0.4078,32
183,1.0,423686.53423,5858111.94866,0.3262,32
184,0.0,423695.34271,5858107.299740001,0.1824,31
184,0.5,423694.93491,5858107.585200001,0.1153,31
184,1.0,423694.48633,5858107.789100001,0.1824,31
185,0.0,423702.19375000003,5857998.2948,0.0816,59
185,0.5,423702.47921,5857998.7026,0.1153,59
185,1.0,423702.68311,5857999.151180001,0.1153,59
186,0.0,423752.47549,5858092.170360001,0.3647,46
186,0.5,423752.10847000004,5858092.496600001,0.5222,46
186,1.0,423751.78223,5858092.863620001,0.4078,46
187,0.0,423612.68165,5858134.25532,0.2941,11
187,0.5,423612.88555,5858134.703900001,0.1631,11
187,1.0,423613.00789,5858135.193260001,0.1631,11
188,0.0,423526.55429,5858085.441660001,0.0816,69
188,0.5,423526.39117,5858085.931020001,0.3363,69
188,1.0,423526.22805000003,5858086.379600001,0.3647,69
189,0.0,423537.15709,5858055.916940001,0.4078,65
189,0.5,423536.87163,5858056.324740001,0.4078,65
189,1.0,423536.58617,5858056.73254,0.4078,65
190,0.0,423560.52403000003,5858098.28736,0.5471,28
190,0.5,423560.07545,5858098.532040001,0.346,28
190,1.0,423559.62687000004,5858098.77672,0.0816,28
191,0.0,423702.72389,5857999.640540001,0.2447,59
191,0.5,423702.72389,5858000.129900001,0.2447,59
191,1.0,423702.68311,5858000.619260001,0.1824,59
192,0.0,423701.94907000003,5857998.376360001,0.3647,59
192,0.5,423701.94907000003,5857998.865720001,0.4078,59
192,1.0,423701.90829,5857999.355080001,0.3647,59
193,0.0,423686.57501000003,5858112.478800001,0.3262,32
193,0.5,423686.57501000003,5858112.968160001,0.2447,32
193,1.0,423686.61579,5858113.498300001,0.4392,32
194,0.0,423693.46683,5858022.191880001,0.5767,58
194,0.5,423693.18137,5858022.599680001,0.5767,58
194,1.0,423692.85513000004,5858023.007480001,0.5767,58
195,0.0,423702.23453,5857999.803660001,0.1631,59
195,0.5,423702.35687,5858000.293020001,0.1824,59
195,1.0,423702.60155,5858000.7416,0.3262,59
196,0.0,423612.43697000004,5858131.767740001,0.0816,11
196,0.5,423612.35541,5858132.257100001,0.2307,11
196,1.0,423612.19229000004,5858132.746460001,0.2447,11
197,0.0,423753.25031000003,5858091.191640001,0.2307,46
197,0.5,423752.88329,5858091.517880001,0.2307,46
197,1.0,423752.51627,5858091.884900001,0.2307,46
198,0.0,423612.51853,5858144.572660001,0.4894,11
198,0.5,423612.39619,5858145.062020001,0.5938,11
198,1.0,423612.27385,5858145.551380001,0.4894,11
199,0.0,423541.64289,5858050.941780001,0.2579,66
199,0.5,423541.43899,5858051.390360001,0.2307,66
199,1.0,423541.27587,5858051.879720001,0.2307,66
200,0.0,423730.69897,5858110.39902,0.0816,43
200,0.5,423730.20961,5858110.562140001,0.2579,43
200,1.0,423729.76103,5858110.766040001,0.1631,43
201,0.0,423781.38851,5858087.072860001,0.1153,55
201,0.5,423781.59241,5858087.52144,0.2447,55
201,1.0,423781.75553,5858088.0108,0.2579,55
202,0.0,423753.49499000004,5858092.741280001,0.2307,46
202,0.5,423753.00563,5858092.863620001,0.1631,46
203,0.0,423645.50955,5858141.8811800005,0.2307,23
203,0.5,423645.18331,5858142.2482,0.2941,23
204,0.0,423686.61579,5858109.950440001,0.2447,32
204,0.5,423686.57501000003,5858110.439800001,0.3262,32
205,0.0,423703.94729000004,5857994.99162,0.0816,59
205,0.5,423703.90651,5857995.48098,0.1631,59
206,0.0,423588.29521,5858159.25346,0.2941,6
206,0.5,423587.84663,5858159.498140001,0.2941,6
207,0.0,423584.91047,5858161.12934,0.2307,7
207,0.5,423584.54345,5858161.455580001,0.0816,7
208,0.0,423715.85505,5858107.707540001,0.5709,42
208,0.5,423715.85505,5858108.196900001,0.3363,42
209,0.0,423541.96913,5858049.636820001,0.0816,66
209,0.5,423541.88757,5858050.126180001,0.2447,66
210,0.0,423618.26851,5858129.0762600005,0.2307,12
210,0.5,423618.06461,5858129.524840001,0.1153,12
211,0.0,423741.66879,5858103.221740001,0.0816,46
211,0.5,423741.50567,5858103.711100001,0.5767,46
212,0.0,423693.30371,5858100.163240001,0.0816,32
212,0.5,423693.09981,5858100.61182,0.1824,32
213,0.0,423719.72915,5858092.985960001,0.3262,42
213,0.5,423719.64759,5858093.475320001,0.2447,42
214,0.0,423538.05425,5858054.448860001,0.346,65
214,0.5,423537.76879,5858054.856660001,0.1631,65
215,0.0,423774.65981,5858110.562140001,0.2941,52
215,0.5,423774.29279000004,5858110.929160001,0.1824,52
216,0.0,423702.92779,5857999.640540001,0.1824,59
216,0.5,423702.92779,5858000.129900001,0.1631,59
217,0.0,423549.43187000003,5858058.8123200005,0.1631,67
217,0.5,423549.02407,5858059.09778,0.1631,67
218,0.0,423774.08889,5858110.480580001,0.0816,52
218,0.5,423774.04811000003,5858110.96994,0.2447,52
219,0.0,423657.82511000003,5858047.026900001,0.4392,63
219,0.5,423657.41731,5858047.312360001,0.0816,63
220,0.0,423624.05927,5858126.547900001,0.346,13
220,0.5,423623.65147,5858126.8333600005,0.2941,13
221,0.0,423568.43535,5858169.856260001,0.4614,2
221,0.5,423568.14989,5858170.264060001,0.0816,2
222,0.0,423576.95837,5858168.225060001,0.4078,6
222,0.5,423576.67291,5858168.63286,0.1824,6
223,0.0,423700.76645,5858094.08702,0.4392,39
223,0.5,423700.72567,5858094.57638,0.0816,39
224,0.0,423522.43551000004,5858085.1969800005,0.346,68
224,0.5,423522.15005,5858085.604780001,0.0816,68
225,0.0,423656.88717,5858048.0464,0.1153,63
225,0.5,423656.68327000004,5858048.494980001,0.346,63
226,0.0,423692.89591,5858104.404360001,0.2447,32
226,0.5,423692.44733,5858104.608260001,0.3262,32
227,0.0,423612.27385,5858133.235820001,0.1631,11
227,0.5,423612.47775,5858133.684400001,0.2579,11
228,0.0,423731.75925,5858109.501860001,0.1824,43
228,0.5,423731.55535000004,5858109.950440001,0.1824,43
229,0.0,423693.01825,5858100.774940001,0.2447,32
229,0.5,423693.01825,5858101.264300001,0.2447,32
230,0.0,423704.23275,5857998.00934,0.3363,59
230,0.5,423704.02885,5857998.457920001,0.2941,59
231,0.0,423646.44749,5858145.918400001,0.4078,17
231,0.5,423646.24359,5858146.36698,0.0816,17
232,0.0,423651.66733,5858121.81742,0.2579,26
232,0.5,423651.34109,5858122.22522,0.0816,26
233,0.0,423582.62679,5858159.45736,0.3647,8
233,0.5,423582.30055,5858159.8651600005,0.0816,8
234,0.0,423664.71693,5858036.0163,0.4614,63
234,0.5,423664.30913,5858036.342540001,0.0816,63
235,0.0,423647.09997000004,5858139.02658,0.2941,22
235,0.5,423646.69217,5858139.352820001,0.0816,22
236,0.0,423539.72623000003,5858053.1439000005,0.1631,65
236,0.5,423539.39999,5858053.551700001,0.1824,65
237,0.0,423691.99875,5858104.9345,0.3363,32
237,0.5,423691.59095,5858105.260740001,0.4392,32
238,0.0,423658.76305,5858045.681160001,0.3363,63
238,0.5,423658.43681,5858046.08896,0.3363,63
239,0.0,423682.98637,5858119.900760001,0.5222,32
239,0.5,423682.66013000003,5858120.308560001,0.4614,32
240,0.0,423655.29675000004,5858130.707460001,0.4392,21
240,0.5,423654.97051,5858131.11526,0.0816,21
241,0.0,423712.02173000004,5858104.078120001,0.4392,41
241,0.5,423711.61393,5858104.404360001,0.0816,41
242,0.0,423512.36285000003,5858083.484220001,0.3363,72
242,0.5,423512.03661,5858083.892020001,0.0816,72
243,0.0,423744.23793,5858083.198760001,0.3363,47
243,0.5,423743.87091,5858083.565780001,0.0816,47
244,0.0,423741.30177,5858088.051580001,0.5471,47
244,0.5,423740.93475,5858088.4186,0.1824,47
245,0.0,423692.77357,5858109.13484,0.2941,31
245,0.5,423692.40655,5858109.501860001,0.346,31
246,0.0,423657.37653,5858047.312360001,0.0816,63
246,0.5,423657.21341,5858047.801720001,0.4078,63
247,0.0,423615.37313,5858146.693220001,0.4078,12
247,0.5,423615.53625,5858147.182580001,0.0816,12
248,0.0,423541.15353,5858067.213,0.4614,67
248,0.5,423540.99041,5858067.70236,0.0816,67
249,0.0,423613.33413000003,5858134.7446800005,0.1631,11
249,0.5,423613.17101,5858135.2340400005,0.2579,11
250,0.0,423694.60867,5858021.743300001,0.4159,58
250,0.5,423694.11931000004,5858021.906420001,0.2579,58
251,0.0,423782.08177,5858087.52144,0.2579,55
251,0.5,423781.91865,5858088.0108,0.2579,55
252,0.0,423702.92779,5858000.25224,0.1631,59
252,0.5,423702.76467,5858000.7416,0.2579,59
253,0.0,423693.09981,5858108.15612,0.2941,31
253,0.5,423692.93669,5858108.64548,0.2579,31
254,0.0,423689.06259,5858113.579860001,0.4614,31
254,0.5,423688.89947,5858114.069220001,0.0816,31
255,0.0,423612.88555,5858137.6808400005,0.2447,11
255,0.5,423613.04867,5858138.1702000005,0.0816,11
256,0.0,423777.71831,5858099.55154,0.3262,54
256,0.5,423777.55519,5858100.0409,0.0816,54
257,0.0,423636.45639,5858138.53722,0.2941,24
257,0.5,423636.29327,5858139.02658,0.3262,24
258,0.0,423752.51627,5858092.945180001,0.2307,46
258,0.5,423752.02691,5858093.1083,0.1824,46
259,0.0,423612.31463000004,5858138.985800001,0.3262,11
259,0.5,423612.47775,5858139.475160001,0.4078,11
260,0.0,423736.40817,5858106.7696,0.2307,43
260,0.5,423735.91881,5858106.932720001,0.2447,43
261,0.0,423694.11931000004,5858021.294720001,0.5158,58
261,0.5,423693.87463000003,5858021.743300001,0.4159,58
262,0.0,423716.30363000004,5858105.546200001,0.3262,42
262,0.5,423716.05895000004,5858105.99478,0.0816,42
263,0.0,423693.54839,5858101.141960001,0.1824,32
263,0.5,423693.09981,5858101.386640001,0.2941,32
264,0.0,423636.78263000003,5858012.07844,0.4078,61
264,0.5,423636.33405,5858012.323120001,0.1631,61
265,0.0,423741.46489,5858103.874220001,0.5767,46
265,0.5,423741.01631000004,5858104.118900001,0.2447,46
266,0.0,423692.40655,5858109.501860001,0.346,31
266,0.5,423691.95797,5858109.746540001,0.5881,31
267,0.0,423702.56077000004,5858093.88312,0.2447,40
267,0.5,423702.31609000004,5858094.331700001,0.1631,40
268,0.0,423693.34449,5858107.707540001,0.2941,31
268,0.5,423693.09981,5858108.15612,0.2941,31
269,0.0,423636.82341,5858157.4183600005,0.0816,16
269,0.5,423636.57873,5858157.866940001,0.4078,16
270,0.0,423540.94963,5858052.7361,0.2447,66
270,0.5,423540.70495,5858053.184680001,0.0816,66
271,0.0,423690.08209000004,5858116.9646000005,0.3647,38
271,0.5,423689.95975000004,5858117.453960001,0.1631,38
272,0.0,423645.87657,5858010.161780001,0.1153,61
272,0.5,423646.36593,5858010.284120001,0.5709,61
273,0.0,423505.75649,5858088.867180001,0.0816,71
273,0.5,423505.63415,5858089.356540001,0.1631,71
274,0.0,423692.03953,5858109.175620001,0.4392,31
274,0.5,423691.91719,5858109.664980001,0.5222,31
275,0.0,423738.69185,5858092.455820001,0.4894,47
275,0.5,423738.56951,5858092.945180001,0.1631,47
276,0.0,423655.70455,5858049.51448,0.0816,63
276,0.5,423655.58221,5858050.00384,0.2579,63
277,0.0,423667.73465,5858031.7344,0.3363,63
277,0.5,423667.61231,5858032.22376,0.0816,63
278,0.0,423686.08565,5858121.572740001,0.5158,37
278,0.5,423685.96331,5858122.062100001,0.0816,37
279,0.0,423539.23687,5858052.858440001,0.4078,65
279,0.5,423538.74751,5858052.980780001,0.3262,65
280,0.0,423507.02067,5858086.1757000005,0.3363,71
280,0.5,423506.89833,5858086.6650600005,0.0816,71
281,0.0,423525.04543,5858068.6810800005,0.5767,65
281,0.5,423524.92309,5858069.1704400005,0.0816,65
282,0.0,423649.70989,5858126.588680001,0.3647,26
282,0.498,423649.42443,5858126.996480001,0.0816,26
283,0.0,423683.84275,5858119.77842,0.5222,31
283,0.498,423683.43495,5858120.06388,0.346,31
284,0.0,423716.22207,5858107.1774,0.2941,42
284,0.498,423715.93661000003,5858107.585200001,0.4392,42
285,0.0,423651.50421,5858138.781900001,0.3262,20
285,0.498,423651.21875,5858139.189700001,0.0816,20
286,0.0,423771.27507000003,5858027.982640001,0.3363,57
286,0.498,423770.98961,5858028.39044,0.0816,57
287,0.0,423618.22773,5858131.686180001,0.2447,12
287,0.498,423617.81993,5858131.971640001,0.5881,12
288,0.0,423703.13169,5858002.49514,0.2941,59
288,0.498,423702.84623,5858002.90294,0.0816,59
289,0.0,423729.35323,5858111.214620001,0.346,43
289,0.498,423728.94543,5858111.500080001,0.4614,43
290,0.0,423515.46213,5858096.370700001,0.346,70
290,0.498,423515.05433,5858096.656160001,0.1631,70
291,0.0,423725.96849,5858108.482360001,0.4392,44
291,0.496,423726.05005,5858108.971720001,0.0816,44
292,0.0,423612.27385,5858145.551380001,0.4894,11
292,0.496,423612.35541,5858146.040740001,0.0816,11
293,0.0,423778.61547,5858067.416900001,0.2447,56
293,0.496,423778.69703000004,5858067.906260001,0.0816,56
294,0.0,423612.19229000004,5858132.746460001,0.2447,11
294,0.496,423612.27385,5858133.235820001,0.1631,11
295,0.0,423703.66183,5857998.050120001,0.1631,59
295,0.493,423703.86573,5857998.4987,0.1631,59
296,0.0,423512.19973,5858099.714660001,0.4078,70
296,0.493,423511.75115,5858099.918560001,0.1153,70
297,0.0,423744.60495,5858100.000120001,0.3262,46
297,0.493,423744.15637,5858100.204020001,0.0816,46
298,0.0,423658.02901,5858046.57832,0.1631,63
298,0.493,423657.82511000003,5858047.026900001,0.4392,63
299,0.0,423612.84477,5858139.067360001,0.1631,11
299,0.493,423612.64087,5858139.51594,0.4894,11
300,0.0,423694.44555,5858105.342300001,0.2307,31
300,0.493,423693.99697000004,5858105.546200001,0.5222,31
301,0.0,423628.42273,5858139.882960001,0.4078,15
301,0.493,423628.21883,5858140.331540001,0.1631,15
302,0.0,423666.38891000004,5858033.48794,0.1153,63
302,0.493,423666.18501,5858033.936520001,0.4078,63
303,0.0,423556.77227,5858102.528480001,0.9511,28
303,0.493,423556.56837,5858102.97706,0.6576,28
304,0.0,423683.76119,5858135.3156,0.5881,29
304,0.491,423683.27183,5858135.356380001,0.1153,29
305,0.0,423744.80885000003,5858075.042760001,0.5881,48
305,0.491,423744.76807,5858075.532120001,0.2307,48
306,0.0,423674.74881,5858130.91136,0.1153,34
306,0.491,423675.23817,5858130.952140001,0.4756,34
307,0.0,423687.10515,5858113.172060001,0.5222,32
307,0.491,423686.77891,5858113.5390800005,0.5158,32
308,0.0,423659.53787,5858147.304920001,0.6921,18
308,0.491,423659.49709,5858147.794280001,0.0816,18
309,0.0,423655.58221,5858050.00384,0.2579,63
309,0.491,423655.21519,5858050.330080001,0.0816,63
310,0.0,423556.56837,5858102.97706,0.6576,28
310,0.491,423556.52759,5858103.46642,0.0816,28
311,0.0,423728.94543,5858111.500080001,0.4614,43
311,0.491,423728.57841,5858111.826320001,0.346,43
312,0.0,423636.29327,5858139.02658,0.3262,24
312,0.491,423636.33405,5858139.51594,0.0816,24
313,0.0,423731.88159,5858100.204020001,0.5471,45
313,0.491,423731.55535000004,5858100.571040001,0.1631,45
314,0.0,423683.31261,5858120.26778,0.4614,31
314,0.491,423682.98637,5858120.634800001,0.4614,31
315,0.0,423700.07319,5858013.016380001,0.4159,59
315,0.491,423700.11397,5858013.505740001,0.1631,59
316,0.0,423674.78959,5858129.891860001,0.5767,33
316,0.491,423674.74881,5858130.381220001,0.0816,33
317,0.0,423712.67421,5858103.099400001,0.5158,41
317,0.491,423712.30719,5858103.425640001,0.1824,41
318,0.0,423497.72283,5858109.90966,0.4392,71
318,0.491,423497.68205,5858110.39902,0.1631,71
319,0.0,423611.90683,5858159.335020001,0.6525,11
319,0.491,423611.86605,5858159.824380001,0.6525,11
320,0.0,423628.74897,5858140.535440001,0.346,14
320,0.491,423628.38195,5858140.861680001,0.3363,14
321,0.0,423679.35695,5858135.070920001,0.4078,35
321,0.491,423679.03071,5858135.437940001,0.2579,35
322,0.0,423642.65495,5858127.445060001,0.4392,25
322,0.491,423642.69573000004,5858127.934420001,0.1631,25
323,0.0,423715.85505,5858107.055060001,0.2579,42
323,0.491,423715.81427000003,5858107.544420001,0.4392,42
324,0.0,423686.53423,5858111.989440001,0.3262,32
324,0.491,423686.57501000003,5858112.478800001,0.3262,32
