stem_id,station_m,x,y,diameter_m,gt_tree_id
1,0.0,419999.733,5853234.093400001,0.1806,18
1,0.5,419999.28598,5853234.284980001,0.1806,18
1,1.0,419998.83896,5853234.476560001,0.2554,18
1,1.5,419998.32808,5853234.668140001,0.1806,18
1,2.0,419997.88106,5853234.859720001,0.2554,18
1,2.5,419997.43404,5853235.0513,0.2554,18
1,3.0,419996.98702,5853235.306740001,0.1806,18
1,3.5,419996.54,5853235.434460001,0.2554,18
1,4.0,419996.02912,5853235.6260400005,0.2554,18
1,4.5,419995.5821,5853235.817620001,0.2856,18
1,5.0,419995.13508,5853236.009200001,0.2554,18
1,5.5,419994.6242,5853236.13692,0.2554,18
1,6.0,419994.17718,5853236.328500001,0.2856,18
1,6.5,419993.73016,5853236.520080001,0.2554,18
1,7.0,419993.21928,5853236.7116600005,0.2554,18
1,7.5,419992.77226,5853236.903240001,0.2554,18
1,8.0,419992.32524000003,5853237.094820001,0.1806,18
1,8.5,419991.87822,5853237.22254,0.2554,18
1,9.0,419991.36734,5853237.414120001,0.2554,18
1,9.5,419990.92032000003,5853237.541840001,0.1806,18
1,10.0,419990.4733,5853237.73342,0.2554,18
1,10.5,419989.96242,5853237.925000001,0.2554,18
1,11.0,419989.51540000003,5853238.116580001,0.2554,18
1,11.5,419989.06838,5853238.3081600005,0.1806,18
1,12.0,419988.5575,5853238.435880001,0.2554,18
1,12.5,419988.11048000003,5853238.627460001,0.2554,18
1,13.0,419987.5996,5853238.755180001,0.2554,18
1,13.5,419987.15258,5853238.946760001,0.2554,18
1,14.0,419986.70556000003,5853239.138340001,0.2554,18
1,14.5,419986.25854,5853239.32992,0.2554,18
1,15.0,419985.74766,5853239.521500001,0.2554,18
1,15.5,419985.30064000003,5853239.649220001,0.2856,18
1,16.0,419984.85362,5853239.840800001,0.2554,18
1,16.5,419984.34274,5853239.968520001,0.2554,18
1,17.0,419983.89572000003,5853240.160100001,0.2856,18
1,17.5,419983.4487,5853240.351680001,0.2856,18
1,18.0,419982.93782,5853240.543260001,0.2856,18
1,18.5,419982.4908,5853240.734840001,0.2554,18
1,19.0,419982.04378,5853240.92642,0.2554,18
1,19.5,419981.5329,5853241.054140001,0.2856,18
1,20.0,419981.08588,5853241.245720001,0.2856,18
1,20.5,419980.63886,5853241.437300001,0.2554,18
1,21.0,419980.12798,5853241.565020001,0.2856,18
1,21.5,419979.68096,5853241.756600001,0.3612,18
1,22.0,419979.23394,5853241.948180001,0.2554,18
1,22.5,419978.78692,5853242.139760001,0.2554,18
1,23.0,419978.27604,5853242.267480001,0.2856,18
1,23.5,419977.82902,5853242.459060001,0.2554,18
1,24.0,419977.31814,5853242.5867800005,0.3612,18
1,24.5,419976.87112,5853242.778360001,0.2856,18
1,25.0,419976.4241,5853242.906080001,0.3612,18
1,25.5,419975.91322,5853243.09766,0.3612,18
1,26.0,419975.4662,5853243.289240001,0.2856,18
1,26.5,419974.95532,5853243.416960001,0.3832,18
1,27.0,419974.5083,5853243.544680001,0.4039,18
1,27.5,419974.06128,5853243.736260001,0.4039,18
1,28.0,419973.5504,5853243.927840001,0.4039,18
1,28.5,419973.10338,5853244.055560001,0.5109,18
1,29.0,419972.65636,5853244.247140001,0.4605,18
1,29.5,419972.14548,5853244.438720001,0.2554,18
2,0.0,420071.32006,5853114.802920001,0.1277,8
2,0.5,420071.19234,5853115.313800001,0.2554,8
2,1.0,420071.06462,5853115.76082,0.2554,8
2,1.5,420071.00076,5853116.2717,0.1806,8
2,2.0,420071.00076,5853116.782580001,0.1806,8
2,2.5,420070.80918,5853117.229600001,0.1806,8
2,3.0,420070.74532,5853117.740480001,0.2554,8
2,3.5,420070.6176,5853118.251360001,0.2554,8
2,4.0,420070.55374,5853118.698380001,0.2554,8
2,4.5,420070.48988,5853119.209260001,0.5266,8
2,5.0,420070.2983,5853119.656280001,0.3832,8
2,5.5,420070.17058000003,5853120.167160001,0.2554,8
2,6.0,420070.10672,5853120.678040001,0.2856,8
2,6.5,420070.10672,5853121.12506,0.3832,8
2,7.0,420069.979,5853121.63594,0.3612,8
2,7.5,420069.91514,5853122.14682,0.3832,8
2,8.0,420069.85128,5853122.593840001,0.3832,8
2,8.5,420069.72356,5853123.104720001,0.3832,8
2,9.0,420069.6597,5853123.615600001,0.3832,8
2,9.5,420069.53198,5853124.126480001,0.3832,8
2,10.0,420069.46812000003,5853124.573500001,0.3832,8
2,10.5,420069.3404,5853125.084380001,0.3832,8
2,11.0,420069.27654,5853125.595260001,0.3832,8
2,11.5,420069.21268,5853126.042280001,0.3832,8
2,12.0,420069.14882,5853126.553160001,0.3832,8
2,12.5,420069.08496,5853127.064040001,0.3832,8
2,13.0,420069.0211,5853127.5749200005,0.3612,8
2,13.5,420068.95724,5853128.021940001,0.2856,8
2,14.0,420068.89338,5853128.532820001,0.2554,8
2,14.5,420068.82952,5853129.043700001,0.2554,8
2,15.0,420068.76566000003,5853129.554580001,0.2554,8
2,15.5,420068.7018,5853130.001600001,0.2856,8
2,16.0,420068.63794,5853130.512480001,0.2856,8
2,16.5,420068.57408,5853131.023360001,0.2856,8
2,17.0,420068.44636,5853131.534240001,0.3832,8
2,17.5,420068.3825,5853131.981260001,0.3832,8
2,18.0,420068.25478,5853132.492140001,0.2554,8
2,18.5,420068.19092,5853133.003020001,0.2554,8
2,19.0,420068.12706,5853133.513900001,0.2554,8
2,19.5,420068.06320000003,5853133.96092,0.2554,8
2,20.0,420067.99934,5853134.4718,0.2554,8
2,20.5,420067.99934,5853134.98268,0.3832,8
2,21.0,420067.93548,5853135.493560001,0.3832,8
2,21.5,420067.93548,5853135.940580001,0.3832,8
2,22.0,420067.87162,5853136.451460001,0.3832,8
2,22.5,420067.7439,5853136.962340001,0.2856,8
2,23.0,420067.68004,5853137.409360001,0.3612,8
2,23.5,420067.55232,5853137.920240001,0.2554,8
2,24.0,420067.4246,5853138.431120001,0.2554,8
2,24.5,420067.36074000003,5853138.942000001,0.2856,8
2,25.0,420067.36074000003,5853139.389020001,0.2554,8
3,0.0,420045.90378,5853080.701680001,0.1277,82
3,0.5,420045.64834,5853081.148700001,0.1806,82
3,1.0,420045.32904,5853081.53186,0.2554,82
3,1.5,420045.0736,5853081.978880001,0.2856,82
3,2.0,420044.81816,5853082.362040001,0.2554,82
3,2.5,420044.49886,5853082.745200001,0.2856,82
3,3.0,420044.17956,5853083.192220001,0.2856,82
3,3.5,420043.86026,5853083.575380001,0.2856,82
3,4.0,420043.60482,5853083.958540001,0.2554,82
3,4.5,420043.34938,5853084.405560001,0.1806,82
3,5.0,420043.03008,5853084.788720001,0.1806,82
3,5.5,420042.77464,5853085.23574,0.2554,82
3,6.0,420042.5192,5853085.618900001,0.2856,82
3,6.5,420042.1999,5853086.002060001,0.3612,82
3,7.0,420041.88060000003,5853086.3852200005,0.3612,82
3,7.5,420041.49744,5853086.768380001,0.2856,82
3,8.0,420041.242,5853087.151540001,0.2554,82
3,8.5,420040.9227,5853087.534700001,0.2856,82
3,9.0,420040.6034,5853087.9817200005,0.2856,82
3,9.5,420040.34796,5853088.364880001,0.2856,82
3,10.0,420040.09252,5853088.811900001,0.2554,82
3,10.5,420039.77322000003,5853089.195060001,0.2856,82
3,11.0,420039.45392,5853089.5782200005,0.2856,82
3,11.5,420039.19848,5853090.025240001,0.2856,82
3,12.0,420038.87918,5853090.408400001,0.2856,82
3,12.5,420038.62374,5853090.855420001,0.2856,82
3,13.0,420038.36830000003,5853091.238580001,0.2856,82
3,13.5,420038.049,5853091.621740001,0.2856,82
3,14.0,420037.7297,5853092.068760001,0.2856,82
3,14.5,420037.47426,5853092.451920001,0.3612,82
3,15.0,420037.21882,5853092.898940001,0.2856,82
3,15.5,420036.89952,5853093.2821,0.3612,82
3,16.0,420036.58022,5853093.665260001,0.2856,82
3,16.5,420036.32478,5853094.112280001,0.3612,82
3,17.0,420036.00548,5853094.495440001,0.3612,82
3,17.5,420035.68618,5853094.8786,0.3612,82
3,18.0,420035.36688,5853095.261760001,0.3612,82
3,18.5,420035.11144,5853095.708780001,0.3612,82
3,19.0,420034.856,5853096.091940001,0.3612,82
3,19.5,420034.5367,5853096.5389600005,0.2856,82
3,20.0,420034.28126,5853096.922120001,0.3612,82
3,20.5,420034.02582,5853097.369140001,0.4039,82
3,21.0,420033.70652,5853097.752300001,0.4039,82
3,21.5,420033.45108,5853098.199320001,0.4605,82
3,22.0,420033.19564,5853098.582480001,0.4605,82
3,22.5,420032.87634,5853098.965640001,0.5266,82
3,23.0,420032.55704,5853099.412660001,0.5419,82
3,23.5,420032.3016,5853099.795820001,0.5419,82
3,24.0,420032.04616,5853100.24284,0.5419,82
3,24.5,420031.72686,5853100.626000001,0.5712,82
4,0.0,420351.85704000003,5853253.3152600005,0.1277,739
4,0.5,420351.72932,5853253.76228,0.2554,739
4,1.0,420351.53774,5853254.273160001,0.3612,739
4,1.5,420351.2823,5853254.720180001,0.3612,739
4,2.0,420351.02686,5853255.103340001,0.2856,739
4,2.5,420350.83528,5853255.550360001,0.2856,739
4,3.0,420350.6437,5853256.061240001,0.2554,739
4,3.5,420350.51598,5853256.5082600005,0.2856,739
4,4.0,420350.38826,5853257.01914,0.2856,739
4,4.5,420350.26054,5853257.466160001,0.2554,739
4,5.0,420350.06896,5853257.913180001,0.2554,739
4,5.5,420349.94124,5853258.424060001,0.2554,739
4,6.0,420349.81352,5853258.934940001,0.3612,739
4,6.5,420349.62194,5853259.381960001,0.2856,739
4,7.0,420349.3665,5853259.828980001,0.2554,739
4,7.5,420349.23878,5853260.276000001,0.2856,739
4,8.0,420349.04720000003,5853260.7868800005,0.4039,739
4,8.5,420348.85562,5853261.233900001,0.3612,739
4,9.0,420348.66404,5853261.680920001,0.4039,739
4,9.5,420348.47246,5853262.127940001,0.3612,739
4,10.0,420348.34474000003,5853262.574960001,0.4039,739
4,10.5,420348.21702,5853263.085840001,0.4039,739
4,11.0,420348.02544,5853263.532860001,0.4039,739
4,11.5,420347.83386,5853264.043740001,0.3612,739
4,12.0,420347.70614,5853264.49076,0.3832,739
4,12.5,420347.51456,5853264.937780001,0.2856,739
4,13.0,420347.4507,5853265.448660001,0.4605,739
4,13.5,420347.32298,5853265.959540001,0.4605,739
4,14.0,420347.1314,5853266.406560001,0.3832,739
4,14.5,420346.93982,5853266.853580001,0.3612,739
4,15.0,420346.8121,5853267.364460001,0.2554,739
4,15.5,420346.62052,5853267.811480001,0.3612,739
4,16.0,420346.4928,5853268.322360001,0.4039,739
4,16.5,420346.30122,5853268.76938,0.4039,739
4,17.0,420346.17350000003,5853269.216400001,0.3612,739
4,17.5,420345.98192,5853269.663420001,0.4039,739
4,18.0,420345.79034,5853270.174300001,0.4039,739
4,18.5,420345.59876,5853270.621320001,0.3832,739
4,19.0,420345.40718,5853271.068340001,0.3612,739
4,19.5,420345.2156,5853271.579220001,0.4039,739
4,20.0,420345.02402,5853272.0262400005,0.4039,739
4,20.5,420344.8963,5853272.473260001,0.4039,739
4,21.0,420344.70472,5853272.920280001,0.4039,739
4,21.5,420344.51314,5853273.431160001,0.3832,739
4,22.0,420344.2577,5853273.878180001,0.4605,739
4,22.5,420344.06612000003,5853274.325200001,0.4605,739
4,23.0,420343.87454,5853274.772220001,0.4605,739
4,23.5,420343.6191,5853275.2192400005,0.3612,739
4,24.0,420343.49138,5853275.666260001,0.4605,739
5,0.0,420009.37586000003,5853214.74382,0.1806,24
5,0.5,420008.9927,5853215.063120001,0.1277,24
5,1.0,420008.54568,5853215.2547,0.2554,24
5,1.5,420008.09866,5853215.510140001,0.2554,24
5,2.0,420007.7155,5853215.8294400005,0.1806,24
5,2.5,420007.26848,5853216.084880001,0.2554,24
5,3.0,420006.88532,5853216.404180001,0.1806,24
5,3.5,420006.4383,5853216.659620001,0.1806,24
5,4.0,420006.05514,5853216.978920001,0.2856,24
5,4.5,420005.67198,5853217.298220001,0.3612,24
5,5.0,420005.28882,5853217.553660001,0.3612,24
5,5.5,420004.8418,5853217.809100001,0.3832,24
5,6.0,420004.45864,5853218.128400001,0.4039,24
5,6.5,420004.01162,5853218.383840001,0.4605,24
5,7.0,420003.62846,5853218.703140001,0.4039,24
5,7.5,420003.18144,5853218.958580001,0.3612,24
5,8.0,420002.79828,5853219.277880001,0.3612,24
5,8.5,420002.41512,5853219.53332,0.3612,24
5,9.0,420001.9681,5853219.852620001,0.3612,24
5,9.5,420001.58494000003,5853220.10806,0.3612,24
5,10.0,420001.20178,5853220.427360001,0.3612,24
5,10.5,420000.75476,5853220.746660001,0.3612,24
5,11.0,420000.3716,5853221.002100001,0.4039,24
5,11.5,419999.98844,5853221.321400001,0.3612,24
5,12.0,419999.54142,5853221.576840001,0.3612,24
5,12.5,419999.15826,5853221.896140001,0.4039,24
5,13.0,419998.7751,5853222.21544,0.3612,24
5,13.5,419998.39194,5853222.534740001,0.2856,24
5,14.0,419997.94492,5853222.7901800005,0.3612,24
5,14.5,419997.56176,5853223.045620001,0.2856,24
5,15.0,419997.11474,5853223.364920001,0.4039,24
5,15.5,419996.73158,5853223.620360001,0.3612,24
5,16.0,419996.34842,5853223.939660001,0.2856,24
5,16.5,419995.90140000003,5853224.258960001,0.2856,24
5,17.0,419995.51824,5853224.578260001,0.2554,24
5,17.5,419995.13508,5853224.833700001,0.2856,24
5,18.0,419994.68806,5853225.089140001,0.2856,24
5,18.5,419994.3049,5853225.40844,0.3612,24
5,19.0,419993.92174,5853225.727740001,0.2856,24
5,19.5,419993.47472,5853225.98318,0.4605,24
5,20.0,419993.09156000003,5853226.238620001,0.5266,24
5,20.5,419992.64454,5853226.5579200005,0.5419,24
5,21.0,419992.26138,5853226.877220001,0.5266,24
5,21.5,419991.87822,5853227.132660001,0.5419,24
5,22.0,419991.49506,5853227.451960001,0.5419,24
5,22.5,419991.04804,5853227.771260001,0.5419,24
5,23.0,419990.66488,5853228.026700001,0.5419,24
5,23.5,419990.21786000003,5853228.346000001,0.5712,24
6,0.0,420129.24108,5853092.2603400005,0.1806,542
6,0.5,420128.92178000003,5853092.643500001,0.1806,542
6,1.0,420128.60248,5853093.026660001,0.1277,542
6,1.5,420128.28318,5853093.409820001,0.1277,542
6,2.0,420127.90002,5853093.79298,0.1806,542
6,2.5,420127.58072,5853094.112280001,0.1806,542
6,3.0,420127.26142,5853094.495440001,0.1806,542
6,3.5,420126.94212,5853094.8786,0.1806,542
6,4.0,420126.62282,5853095.261760001,0.1277,542
6,4.5,420126.30352,5853095.644920001,0.1277,542
6,5.0,420125.92036,5853096.028080001,0.1806,542
6,5.5,420125.60106,5853096.411240001,0.1806,542
6,6.0,420125.28176,5853096.794400001,0.1806,542
6,6.5,420124.96246,5853097.177560001,0.1806,542
6,7.0,420124.64316,5853097.56072,0.1806,542
6,7.5,420124.32386,5853097.880020001,0.1806,542
6,8.0,420124.00456000003,5853098.263180001,0.1806,542
6,8.5,420123.68526,5853098.64634,0.1806,542
6,9.0,420123.36596,5853099.029500001,0.1806,542
6,9.5,420122.9828,5853099.412660001,0.1806,542
6,10.0,420122.6635,5853099.795820001,0.1806,542
6,10.5,420122.3442,5853100.178980001,0.2856,542
6,11.0,420122.0249,5853100.562140001,0.2856,542
6,11.5,420121.7056,5853100.945300001,0.2856,542
6,12.0,420121.3863,5853101.264600001,0.2856,542
6,12.5,420121.00314,5853101.647760001,0.1806,542
6,13.0,420120.68384,5853102.030920001,0.2856,542
6,13.5,420120.36454,5853102.4140800005,0.2856,542
6,14.0,420119.98138,5853102.797240001,0.2856,542
6,14.5,420119.66208,5853103.180400001,0.2856,542
6,15.0,420119.34278,5853103.4997000005,0.2856,542
6,15.5,420119.02348000003,5853103.882860001,0.2856,542
6,16.0,420118.64032,5853104.266020001,0.2856,542
6,16.5,420118.32102000003,5853104.649180001,0.2856,542
6,17.0,420118.00172,5853105.03234,0.2856,542
6,17.5,420117.68242,5853105.351640001,0.2856,542
6,18.0,420117.36312,5853105.734800001,0.2856,542
6,18.5,420117.04382,5853106.11796,0.2856,542
6,19.0,420116.66066,5853106.501120001,0.2856,542
6,19.5,420116.34136,5853106.884280001,0.2856,542
6,20.0,420116.02206,5853107.267440001,0.2856,542
6,20.5,420115.70276,5853107.650600001,0.2856,542
6,21.0,420115.38346,5853108.033760001,0.2856,542
6,21.5,420115.06416,5853108.353060001,0.3612,542
6,22.0,420114.681,5853108.736220001,0.2856,542
6,22.5,420114.3617,5853109.119380001,0.2856,542
6,23.0,420114.04240000003,5853109.502540001,0.3612,542
7,0.0,420059.56982000003,5853141.687980001,0.3832,1002
7,0.5,420059.50596,5853142.198860001,0.2856,1002
7,1.0,420059.37824,5853142.645880001,0.2856,1002
7,1.5,420059.18666,5853143.156760001,0.2554,1002
7,2.0,420059.05894,5853143.6037800005,0.2856,1002
7,2.5,420058.93122,5853144.11466,0.2554,1002
7,3.0,420058.73964,5853144.561680001,0.2554,1002
7,3.5,420058.54806,5853145.008700001,0.1806,1002
7,4.0,420058.42034,5853145.519580001,0.2554,1002
7,4.5,420058.22876,5853145.966600001,0.1806,1002
7,5.0,420058.10104,5853146.477480001,0.2554,1002
7,5.5,420057.97332,5853146.924500001,0.2554,1002
7,6.0,420057.8456,5853147.435380001,0.2554,1002
7,6.5,420057.65402,5853147.8824000005,0.3612,1002
7,7.0,420057.5263,5853148.329420001,0.3612,1002
7,7.5,420057.39858,5853148.840300001,0.2856,1002
7,8.0,420057.33472,5853149.351180001,0.2554,1002
7,8.5,420057.27086,5853149.862060001,0.2856,1002
7,9.0,420057.207,5853150.309080001,0.3612,1002
7,9.5,420057.07928,5853150.819960001,0.2856,1002
7,10.0,420056.95156,5853151.266980001,0.2856,1002
7,10.5,420056.75998000003,5853151.777860001,0.3612,1002
7,11.0,420056.63226,5853152.224880001,0.3832,1002
7,11.5,420056.44068,5853152.735760001,0.4605,1002
7,12.0,420056.2491,5853153.18278,0.3832,1002
7,12.5,420056.12138,5853153.629800001,0.4039,1002
7,13.0,420055.99366,5853154.140680001,0.4605,1002
7,13.5,420055.86594,5853154.587700001,0.4605,1002
7,14.0,420055.73822,5853155.098580001,0.5109,1002
7,14.5,420055.6105,5853155.609460001,0.5109,1002
7,15.0,420055.41892,5853156.056480001,0.4039,1002
7,15.5,420055.2912,5853156.503500001,0.4605,1002
7,16.0,420055.09962,5853157.0143800005,0.4039,1002
7,16.5,420054.9719,5853157.4614,0.4605,1002
7,17.0,420054.84418,5853157.972280001,0.5109,1002
7,17.5,420054.71646,5853158.419300001,0.5109,1002
7,18.0,420054.58874,5853158.930180001,0.3832,1002
7,18.5,420054.39716,5853159.377200001,0.3832,1002
7,19.0,420054.26944,5853159.888080001,0.4605,1002
7,19.5,420054.07786,5853160.335100001,0.4605,1002
7,20.0,420053.95014000003,5853160.845980001,0.5712,1002
7,20.5,420053.75856,5853161.2930000005,0.5266,1002
7,21.0,420053.56698,5853161.74002,0.4039,1002
7,21.5,420053.43926,5853162.250900001,0.4039,1002
7,22.0,420053.31154,5853162.697920001,0.4605,1002
8,0.0,420077.51448,5853106.884280001,0.4039,516
8,0.5,420077.3229,5853107.331300001,0.2554,516
8,1.0,420077.13132,5853107.842180001,0.2554,516
8,1.5,420076.93974,5853108.2892,0.1806,516
8,2.0,420076.74816,5853108.736220001,0.1806,516
8,2.5,420076.62044,5853109.247100001,0.2554,516
8,3.0,420076.42886,5853109.694120001,0.2856,516
8,3.5,420076.23728,5853110.141140001,0.2856,516
8,4.0,420076.0457,5853110.588160001,0.2554,516
8,4.5,420075.91798,5853111.099040001,0.2554,516
8,5.0,420075.7264,5853111.546060001,0.2856,516
8,5.5,420075.53482,5853111.99308,0.3612,516
8,6.0,420075.34324,5853112.440100001,0.2856,516
8,6.5,420075.15166000003,5853112.950980001,0.2554,516
8,7.0,420075.02394,5853113.398000001,0.2856,516
8,7.5,420074.89622,5853113.908880001,0.2856,516
8,8.0,420074.7685,5853114.355900001,0.2554,516
8,8.5,420074.64078,5853114.866780001,0.2856,516
8,9.0,420074.51306,5853115.313800001,0.2554,516
8,9.5,420074.38534,5853115.824680001,0.3612,516
8,10.0,420074.19376,5853116.2717,0.3612,516
8,10.5,420074.00218,5853116.782580001,0.3612,516
8,11.0,420073.8106,5853117.229600001,0.2856,516
8,11.5,420073.61902,5853117.676620001,0.2856,516
8,12.0,420073.42744,5853118.123640001,0.3612,516
8,12.5,420073.23586,5853118.634520001,0.4039,516
8,13.0,420072.98042,5853119.0176800005,0.2856,516
8,13.5,420072.78884,5853119.5285600005,0.4039,516
8,14.0,420072.59726,5853119.975580001,0.4039,516
8,14.5,420072.34182000003,5853120.422600001,0.4039,516
8,15.0,420072.15024,5853120.869620001,0.4605,516
8,15.5,420071.95866,5853121.316640001,0.4605,516
8,16.0,420071.70322,5853121.763660001,0.4605,516
8,16.5,420071.51164,5853122.2106800005,0.5266,516
8,17.0,420071.2562,5853122.657700001,0.5266,516
8,17.5,420071.06462,5853123.104720001,0.5712,516
8,18.0,420070.87304000003,5853123.551740001,0.5712,516
8,18.5,420070.68146,5853123.998760001,0.5266,516
8,19.0,420070.48988,5853124.445780001,0.5109,516
8,19.5,420070.2983,5853124.956660001,0.5266,516
8,20.0,420070.10672,5853125.40368,0.5109,516
8,20.5,420069.91514,5853125.850700001,0.4605,516
8,21.0,420069.72356,5853126.297720001,0.4039,516
8,21.5,420069.53198,5853126.744740001,0.2554,516
8,22.0,420069.3404,5853127.255620001,0.1277,516
9,0.0,420067.68004,5853108.480780001,0.1806,1006
9,0.5,420067.4246,5853108.927800001,0.1806,1006
9,1.0,420067.23302,5853109.3748200005,0.1806,1006
9,1.5,420066.97758,5853109.821840001,0.1806,1006
9,2.0,420066.84986,5853110.268860001,0.1806,1006
9,2.5,420066.72214,5853110.779740001,0.1806,1006
9,3.0,420066.59442,5853111.226760001,0.1806,1006
9,3.5,420066.4667,5853111.737640001,0.2554,1006
9,4.0,420066.33898,5853112.184660001,0.2554,1006
9,4.5,420066.21126,5853112.695540001,0.2554,1006
9,5.0,420066.01968,5853113.1425600005,0.2554,1006
9,5.5,420065.89196,5853113.6534400005,0.2554,1006
9,6.0,420065.76424,5853114.100460001,0.2554,1006
9,6.5,420065.63652,5853114.611340001,0.1277,1006
9,7.0,420065.57266,5853115.122220001,0.2554,1006
9,7.5,420065.44494,5853115.569240001,0.2554,1006
9,8.0,420065.25336000003,5853116.016260001,0.2554,1006
9,8.5,420065.12564,5853116.527140001,0.2856,1006
9,9.0,420064.99792,5853116.974160001,0.2554,1006
9,9.5,420064.99792,5853117.485040001,0.2554,1006
9,10.0,420064.80634,5853117.995920001,0.2856,1006
9,10.5,420064.61476,5853118.44294,0.2856,1006
9,11.0,420064.42318,5853118.889960001,0.1806,1006
9,11.5,420064.2316,5853119.336980001,0.2554,1006
9,12.0,420064.10388,5853119.847860001,0.2856,1006
9,12.5,420063.97616,5853120.294880001,0.2856,1006
9,13.0,420063.84844000003,5853120.805760001,0.3612,1006
9,13.5,420063.78458,5853121.252780001,0.3832,1006
9,14.0,420063.65686,5853121.763660001,0.3832,1006
9,14.5,420063.52914,5853122.274540001,0.3832,1006
9,15.0,420063.46528,5853122.72156,0.3832,1006
9,15.5,420063.33756,5853123.23244,0.3612,1006
9,16.0,420063.14598000003,5853123.679460001,0.2856,1006
9,16.5,420063.01826,5853124.190340001,0.3612,1006
9,17.0,420062.82668,5853124.637360001,0.3612,1006
9,17.5,420062.69896,5853125.084380001,0.3832,1006
9,18.0,420062.57124,5853125.595260001,0.3832,1006
9,18.5,420062.50738,5853126.106140001,0.4039,1006
9,19.0,420062.37966000004,5853126.553160001,0.4605,1006
9,19.5,420062.25194,5853127.064040001,0.3832,1006
9,20.0,420062.18808,5853127.5749200005,0.4039,1006
9,20.5,420062.06036,5853128.021940001,0.4039,1006
9,21.0,420061.86878,5853128.468960001,0.3612,1006
9,21.5,420061.67720000003,5853128.979840001,0.4039,1006
10,0.0,420051.65118,5853072.910760001,0.2856,328
10,0.5,420051.26802,5853073.230060001,0.1806,328
10,1.0,420050.94872,5853073.613220001,0.2856,328
10,1.5,420050.62942,5853073.99638,0.2856,328
10,2.0,420050.37398000003,5853074.379540001,0.2856,328
10,2.5,420049.99082,5853074.762700001,0.1806,328
10,3.0,420049.67152000003,5853075.1458600005,0.1806,328
10,3.5,420049.28836,5853075.529020001,0.2554,328
10,4.0,420048.96906000003,5853075.848320001,0.2856,328
10,4.5,420048.64976,5853076.231480001,0.2856,328
10,5.0,420048.33046,5853076.6785,0.2856,328
10,5.5,420048.07502,5853077.061660001,0.2554,328
10,6.0,420047.75572,5853077.444820001,0.2554,328
10,6.5,420047.37256,5853077.8279800005,0.3612,328
10,7.0,420047.05326,5853078.147280001,0.2856,328
10,7.5,420046.73396,5853078.530440001,0.3612,328
10,8.0,420046.41466,5853078.913600001,0.3612,328
10,8.5,420046.0315,5853079.232900001,0.2856,328
10,9.0,420045.64834,5853079.616060001,0.2856,328
10,9.5,420045.32904,5853079.999220001,0.2856,328
10,10.0,420045.00974,5853080.382380001,0.2856,328
10,10.5,420044.69044000003,5853080.765540001,0.3612,328
10,11.0,420044.37114,5853081.148700001,0.3612,328
10,11.5,420044.1157,5853081.53186,0.2856,328
10,12.0,420043.73254,5853081.915020001,0.3612,328
10,12.5,420043.41324,5853082.298180001,0.2856,328
10,13.0,420043.09394,5853082.6174800005,0.3612,328
10,13.5,420042.77464,5853083.000640001,0.3612,328
10,14.0,420042.45534,5853083.383800001,0.2856,328
10,14.5,420042.07218,5853083.766960001,0.2856,328
10,15.0,420041.75288,5853084.150120001,0.2856,328
10,15.5,420041.43358,5853084.533280001,0.3612,328
10,16.0,420041.11428,5853084.916440001,0.3612,328
10,16.5,420040.79498,5853085.2996000005,0.3612,328
10,17.0,420040.47568000003,5853085.682760001,0.3612,328
10,17.5,420040.15638,5853086.065920001,0.3612,328
10,18.0,420039.83708,5853086.449080001,0.3612,328
10,18.5,420039.51778,5853086.83224,0.3612,328
10,19.0,420039.19848,5853087.215400001,0.3612,328
10,19.5,420038.87918,5853087.598560001,0.3612,328
10,20.0,420038.49602,5853087.9817200005,0.4605,328
10,20.5,420038.17672,5853088.301020001,0.3612,328
10,21.0,420037.85742,5853088.684180001,0.3612,328
11,0.0,420010.20604,5853029.358240001,0.3612,378
11,0.5,420010.07832000003,5853029.869120001,0.2856,378
11,1.0,420009.9506,5853030.316140001,0.2554,378
11,1.5,420009.88674,5853030.827020001,0.2856,378
11,2.0,420009.69516,5853031.2740400005,0.2554,378
11,2.5,420009.56744,5853031.7849200005,0.2856,378
11,3.0,420009.43972,5853032.231940001,0.2856,378
11,3.5,420009.31200000003,5853032.742820001,0.3612,378
11,4.0,420009.18428,5853033.189840001,0.2856,378
11,4.5,420009.05656,5853033.700720001,0.3612,378
11,5.0,420008.92884,5853034.211600001,0.3612,378
11,5.5,420008.73726,5853034.658620001,0.3612,378
11,6.0,420008.60954000003,5853035.169500001,0.4039,378
11,6.5,420008.48182,5853035.616520001,0.4605,378
11,7.0,420008.3541,5853036.127400001,0.4039,378
11,7.5,420008.22638,5853036.57442,0.4605,378
11,8.0,420008.09866,5853037.0853,0.4039,378
11,8.5,420007.97094,5853037.532320001,0.4605,378
11,9.0,420007.84322,5853038.043200001,0.4039,378
11,9.5,420007.7155,5853038.490220001,0.3832,378
11,10.0,420007.65164,5853039.001100001,0.3832,378
11,10.5,420007.52392,5853039.511980001,0.2856,378
11,11.0,420007.3962,5853039.959000001,0.2554,378
11,11.5,420007.20462000003,5853040.469880001,0.3612,378
11,12.0,420007.01304,5853040.916900001,0.3612,378
11,12.5,420006.88532,5853041.36392,0.3612,378
11,13.0,420006.7576,5853041.874800001,0.3832,378
11,13.5,420006.62988,5853042.321820001,0.3832,378
11,14.0,420006.4383,5853042.832700001,0.3832,378
11,14.5,420006.31058,5853043.279720001,0.3832,378
11,15.0,420006.18286,5853043.790600001,0.4039,378
11,15.5,420005.99128,5853044.237620001,0.3612,378
11,16.0,420005.86356,5853044.748500001,0.4039,378
11,16.5,420005.73584,5853045.1955200005,0.4039,378
11,17.0,420005.60812,5853045.7064000005,0.4039,378
11,17.5,420005.41654,5853046.153420001,0.3832,378
11,18.0,420005.28882,5853046.664300001,0.4605,378
11,18.5,420005.1611,5853047.111320001,0.5109,378
11,19.0,420005.03338,5853047.622200001,0.4605,378
11,19.5,420004.8418,5853048.069220001,0.4605,378
11,20.0,420004.71408,5853048.580100001,0.5109,378
11,20.5,420004.58636,5853049.027120001,0.5109,378
11,21.0,420004.39478000003,5853049.4741400005,0.5266,378
12,0.0,420000.11616000003,5853204.59008,0.3612,23
12,0.5,419999.79686,5853204.973240001,0.4039,23
12,1.0,419999.47756,5853205.356400001,0.4605,23
12,1.5,419999.15826,5853205.739560001,0.4605,23
12,2.0,419998.83896,5853206.122720001,0.4605,23
12,2.5,419998.51966,5853206.505880001,0.4605,23
12,3.0,419998.20036,5853206.889040001,0.4605,23
12,3.5,419997.88106,5853207.2722000005,0.4605,23
12,4.0,419997.56176,5853207.655360001,0.4605,23
12,4.5,419997.24246,5853208.038520001,0.4605,23
12,5.0,419996.92316,5853208.421680001,0.4605,23
12,5.5,419996.60386000003,5853208.804840001,0.4605,23
12,6.0,419996.28456,5853209.188000001,0.4605,23
12,6.5,419995.90140000003,5853209.571160001,0.4605,23
12,7.0,419995.5821,5853209.89046,0.3612,23
12,7.5,419995.2628,5853210.273620001,0.3612,23
12,8.0,419994.9435,5853210.656780001,0.3612,23
12,8.5,419994.6242,5853211.103800001,0.2856,23
12,9.0,419994.3049,5853211.486960001,0.2856,23
12,9.5,419993.9856,5853211.870120001,0.2856,23
12,10.0,419993.6663,5853212.253280001,0.2856,23
12,10.5,419993.347,5853212.6364400005,0.2856,23
12,11.0,419993.09156000003,5853213.019600001,0.2856,23
12,11.5,419992.77226,5853213.402760001,0.3612,23
12,12.0,419992.45296,5853213.785920001,0.3612,23
12,12.5,419992.19752,5853214.2329400005,0.4039,23
12,13.0,419991.81436,5853214.616100001,0.3612,23
12,13.5,419991.49506,5853214.935400001,0.3612,23
12,14.0,419991.1119,5853215.3185600005,0.3612,23
12,14.5,419990.7926,5853215.637860001,0.2856,23
12,15.0,419990.4733,5853216.084880001,0.3612,23
12,15.5,419990.21786000003,5853216.468040001,0.2856,23
12,16.0,419989.8347,5853216.8512,0.3612,23
12,16.5,419989.51540000003,5853217.170500001,0.3612,23
12,17.0,419989.13224,5853217.489800001,0.3612,23
12,17.5,419988.74908,5853217.872960001,0.3612,23
12,18.0,419988.42978,5853218.256120001,0.3612,23
12,18.5,419988.11048000003,5853218.639280001,0.2856,23
12,19.0,419987.79118,5853219.02244,0.2856,23
12,19.5,419987.47188,5853219.405600001,0.3612,23
12,20.0,419987.15258,5853219.788760001,0.3612,23
12,20.5,419986.83328,5853220.171920001,0.3612,23
12,21.0,419986.51398,5853220.555080001,0.4039,23
13,0.0,420116.2775,5853088.045580001,0.2554,48
13,0.5,420116.02206,5853088.4926,0.2856,48
13,1.0,420115.76662,5853088.875760001,0.2856,48
13,1.5,420115.44732,5853089.322780001,0.2856,48
13,2.0,420115.19188,5853089.705940001,0.2856,48
13,2.5,420114.87258,5853090.0891,0.2554,48
13,3.0,420114.61714,5853090.536120001,0.2856,48
13,3.5,420114.29784,5853090.919280001,0.3612,48
13,4.0,420113.97854,5853091.302440001,0.2856,48
13,4.5,420113.7231,5853091.749460001,0.3612,48
13,5.0,420113.46766,5853092.132620001,0.3612,48
13,5.5,420113.14836,5853092.579640001,0.3612,48
13,6.0,420112.89292,5853092.962800001,0.4039,48
13,6.5,420112.63748000003,5853093.409820001,0.4605,48
13,7.0,420112.31818,5853093.79298,0.4039,48
13,7.5,420112.06274,5853094.240000001,0.4605,48
13,8.0,420111.74344,5853094.623160001,0.4605,48
13,8.5,420111.42414,5853095.006320001,0.3612,48
13,9.0,420111.10484,5853095.38948,0.2856,48
13,9.5,420110.8494,5853095.836500001,0.3612,48
13,10.0,420110.59396,5853096.219660001,0.4605,48
13,10.5,420110.27466,5853096.602820001,0.4605,48
13,11.0,420109.95536,5853096.985980001,0.4605,48
13,11.5,420109.63606,5853097.369140001,0.4605,48
13,12.0,420109.31676,5853097.752300001,0.4605,48
13,12.5,420108.99746,5853098.199320001,0.4039,48
13,13.0,420108.74202,5853098.64634,0.4605,48
13,13.5,420108.48658,5853099.029500001,0.4039,48
13,14.0,420108.23114,5853099.476520001,0.4605,48
13,14.5,420107.9757,5853099.923540001,0.4039,48
13,15.0,420107.72026000003,5853100.306700001,0.4605,48
13,15.5,420107.40096,5853100.75372,0.4605,48
13,16.0,420107.14552,5853101.136880001,0.4605,48
13,16.5,420106.82622,5853101.520040001,0.3612,48
13,17.0,420106.57078,5853101.967060001,0.4039,48
13,17.5,420106.25148,5853102.35022,0.4039,48
13,18.0,420105.99604,5853102.797240001,0.3612,48
13,18.5,420105.67674,5853103.180400001,0.4039,48
13,19.0,420105.4213,5853103.563560001,0.4039,48
13,19.5,420105.102,5853104.0105800005,0.4039,48
13,20.0,420104.7827,5853104.393740001,0.4605,48
13,20.5,420104.4634,5853104.776900001,0.4039,48
14,0.0,420120.30068,5853044.365340001,0.2554,234
14,0.5,420120.17296,5853044.876220001,0.2554,234
14,1.0,420120.1091,5853045.323240001,0.2554,234
14,1.5,420119.91752,5853045.834120001,0.1277,234
14,2.0,420119.7898,5853046.281140001,0.2554,234
14,2.5,420119.66208,5853046.7920200005,0.1806,234
14,3.0,420119.59822,5853047.23904,0.2554,234
14,3.5,420119.4705,5853047.749920001,0.2554,234
14,4.0,420119.40664,5853048.260800001,0.2554,234
14,4.5,420119.27892,5853048.771680001,0.2554,234
14,5.0,420119.21506,5853049.218700001,0.2554,234
14,5.5,420119.08734,5853049.729580001,0.2554,234
14,6.0,420119.02348000003,5853050.240460001,0.2554,234
14,6.5,420118.89576,5853050.687480001,0.2554,234
14,7.0,420118.89576,5853051.198360001,0.2554,234
14,7.5,420118.8319,5853051.709240001,0.2554,234
14,8.0,420118.76804,5853052.156260001,0.2554,234
14,8.5,420118.64032,5853052.6671400005,0.2554,234
14,9.0,420118.5126,5853053.17802,0.2554,234
14,9.5,420118.44874,5853053.625040001,0.2554,234
14,10.0,420118.32102000003,5853054.135920001,0.2554,234
14,10.5,420118.25716,5853054.646800001,0.2856,234
14,11.0,420118.12944,5853055.093820001,0.2554,234
14,11.5,420118.06558,5853055.604700001,0.2856,234
14,12.0,420118.00172,5853056.115580001,0.3832,234
14,12.5,420117.93786,5853056.626460001,0.2856,234
14,13.0,420117.81014,5853057.073480001,0.3832,234
14,13.5,420117.68242,5853057.584360001,0.3612,234
14,14.0,420117.61856000003,5853058.0313800005,0.3612,234
14,14.5,420117.49084,5853058.5422600005,0.2554,234
14,15.0,420117.42698,5853059.05314,0.2554,234
14,15.5,420117.29926,5853059.500160001,0.2554,234
14,16.0,420117.17154,5853060.011040001,0.2554,234
14,16.5,420117.10768,5853060.521920001,0.2856,234
14,17.0,420116.97996,5853060.968940001,0.2554,234
14,17.5,420116.91610000003,5853061.479820001,0.3612,234
14,18.0,420116.78838,5853061.990700001,0.2856,234
14,18.5,420116.72452,5853062.437720001,0.3832,234
14,19.0,420116.5968,5853062.948600001,0.3832,234
14,19.5,420116.46908,5853063.459480001,0.3832,234
14,20.0,420116.40522,5853063.9065000005,0.4605,234
15,0.0,420363.86272000003,5853200.758480001,0.2554,777
15,0.5,420363.735,5853201.269360001,0.2554,777
15,1.0,420363.67114,5853201.716380001,0.2554,777
15,1.5,420363.60728,5853202.227260001,0.3612,777
15,2.0,420363.60728,5853202.738140001,0.2856,777
15,2.5,420363.54342,5853203.249020001,0.2856,777
15,3.0,420363.4157,5853203.696040001,0.3832,777
15,3.5,420363.35184,5853204.206920001,0.3832,777
15,4.0,420363.22412,5853204.717800001,0.4039,777
15,4.5,420363.0964,5853205.1648200005,0.3832,777
15,5.0,420363.03254,5853205.6757000005,0.5266,777
15,5.5,420362.90482,5853206.18658,0.5109,777
15,6.0,420362.84096,5853206.633600001,0.5109,777
15,6.5,420362.7771,5853207.144480001,0.5266,777
15,7.0,420362.71324,5853207.655360001,0.5712,777
15,7.5,420362.64938,5853208.166240001,0.6386,777
15,8.0,420362.58552,5853208.613260001,0.6386,777
15,8.5,420362.52166,5853209.124140001,0.5712,777
15,9.0,420362.39394,5853209.635020001,0.5109,777
15,9.5,420362.33008,5853210.145900001,0.5712,777
15,10.0,420362.26622,5853210.592920001,0.5266,777
15,10.5,420362.1385,5853211.103800001,0.5109,777
15,11.0,420362.07464,5853211.614680001,0.5109,777
15,11.5,420362.01078,5853212.0617,0.5266,777
15,12.0,420361.94692,5853212.57258,0.5109,777
15,12.5,420361.8192,5853213.083460001,0.5109,777
15,13.0,420361.62762,5853213.530480001,0.5109,777
15,13.5,420361.4999,5853214.041360001,0.5109,777
15,14.0,420361.37218,5853214.488380001,0.5109,777
15,14.5,420361.24446,5853214.999260001,0.5109,777
15,15.0,420361.1806,5853215.446280001,0.5266,777
15,15.5,420361.05288000003,5853215.957160001,0.5712,777
15,16.0,420360.92516,5853216.468040001,0.5109,777
15,16.5,420360.92516,5853216.9150600005,0.6386,777
15,17.0,420360.8613,5853217.42594,0.6386,777
15,17.5,420360.79744,5853217.93682,0.6512,777
15,18.0,420360.66972,5853218.4477,0.6386,777
15,18.5,420360.542,5853218.894720001,0.6386,777
15,19.0,420360.41428,5853219.405600001,0.6386,777
15,19.5,420360.2227,5853219.852620001,0.6512,777
16,0.0,420079.8773,5853045.259380001,0.3612,334
16,0.5,420079.49414,5853045.64254,0.2856,334
16,1.0,420079.17484,5853045.961840001,0.2856,334
16,1.5,420078.85554,5853046.345000001,0.2856,334
16,2.0,420078.53624,5853046.72816,0.1806,334
16,2.5,420078.15308,5853047.111320001,0.2856,334
16,3.0,420077.83378,5853047.430620001,0.2856,334
16,3.5,420077.45062,5853047.749920001,0.2856,334
16,4.0,420077.06746,5853048.069220001,0.2856,334
16,4.5,420076.6843,5853048.3885200005,0.2856,334
16,5.0,420076.30114,5853048.707820001,0.2856,334
16,5.5,420075.91798,5853049.090980001,0.2856,334
16,6.0,420075.59868,5853049.41028,0.2856,334
16,6.5,420075.21552,5853049.793440001,0.2856,334
16,7.0,420074.89622,5853050.112740001,0.2856,334
16,7.5,420074.51306,5853050.4959,0.2856,334
16,8.0,420074.1299,5853050.815200001,0.2856,334
16,8.5,420073.74674000003,5853051.134500001,0.2856,334
16,9.0,420073.36358,5853051.453800001,0.2856,334
16,9.5,420072.98042,5853051.709240001,0.2856,334
16,10.0,420072.59726,5853052.0924,0.3612,334
16,10.5,420072.27796,5853052.411700001,0.2856,334
16,11.0,420071.8948,5853052.794860001,0.2856,334
16,11.5,420071.51164,5853053.114160001,0.2856,334
16,12.0,420071.12848,5853053.497320001,0.2856,334
16,12.5,420070.80918,5853053.816620001,0.2856,334
16,13.0,420070.42602,5853054.19978,0.2856,334
16,13.5,420070.10672,5853054.519080001,0.2856,334
16,14.0,420069.72356,5853054.838380001,0.2856,334
16,14.5,420069.3404,5853055.221540001,0.2856,334
16,15.0,420068.95724,5853055.540840001,0.3612,334
16,15.5,420068.57408,5853055.8601400005,0.3612,334
16,16.0,420068.19092,5853056.115580001,0.3612,334
16,16.5,420067.7439,5853056.37102,0.3612,334
16,17.0,420067.36074000003,5853056.626460001,0.4039,334
16,17.5,420066.97758,5853057.009620001,0.3612,334
16,18.0,420066.59442,5853057.328920001,0.3612,334
16,18.5,420066.21126,5853057.648220001,0.3612,334
16,19.0,420065.8281,5853058.0313800005,0.3612,334
16,19.5,420065.5088,5853058.350680001,0.3612,334
17,0.0,420034.98372,5853156.567360001,0.2554,74
17,0.5,420034.79214000003,5853157.0143800005,0.2554,74
17,1.0,420034.60056,5853157.4614,0.2554,74
17,1.5,420034.47284,5853157.972280001,0.2856,74
17,2.0,420034.34512,5853158.483160001,0.2856,74
17,2.5,420034.2174,5853158.930180001,0.3612,74
17,3.0,420034.15354,5853159.441060001,0.3832,74
17,3.5,420034.02582,5853159.888080001,0.4039,74
17,4.0,420033.8981,5853160.398960001,0.3612,74
17,4.5,420033.77038,5853160.909840001,0.3832,74
17,5.0,420033.70652,5853161.356860001,0.3832,74
17,5.5,420033.51494,5853161.867740001,0.3612,74
17,6.0,420033.38722000003,5853162.31476,0.4039,74
17,6.5,420033.19564,5853162.82564,0.4605,74
17,7.0,420033.06792,5853163.272660001,0.5109,74
17,7.5,420032.9402,5853163.783540001,0.4605,74
17,8.0,420032.74862,5853164.230560001,0.5109,74
17,8.5,420032.55704,5853164.677580001,0.4039,74
17,9.0,420032.42932,5853165.124600001,0.4039,74
17,9.5,420032.23774,5853165.635480001,0.3832,74
17,10.0,420032.11002,5853166.146360001,0.4039,74
17,10.5,420031.98230000003,5853166.59338,0.4605,74
17,11.0,420031.79072,5853167.040400001,0.3832,74
17,11.5,420031.663,5853167.551280001,0.4605,74
17,12.0,420031.53528,5853167.998300001,0.5109,74
17,12.5,420031.3437,5853168.509180001,0.4605,74
17,13.0,420031.21598,5853168.956200001,0.4605,74
17,13.5,420031.0244,5853169.467080001,0.4039,74
17,14.0,420030.89668,5853169.914100001,0.4605,74
17,14.5,420030.76896,5853170.424980001,0.4605,74
17,15.0,420030.64124,5853170.872,0.4605,74
17,15.5,420030.51352,5853171.38288,0.5109,74
17,16.0,420030.3858,5853171.829900001,0.5109,74
17,16.5,420030.19422,5853172.340780001,0.3832,74
17,17.0,420030.0665,5853172.787800001,0.3832,74
17,17.5,420029.93878,5853173.298680001,0.4039,74
17,18.0,420029.87492000003,5853173.745700001,0.5109,74
17,18.5,420029.7472,5853174.256580001,0.5109,74
17,19.0,420029.61948,5853174.767460001,0.5109,74
17,19.5,420029.49176,5853175.214480001,0.5109,74
18,0.0,420012.63272,5853084.2139800005,0.3612,101
18,0.5,420012.31342,5853084.597140001,0.1806,101
18,1.0,420011.99412,5853084.980300001,0.1806,101
18,1.5,420011.61096,5853085.363460001,0.2856,101
18,2.0,420011.29166,5853085.746620001,0.2856,101
18,2.5,420010.97236,5853086.065920001,0.2856,101
18,3.0,420010.65306,5853086.449080001,0.2856,101
18,3.5,420010.2699,5853086.83224,0.2856,101
18,4.0,420009.9506,5853087.215400001,0.2856,101
18,4.5,420009.6313,5853087.534700001,0.2856,101
18,5.0,420009.24814,5853087.854000001,0.2554,101
18,5.5,420008.86498,5853088.173300001,0.2856,101
18,6.0,420008.48182,5853088.4926,0.3612,101
18,6.5,420008.09866,5853088.811900001,0.3612,101
18,7.0,420007.7155,5853089.195060001,0.3612,101
18,7.5,420007.3962,5853089.51436,0.3612,101
18,8.0,420007.01304,5853089.897520001,0.3612,101
18,8.5,420006.69374,5853090.216820001,0.3612,101
18,9.0,420006.37444,5853090.59998,0.3612,101
18,9.5,420005.99128,5853090.983140001,0.3612,101
18,10.0,420005.67198,5853091.302440001,0.3612,101
18,10.5,420005.35268,5853091.6856,0.3612,101
18,11.0,420004.96952,5853092.068760001,0.3612,101
18,11.5,420004.65022,5853092.388060001,0.3612,101
18,12.0,420004.26706,5853092.77122,0.3612,101
18,12.5,420003.8839,5853093.154380001,0.3612,101
18,13.0,420003.5646,5853093.473680001,0.3612,101
18,13.5,420003.18144,5853093.8568400005,0.2856,101
18,14.0,420002.86214,5853094.176140001,0.2856,101
18,14.5,420002.47898,5853094.559300001,0.2856,101
18,15.0,420002.15968,5853094.8786,0.2856,101
18,15.5,420001.77652,5853095.261760001,0.2856,101
18,16.0,420001.45722,5853095.581060001,0.2856,101
18,16.5,420001.13792,5853095.96422,0.2856,101
18,17.0,420000.75476,5853096.347380001,0.3612,101
18,17.5,420000.43546,5853096.666680001,0.3612,101
18,18.0,420000.0523,5853097.04984,0.3612,101
18,18.5,419999.733,5853097.369140001,0.3612,101
18,19.0,419999.34984,5853097.752300001,0.3612,101
18,19.5,419998.96668,5853098.1354600005,0.3832,101
19,0.0,420050.31012,5853045.578680001,0.2554,349
19,0.5,420050.05468,5853046.025700001,0.2554,349
19,1.0,420049.79924,5853046.472720001,0.2554,349
19,1.5,420049.60766,5853046.919740001,0.1806,349
19,2.0,420049.35222,5853047.3029000005,0.2554,349
19,2.5,420049.16064,5853047.749920001,0.2554,349
19,3.0,420048.9052,5853048.196940001,0.1806,349
19,3.5,420048.71362,5853048.643960001,0.2554,349
19,4.0,420048.45818,5853049.090980001,0.1806,349
19,4.5,420048.26660000003,5853049.538000001,0.1806,349
19,5.0,420048.01116,5853049.9850200005,0.2554,349
19,5.5,420047.75572,5853050.432040001,0.1806,349
19,6.0,420047.56414000003,5853050.879060001,0.1806,349
19,6.5,420047.3087,5853051.326080001,0.2554,349
19,7.0,420047.05326,5853051.773100001,0.2554,349
19,7.5,420046.79782,5853052.220120001,0.2554,349
19,8.0,420046.60624,5853052.6671400005,0.2554,349
19,8.5,420046.3508,5853053.050300001,0.2856,349
19,9.0,420046.09536,5853053.497320001,0.2554,349
19,9.5,420045.77606,5853053.944340001,0.2856,349
19,10.0,420045.58448,5853054.327500001,0.2856,349
19,10.5,420045.32904,5853054.77452,0.2554,349
19,11.0,420045.00974,5853055.221540001,0.2856,349
19,11.5,420044.75430000003,5853055.668560001,0.2856,349
19,12.0,420044.49886,5853056.051720001,0.2856,349
19,12.5,420044.17956,5853056.434880001,0.2856,349
19,13.0,420043.92412,5853056.8819,0.2554,349
19,13.5,420043.60482,5853057.265060001,0.2856,349
19,14.0,420043.34938,5853057.712080001,0.3612,349
19,14.5,420043.09394,5853058.095240001,0.3612,349
19,15.0,420042.8385,5853058.5422600005,0.3612,349
19,15.5,420042.64692,5853058.989280001,0.2856,349
19,16.0,420042.32762,5853059.436300001,0.3612,349
19,16.5,420042.07218,5853059.819460001,0.2856,349
19,17.0,420041.75288,5853060.202620001,0.2856,349
19,17.5,420041.49744,5853060.64964,0.3612,349
19,18.0,420041.242,5853061.032800001,0.4039,349
19,18.5,420040.98656,5853061.479820001,0.3612,349
19,19.0,420040.66726,5853061.926840001,0.2856,349
20,0.0,420111.29642,5853072.016720001,0.1806,228
20,0.5,420110.8494,5853072.272160001,0.1806,228
20,1.0,420110.40238,5853072.527600001,0.2554,228
20,1.5,420110.01922,5853072.783040001,0.2554,228
20,2.0,420109.5722,5853073.038480001,0.1806,228
20,2.5,420109.12518000003,5853073.230060001,0.2554,228
20,3.0,420108.6143,5853073.421640001,0.2856,228
20,3.5,420108.23114,5853073.677080001,0.2554,228
20,4.0,420107.78412,5853073.932520001,0.2554,228
20,4.5,420107.3371,5853074.187960001,0.2856,228
20,5.0,420106.95394,5853074.443400001,0.2856,228
20,5.5,420106.50692,5853074.698840001,0.2856,228
20,6.0,420106.0599,5853074.954280001,0.2856,228
20,6.5,420105.61288000003,5853075.209720001,0.2554,228
20,7.0,420105.22972,5853075.465160001,0.1806,228
20,7.5,420104.7827,5853075.720600001,0.1277,228
20,8.0,420104.33568,5853075.912180001,0.1806,228
20,8.5,420103.88866,5853076.16762,0.1806,228
20,9.0,420103.44164000003,5853076.423060001,0.2554,228
20,9.5,420103.05848,5853076.6785,0.2554,228
20,10.0,420102.61146,5853076.997800001,0.1806,228
20,10.5,420102.2283,5853077.25324,0.2554,228
20,11.0,420101.78128,5853077.508680001,0.2856,228
20,11.5,420101.33426000003,5853077.76412,0.2554,228
20,12.0,420100.9511,5853078.019560001,0.2554,228
20,12.5,420100.50408,5853078.275,0.1806,228
20,13.0,420100.05706,5853078.530440001,0.2554,228
20,13.5,420099.61004,5853078.785880001,0.2856,228
20,14.0,420099.22688000003,5853079.041320001,0.2856,228
20,14.5,420098.77986,5853079.296760001,0.2856,228
20,15.0,420098.33284,5853079.552200001,0.2856,228
20,15.5,420097.88582,5853079.807640001,0.2856,228
20,16.0,420097.50266,5853080.063080001,0.2856,228
20,16.5,420097.05564000004,5853080.318520001,0.2856,228
20,17.0,420096.60862,5853080.573960001,0.2856,228
20,17.5,420096.1616,5853080.765540001,0.2554,228
20,18.0,420095.71458,5853081.0209800005,0.1806,228
20,18.5,420095.33142,5853081.340280001,0.1806,228
20,19.0,420094.94826000003,5853081.595720001,0.2856,228
21,0.0,419940.47092,5853064.289660001,0.2856,149
21,0.5,419940.02390000003,5853064.481240001,0.3612,149
21,1.0,419939.57688,5853064.736680001,0.2856,149
21,1.5,419939.19372,5853064.9921200005,0.2856,149
21,2.0,419938.7467,5853065.247560001,0.2856,149
21,2.5,419938.29968,5853065.43914,0.3832,149
21,3.0,419937.7888,5853065.5030000005,0.2856,149
21,3.5,419937.27792,5853065.566860001,0.3832,149
21,4.0,419936.76704,5853065.630720001,0.3832,149
21,4.5,419936.32002,5853065.694580001,0.2554,149
21,5.0,419935.80914,5853065.886160001,0.2554,149
21,5.5,419935.36212,5853066.077740001,0.2554,149
21,6.0,419934.9151,5853066.269320001,0.2554,149
21,6.5,419934.46808,5853066.460900001,0.2554,149
21,7.0,419933.9572,5853066.652480001,0.2554,149
21,7.5,419933.51018,5853066.780200001,0.2554,149
21,8.0,419933.06316,5853066.971780001,0.2856,149
21,8.5,419932.61614,5853067.227220001,0.3612,149
21,9.0,419932.16912000004,5853067.482660001,0.3612,149
21,9.5,419931.7221,5853067.674240001,0.3612,149
21,10.0,419931.27508,5853067.865820001,0.3832,149
21,10.5,419930.82806,5853068.057400001,0.4039,149
21,11.0,419930.38104,5853068.248980001,0.4039,149
21,11.5,419929.93402,5853068.504420001,0.4039,149
21,12.0,419929.487,5853068.696,0.4039,149
21,12.5,419928.97612,5853068.887580001,0.4039,149
21,13.0,419928.59296,5853069.143020001,0.4039,149
21,13.5,419928.14594,5853069.334600001,0.4039,149
21,14.0,419927.63506,5853069.526180001,0.4039,149
21,14.5,419927.18804,5853069.7816200005,0.4605,149
21,15.0,419926.74102,5853069.973200001,0.4605,149
21,15.5,419926.294,5853070.164780001,0.5109,149
21,16.0,419925.84698000003,5853070.356360001,0.4039,149
21,16.5,419925.39996,5853070.611800001,0.2856,149
21,17.0,419924.95294,5853070.80338,0.3612,149
21,17.5,419924.50592,5853071.058820001,0.3612,149
21,18.0,419924.0589,5853071.250400001,0.4039,149
21,18.5,419923.61188,5853071.505840001,0.4039,149
22,0.0,420179.17960000003,5853175.853080001,0.2554,434
22,0.5,420179.11574,5853176.363960001,0.2554,434
22,1.0,420179.05188,5853176.874840001,0.2554,434
22,1.5,420178.98802,5853177.3218600005,0.2554,434
22,2.0,420178.92416,5853177.83274,0.2554,434
22,2.5,420178.92416,5853178.34362,0.2554,434
22,3.0,420178.8603,5853178.8545,0.2554,434
22,3.5,420178.8603,5853179.301520001,0.2554,434
22,4.0,420178.8603,5853179.812400001,0.3832,434
22,4.5,420178.79644,5853180.323280001,0.2554,434
22,5.0,420178.79644,5853180.834160001,0.3832,434
22,5.5,420178.79644,5853181.345040001,0.3832,434
22,6.0,420178.73258,5853181.792060001,0.3832,434
22,6.5,420178.73258,5853182.302940001,0.3832,434
22,7.0,420178.66872,5853182.813820001,0.3832,434
22,7.5,420178.66872,5853183.324700001,0.3832,434
22,8.0,420178.60486,5853183.835580001,0.3832,434
22,8.5,420178.60486,5853184.2826000005,0.3832,434
22,9.0,420178.60486,5853184.79348,0.5109,434
22,9.5,420178.60486,5853185.30436,0.5109,434
22,10.0,420178.541,5853185.81524,0.5109,434
22,10.5,420178.541,5853186.326120001,0.5109,434
22,11.0,420178.47714000003,5853186.773140001,0.5109,434
22,11.5,420178.47714000003,5853187.284020001,0.5266,434
22,12.0,420178.41328,5853187.794900001,0.5109,434
22,12.5,420178.41328,5853188.305780001,0.5266,434
22,13.0,420178.41328,5853188.816660001,0.6386,434
22,13.5,420178.41328,5853189.327540001,0.6386,434
22,14.0,420178.41328,5853189.774560001,0.6386,434
22,14.5,420178.41328,5853190.285440001,0.6386,434
22,15.0,420178.34942,5853190.796320001,0.6386,434
22,15.5,420178.34942,5853191.307200001,0.6386,434
22,16.0,420178.34942,5853191.818080001,0.6386,434
22,16.5,420178.34942,5853192.2651,0.6386,434
22,17.0,420178.34942,5853192.77598,0.6386,434
22,17.5,420178.34942,5853193.286860001,0.5109,434
22,18.0,420178.34942,5853193.797740001,0.5109,434
22,18.5,420178.34942,5853194.308620001,0.5109,434
23,0.0,419961.7363,5853202.163400001,0.2554,14
23,0.5,419961.54472,5853202.610420001,0.1277,14
23,1.0,419961.417,5853203.121300001,0.1806,14
23,1.5,419961.22542000003,5853203.568320001,0.1806,14
23,2.0,419961.03384,5853204.01534,0.1277,14
23,2.5,419960.84226,5853204.462360001,0.2856,14
23,3.0,419960.58682,5853204.909380001,0.2856,14
23,3.5,419960.39524,5853205.356400001,0.2554,14
23,4.0,419960.26752,5853205.867280001,0.2554,14
23,4.5,419960.1398,5853206.378160001,0.2554,14
23,5.0,419959.94822,5853206.825180001,0.2554,14
23,5.5,419959.82050000003,5853207.2722000005,0.2554,14
23,6.0,419959.62892,5853207.78308,0.2554,14
23,6.5,419959.5012,5853208.230100001,0.1806,14
23,7.0,419959.30962,5853208.677120001,0.2554,14
23,7.5,419959.11804000003,5853209.188000001,0.2554,14
23,8.0,419958.92646,5853209.635020001,0.1806,14
23,8.5,419958.73488,5853210.082040001,0.1277,14
23,9.0,419958.60716,5853210.592920001,0.2554,14
23,9.5,419958.41558000003,5853211.0399400005,0.2554,14
23,10.0,419958.28786,5853211.486960001,0.2554,14
23,10.5,419958.09628,5853211.997840001,0.2554,14
23,11.0,419957.96856,5853212.444860001,0.1806,14
23,11.5,419957.71312000003,5853212.891880001,0.1806,14
23,12.0,419957.5854,5853213.402760001,0.2554,14
23,12.5,419957.39382,5853213.849780001,0.2554,14
23,13.0,419957.2661,5853214.360660001,0.2856,14
23,13.5,419957.13838,5853214.807680001,0.2856,14
23,14.0,419957.01066,5853215.3185600005,0.3612,14
23,14.5,419956.88294,5853215.765580001,0.3612,14
23,15.0,419956.75522,5853216.276460001,0.3612,14
23,15.5,419956.56364,5853216.723480001,0.3832,14
23,16.0,419956.37206,5853217.170500001,0.3832,14
23,16.5,419956.18048,5853217.681380001,0.3832,14
23,17.0,419956.05276,5853218.128400001,0.3832,14
23,17.5,419955.86118,5853218.575420001,0.4039,14
23,18.0,419955.6696,5853219.086300001,0.4039,14
23,18.5,419955.54188000003,5853219.53332,0.4605,14
24,0.0,419923.93118,5853192.009660001,0.2554,3
24,0.5,419923.67574000004,5853192.456680001,0.4039,3
24,1.0,419923.48416,5853192.903700001,0.3832,3
24,1.5,419923.29258,5853193.35072,0.3832,3
24,2.0,419923.16486,5853193.8616,0.3832,3
24,2.5,419922.97328000003,5853194.308620001,0.4039,3
24,3.0,419922.7817,5853194.755640001,0.4605,3
24,3.5,419922.59012,5853195.202660001,0.4605,3
24,4.0,419922.39854,5853195.713540001,0.5109,3
24,4.5,419922.20696,5853196.160560001,0.5109,3
24,5.0,419922.01538,5853196.607580001,0.4605,3
24,5.5,419921.8238,5853197.0546,0.4605,3
24,6.0,419921.63222,5853197.565480001,0.4605,3
24,6.5,419921.44064,5853198.012500001,0.4605,3
24,7.0,419921.24906,5853198.459520001,0.4605,3
24,7.5,419920.99362,5853198.906540001,0.4039,3
24,8.0,419920.73818,5853199.353560001,0.2856,3
24,8.5,419920.5466,5853199.8005800005,0.3612,3
24,9.0,419920.35502,5853200.247600001,0.3612,3
24,9.5,419920.16344000003,5853200.694620001,0.4039,3
24,10.0,419919.97186,5853201.205500001,0.3832,3
24,10.5,419919.78028,5853201.652520001,0.4039,3
24,11.0,419919.65256,5853202.099540001,0.5109,3
24,11.5,419919.46098000003,5853202.546560001,0.6386,3
24,12.0,419919.2694,5853203.057440001,0.5712,3
24,12.5,419919.07782,5853203.50446,0.6386,3
24,13.0,419918.82238,5853203.951480001,0.5712,3
24,13.5,419918.6308,5853204.398500001,0.5712,3
24,14.0,419918.43922,5853204.845520001,0.5266,3
24,14.5,419918.3115,5853205.356400001,0.6512,3
24,15.0,419918.11992,5853205.803420001,0.6878,3
24,15.5,419917.92834,5853206.250440001,0.6512,3
24,16.0,419917.73676,5853206.69746,0.6512,3
24,16.5,419917.54518,5853207.20834,0.6878,3
24,17.0,419917.35360000003,5853207.655360001,0.6512,3
24,17.5,419917.16202,5853208.102380001,0.6512,3
24,18.0,419916.97044,5853208.613260001,0.6878,3
24,18.5,419916.77886,5853209.060280001,0.6878,3
25,0.0,419970.86828,5853172.085340001,0.1806,563
25,0.5,419970.48512,5853172.404640001,0.2856,563
25,1.0,419970.10196,5853172.787800001,0.2856,563
25,1.5,419969.78266,5853173.107100001,0.2856,563
25,2.0,419969.3995,5853173.426400001,0.2856,563
25,2.5,419969.01634000003,5853173.745700001,0.2856,563
25,3.0,419968.63318,5853174.1288600005,0.3612,563
25,3.5,419968.31388000003,5853174.448160001,0.2856,563
25,4.0,419967.93072,5853174.767460001,0.3612,563
25,4.5,419967.54756,5853175.15062,0.3612,563
25,5.0,419967.22826,5853175.469920001,0.3612,563
25,5.5,419966.78124,5853175.789220001,0.4605,563
25,6.0,419966.46194,5853176.108520001,0.5712,563
25,6.5,419966.14264000003,5853176.491680001,0.5419,563
25,7.0,419965.75948,5853176.874840001,0.5419,563
25,7.5,419965.44018000003,5853177.194140001,0.5419,563
25,8.0,419965.12088,5853177.577300001,0.5712,563
25,8.5,419964.73772000003,5853177.960460001,0.6386,563
25,9.0,419964.41842,5853178.34362,0.6386,563
25,9.5,419964.09912,5853178.726780001,0.6386,563
25,10.0,419963.77982,5853179.109940001,0.5419,563
25,10.5,419963.46052,5853179.493100001,0.4605,563
25,11.0,419963.14122,5853179.876260001,0.3612,563
25,11.5,419962.82192,5853180.259420001,0.4605,563
25,12.0,419962.50262,5853180.642580001,0.4605,563
25,12.5,419962.18332,5853181.02574,0.3612,563
25,13.0,419961.86402,5853181.345040001,0.4605,563
25,13.5,419961.48086,5853181.728200001,0.3612,563
25,14.0,419961.16156,5853182.11136,0.4605,563
25,14.5,419960.90612,5853182.558380001,0.5712,563
25,15.0,419960.58682,5853182.877680001,0.5419,563
25,15.5,419960.20366,5853183.260840001,0.5266,563
25,16.0,419959.88436,5853183.644000001,0.5419,563
25,16.5,419959.56506,5853184.027160001,0.5419,563
25,17.0,419959.1819,5853184.410320001,0.4605,563
25,17.5,419958.8626,5853184.79348,0.4605,563
25,18.0,419958.5433,5853185.112780001,0.4605,563
25,18.5,419958.16014,5853185.495940001,0.3612,563
26,0.0,420011.48324000003,5853206.889040001,0.2554,26
26,0.5,420011.03622,5853207.080620001,0.2554,26
26,1.0,420010.5892,5853207.2722000005,0.1806,26
26,1.5,420010.07832000003,5853207.399920001,0.1806,26
26,2.0,420009.6313,5853207.591500001,0.1806,26
26,2.5,420009.18428,5853207.846940001,0.1806,26
26,3.0,420008.6734,5853207.974660001,0.2554,26
26,3.5,420008.22638,5853208.166240001,0.2554,26
26,4.0,420007.77936,5853208.3578200005,0.2554,26
26,4.5,420007.33234,5853208.549400001,0.2554,26
26,5.0,420006.82146,5853208.740980001,0.2554,26
26,5.5,420006.37444,5853208.932560001,0.1806,26
26,6.0,420005.92742,5853209.060280001,0.1806,26
26,6.5,420005.4804,5853209.251860001,0.2554,26
26,7.0,420004.96952,5853209.507300001,0.1806,26
26,7.5,420004.5225,5853209.698880001,0.1806,26
26,8.0,420004.07548,5853209.826600001,0.2554,26
26,8.5,420003.5646,5853210.018180001,0.2554,26
26,9.0,420003.11758,5853210.209760001,0.2554,26
26,9.5,420002.67056,5853210.401340001,0.2554,26
26,10.0,420002.22354,5853210.592920001,0.1806,26
26,10.5,420001.71266,5853210.720640001,0.2554,26
26,11.0,420001.26564,5853210.97608,0.1806,26
26,11.5,420000.81862000003,5853211.103800001,0.2554,26
26,12.0,420000.30774,5853211.295380001,0.2554,26
26,12.5,419999.86072,5853211.423100001,0.2554,26
26,13.0,419999.41370000003,5853211.614680001,0.2554,26
26,13.5,419998.96668,5853211.806260001,0.2554,26
26,14.0,419998.4558,5853211.997840001,0.3612,26
26,14.5,419998.00878000003,5853212.189420001,0.3612,26
26,15.0,419997.56176,5853212.381000001,0.2856,26
26,15.5,419997.05088,5853212.57258,0.3612,26
26,16.0,419996.60386000003,5853212.764160001,0.2554,26
26,16.5,419996.15684,5853212.891880001,0.2856,26
26,17.0,419995.64596,5853213.019600001,0.3612,26
26,17.5,419995.19894000003,5853213.211180001,0.3612,26
26,18.0,419994.75192,5853213.402760001,0.3612,26
26,18.5,419994.3049,5853213.594340001,0.3612,26
27,0.0,420037.85742,5853104.713040001,0.2856,574
27,0.5,420037.53812,5853105.0962000005,0.1806,574
27,1.0,420037.15496,5853105.479360001,0.2856,574
27,1.5,420036.83566,5853105.798660001,0.3612,574
27,2.0,420036.51636,5853106.1818200005,0.3612,574
27,2.5,420036.19706000003,5853106.564980001,0.3612,574
27,3.0,420035.87776,5853106.948140001,0.3612,574
27,3.5,420035.49460000003,5853107.331300001,0.4605,574
27,4.0,420035.1753,5853107.650600001,0.3612,574
27,4.5,420034.856,5853108.033760001,0.4605,574
27,5.0,420034.5367,5853108.416920001,0.4605,574
27,5.5,420034.2174,5853108.80008,0.4605,574
27,6.0,420033.83424,5853109.183240001,0.4605,574
27,6.5,420033.51494,5853109.566400001,0.5419,574
27,7.0,420033.19564,5853109.949560001,0.5419,574
27,7.5,420032.87634,5853110.332720001,0.5419,574
27,8.0,420032.55704,5853110.652020001,0.6386,574
27,8.5,420032.17388,5853111.035180001,0.5419,574
27,9.0,420031.85458,5853111.354480001,0.4605,574
27,9.5,420031.47142,5853111.737640001,0.3612,574
27,10.0,420031.08826,5853112.120800001,0.3612,574
27,10.5,420030.76896,5853112.440100001,0.3612,574
27,11.0,420030.3858,5853112.759400001,0.2856,574
27,11.5,420030.00264,5853113.1425600005,0.3612,574
27,12.0,420029.68334,5853113.461860001,0.3612,574
27,12.5,420029.30018,5853113.845020001,0.3612,574
27,13.0,420028.98088,5853114.16432,0.3612,574
27,13.5,420028.59772,5853114.547480001,0.3612,574
27,14.0,420028.27842,5853114.866780001,0.3612,574
27,14.5,420027.89526,5853115.2499400005,0.3612,574
27,15.0,420027.5121,5853115.505380001,0.3612,574
27,15.5,420027.12894,5853115.824680001,0.3612,574
27,16.0,420026.74578,5853116.207840001,0.3612,574
27,16.5,420026.36262,5853116.527140001,0.3612,574
27,17.0,420026.04332,5853116.84644,0.4605,574
27,17.5,420025.66016,5853117.229600001,0.4605,574
27,18.0,420025.277,5853117.548900001,0.4605,574
27,18.5,420024.9577,5853117.8682,0.5419,574
28,0.0,420358.81778,5853256.4444,0.2856,746
28,0.5,420358.88164,5853256.955280001,0.5109,746
28,1.0,420358.88164,5853257.466160001,0.5109,746
28,1.5,420358.88164,5853257.913180001,0.5109,746
28,2.0,420358.88164,5853258.424060001,0.5109,746
28,2.5,420358.88164,5853258.934940001,0.5109,746
28,3.0,420358.81778,5853259.445820001,0.5109,746
28,3.5,420358.81778,5853259.956700001,0.5109,746
28,4.0,420358.81778,5853260.403720001,0.5109,746
28,4.5,420358.81778,5853260.914600001,0.5109,746
28,5.0,420358.88164,5853261.425480001,0.5109,746
28,5.5,420358.88164,5853261.936360001,0.5109,746
28,6.0,420358.88164,5853262.447240001,0.5109,746
28,6.5,420358.88164,5853262.958120001,0.5109,746
28,7.0,420358.88164,5853263.40514,0.5109,746
28,7.5,420358.88164,5853263.916020001,0.5109,746
28,8.0,420358.88164,5853264.426900001,0.5109,746
28,8.5,420358.88164,5853264.937780001,0.5109,746
28,9.0,420358.88164,5853265.448660001,0.5109,746
28,9.5,420358.88164,5853265.959540001,0.5109,746
28,10.0,420358.88164,5853266.406560001,0.5109,746
28,10.5,420358.88164,5853266.917440001,0.5109,746
28,11.0,420358.88164,5853267.428320001,0.5109,746
28,11.5,420358.88164,5853267.939200001,0.5109,746
28,12.0,420358.88164,5853268.450080001,0.5109,746
28,12.5,420358.88164,5853268.960960001,0.5109,746
28,13.0,420358.88164,5853269.407980001,0.5109,746
28,13.5,420358.88164,5853269.918860001,0.5109,746
28,14.0,420358.88164,5853270.4297400005,0.5109,746
28,14.5,420358.88164,5853270.9406200005,0.5109,746
28,15.0,420358.88164,5853271.4515,0.5109,746
28,15.5,420358.81778,5853271.898520001,0.5109,746
28,16.0,420358.81778,5853272.409400001,0.5109,746
28,16.5,420358.88164,5853272.920280001,0.6386,746
28,17.0,420358.88164,5853273.431160001,0.6386,746
28,17.5,420358.88164,5853273.942040001,0.6386,746
28,18.0,420358.88164,5853274.452920001,0.6386,746
28,18.5,420358.81778,5853274.899940001,0.6386,746
29,0.0,419994.87964,5853228.537580001,0.2856,19
29,0.5,419994.49648000003,5853228.793020001,0.2856,19
29,1.0,419994.11332,5853229.112320001,0.2856,19
29,1.5,419993.6663,5853229.431620001,0.2856,19
29,2.0,419993.28314,5853229.7509200005,0.2856,19
29,2.5,419992.89998,5853230.070220001,0.2856,19
29,3.0,419992.51682,5853230.389520001,0.2856,19
29,3.5,419992.13366,5853230.708820001,0.3612,19
29,4.0,419991.7505,5853230.964260001,0.3612,19
29,4.5,419991.30348,5853231.283560001,0.3612,19
29,5.0,419990.92032000003,5853231.539000001,0.3612,19
29,5.5,419990.53716,5853231.8583,0.3612,19
29,6.0,419990.09014,5853232.177600001,0.3612,19
29,6.5,419989.70698,5853232.4330400005,0.3612,19
29,7.0,419989.32382,5853232.752340001,0.2856,19
29,7.5,419988.94066,5853233.071640001,0.3612,19
29,8.0,419988.5575,5853233.390940001,0.3612,19
29,8.5,419988.11048000003,5853233.710240001,0.3612,19
29,9.0,419987.72732,5853233.96568,0.3612,19
29,9.5,419987.2803,5853234.221120001,0.3612,19
29,10.0,419986.89714,5853234.54042,0.3612,19
29,10.5,419986.45012,5853234.795860001,0.4039,19
29,11.0,419986.06696,5853235.0513,0.4605,19
29,11.5,419985.61994,5853235.370600001,0.4039,19
29,12.0,419985.23678,5853235.6260400005,0.4039,19
29,12.5,419984.78976,5853235.881480001,0.3612,19
29,13.0,419984.4066,5853236.200780001,0.4605,19
29,13.5,419984.02344,5853236.520080001,0.4039,19
29,14.0,419983.64028,5853236.839380001,0.3612,19
29,14.5,419983.19326000003,5853237.094820001,0.4605,19
29,15.0,419982.8101,5853237.414120001,0.4039,19
29,15.5,419982.42694000003,5853237.669560001,0.4039,19
29,16.0,419981.97992,5853237.988860001,0.3612,19
29,16.5,419981.5329,5853238.2443,0.5266,19
29,17.0,419981.14974,5853238.563600001,0.4039,19
29,17.5,419980.76658,5853238.81904,0.4605,19
29,18.0,419980.38342,5853239.138340001,0.4605,19
29,18.5,419980.00026,5853239.521500001,0.3612,19
30,0.0,420009.12042,5853060.905080001,0.1277,361
30,0.5,420008.9927,5853061.352100001,0.2856,361
30,1.0,420008.73726,5853061.799120001,0.2856,361
30,1.5,420008.54568,5853062.3100000005,0.2554,361
30,2.0,420008.41796,5853062.75702,0.1806,361
30,2.5,420008.22638,5853063.204040001,0.2554,361
30,3.0,420008.0348,5853063.714920001,0.1806,361
30,3.5,420007.97094,5853064.161940001,0.1806,361
30,4.0,420007.90708000003,5853064.672820001,0.2554,361
30,4.5,420007.90708000003,5853065.183700001,0.2554,361
30,5.0,420007.84322,5853065.694580001,0.2856,361
30,5.5,420007.65164,5853066.141600001,0.3612,361
30,6.0,420007.52392,5853066.5886200005,0.3832,361
30,6.5,420007.33234,5853067.0995000005,0.4039,361
30,7.0,420007.20462000003,5853067.546520001,0.3832,361
30,7.5,420007.0769,5853068.057400001,0.3612,361
30,8.0,420006.88532,5853068.504420001,0.3832,361
30,8.5,420006.69374,5853068.951440001,0.2554,361
30,9.0,420006.56602,5853069.462320001,0.2856,361
30,9.5,420006.4383,5853069.909340001,0.3612,361
30,10.0,420006.31058,5853070.420220001,0.3612,361
30,10.5,420006.119,5853070.8672400005,0.2554,361
30,11.0,420005.99128,5853071.3781200005,0.3612,361
30,11.5,420005.86356,5853071.825140001,0.3612,361
30,12.0,420005.67198,5853072.336020001,0.2554,361
30,12.5,420005.54426,5853072.783040001,0.2856,361
30,13.0,420005.41654,5853073.293920001,0.2856,361
30,13.5,420005.22496,5853073.740940001,0.2554,361
30,14.0,420005.09724000003,5853074.251820001,0.2856,361
30,14.5,420004.96952,5853074.698840001,0.2554,361
30,15.0,420004.8418,5853075.209720001,0.2554,361
30,15.5,420004.65022,5853075.6567400005,0.2554,361
30,16.0,420004.45864,5853076.103760001,0.1806,361
30,16.5,420004.33092,5853076.614640001,0.3612,361
30,17.0,420004.07548,5853077.061660001,0.4039,361
30,17.5,420003.94776,5853077.508680001,0.4605,361
30,18.0,420003.75618,5853078.019560001,0.4605,361
31,0.0,420137.86218,5852997.619820001,0.1806,267
31,0.5,420137.73446,5852998.130700001,0.2554,267
31,1.0,420137.60674,5852998.57772,0.2554,267
31,1.5,420137.47902,5852999.0886,0.2554,267
31,2.0,420137.3513,5852999.535620001,0.1277,267
31,2.5,420137.28744,5853000.046500001,0.1806,267
31,3.0,420137.15972,5853000.557380001,0.1806,267
31,3.5,420137.032,5853001.004400001,0.1806,267
31,4.0,420136.90428,5853001.515280001,0.2554,267
31,4.5,420136.77656,5853001.962300001,0.2554,267
31,5.0,420136.64884,5853002.473180001,0.2554,267
31,5.5,420136.45726,5853002.9202000005,0.2554,267
31,6.0,420136.26568,5853003.36722,0.1806,267
31,6.5,420136.13796,5853003.878100001,0.2554,267
31,7.0,420135.94638,5853004.325120001,0.2554,267
31,7.5,420135.7548,5853004.772140001,0.2856,267
31,8.0,420135.56322,5853005.219160001,0.2856,267
31,8.5,420135.37164,5853005.730040001,0.2554,267
31,9.0,420135.18006,5853006.177060001,0.2856,267
31,9.5,420134.92462,5853006.62408,0.2856,267
31,10.0,420134.73304,5853007.071100001,0.2856,267
31,10.5,420134.4776,5853007.518120001,0.2856,267
31,11.0,420134.22216,5853007.901280001,0.3612,267
31,11.5,420133.96672,5853008.348300001,0.3612,267
31,12.0,420133.71128,5853008.7953200005,0.2554,267
31,12.5,420133.5197,5853009.242340001,0.2554,267
31,13.0,420133.26426,5853009.689360001,0.1806,267
31,13.5,420133.07268,5853010.136380001,0.2554,267
31,14.0,420132.8811,5853010.583400001,0.2554,267
31,14.5,420132.68952,5853011.030420001,0.2554,267
31,15.0,420132.43408,5853011.4774400005,0.2554,267
31,15.5,420132.2425,5853011.924460001,0.2856,267
31,16.0,420132.05092,5853012.435340001,0.2554,267
31,16.5,420131.79548000003,5853012.818500001,0.3612,267
31,17.0,420131.54004,5853013.265520001,0.2856,267
31,17.5,420131.34846,5853013.712540001,0.3612,267
31,18.0,420131.15688,5853014.223420001,0.2856,267
32,0.0,420331.61342,5853185.495940001,0.3832,779
32,0.5,420331.4857,5853186.006820001,0.3832,779
32,1.0,420331.35798000003,5853186.453840001,0.3612,779
32,1.5,420331.1664,5853186.90086,0.4039,779
32,2.0,420330.97482,5853187.411740001,0.4039,779
32,2.5,420330.78324,5853187.858760001,0.3832,779
32,3.0,420330.65552000003,5853188.305780001,0.4605,779
32,3.5,420330.46394,5853188.816660001,0.4605,779
32,4.0,420330.27236,5853189.263680001,0.4605,779
32,4.5,420330.01692,5853189.6468400005,0.6878,779
32,5.0,420329.63376,5853190.030000001,0.7225,779
32,5.5,420329.37832,5853190.413160001,0.5419,779
32,6.0,420329.18674000003,5853190.860180001,0.5266,779
32,6.5,420328.99516,5853191.371060001,0.5109,779
32,7.0,420328.80358,5853191.818080001,0.5266,779
32,7.5,420328.54814,5853192.2651,0.5712,779
32,8.0,420328.2927,5853192.712120001,0.5266,779
32,8.5,420328.10112,5853193.159140001,0.3832,779
32,9.0,420327.9734,5853193.606160001,0.3612,779
32,9.5,420327.90954,5853194.117040001,0.3832,779
32,10.0,420327.78182000003,5853194.627920001,0.3612,779
32,10.5,420327.6541,5853195.074940001,0.3612,779
32,11.0,420327.52638,5853195.585820001,0.3612,779
32,11.5,420327.3348,5853196.03284,0.4605,779
32,12.0,420327.20708,5853196.479860001,0.4605,779
32,12.5,420327.07936000003,5853196.990740001,0.4039,779
32,13.0,420326.95164,5853197.501620001,0.4605,779
32,13.5,420326.82392,5853197.948640001,0.5109,779
32,14.0,420326.6962,5853198.459520001,0.5109,779
32,14.5,420326.56848,5853198.906540001,0.5109,779
32,15.0,420326.37690000003,5853199.353560001,0.5266,779
32,15.5,420326.18532,5853199.864440001,0.5266,779
32,16.0,420326.0576,5853200.31146,0.6386,779
32,16.5,420325.86602,5853200.82234,0.5712,779
32,17.0,420325.7383,5853201.269360001,0.5266,779
32,17.5,420325.67444000003,5853201.780240001,0.5712,779
32,18.0,420325.54672,5853202.227260001,0.6386,779
33,0.0,420179.8182,5853208.230100001,0.2554,443
33,0.5,420179.75434,5853208.740980001,0.2554,443
33,1.0,420179.69048,5853209.188000001,0.2856,443
33,1.5,420179.56276,5853209.698880001,0.2856,443
33,2.0,420179.56276,5853210.209760001,0.3832,443
33,2.5,420179.4989,5853210.720640001,0.3832,443
33,3.0,420179.43504,5853211.231520001,0.3832,443
33,3.5,420179.37118,5853211.678540001,0.3832,443
33,4.0,420179.37118,5853212.189420001,0.5109,443
33,4.5,420179.30732,5853212.700300001,0.4605,443
33,5.0,420179.30732,5853213.211180001,0.5109,443
33,5.5,420179.24346,5853213.6582,0.5109,443
33,6.0,420179.17960000003,5853214.16908,0.5109,443
33,6.5,420179.11574,5853214.679960001,0.5109,443
33,7.0,420179.05188,5853215.190840001,0.4605,443
33,7.5,420178.98802,5853215.637860001,0.3832,443
33,8.0,420178.98802,5853216.148740001,0.5109,443
33,8.5,420178.98802,5853216.659620001,0.5109,443
33,9.0,420178.92416,5853217.170500001,0.5712,443
33,9.5,420178.92416,5853217.681380001,0.6386,443
33,10.0,420178.8603,5853218.192260001,0.5109,443
33,10.5,420178.8603,5853218.639280001,0.5109,443
33,11.0,420178.8603,5853219.150160001,0.5109,443
33,11.5,420178.8603,5853219.661040001,0.5109,443
33,12.0,420178.8603,5853220.171920001,0.5109,443
33,12.5,420178.8603,5853220.6828000005,0.5109,443
33,13.0,420178.8603,5853221.12982,0.5109,443
33,13.5,420178.79644,5853221.640700001,0.5109,443
33,14.0,420178.79644,5853222.151580001,0.5109,443
33,14.5,420178.79644,5853222.662460001,0.5109,443
33,15.0,420178.79644,5853223.173340001,0.5109,443
33,15.5,420178.73258,5853223.620360001,0.5109,443
33,16.0,420178.73258,5853224.131240001,0.5109,443
33,16.5,420178.73258,5853224.642120001,0.5109,443
33,17.0,420178.66872,5853225.153000001,0.5109,443
33,17.5,420178.66872,5853225.663880001,0.5266,443
33,18.0,420178.66872,5853226.174760001,0.6386,443
34,0.0,420357.349,5853253.698420001,0.3832,745
34,0.5,420357.28514,5853254.209300001,0.3832,745
34,1.0,420357.09356,5853254.656320001,0.4605,745
34,1.5,420356.90198,5853255.103340001,0.4039,745
34,2.0,420356.77426000003,5853255.614220001,0.5109,745
34,2.5,420356.64654,5853256.061240001,0.5109,745
34,3.0,420356.51882,5853256.572120001,0.5109,745
34,3.5,420356.3911,5853257.083000001,0.4039,745
34,4.0,420356.32724,5853257.53002,0.5109,745
34,4.5,420356.13566,5853258.0409,0.6386,745
34,5.0,420356.00794,5853258.487920001,0.5266,745
34,5.5,420355.88022,5853258.934940001,0.5109,745
34,6.0,420355.68864,5853259.445820001,0.3832,745
34,6.5,420355.62478,5853259.956700001,0.4605,745
34,7.0,420355.49706,5853260.403720001,0.4039,745
34,7.5,420355.36934000003,5853260.914600001,0.3612,745
34,8.0,420355.24162,5853261.361620001,0.3612,745
34,8.5,420355.05004,5853261.80864,0.4605,745
34,9.0,420354.85846,5853262.31952,0.5266,745
34,9.5,420354.73074,5853262.766540001,0.5109,745
34,10.0,420354.66688000003,5853263.277420001,0.5109,745
34,10.5,420354.4753,5853263.788300001,0.4039,745
34,11.0,420354.34758,5853264.235320001,0.4039,745
34,11.5,420354.21986,5853264.682340001,0.4605,745
34,12.0,420354.09214,5853265.193220001,0.5109,745
34,12.5,420353.96442000003,5853265.704100001,0.5109,745
34,13.0,420353.8367,5853266.1511200005,0.5109,745
34,13.5,420353.70898,5853266.6620000005,0.5109,745
34,14.0,420353.58126,5853267.109020001,0.5109,745
34,14.5,420353.45354,5853267.619900001,0.5109,745
34,15.0,420353.32582,5853268.066920001,0.5109,745
34,15.5,420353.13424,5853268.577800001,0.5266,745
34,16.0,420353.00652,5853269.024820001,0.5712,745
34,16.5,420352.81494,5853269.535700001,0.5266,745
34,17.0,420352.68722,5853269.982720001,0.5712,745
34,17.5,420352.55950000003,5853270.493600001,0.5266,745
34,18.0,420352.43178,5853270.9406200005,0.4605,745
35,0.0,420050.75714,5853157.5252600005,0.4039,426
35,0.5,420050.5017,5853157.972280001,0.4605,426
35,1.0,420050.31012,5853158.419300001,0.3832,426
35,1.5,420050.11854,5853158.866320001,0.3612,426
35,2.0,420049.92696,5853159.313340001,0.4605,426
35,2.5,420049.67152000003,5853159.760360001,0.4605,426
35,3.0,420049.47994,5853160.2073800005,0.5109,426
35,3.5,420049.28836,5853160.654400001,0.4605,426
35,4.0,420049.03292,5853161.101420001,0.4039,426
35,4.5,420048.84134,5853161.548440001,0.4605,426
35,5.0,420048.5859,5853162.059320001,0.4039,426
35,5.5,420048.39432,5853162.506340001,0.4039,426
35,6.0,420048.13888,5853162.953360001,0.3832,426
35,6.5,420047.9473,5853163.4003800005,0.4039,426
35,7.0,420047.75572,5853163.847400001,0.4605,426
35,7.5,420047.50028,5853164.294420001,0.3612,426
35,8.0,420047.3087,5853164.741440001,0.4039,426
35,8.5,420047.11712,5853165.188460001,0.4605,426
35,9.0,420046.86168000003,5853165.635480001,0.4039,426
35,9.5,420046.6701,5853166.0825000005,0.4605,426
35,10.0,420046.41466,5853166.529520001,0.4039,426
35,10.5,420046.22308,5853166.976540001,0.3612,426
35,11.0,420045.96764,5853167.423560001,0.4039,426
35,11.5,420045.7122,5853167.870580001,0.4039,426
35,12.0,420045.45676000003,5853168.253740001,0.2856,426
35,12.5,420045.26518,5853168.70076,0.3612,426
35,13.0,420045.0736,5853169.147780001,0.3612,426
35,13.5,420044.81816,5853169.594800001,0.3612,426
35,14.0,420044.56272,5853170.041820001,0.3612,426
35,14.5,420044.30728,5853170.488840001,0.2856,426
35,15.0,420044.1157,5853170.935860001,0.4039,426
35,15.5,420043.92412,5853171.38288,0.4039,426
35,16.0,420043.66868,5853171.829900001,0.4605,426
35,16.5,420043.41324,5853172.276920001,0.4039,426
35,17.0,420043.22166,5853172.723940001,0.4605,426
35,17.5,420042.96622,5853173.170960001,0.4605,426
35,18.0,420042.77464,5853173.617980001,0.1277,426
36,0.0,420035.87776,5853172.340780001,0.4605,575
36,0.5,420035.49460000003,5853172.723940001,0.3612,575
36,1.0,420035.1753,5853173.0432400005,0.3612,575
36,1.5,420034.856,5853173.426400001,0.2856,575
36,2.0,420034.5367,5853173.809560001,0.2856,575
36,2.5,420034.2174,5853174.192720001,0.2856,575
36,3.0,420033.8981,5853174.57588,0.2856,575
36,3.5,420033.51494,5853174.959040001,0.2856,575
36,4.0,420033.19564,5853175.342200001,0.2856,575
36,4.5,420032.87634,5853175.6615,0.2856,575
36,5.0,420032.55704,5853176.044660001,0.2856,575
36,5.5,420032.23774,5853176.427820001,0.2856,575
36,6.0,420031.91844,5853176.8109800005,0.2856,575
36,6.5,420031.59914,5853177.194140001,0.2856,575
36,7.0,420031.21598,5853177.577300001,0.3612,575
36,7.5,420030.96054,5853177.960460001,0.4039,575
36,8.0,420030.64124,5853178.34362,0.3612,575
36,8.5,420030.32194,5853178.726780001,0.3612,575
36,9.0,420030.00264,5853179.109940001,0.3612,575
36,9.5,420029.61948,5853179.42924,0.2856,575
36,10.0,420029.23632,5853179.748540001,0.3612,575
36,10.5,420028.91702,5853180.131700001,0.3612,575
36,11.0,420028.53386,5853180.51486,0.3612,575
36,11.5,420028.21456,5853180.834160001,0.3612,575
36,12.0,420027.89526,5853181.217320001,0.3612,575
36,12.5,420027.5121,5853181.6004800005,0.2856,575
36,13.0,420027.1928,5853181.983640001,0.2856,575
36,13.5,420026.8735,5853182.302940001,0.2856,575
36,14.0,420026.49034,5853182.6861000005,0.2856,575
36,14.5,420026.17104,5853183.069260001,0.3612,575
36,15.0,420025.78788,5853183.452420001,0.2856,575
36,15.5,420025.46858,5853183.771720001,0.2554,575
36,16.0,420025.14928,5853184.154880001,0.2856,575
36,16.5,420024.76612,5853184.474180001,0.3612,575
36,17.0,420024.44682,5853184.857340001,0.3612,575
36,17.5,420024.12752,5853185.30436,0.4039,575
37,0.0,419895.9605,5853085.108020001,0.5109,138
37,0.5,419895.76892,5853085.555040001,0.3832,138
37,1.0,419895.57734,5853086.065920001,0.2554,138
37,1.5,419895.51348,5853086.512940001,0.3612,138
37,2.0,419895.38576000003,5853087.023820001,0.3612,138
37,2.5,419895.3219,5853087.534700001,0.3832,138
37,3.0,419895.19418,5853087.9817200005,0.3832,138
37,3.5,419895.06646,5853088.4926,0.3832,138
37,4.0,419894.93874,5853088.939620001,0.3832,138
37,4.5,419894.81102,5853089.450500001,0.4039,138
37,5.0,419894.68330000003,5853089.897520001,0.3832,138
37,5.5,419894.61944,5853090.408400001,0.3832,138
37,6.0,419894.49172,5853090.919280001,0.3832,138
37,6.5,419894.30014,5853091.366300001,0.3832,138
37,7.0,419894.17242,5853091.877180001,0.3832,138
37,7.5,419894.0447,5853092.324200001,0.3612,138
37,8.0,419893.91698,5853092.835080001,0.3612,138
37,8.5,419893.85312,5853093.2821,0.3612,138
37,9.0,419893.7254,5853093.79298,0.3612,138
37,9.5,419893.53382,5853094.303860001,0.3612,138
37,10.0,419893.4061,5853094.750880001,0.2856,138
37,10.5,419893.27838000003,5853095.261760001,0.2856,138
37,11.0,419893.15066,5853095.708780001,0.2856,138
37,11.5,419893.02294,5853096.219660001,0.2856,138
37,12.0,419892.95908,5853096.666680001,0.2856,138
37,12.5,419892.7675,5853097.177560001,0.2856,138
37,13.0,419892.63978,5853097.6245800005,0.2554,138
37,13.5,419892.51206,5853098.1354600005,0.2554,138
37,14.0,419892.38434,5853098.582480001,0.2554,138
37,14.5,419892.25662,5853099.093360001,0.2856,138
37,15.0,419892.1289,5853099.604240001,0.3612,138
37,15.5,419892.00118,5853100.051260001,0.3612,138
37,16.0,419891.8096,5853100.562140001,0.2554,138
37,16.5,419891.68188,5853101.009160001,0.2554,138
37,17.0,419891.55416,5853101.520040001,0.2856,138
37,17.5,419891.42644,5853101.967060001,0.2856,138
38,0.0,419947.55938,5853047.494480001,0.4039,168
38,0.5,419947.30394,5853047.941500001,0.4039,168
38,1.0,419947.04850000003,5853048.32466,0.4039,168
38,1.5,419946.7292,5853048.771680001,0.4605,168
38,2.0,419946.47376,5853049.154840001,0.4605,168
38,2.5,419946.21832,5853049.601860001,0.3612,168
38,3.0,419945.89902,5853049.9850200005,0.4039,168
38,3.5,419945.64358000003,5853050.432040001,0.4605,168
38,4.0,419945.32428,5853050.815200001,0.3612,168
38,4.5,419945.06884,5853051.262220001,0.4605,168
38,5.0,419944.8134,5853051.645380001,0.4605,168
38,5.5,419944.4941,5853052.0924,0.4605,168
38,6.0,419944.23866000003,5853052.475560001,0.4605,168
38,6.5,419943.98322,5853052.922580001,0.4605,168
38,7.0,419943.66392,5853053.305740001,0.4039,168
38,7.5,419943.40848,5853053.7527600005,0.4605,168
38,8.0,419943.15304,5853054.135920001,0.4605,168
38,8.5,419942.83374000003,5853054.582940001,0.4605,168
38,9.0,419942.5783,5853054.966100001,0.4605,168
38,9.5,419942.32286,5853055.413120001,0.4605,168
38,10.0,419942.06742,5853055.8601400005,0.4039,168
38,10.5,419941.81198,5853056.243300001,0.4039,168
38,11.0,419941.49268,5853056.690320001,0.4605,168
38,11.5,419941.23724,5853057.073480001,0.4605,168
38,12.0,419940.9818,5853057.520500001,0.4039,168
38,12.5,419940.72636000003,5853057.96752,0.3612,168
38,13.0,419940.40706,5853058.350680001,0.4039,168
38,13.5,419940.15162,5853058.797700001,0.4605,168
38,14.0,419939.89618,5853059.180860001,0.4039,168
38,14.5,419939.64074,5853059.6278800005,0.3612,168
38,15.0,419939.3853,5853060.074900001,0.3612,168
38,15.5,419939.066,5853060.458060001,0.2856,168
38,16.0,419938.87442,5853060.905080001,0.2856,168
38,16.5,419938.55512000003,5853061.288240001,0.3612,168
38,17.0,419938.23582,5853061.73526,0.4039,168
38,17.5,419937.98038,5853062.118420001,0.4605,168
39,0.0,419972.97566,5853029.61368,0.5109,389
39,0.5,419972.97566,5853030.12456,0.5109,389
39,1.0,419972.97566,5853030.635440001,0.5109,389
39,1.5,419972.97566,5853031.082460001,0.5109,389
39,2.0,419972.97566,5853031.593340001,0.5109,389
39,2.5,419972.97566,5853032.104220001,0.5109,389
39,3.0,419972.97566,5853032.615100001,0.5109,389
39,3.5,419972.97566,5853033.125980001,0.5109,389
39,4.0,419972.97566,5853033.636860001,0.5109,389
39,4.5,419972.97566,5853034.083880001,0.5109,389
39,5.0,419972.97566,5853034.594760001,0.5109,389
39,5.5,419972.97566,5853035.105640001,0.5109,389
39,6.0,419972.97566,5853035.616520001,0.5109,389
39,6.5,419972.97566,5853036.127400001,0.5109,389
39,7.0,419972.97566,5853036.638280001,0.5109,389
39,7.5,419972.97566,5853037.0853,0.5109,389
39,8.0,419972.9118,5853037.596180001,0.3832,389
39,8.5,419972.9118,5853038.107060001,0.4039,389
39,9.0,419972.84794,5853038.617940001,0.3832,389
39,9.5,419972.84794,5853039.128820001,0.3832,389
39,10.0,419972.78408,5853039.575840001,0.3832,389
39,10.5,419972.78408,5853040.086720001,0.3832,389
39,11.0,419972.72022,5853040.597600001,0.3832,389
39,11.5,419972.72022,5853041.108480001,0.3832,389
39,12.0,419972.65636,5853041.619360001,0.3832,389
39,12.5,419972.65636,5853042.066380001,0.3832,389
39,13.0,419972.5925,5853042.577260001,0.3832,389
39,13.5,419972.5925,5853043.088140001,0.3832,389
39,14.0,419972.52864000003,5853043.599020001,0.3832,389
39,14.5,419972.52864000003,5853044.1099000005,0.3832,389
39,15.0,419972.46478,5853044.556920001,0.3832,389
39,15.5,419972.46478,5853045.067800001,0.3832,389
39,16.0,419972.40092,5853045.578680001,0.3832,389
39,16.5,419972.33706,5853046.089560001,0.3832,389
39,17.0,419972.33706,5853046.536580001,0.3832,389
39,17.5,419972.2732,5853047.047460001,0.3832,389
40,0.0,420389.98146,5853170.488840001,0.5109,788
40,0.5,420389.98146,5853170.999720001,0.5109,788
40,1.0,420389.98146,5853171.510600001,0.5109,788
40,1.5,420389.9176,5853171.9576200005,0.5109,788
40,2.0,420389.85374,5853172.4685,0.5109,788
40,2.5,420389.78988,5853172.97938,0.4039,788
40,3.0,420389.72602,5853173.490260001,0.4605,788
40,3.5,420389.66216,5853173.937280001,0.5109,788
40,4.0,420389.53444,5853174.448160001,0.3832,788
40,4.5,420389.47058,5853174.959040001,0.3832,788
40,5.0,420389.47058,5853175.469920001,0.4605,788
40,5.5,420389.40672,5853175.980800001,0.3832,788
40,6.0,420389.40672,5853176.427820001,0.4039,788
40,6.5,420389.279,5853176.938700001,0.3832,788
40,7.0,420389.21514,5853177.449580001,0.4039,788
40,7.5,420389.15128,5853177.896600001,0.3832,788
40,8.0,420389.08742,5853178.4074800005,0.3832,788
40,8.5,420389.02356,5853178.9183600005,0.3832,788
40,9.0,420388.9597,5853179.42924,0.3832,788
40,9.5,420388.89584,5853179.876260001,0.3832,788
40,10.0,420388.83198,5853180.387140001,0.5109,788
40,10.5,420388.76812,5853180.898020001,0.5109,788
40,11.0,420388.70426,5853181.408900001,0.5109,788
40,11.5,420388.64040000003,5853181.855920001,0.5109,788
40,12.0,420388.64040000003,5853182.366800001,0.5109,788
40,12.5,420388.57654,5853182.877680001,0.5109,788
40,13.0,420388.51268,5853183.388560001,0.5266,788
40,13.5,420388.38496,5853183.835580001,0.5109,788
40,14.0,420388.3211,5853184.346460001,0.5109,788
40,14.5,420388.25724,5853184.857340001,0.5109,788
40,15.0,420388.19338,5853185.30436,0.3832,788
40,15.5,420388.19338,5853185.81524,0.3832,788
40,16.0,420388.06566,5853186.326120001,0.3832,788
40,16.5,420388.0018,5853186.837000001,0.2554,788
40,17.0,420387.87408,5853187.284020001,0.3832,788
40,17.5,420387.74636,5853187.794900001,0.3832,788
41,0.0,420314.94596,5853358.556540001,0.1277,608
41,0.5,420314.5628,5853358.939700001,0.3612,608
41,1.0,420314.30736000004,5853359.322860001,0.3612,608
41,1.5,420314.11578,5853359.7698800005,0.3612,608
41,2.0,420313.86034,5853360.216900001,0.3612,608
41,2.5,420313.54104,5853360.600060001,0.3612,608
41,3.0,420313.34946,5853361.110940001,0.4039,608
41,3.5,420313.09402,5853361.494100001,0.4605,608
41,4.0,420312.90244000003,5853361.941120001,0.5266,608
41,4.5,420312.71086,5853362.38814,0.4605,608
41,5.0,420312.45542,5853362.835160001,0.3832,608
41,5.5,420312.26384,5853363.282180001,0.4605,608
41,6.0,420311.94454,5853363.729200001,0.5419,608
41,6.5,420311.6891,5853364.176220001,0.5266,608
41,7.0,420311.49752000003,5853364.623240001,0.5712,608
41,7.5,420311.24208,5853365.07026,0.5266,608
41,8.0,420311.0505,5853365.517280001,0.5266,608
41,8.5,420310.79506000003,5853365.964300001,0.5266,608
41,9.0,420310.60348,5853366.411320001,0.5266,608
41,9.5,420310.34804,5853366.794480001,0.5266,608
41,10.0,420310.15646,5853367.2415000005,0.5266,608
41,10.5,420309.90102,5853367.688520001,0.5712,608
41,11.0,420309.64558,5853368.135540001,0.5266,608
41,11.5,420309.454,5853368.582560001,0.5266,608
41,12.0,420309.19856,5853369.029580001,0.5266,608
41,12.5,420309.00698,5853369.476600001,0.4605,608
41,13.0,420308.75154,5853369.9236200005,0.4605,608
41,13.5,420308.4961,5853370.370640001,0.4039,608
41,14.0,420308.24066,5853370.817660001,0.4039,608
41,14.5,420308.04908,5853371.200820001,0.3612,608
41,15.0,420307.79364,5853371.647840001,0.3612,608
41,15.5,420307.47434,5853372.094860001,0.3612,608
41,16.0,420307.2189,5853372.478020001,0.4039,608
41,16.5,420306.96346,5853372.925040001,0.5266,608
41,17.0,420306.70802,5853373.372060001,0.5266,608
41,17.5,420306.45258,5853373.819080001,0.5266,608
42,0.0,420143.80116000003,5852997.045080001,0.1277,265
42,0.5,420143.80116000003,5852997.5559600005,0.2856,265
42,1.0,420143.7373,5852998.06684,0.4039,265
42,1.5,420143.67344,5852998.513860001,0.5109,265
42,2.0,420143.54572,5852999.024740001,0.5109,265
42,2.5,420143.48186,5852999.535620001,0.5109,265
42,3.0,420143.35414,5852999.982640001,0.5266,265
42,3.5,420143.22642,5853000.493520001,0.5712,265
42,4.0,420143.03484,5853000.940540001,0.5266,265
42,4.5,420142.7794,5853001.387560001,0.5109,265
42,5.0,420142.58782,5853001.8345800005,0.5266,265
42,5.5,420142.39624000003,5853002.281600001,0.5266,265
42,6.0,420142.26852,5853002.792480001,0.5109,265
42,6.5,420142.07694,5853003.239500001,0.6386,265
42,7.0,420141.88536,5853003.686520001,0.6878,265
42,7.5,420141.69378000003,5853004.197400001,0.7447,265
42,8.0,420141.56606,5853004.644420001,0.7769,265
42,8.5,420141.43834,5853005.091440001,0.7663,265
42,9.0,420141.31062,5853005.6023200005,0.7447,265
42,9.5,420141.1829,5853006.1132000005,0.6512,265
42,10.0,420141.05518,5853006.560220001,0.6386,265
42,10.5,420140.92746000004,5853007.071100001,0.5712,265
42,11.0,420140.79974,5853007.518120001,0.5109,265
42,11.5,420140.67202,5853008.029000001,0.5109,265
42,12.0,420140.5443,5853008.476020001,0.3832,265
42,12.5,420140.48044,5853008.986900001,0.3832,265
42,13.0,420140.35272,5853009.497780001,0.3612,265
42,13.5,420140.16114,5853009.944800001,0.3832,265
42,14.0,420140.03342,5853010.455680001,0.4039,265
42,14.5,420139.84184,5853010.9027,0.4605,265
42,15.0,420139.71412,5853011.349720001,0.5109,265
42,15.5,420139.52254000003,5853011.860600001,0.5266,265
42,16.0,420139.39482,5853012.307620001,0.5712,265
42,16.5,420139.20324,5853012.818500001,0.6386,265
42,17.0,420139.07552,5853013.265520001,0.6386,265
42,17.5,420138.9478,5853013.776400001,0.5109,265
43,0.0,420009.31200000003,5853065.055980001,0.2554,359
43,0.5,420009.18428,5853065.566860001,0.3832,359
43,1.0,420009.05656,5853066.01388,0.3832,359
43,1.5,420008.86498,5853066.52476,0.4039,359
43,2.0,420008.6734,5853066.971780001,0.3832,359
43,2.5,420008.48182,5853067.418800001,0.3612,359
43,3.0,420008.3541,5853067.929680001,0.4605,359
43,3.5,420008.22638,5853068.376700001,0.4039,359
43,4.0,420008.0348,5853068.823720001,0.4605,359
43,4.5,420007.84322,5853069.2707400005,0.4039,359
43,5.0,420007.65164,5853069.7816200005,0.4039,359
43,5.5,420007.52392,5853070.228640001,0.5109,359
43,6.0,420007.33234,5853070.739520001,0.4605,359
43,6.5,420007.20462000003,5853071.186540001,0.4605,359
43,7.0,420007.01304,5853071.633560001,0.5109,359
43,7.5,420006.82146,5853072.080580001,0.4605,359
43,8.0,420006.62988,5853072.591460001,0.4605,359
43,8.5,420006.4383,5853073.038480001,0.4039,359
43,9.0,420006.31058,5853073.5493600005,0.5109,359
43,9.5,420006.119,5853073.99638,0.4039,359
43,10.0,420005.99128,5853074.443400001,0.4605,359
43,10.5,420005.79970000003,5853074.954280001,0.4039,359
43,11.0,420005.67198,5853075.401300001,0.4039,359
43,11.5,420005.54426,5853075.912180001,0.3612,359
43,12.0,420005.35268,5853076.359200001,0.4039,359
43,12.5,420005.1611,5853076.806220001,0.3612,359
43,13.0,420005.03338,5853077.317100001,0.3832,359
43,13.5,420004.90566,5853077.76412,0.4039,359
43,14.0,420004.77794,5853078.275,0.3832,359
43,14.5,420004.58636,5853078.722020001,0.3832,359
43,15.0,420004.45864,5853079.232900001,0.4605,359
43,15.5,420004.33092,5853079.679920001,0.4039,359
43,16.0,420004.13934,5853080.190800001,0.4605,359
43,16.5,420004.01162,5853080.637820001,0.4605,359
43,17.0,420003.82004,5853081.084840001,0.3832,359
43,17.5,420003.69232000003,5853081.595720001,0.4605,359
44,0.0,420091.18052,5853110.652020001,0.2554,519
44,0.5,420091.11666,5853111.162900001,0.2554,519
44,1.0,420091.0528,5853111.609920001,0.2554,519
44,1.5,420090.92508,5853112.120800001,0.2554,519
44,2.0,420090.86122,5853112.631680001,0.2554,519
44,2.5,420090.73350000003,5853113.1425600005,0.2554,519
44,3.0,420090.60578,5853113.58958,0.1806,519
44,3.5,420090.47806,5853114.100460001,0.1806,519
44,4.0,420090.4142,5853114.547480001,0.2554,519
44,4.5,420090.28648,5853115.058360001,0.2554,519
44,5.0,420090.22262,5853115.569240001,0.2554,519
44,5.5,420090.03104000003,5853116.016260001,0.2554,519
44,6.0,420089.90332,5853116.527140001,0.2554,519
44,6.5,420089.83946,5853116.974160001,0.3832,519
44,7.0,420089.71174,5853117.485040001,0.3832,519
44,7.5,420089.58402,5853117.9320600005,0.3612,519
44,8.0,420089.4563,5853118.44294,0.3612,519
44,8.5,420089.32858000003,5853118.95382,0.3612,519
44,9.0,420089.20086,5853119.400840001,0.2856,519
44,9.5,420089.07314,5853119.911720001,0.2856,519
44,10.0,420088.94542,5853120.358740001,0.2554,519
44,10.5,420088.88156,5853120.869620001,0.3612,519
44,11.0,420088.75384,5853121.380500001,0.3832,519
44,11.5,420088.62612000003,5853121.827520001,0.3832,519
44,12.0,420088.4984,5853122.338400001,0.3832,519
44,12.5,420088.37068,5853122.785420001,0.3832,519
44,13.0,420088.24296,5853123.2963000005,0.3832,519
44,13.5,420088.11524,5853123.8071800005,0.3832,519
44,14.0,420088.05138,5853124.254200001,0.3612,519
44,14.5,420087.85980000003,5853124.765080001,0.2554,519
44,15.0,420087.73208,5853125.212100001,0.2554,519
44,15.5,420087.66822,5853125.722980001,0.3832,519
44,16.0,420087.5405,5853126.170000001,0.2554,519
44,16.5,420087.47664,5853126.680880001,0.2856,519
44,17.0,420087.41278,5853127.191760001,0.3832,519
45,0.0,420121.89718,5853012.052180001,0.1277,255
45,0.5,420121.83332000003,5853012.563060001,0.2554,255
45,1.0,420121.76946,5853013.01008,0.2554,255
45,1.5,420121.64174,5853013.520960001,0.3832,255
45,2.0,420121.45016,5853013.967980001,0.3832,255
45,2.5,420121.32244,5853014.478860001,0.3832,255
45,3.0,420121.19472,5853014.989740001,0.3832,255
45,3.5,420121.13086000003,5853015.436760001,0.4605,255
45,4.0,420121.00314,5853015.947640001,0.4039,255
45,4.5,420120.93928,5853016.458520001,0.4605,255
45,5.0,420120.81156,5853016.905540001,0.5109,255
45,5.5,420120.68384,5853017.416420001,0.5109,255
45,6.0,420120.61998,5853017.86344,0.5109,255
45,6.5,420120.49226,5853018.37432,0.5266,255
45,7.0,420120.36454,5853018.8852,0.5109,255
45,7.5,420120.23682,5853019.332220001,0.5109,255
45,8.0,420120.1091,5853019.843100001,0.5109,255
45,8.5,420119.98138,5853020.290120001,0.5109,255
45,9.0,420119.85366,5853020.801000001,0.5109,255
45,9.5,420119.72594000003,5853021.248020001,0.5109,255
45,10.0,420119.59822,5853021.758900001,0.5109,255
45,10.5,420119.4705,5853022.205920001,0.5109,255
45,11.0,420119.27892,5853022.7168000005,0.4605,255
45,11.5,420119.1512,5853023.2276800005,0.5109,255
45,12.0,420119.02348000003,5853023.674700001,0.5109,255
45,12.5,420118.89576,5853024.185580001,0.5109,255
45,13.0,420118.8319,5853024.632600001,0.5266,255
45,13.5,420118.70418,5853025.143480001,0.5266,255
45,14.0,420118.5126,5853025.590500001,0.5266,255
45,14.5,420118.38488,5853026.101380001,0.5109,255
45,15.0,420118.32102000003,5853026.612260001,0.6386,255
45,15.5,420118.1933,5853027.059280001,0.5109,255
45,16.0,420118.12944,5853027.570160001,0.6386,255
45,16.5,420118.00172,5853028.01718,0.5266,255
45,17.0,420117.874,5853028.52806,0.5109,255
46,0.0,420389.66216,5853202.546560001,0.2856,778
46,0.5,420389.40672,5853202.92972,0.3612,778
46,1.0,420389.08742,5853203.376740001,0.3612,778
46,1.5,420388.76812,5853203.759900001,0.4605,778
46,2.0,420388.44882,5853204.143060001,0.3612,778
46,2.5,420388.19338,5853204.59008,0.4039,778
46,3.0,420387.93794000003,5853204.973240001,0.3612,778
46,3.5,420387.6825,5853205.420260001,0.4039,778
46,4.0,420387.42706,5853205.867280001,0.4039,778
46,4.5,420387.10776,5853206.250440001,0.4605,778
46,5.0,420386.85232,5853206.633600001,0.4039,778
46,5.5,420386.59688,5853207.080620001,0.3612,778
46,6.0,420386.34144,5853207.527640001,0.3612,778
46,6.5,420386.086,5853207.910800001,0.4039,778
46,7.0,420385.83056000003,5853208.3578200005,0.4039,778
46,7.5,420385.51126,5853208.804840001,0.4605,778
46,8.0,420385.25582,5853209.188000001,0.5419,778
46,8.5,420385.00038,5853209.635020001,0.5712,778
46,9.0,420384.68108,5853210.018180001,0.6386,778
46,9.5,420384.36178,5853210.401340001,0.6386,778
46,10.0,420384.10634,5853210.848360001,0.6386,778
46,10.5,420383.8509,5853211.231520001,0.5712,778
46,11.0,420383.5316,5853211.678540001,0.5266,778
46,11.5,420383.27616,5853212.0617,0.5419,778
46,12.0,420382.95686000003,5853212.444860001,0.5419,778
46,12.5,420382.63756,5853212.828020001,0.5419,778
46,13.0,420382.38212,5853213.275040001,0.5419,778
46,13.5,420382.06282,5853213.6582,0.6386,778
46,14.0,420381.74352,5853214.041360001,0.5419,778
46,14.5,420381.42422,5853214.424520001,0.4605,778
46,15.0,420381.16878,5853214.871540001,0.5419,778
46,15.5,420380.84948000003,5853215.2547,0.5712,778
46,16.0,420380.53018,5853215.637860001,0.6386,778
46,16.5,420380.21088,5853216.021020001,0.5712,778
46,17.0,420379.89158,5853216.404180001,0.5419,778
47,0.0,420015.82572,5853014.6704400005,0.5109,377
47,0.5,420015.69800000003,5853015.18132,0.4605,377
47,1.0,420015.63414,5853015.628340001,0.5109,377
47,1.5,420015.50642,5853016.139220001,0.5109,377
47,2.0,420015.3787,5853016.650100001,0.5109,377
47,2.5,420015.31484,5853017.097120001,0.5109,377
47,3.0,420015.18712,5853017.608000001,0.5109,377
47,3.5,420015.12326,5853018.118880001,0.5109,377
47,4.0,420014.99554000003,5853018.565900001,0.5266,377
47,4.5,420014.86782,5853019.076780001,0.5266,377
47,5.0,420014.80396,5853019.523800001,0.5712,377
47,5.5,420014.67624,5853020.0346800005,0.6386,377
47,6.0,420014.54852,5853020.54556,0.5712,377
47,6.5,420014.48466,5853020.992580001,0.6386,377
47,7.0,420014.35694,5853021.503460001,0.6386,377
47,7.5,420014.22922,5853022.014340001,0.6386,377
47,8.0,420014.1015,5853022.461360001,0.5712,377
47,8.5,420013.97378,5853022.972240001,0.5712,377
47,9.0,420013.90992,5853023.419260001,0.6386,377
47,9.5,420013.7822,5853023.930140001,0.6386,377
47,10.0,420013.59062000003,5853024.377160001,0.5266,377
47,10.5,420013.4629,5853024.888040001,0.5266,377
47,11.0,420013.39904,5853025.3989200005,0.6386,377
47,11.5,420013.27132,5853025.84594,0.6512,377
47,12.0,420013.1436,5853026.356820001,0.6386,377
47,12.5,420013.01588,5853026.803840001,0.6386,377
47,13.0,420012.88816000003,5853027.314720001,0.6512,377
47,13.5,420012.76044,5853027.761740001,0.6386,377
47,14.0,420012.63272,5853028.272620001,0.6386,377
47,14.5,420012.505,5853028.783500001,0.6386,377
47,15.0,420012.37728,5853029.230520001,0.6386,377
47,15.5,420012.31342,5853029.741400001,0.6386,377
47,16.0,420012.12184,5853030.1884200005,0.5266,377
47,16.5,420012.05798,5853030.6993,0.6512,377
47,17.0,420011.93026,5853031.21018,0.6512,377
48,0.0,420040.9227,5853217.298220001,0.1806,34
48,0.5,420040.47568000003,5853217.553660001,0.2856,34
48,1.0,420040.09252,5853217.809100001,0.2856,34
48,1.5,420039.6455,5853218.064540001,0.2856,34
48,2.0,420039.19848,5853218.319980001,0.2856,34
48,2.5,420038.81532,5853218.575420001,0.3612,34
48,3.0,420038.36830000003,5853218.830860001,0.2856,34
48,3.5,420037.92128,5853219.150160001,0.3612,34
48,4.0,420037.53812,5853219.405600001,0.3612,34
48,4.5,420037.0911,5853219.661040001,0.3612,34
48,5.0,420036.70794,5853219.916480001,0.3612,34
48,5.5,420036.26092000003,5853220.171920001,0.3612,34
48,6.0,420035.8139,5853220.491220001,0.4039,34
48,6.5,420035.43074,5853220.746660001,0.4039,34
48,7.0,420035.04758,5853221.065960001,0.2856,34
48,7.5,420034.60056,5853221.321400001,0.2856,34
48,8.0,420034.2174,5853221.640700001,0.2856,34
48,8.5,420033.77038,5853221.832280001,0.3612,34
48,9.0,420033.32336,5853222.151580001,0.3612,34
48,9.5,420032.9402,5853222.407020001,0.3612,34
48,10.0,420032.49318,5853222.662460001,0.4039,34
48,10.5,420032.11002,5853222.917900001,0.4039,34
48,11.0,420031.663,5853223.237200001,0.3612,34
48,11.5,420031.21598,5853223.492640001,0.3612,34
48,12.0,420030.83282,5853223.748080001,0.3612,34
48,12.5,420030.3858,5853224.003520001,0.3612,34
48,13.0,420030.00264,5853224.258960001,0.4039,34
48,13.5,420029.55562,5853224.514400001,0.4039,34
48,14.0,420029.1086,5853224.833700001,0.4605,34
48,14.5,420028.72544,5853225.089140001,0.4605,34
48,15.0,420028.27842,5853225.344580001,0.3612,34
48,15.5,420027.89526,5853225.663880001,0.3612,34
48,16.0,420027.44824,5853225.919320001,0.3612,34
48,16.5,420027.06508000003,5853226.238620001,0.2856,34
48,17.0,420026.61806,5853226.49406,0.3612,34
49,0.0,420040.09252,5853033.8923,0.2554,354
49,0.5,420039.83708,5853034.339320001,0.2856,354
49,1.0,420039.6455,5853034.786340001,0.2554,354
49,1.5,420039.51778,5853035.297220001,0.2554,354
49,2.0,420039.39006,5853035.744240001,0.3612,354
49,2.5,420039.19848,5853036.191260001,0.2856,354
49,3.0,420039.0069,5853036.702140001,0.2554,354
49,3.5,420038.87918,5853037.1491600005,0.2554,354
49,4.0,420038.81532,5853037.66004,0.3612,354
49,4.5,420038.6876,5853038.107060001,0.3612,354
49,5.0,420038.49602,5853038.617940001,0.2856,354
49,5.5,420038.24058,5853039.001100001,0.3612,354
49,6.0,420037.98514,5853039.448120001,0.2554,354
49,6.5,420037.79356,5853039.895140001,0.2554,354
49,7.0,420037.53812,5853040.3421600005,0.2554,354
49,7.5,420037.28268,5853040.789180001,0.2554,354
49,8.0,420036.96338000003,5853041.172340001,0.1806,354
49,8.5,420036.7718,5853041.619360001,0.2554,354
49,9.0,420036.51636,5853042.066380001,0.2554,354
49,9.5,420036.32478,5853042.5134000005,0.1806,354
49,10.0,420036.06934,5853042.96042,0.2554,354
49,10.5,420035.87776,5853043.407440001,0.2554,354
49,11.0,420035.62232,5853043.854460001,0.2554,354
49,11.5,420035.43074,5853044.301480001,0.2856,354
49,12.0,420035.1753,5853044.748500001,0.2554,354
49,12.5,420034.98372,5853045.1955200005,0.2554,354
49,13.0,420034.72828,5853045.64254,0.1806,354
49,13.5,420034.5367,5853046.089560001,0.2856,354
49,14.0,420034.28126,5853046.536580001,0.3612,354
49,14.5,420034.02582,5853046.919740001,0.3612,354
49,15.0,420033.83424,5853047.430620001,0.2856,354
49,15.5,420033.51494,5853047.81378,0.2856,354
49,16.0,420033.32336,5853048.260800001,0.3612,354
49,16.5,420033.06792,5853048.707820001,0.3612,354
50,0.0,420176.9445,5853228.409860001,0.1277,444
50,0.5,420177.00836,5853228.920740001,0.3612,444
50,1.0,420177.00836,5853229.431620001,0.3832,444
50,1.5,420177.00836,5853229.878640001,0.3832,444
50,2.0,420177.00836,5853230.389520001,0.3832,444
50,2.5,420177.00836,5853230.900400001,0.3832,444
50,3.0,420177.00836,5853231.411280001,0.3832,444
50,3.5,420177.00836,5853231.922160001,0.3832,444
50,4.0,420177.00836,5853232.4330400005,0.3832,444
50,4.5,420177.00836,5853232.880060001,0.3832,444
50,5.0,420176.9445,5853233.390940001,0.3832,444
50,5.5,420176.9445,5853233.901820001,0.3832,444
50,6.0,420176.9445,5853234.412700001,0.3832,444
50,6.5,420176.9445,5853234.923580001,0.3832,444
50,7.0,420176.9445,5853235.370600001,0.3832,444
50,7.5,420176.9445,5853235.881480001,0.3832,444
50,8.0,420176.9445,5853236.392360001,0.3832,444
50,8.5,420176.9445,5853236.903240001,0.3832,444
50,9.0,420176.9445,5853237.414120001,0.3832,444
50,9.5,420176.9445,5853237.925000001,0.3832,444
50,10.0,420176.9445,5853238.372020001,0.3832,444
50,10.5,420176.9445,5853238.882900001,0.3832,444
50,11.0,420176.9445,5853239.3937800005,0.5109,444
50,11.5,420176.9445,5853239.9046600005,0.5109,444
50,12.0,420176.9445,5853240.41554,0.5109,444
50,12.5,420176.9445,5853240.92642,0.5109,444
50,13.0,420176.9445,5853241.373440001,0.5109,444
50,13.5,420176.9445,5853241.884320001,0.5109,444
50,14.0,420176.9445,5853242.395200001,0.5109,444
50,14.5,420176.9445,5853242.906080001,0.5109,444
50,15.0,420176.9445,5853243.416960001,0.5109,444
50,15.5,420176.9445,5853243.927840001,0.5109,444
50,16.0,420176.9445,5853244.374860001,0.5109,444
50,16.5,420176.9445,5853244.885740001,0.5712,444
51,0.0,419846.34128,5853168.70076,0.3612,123
51,0.5,419845.95812,5853169.020060001,0.3612,123
51,1.0,419845.57496,5853169.403220001,0.3612,123
51,1.5,419845.25566,5853169.722520001,0.3612,123
51,2.0,419844.8725,5853170.105680001,0.3612,123
51,2.5,419844.5532,5853170.424980001,0.3612,123
51,3.0,419844.17004,5853170.808140001,0.2856,123
51,3.5,419843.78688,5853171.127440001,0.2856,123
51,4.0,419843.46758,5853171.4467400005,0.2856,123
51,4.5,419843.08442,5853171.829900001,0.2856,123
51,5.0,419842.70126,5853172.149200001,0.2856,123
51,5.5,419842.38196,5853172.4685,0.2856,123
51,6.0,419841.9988,5853172.851660001,0.2856,123
51,6.5,419841.61564000003,5853173.170960001,0.2856,123
51,7.0,419841.29634,5853173.490260001,0.3612,123
51,7.5,419840.91318000003,5853173.809560001,0.3612,123
51,8.0,419840.53002,5853174.1288600005,0.3612,123
51,8.5,419840.14686,5853174.448160001,0.3612,123
51,9.0,419839.7637,5853174.767460001,0.2856,123
51,9.5,419839.38054,5853175.15062,0.2856,123
51,10.0,419838.99738,5853175.533780001,0.2856,123
51,10.5,419838.67808,5853175.853080001,0.2856,123
51,11.0,419838.29492,5853176.172380001,0.2856,123
51,11.5,419837.91176,5853176.555540001,0.2856,123
51,12.0,419837.59246,5853176.874840001,0.2856,123
51,12.5,419837.2093,5853177.258,0.2856,123
51,13.0,419836.89,5853177.577300001,0.2856,123
51,13.5,419836.50684,5853177.960460001,0.3612,123
51,14.0,419836.18754,5853178.279760001,0.3612,123
51,14.5,419835.80438,5853178.599060001,0.3612,123
51,15.0,419835.42122,5853178.982220001,0.3612,123
51,15.5,419835.03806,5853179.301520001,0.3612,123
51,16.0,419834.71876,5853179.620820001,0.3612,123
51,16.5,419834.3356,5853180.0039800005,0.3612,123
52,0.0,420104.27182,5853089.450500001,0.4605,523
52,0.5,420104.01638,5853089.897520001,0.3612,523
52,1.0,420103.76094,5853090.280680001,0.2856,523
52,1.5,420103.44164000003,5853090.727700001,0.1806,523
52,2.0,420103.1862,5853091.11086,0.1806,523
52,2.5,420102.8669,5853091.494020001,0.1806,523
52,3.0,420102.61146,5853091.941040001,0.1806,523
52,3.5,420102.29216,5853092.324200001,0.2856,523
52,4.0,420101.97286,5853092.707360001,0.2856,523
52,4.5,420101.71742,5853093.154380001,0.2856,523
52,5.0,420101.39812,5853093.537540001,0.2554,523
52,5.5,420101.14268,5853093.920700001,0.2856,523
52,6.0,420100.82338,5853094.36772,0.2856,523
52,6.5,420100.56794,5853094.750880001,0.2856,523
52,7.0,420100.24864,5853095.197900001,0.2856,523
52,7.5,420099.9932,5853095.581060001,0.2856,523
52,8.0,420099.6739,5853095.96422,0.2856,523
52,8.5,420099.41846,5853096.411240001,0.3612,523
52,9.0,420099.16302,5853096.858260001,0.2856,523
52,9.5,420098.90758,5853097.241420001,0.3612,523
52,10.0,420098.58828,5853097.688440001,0.3612,523
52,10.5,420098.26898,5853098.0716,0.3612,523
52,11.0,420098.01354,5853098.454760001,0.3612,523
52,11.5,420097.69424,5853098.901780001,0.3612,523
52,12.0,420097.4388,5853099.284940001,0.2856,523
52,12.5,420097.11950000003,5853099.668100001,0.3612,523
52,13.0,420096.86406,5853100.115120001,0.2856,523
52,13.5,420096.54476,5853100.498280001,0.3612,523
52,14.0,420096.22546,5853100.881440001,0.3612,523
52,14.5,420095.97002,5853101.32846,0.4039,523
52,15.0,420095.65072000003,5853101.711620001,0.3612,523
52,15.5,420095.39528,5853102.094780001,0.4039,523
52,16.0,420095.07598,5853102.541800001,0.4039,523
52,16.5,420094.82054,5853102.988820001,0.4039,523
53,0.0,420134.1583,5853027.378580001,0.4605,277
53,0.5,420133.77514,5853027.697880001,0.4605,277
53,1.0,420133.39198,5853028.01718,0.3612,277
53,1.5,420133.00882,5853028.400340001,0.3612,277
53,2.0,420132.68952,5853028.719640001,0.3612,277
53,2.5,420132.37022,5853029.1028,0.3612,277
53,3.0,420132.05092,5853029.485960001,0.3612,277
53,3.5,420131.73162000004,5853029.869120001,0.3612,277
53,4.0,420131.34846,5853030.1884200005,0.4039,277
53,4.5,420130.9653,5853030.507720001,0.4039,277
53,5.0,420130.51828,5853030.763160001,0.4039,277
53,5.5,420130.13512,5853031.018600001,0.4039,277
53,6.0,420129.6881,5853031.337900001,0.4605,277
53,6.5,420129.30494,5853031.657200001,0.3612,277
53,7.0,420128.92178000003,5853031.912640001,0.3612,277
53,7.5,420128.47476,5853032.168080001,0.4605,277
53,8.0,420128.0916,5853032.487380001,0.3612,277
53,8.5,420127.64458,5853032.742820001,0.4605,277
53,9.0,420127.19756,5853032.998260001,0.4605,277
53,9.5,420126.75054,5853033.253700001,0.5266,277
53,10.0,420126.36738,5853033.509140001,0.5266,277
53,10.5,420125.92036,5853033.764580001,0.4605,277
53,11.0,420125.47334,5853033.9561600005,0.4605,277
53,11.5,420125.02632,5853034.211600001,0.4605,277
53,12.0,420124.64316,5853034.4670400005,0.4605,277
53,12.5,420124.19614,5853034.786340001,0.4605,277
53,13.0,420123.81298,5853035.041780001,0.4605,277
53,13.5,420123.36596,5853035.297220001,0.4605,277
53,14.0,420122.9828,5853035.616520001,0.4605,277
53,14.5,420122.53578000003,5853035.871960001,0.5266,277
53,15.0,420122.08876,5853036.127400001,0.5266,277
53,15.5,420121.7056,5853036.446700001,0.4605,277
53,16.0,420121.25858,5853036.702140001,0.5419,277
53,16.5,420120.93928,5853037.021440001,0.2554,277
54,0.0,420114.04240000003,5853089.769800001,0.1806,49
54,0.5,420113.78696,5853090.216820001,0.1806,49
54,1.0,420113.46766,5853090.59998,0.2554,49
54,1.5,420113.21222,5853091.047000001,0.2856,49
54,2.0,420112.95678,5853091.430160001,0.2856,49
54,2.5,420112.70134,5853091.877180001,0.2856,49
54,3.0,420112.4459,5853092.324200001,0.2554,49
54,3.5,420112.19046,5853092.707360001,0.2856,49
54,4.0,420111.87116,5853093.154380001,0.2856,49
54,4.5,420111.61572,5853093.537540001,0.3612,49
54,5.0,420111.29642,5853093.920700001,0.3612,49
54,5.5,420110.97712,5853094.303860001,0.3612,49
54,6.0,420110.65782,5853094.687020001,0.3612,49
54,6.5,420110.33852,5853095.070180001,0.2856,49
54,7.0,420110.01922,5853095.4533400005,0.2856,49
54,7.5,420109.69992,5853095.836500001,0.2856,49
54,8.0,420109.44448,5853096.283520001,0.2856,49
54,8.5,420109.12518000003,5853096.666680001,0.3612,49
54,9.0,420108.80588,5853097.04984,0.2856,49
54,9.5,420108.48658,5853097.433000001,0.2856,49
54,10.0,420108.16728,5853097.816160001,0.1806,49
54,10.5,420107.91184,5853098.263180001,0.2856,49
54,11.0,420107.59254,5853098.64634,0.1806,49
54,11.5,420107.40096,5853099.093360001,0.2554,49
54,12.0,420107.08166,5853099.476520001,0.3612,49
54,12.5,420106.76236,5853099.859680001,0.2856,49
54,13.0,420106.44306,5853100.24284,0.2856,49
54,13.5,420106.12376,5853100.626000001,0.2856,49
54,14.0,420105.80446,5853101.009160001,0.2856,49
54,14.5,420105.48516,5853101.392320001,0.2856,49
54,15.0,420105.16586,5853101.775480001,0.2856,49
54,15.5,420104.84656000003,5853102.158640001,0.2554,49
54,16.0,420104.4634,5853102.477940001,0.2856,49
54,16.5,420104.14410000003,5853102.861100001,0.3612,49
55,0.0,420334.55098,5853338.504500001,0.2554,711
55,0.5,420334.23168,5853338.8876600005,0.2856,711
55,1.0,420333.97624,5853339.334680001,0.2554,711
55,1.5,420333.84852,5853339.781700001,0.2856,711
55,2.0,420333.59308,5853340.228720001,0.2856,711
55,2.5,420333.33764,5853340.675740001,0.3612,711
55,3.0,420333.0822,5853341.122760001,0.3612,711
55,3.5,420332.89062,5853341.5697800005,0.2554,711
55,4.0,420332.76290000003,5853342.016800001,0.2554,711
55,4.5,420332.63518,5853342.527680001,0.3612,711
55,5.0,420332.50746,5853343.038560001,0.3832,711
55,5.5,420332.37974,5853343.485580001,0.3612,711
55,6.0,420332.25202,5853343.996460001,0.2856,711
55,6.5,420332.1243,5853344.443480001,0.2554,711
55,7.0,420331.93272,5853344.890500001,0.3612,711
55,7.5,420331.74114,5853345.401380001,0.4039,711
55,8.0,420331.54956,5853345.8484000005,0.3612,711
55,8.5,420331.29412000004,5853346.295420001,0.3612,711
55,9.0,420331.10254,5853346.742440001,0.3612,711
55,9.5,420330.8471,5853347.189460001,0.3612,711
55,10.0,420330.65552000003,5853347.636480001,0.3612,711
55,10.5,420330.40008,5853348.083500001,0.4039,711
55,11.0,420330.2085,5853348.5305200005,0.3612,711
55,11.5,420329.95306,5853348.913680001,0.3612,711
55,12.0,420329.76148,5853349.424560001,0.4039,711
55,12.5,420329.5699,5853349.871580001,0.4039,711
55,13.0,420329.31446,5853350.318600001,0.4605,711
55,13.5,420329.12288,5853350.765620001,0.4605,711
55,14.0,420328.9313,5853351.2126400005,0.4039,711
55,14.5,420328.73972,5853351.72352,0.4605,711
55,15.0,420328.54814,5853352.170540001,0.5266,711
55,15.5,420328.35656,5853352.617560001,0.5266,711
55,16.0,420328.10112,5853353.064580001,0.5266,711
55,16.5,420327.90954,5853353.511600001,0.5712,711
56,0.0,420007.90708000003,5853105.287780001,0.3832,85
56,0.5,420007.77936,5853105.798660001,0.3832,85
56,1.0,420007.7155,5853106.245680001,0.3832,85
56,1.5,420007.58778,5853106.756560001,0.3832,85
56,2.0,420007.46006,5853107.267440001,0.4039,85
56,2.5,420007.3962,5853107.71446,0.3832,85
56,3.0,420007.26848,5853108.225340001,0.3832,85
56,3.5,420007.14076,5853108.672360001,0.3832,85
56,4.0,420007.0769,5853109.183240001,0.3832,85
56,4.5,420006.94918,5853109.694120001,0.3832,85
56,5.0,420006.82146,5853110.141140001,0.3832,85
56,5.5,420006.69374,5853110.652020001,0.3832,85
56,6.0,420006.62988,5853111.162900001,0.3832,85
56,6.5,420006.50216000003,5853111.609920001,0.3832,85
56,7.0,420006.37444,5853112.120800001,0.3832,85
56,7.5,420006.31058,5853112.56782,0.3832,85
56,8.0,420006.18286,5853113.0787,0.3832,85
56,8.5,420006.05514,5853113.58958,0.3832,85
56,9.0,420005.99128,5853114.036600001,0.3832,85
56,9.5,420005.86356,5853114.547480001,0.3832,85
56,10.0,420005.73584,5853115.058360001,0.3832,85
56,10.5,420005.67198,5853115.505380001,0.3832,85
56,11.0,420005.54426,5853116.016260001,0.3832,85
56,11.5,420005.4804,5853116.527140001,0.3612,85
56,12.0,420005.35268,5853116.974160001,0.3832,85
56,12.5,420005.22496,5853117.485040001,0.3832,85
56,13.0,420005.1611,5853117.9320600005,0.3832,85
56,13.5,420005.03338,5853118.44294,0.3832,85
56,14.0,420004.90566,5853118.95382,0.3832,85
56,14.5,420004.8418,5853119.400840001,0.3832,85
56,15.0,420004.77794,5853119.911720001,0.3832,85
56,15.5,420004.65022,5853120.422600001,0.3832,85
56,16.0,420004.5225,5853120.869620001,0.2554,85
57,0.0,420119.53436,5853032.934400001,0.4039,278
57,0.5,420119.27892,5853033.38142,0.3612,278
57,1.0,420118.95962,5853033.764580001,0.3612,278
57,1.5,420118.70418,5853034.211600001,0.3832,278
57,2.0,420118.57646,5853034.658620001,0.3832,278
57,2.5,420118.38488,5853035.169500001,0.2554,278
57,3.0,420118.25716,5853035.616520001,0.2554,278
57,3.5,420118.12944,5853036.0635400005,0.3612,278
57,4.0,420117.874,5853036.510560001,0.2856,278
57,4.5,420117.61856000003,5853036.957580001,0.2554,278
57,5.0,420117.36312,5853037.404600001,0.2856,278
57,5.5,420117.10768,5853037.851620001,0.2554,278
57,6.0,420116.91610000003,5853038.298640001,0.2856,278
57,6.5,420116.72452,5853038.7456600005,0.2856,278
57,7.0,420116.46908,5853039.192680001,0.3612,278
57,7.5,420116.21364000003,5853039.639700001,0.2856,278
57,8.0,420116.02206,5853040.086720001,0.3612,278
57,8.5,420115.76662,5853040.533740001,0.3612,278
57,9.0,420115.57504,5853040.980760001,0.3612,278
57,9.5,420115.3196,5853041.36392,0.3612,278
57,10.0,420115.06416,5853041.810940001,0.3612,278
57,10.5,420114.87258,5853042.257960001,0.4039,278
57,11.0,420114.61714,5853042.704980001,0.4039,278
57,11.5,420114.42556,5853043.152000001,0.4605,278
57,12.0,420114.23398,5853043.599020001,0.4039,278
57,12.5,420113.97854,5853044.04604,0.4039,278
57,13.0,420113.78696,5853044.493060001,0.4039,278
57,13.5,420113.53152,5853044.940080001,0.3612,278
57,14.0,420113.33994000003,5853045.387100001,0.4039,278
57,14.5,420113.0845,5853045.834120001,0.4605,278
57,15.0,420112.82906,5853046.281140001,0.4605,278
57,15.5,420112.57362,5853046.72816,0.4605,278
57,16.0,420112.38204,5853047.175180001,0.5712,278
58,0.0,419895.38576000003,5853127.064040001,0.3832,108
58,0.5,419895.44962,5853127.5749200005,0.4039,108
58,1.0,419895.44962,5853128.0858000005,0.3832,108
58,1.5,419895.51348,5853128.532820001,0.3832,108
58,2.0,419895.57734,5853129.043700001,0.3832,108
58,2.5,419895.6412,5853129.554580001,0.3832,108
58,3.0,419895.70506,5853130.065460001,0.5109,108
58,3.5,419895.70506,5853130.512480001,0.4039,108
58,4.0,419895.6412,5853131.023360001,0.5109,108
58,4.5,419895.6412,5853131.534240001,0.5109,108
58,5.0,419895.57734,5853132.045120001,0.5109,108
58,5.5,419895.51348,5853132.556000001,0.5109,108
58,6.0,419895.51348,5853133.003020001,0.5109,108
58,6.5,419895.51348,5853133.513900001,0.5109,108
58,7.0,419895.51348,5853134.024780001,0.5109,108
58,7.5,419895.57734,5853134.5356600005,0.5712,108
58,8.0,419895.57734,5853135.0465400005,0.5266,108
58,8.5,419895.6412,5853135.493560001,0.5712,108
58,9.0,419895.6412,5853136.004440001,0.5109,108
58,9.5,419895.6412,5853136.515320001,0.5109,108
58,10.0,419895.6412,5853137.026200001,0.5109,108
58,10.5,419895.6412,5853137.537080001,0.5109,108
58,11.0,419895.6412,5853138.047960001,0.5109,108
58,11.5,419895.6412,5853138.494980001,0.5109,108
58,12.0,419895.6412,5853139.005860001,0.5109,108
58,12.5,419895.6412,5853139.516740001,0.5109,108
58,13.0,419895.57734,5853140.027620001,0.5109,108
58,13.5,419895.51348,5853140.538500001,0.5109,108
58,14.0,419895.51348,5853140.985520001,0.5266,108
58,14.5,419895.44962,5853141.4964000005,0.5109,108
58,15.0,419895.38576000003,5853142.0072800005,0.5109,108
58,15.5,419895.38576000003,5853142.51816,0.6386,108
58,16.0,419895.3219,5853142.965180001,0.5712,108
59,0.0,420058.16490000003,5853021.311880001,0.2554,344
59,0.5,420057.90946,5853021.758900001,0.2856,344
59,1.0,420057.71788,5853022.205920001,0.1806,344
59,1.5,420057.39858,5853022.589080001,0.2856,344
59,2.0,420057.07928,5853022.972240001,0.3612,344
59,2.5,420056.75998000003,5853023.355400001,0.3612,344
59,3.0,420056.44068,5853023.73856,0.3612,344
59,3.5,420056.12138,5853024.121720001,0.3612,344
59,4.0,420055.80208,5853024.504880001,0.3612,344
59,4.5,420055.54664,5853024.951900001,0.2856,344
59,5.0,420055.22734,5853025.33506,0.3612,344
59,5.5,420054.90804,5853025.718220001,0.2856,344
59,6.0,420054.65260000003,5853026.165240001,0.2856,344
59,6.5,420054.3333,5853026.484540001,0.3612,344
59,7.0,420054.014,5853026.93156,0.2856,344
59,7.5,420053.75856,5853027.314720001,0.2554,344
59,8.0,420053.43926,5853027.761740001,0.2856,344
59,8.5,420053.18382000003,5853028.144900001,0.2856,344
59,9.0,420052.86452,5853028.5919200005,0.3612,344
59,9.5,420052.60908,5853028.975080001,0.3612,344
59,10.0,420052.28978,5853029.358240001,0.3612,344
59,10.5,420051.97048,5853029.741400001,0.2856,344
59,11.0,420051.71504,5853030.1884200005,0.3612,344
59,11.5,420051.39574,5853030.571580001,0.4605,344
59,12.0,420051.07644000003,5853030.954740001,0.4039,344
59,12.5,420050.75714,5853031.337900001,0.3612,344
59,13.0,420050.43784,5853031.721060001,0.3612,344
59,13.5,420050.1824,5853032.104220001,0.3612,344
59,14.0,420049.8631,5853032.551240001,0.2856,344
59,14.5,420049.5438,5853032.934400001,0.3612,344
59,15.0,420049.2245,5853033.317560001,0.3612,344
59,15.5,420048.9052,5853033.700720001,0.2856,344
59,16.0,420048.52204,5853034.083880001,0.3612,344
60,0.0,420187.35368,5853188.49736,0.2856,433
60,0.5,420187.28982,5853189.008240001,0.5266,433
60,1.0,420187.1621,5853189.455260001,0.5712,433
60,1.5,420186.97052000003,5853189.902280001,0.5712,433
60,2.0,420186.71508,5853190.349300001,0.6386,433
60,2.5,420186.5235,5853190.796320001,0.6878,433
60,3.0,420186.26806000003,5853191.2433400005,0.7447,433
60,3.5,420186.07648,5853191.7542200005,0.7447,433
60,4.0,420185.94876,5853192.201240001,0.7663,433
60,4.5,420185.75718,5853192.648260001,0.6512,433
60,5.0,420185.62946,5853193.159140001,0.6878,433
60,5.5,420185.50174,5853193.606160001,0.6878,433
60,6.0,420185.37402,5853194.117040001,0.6512,433
60,6.5,420185.18244,5853194.564060001,0.6512,433
60,7.0,420185.05472,5853195.074940001,0.6512,433
60,7.5,420184.86314000003,5853195.5219600005,0.6386,433
60,8.0,420184.73542,5853196.03284,0.6512,433
60,8.5,420184.54384,5853196.479860001,0.5712,433
60,9.0,420184.41612,5853196.926880001,0.6386,433
60,9.5,420184.22454,5853197.437760001,0.5712,433
60,10.0,420184.09682000004,5853197.884780001,0.6386,433
60,10.5,420183.9691,5853198.395660001,0.6386,433
60,11.0,420183.77752,5853198.842680001,0.6386,433
60,11.5,420183.58594,5853199.289700001,0.5712,433
60,12.0,420183.45822000003,5853199.8005800005,0.6512,433
60,12.5,420183.26664,5853200.247600001,0.6386,433
60,13.0,420183.13892,5853200.758480001,0.6878,433
60,13.5,420182.94734,5853201.205500001,0.6512,433
60,14.0,420182.81962,5853201.652520001,0.6878,433
60,14.5,420182.69190000003,5853202.163400001,0.6878,433
60,15.0,420182.50032,5853202.610420001,0.7447,433
60,15.5,420182.3726,5853203.121300001,0.6878,433
60,16.0,420182.18102,5853203.568320001,0.7769,433
61,0.0,420111.29642,5853108.544640001,0.2554,539
61,0.5,420111.04098,5853108.991660001,0.2856,539
61,1.0,420110.8494,5853109.438680001,0.1806,539
61,1.5,420110.53010000003,5853109.821840001,0.1806,539
61,2.0,420110.27466,5853110.268860001,0.1277,539
61,2.5,420110.08308,5853110.715880001,0.2554,539
61,3.0,420109.8915,5853111.162900001,0.2554,539
61,3.5,420109.63606,5853111.609920001,0.2554,539
61,4.0,420109.38062,5853112.0569400005,0.2554,539
61,4.5,420109.18904,5853112.503960001,0.2856,539
61,5.0,420108.9336,5853112.950980001,0.1806,539
61,5.5,420108.74202,5853113.398000001,0.2554,539
61,6.0,420108.55044,5853113.845020001,0.2554,539
61,6.5,420108.35886,5853114.292040001,0.2554,539
61,7.0,420108.10342,5853114.7390600005,0.1806,539
61,7.5,420107.91184,5853115.18608,0.2554,539
61,8.0,420107.72026000003,5853115.696960001,0.2554,539
61,8.5,420107.52868,5853116.143980001,0.1806,539
61,9.0,420107.27324,5853116.591000001,0.2554,539
61,9.5,420107.08166,5853117.038020001,0.2554,539
61,10.0,420106.89008,5853117.485040001,0.2554,539
61,10.5,420106.6985,5853117.9320600005,0.2554,539
61,11.0,420106.44306,5853118.379080001,0.2554,539
61,11.5,420106.25148,5853118.826100001,0.2554,539
61,12.0,420106.0599,5853119.273120001,0.2554,539
61,12.5,420105.80446,5853119.720140001,0.2554,539
61,13.0,420105.61288000003,5853120.167160001,0.2856,539
61,13.5,420105.35744,5853120.6141800005,0.2856,539
61,14.0,420105.16586,5853121.061200001,0.3612,539
61,14.5,420104.91042000003,5853121.572080001,0.2856,539
61,15.0,420104.71884,5853122.019100001,0.3612,539
61,15.5,420104.52726,5853122.466120001,0.3612,539
61,16.0,420104.27182,5853122.913140001,0.2856,539
62,0.0,420115.0003,5852976.546020001,0.1806,305
62,0.5,420114.74486000004,5852976.993040001,0.2554,305
62,1.0,420114.48942,5852977.376200001,0.3612,305
62,1.5,420114.23398,5852977.823220001,0.3612,305
62,2.0,420113.97854,5852978.27024,0.3612,305
62,2.5,420113.7231,5852978.717260001,0.2856,305
62,3.0,420113.53152,5852979.164280001,0.3612,305
62,3.5,420113.27608,5852979.611300001,0.3612,305
62,4.0,420113.02064,5852980.058320001,0.2856,305
62,4.5,420112.82906,5852980.505340001,0.2856,305
62,5.0,420112.57362,5852980.888500001,0.2554,305
62,5.5,420112.38204,5852981.399380001,0.2856,305
62,6.0,420112.1266,5852981.782540001,0.2554,305
62,6.5,420111.93502000003,5852982.293420001,0.2856,305
62,7.0,420111.67958,5852982.676580001,0.2554,305
62,7.5,420111.488,5852983.187460001,0.3612,305
62,8.0,420111.23256000003,5852983.57062,0.2554,305
62,8.5,420111.04098,5852984.017640001,0.3612,305
62,9.0,420110.78554,5852984.464660001,0.2856,305
62,9.5,420110.59396,5852984.911680001,0.3612,305
62,10.0,420110.40238,5852985.422560001,0.4039,305
62,10.5,420110.14694,5852985.869580001,0.4039,305
62,11.0,420109.95536,5852986.3166000005,0.4039,305
62,11.5,420109.69992,5852986.763620001,0.4605,305
62,12.0,420109.50834,5852987.210640001,0.4605,305
62,12.5,420109.2529,5852987.657660001,0.4605,305
62,13.0,420109.06132,5852988.104680001,0.4605,305
62,13.5,420108.80588,5852988.551700001,0.4605,305
62,14.0,420108.6143,5852988.9987200005,0.5266,305
62,14.5,420108.35886,5852989.445740001,0.5266,305
62,15.0,420108.16728,5852989.892760001,0.5266,305
62,15.5,420107.9757,5852990.339780001,0.5712,305
62,16.0,420107.78412,5852990.786800001,0.6878,305
63,0.0,419954.58398,5853229.303900001,0.3612,6
63,0.5,419954.20082,5853229.623200001,0.4605,6
63,1.0,419953.81766,5853230.006360001,0.4605,6
63,1.5,419953.49836,5853230.325660001,0.4605,6
63,2.0,419953.17906,5853230.708820001,0.5266,6
63,2.5,419952.85976,5853231.091980001,0.4605,6
63,3.0,419952.54046,5853231.475140001,0.4605,6
63,3.5,419952.1573,5853231.8583,0.4605,6
63,4.0,419951.838,5853232.177600001,0.4605,6
63,4.5,419951.5187,5853232.560760001,0.4605,6
63,5.0,419951.1994,5853232.94392,0.4605,6
63,5.5,419950.81624,5853233.327080001,0.4605,6
63,6.0,419950.49694,5853233.710240001,0.4605,6
63,6.5,419950.17764,5853234.0295400005,0.3612,6
63,7.0,419949.85834000004,5853234.412700001,0.4039,6
63,7.5,419949.53904,5853234.795860001,0.3612,6
63,8.0,419949.15588000003,5853235.179020001,0.3612,6
63,8.5,419948.83658,5853235.562180001,0.3612,6
63,9.0,419948.51728000003,5853235.945340001,0.3612,6
63,9.5,419948.19798,5853236.264640001,0.3612,6
63,10.0,419947.87868,5853236.6478,0.3612,6
63,10.5,419947.49552,5853237.030960001,0.3612,6
63,11.0,419947.17622,5853237.414120001,0.3612,6
63,11.5,419946.85692,5853237.7972800005,0.3612,6
63,12.0,419946.47376,5853238.180440001,0.4605,6
63,12.5,419946.15446,5853238.499740001,0.4605,6
63,13.0,419945.83516,5853238.882900001,0.4605,6
63,13.5,419945.452,5853239.266060001,0.4605,6
63,14.0,419945.1327,5853239.585360001,0.4605,6
63,14.5,419944.8134,5853239.968520001,0.5419,6
63,15.0,419944.43024,5853240.351680001,0.4605,6
63,15.5,419944.11094,5853240.734840001,0.4605,6
63,16.0,419943.79164,5853241.054140001,0.4605,6
64,0.0,420097.18336,5853101.9032000005,0.1806,520
64,0.5,420097.05564000004,5853102.4140800005,0.2554,520
64,1.0,420096.92792,5853102.861100001,0.2554,520
64,1.5,420096.86406,5853103.371980001,0.2554,520
64,2.0,420096.8002,5853103.882860001,0.2554,520
64,2.5,420096.73634,5853104.329880001,0.2554,520
64,3.0,420096.60862,5853104.840760001,0.1277,520
64,3.5,420096.54476,5853105.351640001,0.1277,520
64,4.0,420096.4809,5853105.862520001,0.1806,520
64,4.5,420096.41704000003,5853106.309540001,0.1806,520
64,5.0,420096.41704000003,5853106.820420001,0.1277,520
64,5.5,420096.35318000003,5853107.331300001,0.2554,520
64,6.0,420096.22546,5853107.842180001,0.2554,520
64,6.5,420096.09774,5853108.2892,0.2554,520
64,7.0,420095.97002,5853108.80008,0.2856,520
64,7.5,420095.90616,5853109.247100001,0.3832,520
64,8.0,420095.77844,5853109.757980001,0.3832,520
64,8.5,420095.58686,5853110.205000001,0.3612,520
64,9.0,420095.45914,5853110.715880001,0.4039,520
64,9.5,420095.26756,5853111.162900001,0.2856,520
64,10.0,420095.13984,5853111.673780001,0.3832,520
64,10.5,420095.01212,5853112.120800001,0.3612,520
64,11.0,420094.82054,5853112.56782,0.2856,520
64,11.5,420094.69282,5853113.0787,0.3612,520
64,12.0,420094.50124,5853113.525720001,0.3612,520
64,12.5,420094.30966,5853114.036600001,0.3612,520
64,13.0,420094.11808,5853114.483620001,0.2856,520
64,13.5,420093.99036,5853114.930640001,0.3832,520
64,14.0,420093.79878,5853115.441520001,0.3832,520
64,14.5,420093.67106,5853115.888540001,0.3832,520
64,15.0,420093.47948,5853116.3355600005,0.4039,520
64,15.5,420093.35176,5853116.84644,0.3612,520
65,0.0,420147.5689,5853023.994000001,0.4039,276
65,0.5,420147.31346000003,5853024.441020001,0.3612,276
65,1.0,420147.05802,5853024.82418,0.2856,276
65,1.5,420146.73872,5853025.271200001,0.2554,276
65,2.0,420146.48328,5853025.718220001,0.2856,276
65,2.5,420146.2917,5853026.101380001,0.1806,276
65,3.0,420146.03626,5853026.548400001,0.2554,276
65,3.5,420145.71696,5853026.9954200005,0.2856,276
65,4.0,420145.52538,5853027.44244,0.3612,276
65,4.5,420145.26994,5853027.889460001,0.3612,276
65,5.0,420145.0145,5853028.272620001,0.2856,276
65,5.5,420144.82292,5853028.719640001,0.3612,276
65,6.0,420144.56748,5853029.166660001,0.3612,276
65,6.5,420144.31204,5853029.61368,0.2856,276
65,7.0,420144.12046,5853030.060700001,0.4039,276
65,7.5,420143.86502,5853030.507720001,0.3612,276
65,8.0,420143.60958,5853030.954740001,0.3612,276
65,8.5,420143.418,5853031.401760001,0.4039,276
65,9.0,420143.16256,5853031.848780001,0.4039,276
65,9.5,420142.97098,5853032.2958,0.3612,276
65,10.0,420142.71554,5853032.678960001,0.4605,276
65,10.5,420142.4601,5853033.125980001,0.4039,276
65,11.0,420142.20466,5853033.573000001,0.4039,276
65,11.5,420142.01308,5853034.020020001,0.4605,276
65,12.0,420141.75764,5853034.4670400005,0.4039,276
65,12.5,420141.5022,5853034.914060001,0.3612,276
65,13.0,420141.24676,5853035.297220001,0.4039,276
65,13.5,420140.99132000003,5853035.744240001,0.4039,276
65,14.0,420140.73588,5853036.191260001,0.3612,276
65,14.5,420140.48044,5853036.57442,0.3612,276
65,15.0,420140.16114,5853037.021440001,0.3612,276
65,15.5,420139.9057,5853037.404600001,0.4039,276
66,0.0,420126.68668,5852956.110820001,0.3612,288
66,0.5,420126.43124,5852956.557840001,0.3612,288
66,1.0,420126.11194000003,5852956.941000001,0.3612,288
66,1.5,420125.8565,5852957.38802,0.4039,288
66,2.0,420125.60106,5852957.771180001,0.4039,288
66,2.5,420125.34562,5852958.218200001,0.3612,288
66,3.0,420125.02632,5852958.601360001,0.4039,288
66,3.5,420124.77088,5852959.0483800005,0.4039,288
66,4.0,420124.51544,5852959.4954,0.4039,288
66,4.5,420124.26,5852959.878560001,0.3612,288
66,5.0,420124.00456000003,5852960.325580001,0.3612,288
66,5.5,420123.74912,5852960.772600001,0.3612,288
66,6.0,420123.49368,5852961.15576,0.3612,288
66,6.5,420123.23824000004,5852961.602780001,0.3612,288
66,7.0,420122.9828,5852962.049800001,0.3612,288
66,7.5,420122.72736,5852962.496820001,0.4039,288
66,8.0,420122.47192,5852962.943840001,0.4605,288
66,8.5,420122.28034,5852963.3270000005,0.4039,288
66,9.0,420121.96104,5852963.774020001,0.4605,288
66,9.5,420121.7056,5852964.157180001,0.4605,288
66,10.0,420121.3863,5852964.604200001,0.3612,288
66,10.5,420121.13086000003,5852964.987360001,0.4039,288
66,11.0,420120.81156,5852965.370520001,0.3612,288
66,11.5,420120.49226,5852965.817540001,0.4039,288
66,12.0,420120.23682,5852966.200700001,0.4605,288
66,12.5,420119.91752,5852966.583860001,0.4605,288
66,13.0,420119.66208,5852967.03088,0.4605,288
66,13.5,420119.34278,5852967.414040001,0.5266,288
66,14.0,420119.02348000003,5852967.797200001,0.5266,288
66,14.5,420118.76804,5852968.180360001,0.5419,288
66,15.0,420118.44874,5852968.62738,0.5419,288
66,15.5,420118.12944,5852969.010540001,0.5712,288
67,0.0,419842.82898,5853147.690820001,0.2856,117
67,0.5,419842.44582,5853148.073980001,0.1806,117
67,1.0,419842.12652,5853148.39328,0.1806,117
67,1.5,419841.80722,5853148.776440001,0.2856,117
67,2.0,419841.48792,5853149.159600001,0.1806,117
67,2.5,419841.23248,5853149.606620001,0.1806,117
67,3.0,419840.91318000003,5853149.98978,0.1806,117
67,3.5,419840.53002,5853150.372940001,0.2856,117
67,4.0,419840.21072000003,5853150.692240001,0.2856,117
67,4.5,419839.89142,5853151.139260001,0.2856,117
67,5.0,419839.63598,5853151.522420001,0.2554,117
67,5.5,419839.31668,5853151.905580001,0.2856,117
67,6.0,419838.99738,5853152.288740001,0.2856,117
67,6.5,419838.67808,5853152.6719,0.2856,117
67,7.0,419838.35878,5853153.055060001,0.2856,117
67,7.5,419837.97562,5853153.438220001,0.3612,117
67,8.0,419837.65632,5853153.75752,0.3612,117
67,8.5,419837.27316,5853154.140680001,0.2856,117
67,9.0,419836.95386,5853154.459980001,0.2856,117
67,9.5,419836.5707,5853154.8431400005,0.2856,117
67,10.0,419836.2514,5853155.162440001,0.2856,117
67,10.5,419835.93210000003,5853155.545600001,0.2856,117
67,11.0,419835.54894,5853155.9287600005,0.2856,117
67,11.5,419835.22964000003,5853156.248060001,0.2856,117
67,12.0,419834.84648,5853156.631220001,0.3612,117
67,12.5,419834.52718000003,5853157.0143800005,0.2856,117
67,13.0,419834.20788,5853157.333680001,0.3612,117
67,13.5,419833.82472000003,5853157.716840001,0.2856,117
67,14.0,419833.50542,5853158.100000001,0.3612,117
67,14.5,419833.18612,5853158.483160001,0.3612,117
67,15.0,419832.80296,5853158.866320001,0.4605,117
68,0.0,420075.98184,5853160.71826,0.1806,89
68,0.5,420075.66254,5853161.101420001,0.2856,89
68,1.0,420075.27938,5853161.484580001,0.2856,89
68,1.5,420074.96008,5853161.867740001,0.2856,89
68,2.0,420074.57692,5853162.187040001,0.2856,89
68,2.5,420074.19376,5853162.506340001,0.2856,89
68,3.0,420073.87446,5853162.82564,0.3612,89
68,3.5,420073.4913,5853163.208800001,0.3612,89
68,4.0,420073.172,5853163.591960001,0.3612,89
68,4.5,420072.8527,5853163.975120001,0.2856,89
68,5.0,420072.59726,5853164.358280001,0.2856,89
68,5.5,420072.27796,5853164.741440001,0.2856,89
68,6.0,420071.95866,5853165.124600001,0.2856,89
68,6.5,420071.70322,5853165.5716200005,0.2856,89
68,7.0,420071.38392,5853165.954780001,0.2856,89
68,7.5,420071.06462,5853166.337940001,0.2856,89
68,8.0,420070.74532,5853166.721100001,0.2554,89
68,8.5,420070.48988,5853167.1681200005,0.1806,89
68,9.0,420070.17058000003,5853167.551280001,0.1806,89
68,9.5,420069.78742,5853167.934440001,0.2856,89
68,10.0,420069.46812000003,5853168.253740001,0.1806,89
68,10.5,420069.21268,5853168.70076,0.2554,89
68,11.0,420068.89338,5853169.083920001,0.2856,89
68,11.5,420068.57408,5853169.467080001,0.3612,89
68,12.0,420068.25478,5853169.8502400005,0.3612,89
68,12.5,420067.93548,5853170.233400001,0.3612,89
68,13.0,420067.61618,5853170.616560001,0.2856,89
68,13.5,420067.36074000003,5853171.063580001,0.2856,89
68,14.0,420067.1053,5853171.4467400005,0.2856,89
68,14.5,420066.786,5853171.893760001,0.2856,89
68,15.0,420066.53056,5853172.276920001,0.3612,89
69,0.0,420087.73208,5853108.416920001,0.1277,518
69,0.5,420087.34892,5853108.672360001,0.2554,518
69,1.0,420086.96576,5853109.055520001,0.1806,518
69,1.5,420086.64646,5853109.438680001,0.1806,518
69,2.0,420086.39102,5853109.8857,0.1806,518
69,2.5,420086.19944,5853110.332720001,0.1806,518
69,3.0,420085.88014,5853110.715880001,0.2856,518
69,3.5,420085.6247,5853111.162900001,0.2856,518
69,4.0,420085.36926,5853111.609920001,0.2856,518
69,4.5,420085.11382,5853111.99308,0.2856,518
69,5.0,420084.85838,5853112.440100001,0.2554,518
69,5.5,420084.53908,5853112.823260001,0.2856,518
69,6.0,420084.21978,5853113.206420001,0.3612,518
69,6.5,420083.96434,5853113.58958,0.2856,518
69,7.0,420083.64504000003,5853114.036600001,0.2856,518
69,7.5,420083.3896,5853114.483620001,0.2856,518
69,8.0,420083.19802,5853114.930640001,0.2856,518
69,8.5,420082.94258000003,5853115.377660001,0.2856,518
69,9.0,420082.68714,5853115.76082,0.2554,518
69,9.5,420082.4317,5853116.207840001,0.2856,518
69,10.0,420082.17626,5853116.654860001,0.2856,518
69,10.5,420081.92082,5853117.101880001,0.2856,518
69,11.0,420081.66538,5853117.485040001,0.2554,518
69,11.5,420081.40994,5853117.9320600005,0.1806,518
69,12.0,420081.1545,5853118.379080001,0.2856,518
69,12.5,420080.89906,5853118.762240001,0.2554,518
69,13.0,420080.57976,5853119.209260001,0.2856,518
69,13.5,420080.26046,5853119.592420001,0.2554,518
69,14.0,420080.00502,5853119.975580001,0.2856,518
69,14.5,420079.74958,5853120.422600001,0.2856,518
69,15.0,420079.49414,5853120.805760001,0.2856,518
70,0.0,420028.08684,5853086.83224,0.6386,587
70,0.5,420027.76754000003,5853087.215400001,0.5712,587
70,1.0,420027.5121,5853087.662420001,0.4605,587
70,1.5,420027.25666,5853088.045580001,0.4605,587
70,2.0,420026.93736,5853088.428740001,0.4605,587
70,2.5,420026.61806,5853088.875760001,0.4039,587
70,3.0,420026.36262,5853089.258920001,0.4039,587
70,3.5,420026.04332,5853089.642080001,0.2856,587
70,4.0,420025.78788,5853090.0891,0.3612,587
70,4.5,420025.46858,5853090.472260001,0.2856,587
70,5.0,420025.21314,5853090.919280001,0.2856,587
70,5.5,420024.89384000003,5853091.302440001,0.3612,587
70,6.0,420024.57454,5853091.6856,0.3612,587
70,6.5,420024.25524,5853092.068760001,0.2856,587
70,7.0,420023.9998,5853092.515780001,0.3612,587
70,7.5,420023.6805,5853092.898940001,0.3612,587
70,8.0,420023.3612,5853093.2821,0.3612,587
70,8.5,420023.0419,5853093.665260001,0.2856,587
70,9.0,420022.78646000003,5853094.112280001,0.3612,587
70,9.5,420022.46716,5853094.495440001,0.4039,587
70,10.0,420022.21172,5853094.8786,0.3612,587
70,10.5,420021.89242,5853095.261760001,0.4039,587
70,11.0,420021.57312,5853095.708780001,0.4039,587
70,11.5,420021.25382,5853096.091940001,0.4039,587
70,12.0,420020.99838,5853096.4751,0.4039,587
70,12.5,420020.67908000003,5853096.858260001,0.4605,587
70,13.0,420020.35978,5853097.241420001,0.4039,587
70,13.5,420020.04048,5853097.688440001,0.4605,587
70,14.0,420019.72118,5853098.0716,0.4605,587
70,14.5,420019.46574,5853098.454760001,0.4605,587
70,15.0,420019.14644,5853098.837920001,0.5419,587
71,0.0,420057.46244000003,5853096.794400001,0.8568,66
71,0.5,420057.33472,5853097.241420001,0.6386,66
71,1.0,420057.14314,5853097.752300001,0.5109,66
71,1.5,420057.01542,5853098.199320001,0.5266,66
71,2.0,420056.82384,5853098.710200001,0.5109,66
71,2.5,420056.69612,5853099.15722,0.5266,66
71,3.0,420056.5684,5853099.668100001,0.5266,66
71,3.5,420056.37682,5853100.115120001,0.5266,66
71,4.0,420056.2491,5853100.626000001,0.6386,66
71,4.5,420056.12138,5853101.073020001,0.6386,66
71,5.0,420055.9298,5853101.583900001,0.6386,66
71,5.5,420055.80208,5853102.030920001,0.6386,66
71,6.0,420055.6105,5853102.477940001,0.5109,66
71,6.5,420055.48278,5853102.988820001,0.5712,66
71,7.0,420055.2912,5853103.43584,0.5266,66
71,7.5,420055.09962,5853103.882860001,0.5109,66
71,8.0,420054.9719,5853104.393740001,0.4605,66
71,8.5,420054.78032,5853104.840760001,0.4039,66
71,9.0,420054.52488,5853105.287780001,0.4605,66
71,9.5,420054.26944,5853105.670940001,0.5266,66
71,10.0,420054.014,5853106.11796,0.5712,66
71,10.5,420053.75856,5853106.564980001,0.5712,66
71,11.0,420053.50312,5853107.012000001,0.5712,66
71,11.5,420053.24768000003,5853107.459020001,0.5712,66
71,12.0,420053.0561,5853107.906040001,0.5712,66
71,12.5,420052.86452,5853108.353060001,0.5712,66
71,13.0,420052.67294,5853108.80008,0.6386,66
71,13.5,420052.48136000003,5853109.31096,0.6386,66
71,14.0,420052.35364,5853109.757980001,0.5712,66
71,14.5,420052.16206,5853110.205000001,0.5266,66
71,15.0,420051.90662,5853110.652020001,0.6386,66
72,0.0,420316.03158,5853330.458140001,0.2856,704
72,0.5,420315.96772,5853330.969020001,0.3832,704
72,1.0,420315.84,5853331.4160400005,0.3832,704
72,1.5,420315.71228,5853331.92692,0.4039,704
72,2.0,420315.58456,5853332.373940001,0.4039,704
72,2.5,420315.39298,5853332.884820001,0.2856,704
72,3.0,420315.26526,5853333.331840001,0.2856,704
72,3.5,420315.13754,5853333.842720001,0.3612,704
72,4.0,420315.00982,5853334.289740001,0.3612,704
72,4.5,420314.8821,5853334.800620001,0.3832,704
72,5.0,420314.81824,5853335.311500001,0.3612,704
72,5.5,420314.62666,5853335.758520001,0.4605,704
72,6.0,420314.43508,5853336.20554,0.3612,704
72,6.5,420314.30736000004,5853336.71642,0.4039,704
72,7.0,420314.2435,5853337.2273,0.5109,704
72,7.5,420314.11578,5853337.674320001,0.4605,704
72,8.0,420314.05192,5853338.185200001,0.4039,704
72,8.5,420313.9242,5853338.696080001,0.4039,704
72,9.0,420313.79648,5853339.143100001,0.3832,704
72,9.5,420313.73262,5853339.653980001,0.4039,704
72,10.0,420313.60490000003,5853340.164860001,0.3832,704
72,10.5,420313.54104,5853340.611880001,0.4039,704
72,11.0,420313.47718,5853341.122760001,0.5109,704
72,11.5,420313.34946,5853341.633640001,0.5109,704
72,12.0,420313.22174,5853342.08066,0.5109,704
72,12.5,420313.15788,5853342.59154,0.5109,704
72,13.0,420313.03016,5853343.038560001,0.5266,704
72,13.5,420312.90244000003,5853343.549440001,0.5266,704
72,14.0,420312.83858,5853344.060320001,0.5109,704
72,14.5,420312.647,5853344.507340001,0.5109,704
72,15.0,420312.51928,5853345.018220001,0.5266,704
73,0.0,420162.2567,5853073.038480001,0.1277,197
73,0.5,420161.9374,5853073.421640001,0.3612,197
73,1.0,420161.6181,5853073.804800001,0.2856,197
73,1.5,420161.2988,5853074.187960001,0.3612,197
73,2.0,420160.9795,5853074.57112,0.3612,197
73,2.5,420160.6602,5853074.954280001,0.3612,197
73,3.0,420160.3409,5853075.337440001,0.3612,197
73,3.5,420159.95774,5853075.6567400005,0.2856,197
73,4.0,420159.57458,5853076.039900001,0.3612,197
73,4.5,420159.19142,5853076.295340001,0.3612,197
73,5.0,420158.80826,5853076.614640001,0.3612,197
73,5.5,420158.4251,5853076.933940001,0.3612,197
73,6.0,420158.04194,5853077.25324,0.2856,197
73,6.5,420157.65878,5853077.572540001,0.2856,197
73,7.0,420157.21176000003,5853077.8279800005,0.3612,197
73,7.5,420156.8286,5853078.147280001,0.3612,197
73,8.0,420156.44544,5853078.466580001,0.3612,197
73,8.5,420156.06228,5853078.785880001,0.2856,197
73,9.0,420155.67912,5853079.105180001,0.3612,197
73,9.5,420155.29596,5853079.488340001,0.3612,197
73,10.0,420154.97666,5853079.807640001,0.3612,197
73,10.5,420154.5935,5853080.126940001,0.3612,197
73,11.0,420154.21034,5853080.44624,0.3612,197
73,11.5,420153.82718,5853080.829400001,0.4605,197
73,12.0,420153.50788,5853081.148700001,0.4605,197
73,12.5,420153.12472,5853081.468000001,0.4605,197
73,13.0,420152.74156,5853081.787300001,0.4039,197
73,13.5,420152.3584,5853082.1066000005,0.4039,197
73,14.0,420151.97524,5853082.425900001,0.3612,197
73,14.5,420151.52822,5853082.745200001,0.4605,197
73,15.0,420151.14506,5853083.000640001,0.4039,197
74,0.0,419994.75192,5853124.381920001,0.2856,92
74,0.5,419994.49648000003,5853124.82894,0.3612,92
74,1.0,419994.24104,5853125.212100001,0.3612,92
74,1.5,419993.9856,5853125.659120001,0.3612,92
74,2.0,419993.73016,5853126.106140001,0.3612,92
74,2.5,419993.47472,5853126.553160001,0.3612,92
74,3.0,419993.21928,5853127.00018,0.4039,92
74,3.5,419993.02770000004,5853127.383340001,0.4039,92
74,4.0,419992.77226,5853127.830360001,0.4039,92
74,4.5,419992.51682,5853128.277380001,0.4039,92
74,5.0,419992.26138,5853128.724400001,0.4039,92
74,5.5,419992.00594,5853129.10756,0.3612,92
74,6.0,419991.7505,5853129.554580001,0.2856,92
74,6.5,419991.4312,5853130.001600001,0.2856,92
74,7.0,419991.23962,5853130.384760001,0.3612,92
74,7.5,419990.98418,5853130.831780001,0.4039,92
74,8.0,419990.7926,5853131.2788,0.4039,92
74,8.5,419990.53716,5853131.725820001,0.5266,92
74,9.0,419990.28172,5853132.172840001,0.5266,92
74,9.5,419990.02628,5853132.619860001,0.5266,92
74,10.0,419989.77084,5853133.066880001,0.4605,92
74,10.5,419989.51540000003,5853133.4500400005,0.4605,92
74,11.0,419989.25996,5853133.897060001,0.4039,92
74,11.5,419988.94066,5853134.280220001,0.4605,92
74,12.0,419988.68522,5853134.727240001,0.4605,92
74,12.5,419988.42978,5853135.174260001,0.4605,92
74,13.0,419988.17434,5853135.55742,0.5266,92
74,13.5,419987.9189,5853136.004440001,0.5419,92
74,14.0,419987.66346,5853136.451460001,0.5712,92
74,14.5,419987.40802000003,5853136.898480001,0.5712,92
74,15.0,419987.15258,5853137.281640001,0.5712,92
75,0.0,420071.2562,5853161.037560001,0.2856,588
75,0.5,420070.93690000003,5853161.420720001,0.2856,588
75,1.0,420070.6176,5853161.8038800005,0.2856,588
75,1.5,420070.2983,5853162.187040001,0.3612,588
75,2.0,420069.979,5853162.570200001,0.3612,588
75,2.5,420069.6597,5853162.953360001,0.3612,588
75,3.0,420069.3404,5853163.336520001,0.2856,588
75,3.5,420069.0211,5853163.719680001,0.2856,588
75,4.0,420068.7018,5853164.102840001,0.2856,588
75,4.5,420068.3825,5853164.4860000005,0.3612,588
75,5.0,420067.99934,5853164.869160001,0.2856,588
75,5.5,420067.7439,5853165.252320001,0.3612,588
75,6.0,420067.4246,5853165.635480001,0.3612,588
75,6.5,420067.1053,5853166.01864,0.3612,588
75,7.0,420066.786,5853166.401800001,0.2856,588
75,7.5,420066.4667,5853166.784960001,0.2856,588
75,8.0,420066.21126,5853167.231980001,0.2856,588
75,8.5,420065.89196,5853167.615140001,0.2856,588
75,9.0,420065.57266,5853167.998300001,0.3612,588
75,9.5,420065.25336000003,5853168.381460001,0.2856,588
75,10.0,420064.8702,5853168.7646200005,0.3612,588
75,10.5,420064.55090000003,5853169.083920001,0.4605,588
75,11.0,420064.2316,5853169.467080001,0.4605,588
75,11.5,420063.9123,5853169.8502400005,0.4605,588
75,12.0,420063.593,5853170.233400001,0.4605,588
75,12.5,420063.2737,5853170.616560001,0.4605,588
75,13.0,420062.89054,5853170.999720001,0.4605,588
75,13.5,420062.57124,5853171.38288,0.4605,588
75,14.0,420062.25194,5853171.766040001,0.4605,588
75,14.5,420061.9965,5853172.149200001,0.4605,588
75,15.0,420061.67720000003,5853172.532360001,0.4039,588
76,0.0,420020.61522,5853222.023860001,0.3832,29
76,0.5,420020.61522,5853222.534740001,0.3832,29
76,1.0,420020.61522,5853223.045620001,0.3832,29
76,1.5,420020.61522,5853223.492640001,0.3832,29
76,2.0,420020.61522,5853224.003520001,0.3832,29
76,2.5,420020.61522,5853224.514400001,0.3832,29
76,3.0,420020.61522,5853225.025280001,0.5109,29
76,3.5,420020.61522,5853225.536160001,0.5109,29
76,4.0,420020.61522,5853226.047040001,0.5109,29
76,4.5,420020.61522,5853226.49406,0.5109,29
76,5.0,420020.61522,5853227.00494,0.5109,29
76,5.5,420020.61522,5853227.515820001,0.5109,29
76,6.0,420020.55136,5853228.026700001,0.3832,29
76,6.5,420020.55136,5853228.537580001,0.3832,29
76,7.0,420020.4875,5853228.984600001,0.3832,29
76,7.5,420020.4875,5853229.495480001,0.3832,29
76,8.0,420020.4875,5853230.006360001,0.3832,29
76,8.5,420020.4875,5853230.517240001,0.4039,29
76,9.0,420020.4875,5853231.028120001,0.5109,29
76,9.5,420020.4875,5853231.539000001,0.5109,29
76,10.0,420020.42364,5853231.986020001,0.5109,29
76,10.5,420020.42364,5853232.496900001,0.5109,29
76,11.0,420020.35978,5853233.007780001,0.5109,29
76,11.5,420020.35978,5853233.5186600005,0.5109,29
76,12.0,420020.35978,5853234.0295400005,0.5109,29
76,12.5,420020.35978,5853234.476560001,0.6386,29
76,13.0,420020.35978,5853234.987440001,0.6386,29
76,13.5,420020.35978,5853235.498320001,0.6386,29
76,14.0,420020.29592,5853236.009200001,0.6386,29
76,14.5,420020.29592,5853236.520080001,0.6386,29
76,15.0,420020.29592,5853237.030960001,0.6386,29
77,0.0,420135.56322,5852950.555000001,0.4039,287
77,0.5,420135.30778000003,5852950.93816,0.4605,287
77,1.0,420134.92462,5852951.321320001,0.4605,287
77,1.5,420134.4776,5852951.576760001,0.4039,287
77,2.0,420134.09444,5852951.896060001,0.4605,287
77,2.5,420133.77514,5852952.279220001,0.4039,287
77,3.0,420133.5197,5852952.662380001,0.4039,287
77,3.5,420133.20040000003,5852953.1094,0.4605,287
77,4.0,420132.94496,5852953.492560001,0.4605,287
77,4.5,420132.62566,5852953.939580001,0.4039,287
77,5.0,420132.37022,5852954.322740001,0.4039,287
77,5.5,420132.11478,5852954.7697600005,0.4605,287
77,6.0,420131.85934,5852955.21678,0.4039,287
77,6.5,420131.6039,5852955.599940001,0.4039,287
77,7.0,420131.2846,5852956.046960001,0.4605,287
77,7.5,420131.02916000003,5852956.430120001,0.4605,287
77,8.0,420130.77372,5852956.87714,0.3612,287
77,8.5,420130.45442,5852957.260300001,0.4039,287
77,9.0,420130.19898,5852957.707320001,0.4605,287
77,9.5,420129.94354,5852958.090480001,0.4605,287
77,10.0,420129.62424000003,5852958.537500001,0.4039,287
77,10.5,420129.3688,5852958.920660001,0.4605,287
77,11.0,420129.0495,5852959.303820001,0.4605,287
77,11.5,420128.7302,5852959.750840001,0.5266,287
77,12.0,420128.47476,5852960.134000001,0.4605,287
77,12.5,420128.15546,5852960.517160001,0.5712,287
77,13.0,420127.83616,5852960.900320001,0.5419,287
77,13.5,420127.58072,5852961.347340001,0.5419,287
77,14.0,420127.26142,5852961.7305000005,0.6386,287
77,14.5,420126.94212,5852962.113660001,0.6878,287
77,15.0,420126.62282,5852962.496820001,0.6386,287
78,0.0,420143.29028,5853012.690780001,0.4039,272
78,0.5,420143.03484,5853013.137800001,0.5419,272
78,1.0,420142.7794,5853013.520960001,0.6878,272
78,1.5,420142.52396,5853013.967980001,0.6878,272
78,2.0,420142.39624000003,5853014.415000001,0.5266,272
78,2.5,420142.20466,5853014.925880001,0.4605,272
78,3.0,420141.94922,5853015.372900001,0.4039,272
78,3.5,420141.75764,5853015.819920001,0.4039,272
78,4.0,420141.56606,5853016.2669400005,0.4039,272
78,4.5,420141.31062,5853016.713960001,0.3612,272
78,5.0,420141.11904,5853017.160980001,0.3612,272
78,5.5,420140.92746000004,5853017.608000001,0.3832,272
78,6.0,420140.73588,5853018.055020001,0.4039,272
78,6.5,420140.5443,5853018.565900001,0.4039,272
78,7.0,420140.35272,5853019.012920001,0.4039,272
78,7.5,420140.16114,5853019.45994,0.4039,272
78,8.0,420139.96956,5853019.97082,0.4039,272
78,8.5,420139.77798,5853020.417840001,0.4039,272
78,9.0,420139.58640000003,5853020.864860001,0.4039,272
78,9.5,420139.39482,5853021.311880001,0.4039,272
78,10.0,420139.20324,5853021.758900001,0.4039,272
78,10.5,420139.01166,5853022.269780001,0.4039,272
78,11.0,420138.82008000003,5853022.7168000005,0.4039,272
78,11.5,420138.6285,5853023.16382,0.4039,272
78,12.0,420138.43692,5853023.610840001,0.4039,272
78,12.5,420138.24534,5853024.057860001,0.4039,272
78,13.0,420138.05376,5853024.568740001,0.2856,272
78,13.5,420137.79832,5853024.951900001,0.2856,272
78,14.0,420137.60674,5853025.462780001,0.2856,272
78,14.5,420137.41516000003,5853025.9098000005,0.2856,272
78,15.0,420137.15972,5853026.356820001,0.3612,272
79,0.0,420037.66584000003,5853217.106640001,0.2554,35
79,0.5,420037.21882,5853217.298220001,0.2554,35
79,1.0,420036.70794,5853217.42594,0.1806,35
79,1.5,420036.26092000003,5853217.617520001,0.2554,35
79,2.0,420035.8139,5853217.809100001,0.1806,35
79,2.5,420035.30302,5853218.0006800005,0.1806,35
79,3.0,420034.856,5853218.192260001,0.1277,35
79,3.5,420034.40898,5853218.319980001,0.1806,35
79,4.0,420033.8981,5853218.5115600005,0.1806,35
79,4.5,420033.45108,5853218.639280001,0.2554,35
79,5.0,420032.9402,5853218.767000001,0.2554,35
79,5.5,420032.49318,5853218.958580001,0.2554,35
79,6.0,420032.04616,5853219.086300001,0.2856,35
79,6.5,420031.53528,5853219.214020001,0.3612,35
79,7.0,420031.0244,5853219.341740001,0.3612,35
79,7.5,420030.57738000003,5853219.469460001,0.2856,35
79,8.0,420030.0665,5853219.5971800005,0.2856,35
79,8.5,420029.61948,5853219.724900001,0.3612,35
79,9.0,420029.1086,5853219.852620001,0.2856,35
79,9.5,420028.66158,5853219.980340001,0.3612,35
79,10.0,420028.1507,5853220.171920001,0.3832,35
79,10.5,420027.70368000004,5853220.299640001,0.3832,35
79,11.0,420027.1928,5853220.491220001,0.3612,35
79,11.5,420026.74578,5853220.61894,0.3612,35
79,12.0,420026.29876000003,5853220.810520001,0.2856,35
79,12.5,420025.78788,5853220.938240001,0.2554,35
79,13.0,420025.34086,5853221.065960001,0.3612,35
79,13.5,420024.82998,5853221.1936800005,0.3832,35
79,14.0,420024.38296,5853221.385260001,0.3832,35
79,14.5,420023.87208,5853221.512980001,0.3832,35
79,15.0,420023.42506,5853221.70456,0.1277,35
80,0.0,420012.18570000003,5853060.011040001,0.4605,360
80,0.5,420012.05798,5853060.521920001,0.4605,360
80,1.0,420011.93026,5853060.968940001,0.4605,360
80,1.5,420011.73868,5853061.415960001,0.4605,360
80,2.0,420011.5471,5853061.926840001,0.4039,360
80,2.5,420011.41938,5853062.373860001,0.4039,360
80,3.0,420011.29166,5853062.884740001,0.5109,360
80,3.5,420011.16394,5853063.33176,0.5266,360
80,4.0,420011.03622,5853063.84264,0.5266,360
80,4.5,420010.9085,5853064.289660001,0.5266,360
80,5.0,420010.78078000003,5853064.800540001,0.5109,360
80,5.5,420010.5892,5853065.247560001,0.5712,360
80,6.0,420010.39762,5853065.758440001,0.5109,360
80,6.5,420010.2699,5853066.205460001,0.5266,360
80,7.0,420010.14218,5853066.716340001,0.6386,360
80,7.5,420010.01446000003,5853067.163360001,0.5712,360
80,8.0,420009.82288,5853067.61038,0.5266,360
80,8.5,420009.69516,5853068.12126,0.5712,360
80,9.0,420009.50358,5853068.568280001,0.5266,360
80,9.5,420009.37586000003,5853069.079160001,0.5712,360
80,10.0,420009.18428,5853069.526180001,0.5266,360
80,10.5,420009.05656,5853070.037060001,0.5712,360
80,11.0,420008.92884,5853070.484080001,0.5712,360
80,11.5,420008.73726,5853070.994960001,0.5712,360
80,12.0,420008.60954000003,5853071.441980001,0.5712,360
80,12.5,420008.41796,5853071.889,0.5266,360
80,13.0,420008.29024,5853072.39988,0.5712,360
80,13.5,420008.09866,5853072.846900001,0.5109,360
80,14.0,420007.97094,5853073.357780001,0.5712,360
80,14.5,420007.77936,5853073.804800001,0.5266,360
80,15.0,420007.65164,5853074.315680001,0.6386,360
81,0.0,420361.11674,5853270.557460001,0.7663,743
81,0.5,420361.05288000003,5853271.068340001,0.5266,743
81,1.0,420361.05288000003,5853271.579220001,0.5109,743
81,1.5,420361.11674,5853272.0262400005,0.6386,743
81,2.0,420361.11674,5853272.53712,0.6386,743
81,2.5,420361.11674,5853273.048,0.6386,743
81,3.0,420361.05288000003,5853273.55888,0.5109,743
81,3.5,420361.05288000003,5853274.069760001,0.5266,743
81,4.0,420360.98902,5853274.516780001,0.5266,743
81,4.5,420360.92516,5853275.027660001,0.5109,743
81,5.0,420360.92516,5853275.538540001,0.5266,743
81,5.5,420360.8613,5853276.049420001,0.5712,743
81,6.0,420360.8613,5853276.560300001,0.6386,743
81,6.5,420360.79744,5853277.007320001,0.6386,743
81,7.0,420360.79744,5853277.518200001,0.6386,743
81,7.5,420360.73358,5853278.029080001,0.6386,743
81,8.0,420360.66972,5853278.539960001,0.6386,743
81,8.5,420360.66972,5853278.9869800005,0.6386,743
81,9.0,420360.60586,5853279.4978600005,0.6386,743
81,9.5,420360.542,5853280.00874,0.6386,743
81,10.0,420360.47814,5853280.51962,0.5266,743
81,10.5,420360.47814,5853281.030500001,0.6386,743
81,11.0,420360.41428,5853281.477520001,0.6386,743
81,11.5,420360.41428,5853281.988400001,0.6386,743
81,12.0,420360.35042000003,5853282.499280001,0.6386,743
81,12.5,420360.28656,5853283.010160001,0.6386,743
81,13.0,420360.28656,5853283.521040001,0.6386,743
81,13.5,420360.2227,5853283.968060001,0.6386,743
81,14.0,420360.15884,5853284.478940001,0.6386,743
81,14.5,420360.15884,5853284.989820001,0.5712,743
82,0.0,420084.79452,5853080.382380001,0.2554,59
82,0.5,420084.60294,5853080.829400001,0.2554,59
82,1.0,420084.41136,5853081.340280001,0.2554,59
82,1.5,420084.28364,5853081.787300001,0.2554,59
82,2.0,420084.09206,5853082.234320001,0.2554,59
82,2.5,420083.90048,5853082.681340001,0.2554,59
82,3.0,420083.64504000003,5853083.192220001,0.2856,59
82,3.5,420083.45346,5853083.63924,0.2554,59
82,4.0,420083.26188,5853084.086260001,0.2554,59
82,4.5,420083.0703,5853084.533280001,0.2554,59
82,5.0,420082.87872,5853084.980300001,0.2554,59
82,5.5,420082.68714,5853085.427320001,0.2554,59
82,6.0,420082.4317,5853085.874340001,0.1806,59
82,6.5,420082.24012000003,5853086.3852200005,0.2554,59
82,7.0,420082.04854,5853086.83224,0.2856,59
82,7.5,420081.85696,5853087.279260001,0.2856,59
82,8.0,420081.66538,5853087.726280001,0.3612,59
82,8.5,420081.4738,5853088.173300001,0.3612,59
82,9.0,420081.28222,5853088.620320001,0.2856,59
82,9.5,420081.09064,5853089.131200001,0.3612,59
82,10.0,420080.89906,5853089.5782200005,0.2856,59
82,10.5,420080.70748,5853090.025240001,0.2856,59
82,11.0,420080.5159,5853090.536120001,0.2856,59
82,11.5,420080.32432,5853090.983140001,0.2856,59
82,12.0,420080.13274000003,5853091.430160001,0.2856,59
82,12.5,420079.94116,5853091.877180001,0.3612,59
82,13.0,420079.74958,5853092.324200001,0.3612,59
82,13.5,420079.49414,5853092.77122,0.2856,59
82,14.0,420079.30256,5853093.218240001,0.2856,59
82,14.5,420079.11098,5853093.729120001,0.2856,59
83,0.0,420063.65686,5853071.186540001,0.1806,83
83,0.5,420063.40142,5853071.633560001,0.1277,83
83,1.0,420063.08212,5853072.016720001,0.2856,83
83,1.5,420062.69896,5853072.336020001,0.1806,83
83,2.0,420062.3158,5853072.655320001,0.2554,83
83,2.5,420061.9965,5853073.038480001,0.1806,83
83,3.0,420061.67720000003,5853073.357780001,0.2554,83
83,3.5,420061.29404,5853073.740940001,0.1806,83
83,4.0,420060.97474000003,5853074.124100001,0.1806,83
83,4.5,420060.59158,5853074.507260001,0.1806,83
83,5.0,420060.27228000003,5853074.826560001,0.1806,83
83,5.5,420059.88912,5853075.1458600005,0.1806,83
83,6.0,420059.50596,5853075.529020001,0.2856,83
83,6.5,420059.18666,5853075.848320001,0.2856,83
83,7.0,420058.8035,5853076.231480001,0.2856,83
83,7.5,420058.4842,5853076.550780001,0.1806,83
83,8.0,420058.10104,5853076.933940001,0.1806,83
83,8.5,420057.78174,5853077.317100001,0.1806,83
83,9.0,420057.46244000003,5853077.636400001,0.1806,83
83,9.5,420057.07928,5853078.019560001,0.2856,83
83,10.0,420056.75998000003,5853078.3388600005,0.2554,83
83,10.5,420056.37682,5853078.722020001,0.1806,83
83,11.0,420056.05752000003,5853079.105180001,0.1806,83
83,11.5,420055.73822,5853079.4244800005,0.1806,83
83,12.0,420055.35506000003,5853079.807640001,0.1806,83
83,12.5,420055.03576,5853080.190800001,0.1806,83
83,13.0,420054.65260000003,5853080.573960001,0.1806,83
83,13.5,420054.3333,5853080.95712,0.1806,83
83,14.0,420054.014,5853081.276420001,0.1806,83
83,14.5,420053.6947,5853081.659580001,0.1806,83
84,0.0,420149.29312,5853013.329380001,0.2554,275
84,0.5,420149.10154,5853013.776400001,0.2554,275
84,1.0,420148.90996,5853014.223420001,0.2856,275
84,1.5,420148.65452,5853014.6704400005,0.2856,275
84,2.0,420148.5268,5853015.18132,0.2554,275
84,2.5,420148.33522,5853015.628340001,0.2856,275
84,3.0,420148.14364,5853016.075360001,0.2554,275
84,3.5,420147.95206,5853016.586240001,0.2554,275
84,4.0,420147.76048,5853017.033260001,0.2856,275
84,4.5,420147.50504,5853017.480280001,0.2554,275
84,5.0,420147.31346000003,5853017.927300001,0.2856,275
84,5.5,420147.05802,5853018.37432,0.2856,275
84,6.0,420146.86644,5853018.821340001,0.3612,275
84,6.5,420146.61100000003,5853019.268360001,0.2856,275
84,7.0,420146.41942,5853019.715380001,0.3612,275
84,7.5,420146.16398,5853020.162400001,0.2856,275
84,8.0,420145.9724,5853020.609420001,0.3612,275
84,8.5,420145.78082,5853021.05644,0.3612,275
84,9.0,420145.52538,5853021.503460001,0.3612,275
84,9.5,420145.3338,5853021.950480001,0.3612,275
84,10.0,420145.07836,5853022.397500001,0.3612,275
84,10.5,420144.88678,5853022.844520001,0.3612,275
84,11.0,420144.63134,5853023.291540001,0.3612,275
84,11.5,420144.43976,5853023.73856,0.4039,275
84,12.0,420144.18432,5853024.185580001,0.3612,275
84,12.5,420143.99274,5853024.632600001,0.4039,275
84,13.0,420143.7373,5853025.079620001,0.4039,275
84,13.5,420143.54572,5853025.526640001,0.4039,275
84,14.0,420143.29028,5853025.973660001,0.4039,275
84,14.5,420143.09870000003,5853026.42068,0.4039,275
85,0.0,420147.63276,5853013.58482,0.2856,273
85,0.5,420147.37732,5853014.031840001,0.2856,273
85,1.0,420147.05802,5853014.415000001,0.2856,273
85,1.5,420146.73872,5853014.798160001,0.2856,273
85,2.0,420146.41942,5853015.18132,0.2856,273
85,2.5,420146.16398,5853015.564480001,0.2856,273
85,3.0,420145.84468,5853015.947640001,0.2856,273
85,3.5,420145.52538,5853016.394660001,0.2856,273
85,4.0,420145.20608000003,5853016.77782,0.3612,273
85,4.5,420144.95064,5853017.160980001,0.3612,273
85,5.0,420144.6952,5853017.608000001,0.3612,273
85,5.5,420144.3759,5853017.991160001,0.2554,273
85,6.0,420144.12046,5853018.4381800005,0.2856,273
85,6.5,420143.86502,5853018.821340001,0.3612,273
85,7.0,420143.54572,5853019.268360001,0.2856,273
85,7.5,420143.29028,5853019.651520001,0.3612,273
85,8.0,420143.03484,5853020.098540001,0.3612,273
85,8.5,420142.71554,5853020.481700001,0.2856,273
85,9.0,420142.4601,5853020.928720001,0.3612,273
85,9.5,420142.20466,5853021.311880001,0.3612,273
85,10.0,420141.88536,5853021.758900001,0.4039,273
85,10.5,420141.56606,5853022.14206,0.2856,273
85,11.0,420141.31062,5853022.589080001,0.3612,273
85,11.5,420141.05518,5853022.972240001,0.4039,273
85,12.0,420140.73588,5853023.419260001,0.3612,273
85,12.5,420140.48044,5853023.802420001,0.4039,273
85,13.0,420140.22500000003,5853024.24944,0.4039,273
85,13.5,420139.9057,5853024.632600001,0.4039,273
85,14.0,420139.65026,5853025.079620001,0.4605,273
85,14.5,420139.39482,5853025.462780001,0.4605,273
86,0.0,420089.39244,5853004.261260001,0.1806,312
86,0.5,420089.07314,5853004.644420001,0.2554,312
86,1.0,420088.75384,5853005.02758,0.2856,312
86,1.5,420088.43454,5853005.410740001,0.2856,312
86,2.0,420088.11524,5853005.793900001,0.2554,312
86,2.5,420087.85980000003,5853006.240920001,0.2856,312
86,3.0,420087.5405,5853006.62408,0.2856,312
86,3.5,420087.28506,5853007.007240001,0.2856,312
86,4.0,420086.96576,5853007.454260001,0.2856,312
86,4.5,420086.71032,5853007.837420001,0.2856,312
86,5.0,420086.39102,5853008.22058,0.2856,312
86,5.5,420086.13558,5853008.667600001,0.2856,312
86,6.0,420085.81628,5853009.050760001,0.2856,312
86,6.5,420085.49698,5853009.433920001,0.2554,312
86,7.0,420085.24154,5853009.8809400005,0.2856,312
86,7.5,420084.92224,5853010.264100001,0.2856,312
86,8.0,420084.6668,5853010.711120001,0.2856,312
86,8.5,420084.34750000003,5853011.094280001,0.3612,312
86,9.0,420084.09206,5853011.541300001,0.3612,312
86,9.5,420083.83662,5853011.924460001,0.3832,312
86,10.0,420083.58118,5853012.371480001,0.2856,312
86,10.5,420083.32574,5853012.818500001,0.3612,312
86,11.0,420083.00644,5853013.201660001,0.3612,312
86,11.5,420082.68714,5853013.58482,0.4039,312
86,12.0,420082.36784,5853013.967980001,0.4039,312
86,12.5,420082.04854,5853014.351140001,0.3612,312
86,13.0,420081.72924,5853014.734300001,0.3612,312
86,13.5,420081.40994,5853015.117460001,0.3612,312
86,14.0,420081.09064,5853015.500620001,0.3612,312
86,14.5,420080.77134,5853015.883780001,0.4605,312
87,0.0,420111.93502000003,5853053.880480001,0.2554,232
87,0.5,420111.87116,5853054.391360001,0.1806,232
87,1.0,420111.74344,5853054.838380001,0.2554,232
87,1.5,420111.61572,5853055.3492600005,0.2554,232
87,2.0,420111.488,5853055.8601400005,0.2554,232
87,2.5,420111.42414,5853056.307160001,0.2554,232
87,3.0,420111.29642,5853056.818040001,0.2554,232
87,3.5,420111.1687,5853057.265060001,0.2554,232
87,4.0,420111.04098,5853057.775940001,0.2554,232
87,4.5,420110.91326,5853058.286820001,0.2554,232
87,5.0,420110.78554,5853058.733840001,0.2554,232
87,5.5,420110.72168,5853059.244720001,0.2554,232
87,6.0,420110.59396,5853059.691740001,0.2554,232
87,6.5,420110.53010000003,5853060.202620001,0.2554,232
87,7.0,420110.40238,5853060.713500001,0.2554,232
87,7.5,420110.27466,5853061.16052,0.2554,232
87,8.0,420110.14694,5853061.671400001,0.2554,232
87,8.5,420110.01922,5853062.118420001,0.2554,232
87,9.0,420109.8915,5853062.629300001,0.2554,232
87,9.5,420109.82764000003,5853063.140180001,0.3612,232
87,10.0,420109.69992,5853063.587200001,0.2856,232
87,10.5,420109.5722,5853064.098080001,0.2554,232
87,11.0,420109.44448,5853064.545100001,0.2554,232
87,11.5,420109.38062,5853065.055980001,0.2554,232
87,12.0,420109.31676,5853065.566860001,0.2554,232
87,12.5,420109.18904,5853066.01388,0.2856,232
87,13.0,420109.06132,5853066.52476,0.2554,232
87,13.5,420108.99746,5853067.03564,0.2554,232
87,14.0,420108.86974,5853067.482660001,0.2554,232
87,14.5,420108.74202,5853067.993540001,0.2554,232
88,0.0,420371.3982,5853348.275080001,0.3612,717
88,0.5,420370.95118000003,5853348.46666,0.3612,717
88,1.0,420370.50416,5853348.722100001,0.3612,717
88,1.5,420370.05714,5853348.913680001,0.3612,717
88,2.0,420369.61012,5853349.105260001,0.3832,717
88,2.5,420369.1631,5853349.360700001,0.4605,717
88,3.0,420368.71608,5853349.55228,0.4605,717
88,3.5,420368.2052,5853349.743860001,0.4039,717
88,4.0,420367.75818,5853349.935440001,0.4039,717
88,4.5,420367.37502,5853350.254740001,0.4039,717
88,5.0,420366.928,5853350.510180001,0.3612,717
88,5.5,420366.48098,5853350.701760001,0.4039,717
88,6.0,420366.03396000003,5853350.957200001,0.4039,717
88,6.5,420365.58694,5853351.14878,0.4039,717
88,7.0,420365.13992,5853351.404220001,0.4605,717
88,7.5,420364.6929,5853351.659660001,0.4605,717
88,8.0,420364.30974,5853351.851240001,0.5266,717
88,8.5,420363.86272000003,5853352.106680001,0.4605,717
88,9.0,420363.4157,5853352.298260001,0.5266,717
88,9.5,420362.96868,5853352.553700001,0.4605,717
88,10.0,420362.52166,5853352.8091400005,0.4605,717
88,10.5,420362.07464,5853353.000720001,0.5266,717
88,11.0,420361.62762,5853353.192300001,0.4605,717
88,11.5,420361.11674,5853353.447740001,0.4605,717
88,12.0,420360.66972,5853353.639320001,0.4605,717
88,12.5,420360.2227,5853353.8309,0.4039,717
88,13.0,420359.77568,5853353.958620001,0.5109,717
88,13.5,420359.2648,5853354.150200001,0.5109,717
88,14.0,420358.81778,5853354.277920001,0.4039,717
88,14.5,420358.3069,5853354.469500001,0.4605,717
89,0.0,420145.52538,5853018.821340001,0.2554,274
89,0.5,420145.3338,5853019.268360001,0.1806,274
89,1.0,420145.07836,5853019.715380001,0.1277,274
89,1.5,420144.88678,5853020.162400001,0.1277,274
89,2.0,420144.6952,5853020.673280001,0.2554,274
89,2.5,420144.43976,5853021.05644,0.1277,274
89,3.0,420144.24818,5853021.56732,0.2554,274
89,3.5,420143.99274,5853021.950480001,0.1806,274
89,4.0,420143.80116000003,5853022.461360001,0.2856,274
89,4.5,420143.60958,5853022.908380001,0.2554,274
89,5.0,420143.48186,5853023.355400001,0.1806,274
89,5.5,420143.35414,5853023.866280001,0.2554,274
89,6.0,420143.22642,5853024.3133000005,0.2856,274
89,6.5,420143.03484,5853024.760320001,0.2856,274
89,7.0,420142.7794,5853025.271200001,0.3612,274
89,7.5,420142.58782,5853025.718220001,0.3612,274
89,8.0,420142.39624000003,5853026.165240001,0.3612,274
89,8.5,420142.20466,5853026.612260001,0.3612,274
89,9.0,420142.01308,5853027.059280001,0.3832,274
89,9.5,420141.75764,5853027.5063000005,0.2856,274
89,10.0,420141.56606,5853027.953320001,0.2856,274
89,10.5,420141.37448,5853028.464200001,0.3612,274
89,11.0,420141.1829,5853028.911220001,0.3612,274
89,11.5,420140.99132000003,5853029.358240001,0.3612,274
89,12.0,420140.79974,5853029.805260001,0.3832,274
89,12.5,420140.60816,5853030.252280001,0.3832,274
89,13.0,420140.41658,5853030.763160001,0.4039,274
89,13.5,420140.16114,5853031.21018,0.3612,274
89,14.0,420139.96956,5853031.657200001,0.3612,274
89,14.5,420139.77798,5853032.104220001,0.3612,274
90,0.0,420125.92036,5853139.644460001,0.2554,531
90,0.5,420125.47334,5853139.83604,0.1806,531
90,1.0,420124.96246,5853139.963760001,0.2856,531
90,1.5,420124.51544,5853140.155340001,0.2554,531
90,2.0,420124.00456000003,5853140.283060001,0.2856,531
90,2.5,420123.55754,5853140.538500001,0.2856,531
90,3.0,420123.17438,5853140.730080001,0.3612,531
90,3.5,420122.72736,5853140.985520001,0.2856,531
90,4.0,420122.28034,5853141.177100001,0.3612,531
90,4.5,420121.76946,5853141.43254,0.2856,531
90,5.0,420121.32244,5853141.560260001,0.2554,531
90,5.5,420120.81156,5853141.560260001,0.3832,531
90,6.0,420120.30068,5853141.624120001,0.3612,531
90,6.5,420119.85366,5853141.687980001,0.2554,531
90,7.0,420119.34278,5853141.687980001,0.3832,531
90,7.5,420118.8319,5853141.687980001,0.3832,531
90,8.0,420118.32102000003,5853141.751840001,0.3832,531
90,8.5,420117.81014,5853141.751840001,0.3832,531
90,9.0,420117.36312,5853141.751840001,0.3832,531
90,9.5,420116.85224,5853141.751840001,0.3832,531
90,10.0,420116.34136,5853141.751840001,0.3832,531
90,10.5,420115.83048,5853141.815700001,0.3832,531
90,11.0,420115.3196,5853141.815700001,0.3832,531
90,11.5,420114.87258,5853141.94342,0.3832,531
90,12.0,420114.3617,5853142.071140001,0.4605,531
90,12.5,420113.91468,5853142.198860001,0.4039,531
90,13.0,420113.40380000003,5853142.390440001,0.4039,531
90,13.5,420112.95678,5853142.51816,0.3832,531
90,14.0,420112.50976,5853142.773600001,0.4039,531
91,0.0,420067.48846,5853087.087680001,0.5266,65
91,0.5,420067.36074000003,5853087.598560001,0.4605,65
91,1.0,420067.16916,5853088.045580001,0.4039,65
91,1.5,420066.91372,5853088.428740001,0.3832,65
91,2.0,420066.72214,5853088.939620001,0.2856,65
91,2.5,420066.53056,5853089.386640001,0.2856,65
91,3.0,420066.27512,5853089.833660001,0.2856,65
91,3.5,420065.95582000003,5853090.216820001,0.3612,65
91,4.0,420065.70038,5853090.6638400005,0.4605,65
91,4.5,420065.44494,5853091.11086,0.4605,65
91,5.0,420065.1895,5853091.494020001,0.4039,65
91,5.5,420064.93406,5853091.941040001,0.4039,65
91,6.0,420064.67862,5853092.388060001,0.4605,65
91,6.5,420064.48704,5853092.835080001,0.4039,65
91,7.0,420064.2316,5853093.218240001,0.4605,65
91,7.5,420063.97616,5853093.665260001,0.4605,65
91,8.0,420063.72072,5853094.112280001,0.4605,65
91,8.5,420063.46528,5853094.559300001,0.4605,65
91,9.0,420063.20984,5853095.006320001,0.4605,65
91,9.5,420062.9544,5853095.38948,0.5266,65
91,10.0,420062.69896,5853095.836500001,0.5266,65
91,10.5,420062.44352000003,5853096.283520001,0.5419,65
91,11.0,420062.25194,5853096.730540001,0.5266,65
91,11.5,420062.06036,5853097.177560001,0.4605,65
91,12.0,420061.80492,5853097.6245800005,0.5266,65
91,12.5,420061.61334,5853098.0716,0.4605,65
91,13.0,420061.42176,5853098.518620001,0.3832,65
91,13.5,420061.16632,5853098.965640001,0.2856,65
91,14.0,420060.91088,5853099.412660001,0.4605,65
92,0.0,420038.24058,5853104.713040001,0.3832,73
92,0.5,420038.17672,5853105.223920001,0.3832,73
92,1.0,420038.049,5853105.670940001,0.3832,73
92,1.5,420037.98514,5853106.1818200005,0.4039,73
92,2.0,420037.92128,5853106.6927000005,0.4039,73
92,2.5,420037.79356,5853107.139720001,0.4039,73
92,3.0,420037.60198,5853107.650600001,0.3832,73
92,3.5,420037.47426,5853108.097620001,0.3832,73
92,4.0,420037.34654,5853108.608500001,0.3832,73
92,4.5,420037.21882,5853109.119380001,0.4039,73
92,5.0,420037.15496,5853109.566400001,0.5109,73
92,5.5,420037.02724,5853110.077280001,0.4605,73
92,6.0,420036.89952,5853110.524300001,0.5109,73
92,6.5,420036.70794,5853111.035180001,0.3832,73
92,7.0,420036.58022,5853111.4822,0.3832,73
92,7.5,420036.51636,5853111.99308,0.5109,73
92,8.0,420036.38864,5853112.503960001,0.5109,73
92,8.5,420036.32478,5853112.950980001,0.5109,73
92,9.0,420036.19706000003,5853113.461860001,0.5266,73
92,9.5,420036.1332,5853113.972740001,0.5712,73
92,10.0,420036.00548,5853114.419760001,0.5712,73
92,10.5,420035.87776,5853114.930640001,0.5109,73
92,11.0,420035.8139,5853115.441520001,0.6386,73
92,11.5,420035.75004,5853115.888540001,0.6386,73
92,12.0,420035.55846000003,5853116.399420001,0.5109,73
92,12.5,420035.49460000003,5853116.84644,0.5109,73
92,13.0,420035.43074,5853117.35732,0.5712,73
92,13.5,420035.36688,5853117.8682,0.5109,73
92,14.0,420035.23916,5853118.315220001,0.5712,73
93,0.0,419837.27316,5853166.210220001,0.1277,122
93,0.5,419837.14544,5853166.721100001,0.1277,122
93,1.0,419837.08158,5853167.1681200005,0.2554,122
93,1.5,419836.95386,5853167.6790000005,0.2554,122
93,2.0,419836.82614,5853168.18988,0.2554,122
93,2.5,419836.69842000003,5853168.636900001,0.2554,122
93,3.0,419836.5707,5853169.147780001,0.2554,122
93,3.5,419836.44298,5853169.594800001,0.2554,122
93,4.0,419836.31526,5853170.105680001,0.2554,122
93,4.5,419836.18754,5853170.552700001,0.2554,122
93,5.0,419836.05982,5853171.063580001,0.2554,122
93,5.5,419835.93210000003,5853171.510600001,0.2554,122
93,6.0,419835.80438,5853172.021480001,0.2554,122
93,6.5,419835.67666,5853172.4685,0.2554,122
93,7.0,419835.6128,5853172.97938,0.2856,122
93,7.5,419835.48508,5853173.490260001,0.2554,122
93,8.0,419835.2935,5853173.937280001,0.2554,122
93,8.5,419835.16578,5853174.448160001,0.2856,122
93,9.0,419835.03806,5853174.895180001,0.2554,122
93,9.5,419834.91034,5853175.406060001,0.2856,122
93,10.0,419834.84648,5853175.916940001,0.3612,122
93,10.5,419834.71876,5853176.363960001,0.3612,122
93,11.0,419834.52718000003,5853176.874840001,0.3612,122
93,11.5,419834.39946,5853177.3218600005,0.3612,122
93,12.0,419834.27174,5853177.83274,0.3832,122
93,12.5,419834.20788,5853178.279760001,0.3832,122
93,13.0,419834.08016,5853178.790640001,0.3832,122
93,13.5,419833.95244,5853179.237660001,0.4039,122
93,14.0,419833.76086,5853179.748540001,0.3832,122
94,0.0,420086.96576,5853070.994960001,0.1806,244
94,0.5,420086.64646,5853071.3781200005,0.2856,244
94,1.0,420086.2633,5853071.761280001,0.2856,244
94,1.5,420085.944,5853072.080580001,0.2856,244
94,2.0,420085.56084,5853072.4637400005,0.2856,244
94,2.5,420085.24154,5853072.783040001,0.1806,244
94,3.0,420084.92224,5853073.166200001,0.2856,244
94,3.5,420084.53908,5853073.4855,0.3612,244
94,4.0,420084.15592,5853073.868660001,0.3612,244
94,4.5,420083.77276,5853074.187960001,0.2856,244
94,5.0,420083.45346,5853074.507260001,0.3612,244
94,5.5,420083.0703,5853074.826560001,0.2856,244
94,6.0,420082.68714,5853075.209720001,0.3612,244
94,6.5,420082.30398,5853075.529020001,0.2856,244
94,7.0,420081.98468,5853075.848320001,0.3612,244
94,7.5,420081.60152,5853076.16762,0.3612,244
94,8.0,420081.21836,5853076.550780001,0.3612,244
94,8.5,420080.83520000003,5853076.870080001,0.3612,244
94,9.0,420080.45204,5853077.189380001,0.3612,244
94,9.5,420080.06888000004,5853077.508680001,0.2856,244
94,10.0,420079.68572,5853077.8279800005,0.2856,244
94,10.5,420079.30256,5853078.147280001,0.2856,244
94,11.0,420078.9194,5853078.466580001,0.2856,244
94,11.5,420078.53624,5853078.84974,0.3612,244
94,12.0,420078.21694,5853079.169040001,0.3612,244
94,12.5,420077.83378,5853079.488340001,0.3612,244
94,13.0,420077.45062,5853079.871500001,0.4605,244
94,13.5,420077.13132,5853080.190800001,0.3612,244
94,14.0,420076.74816,5853080.510100001,0.3612,244
95,0.0,420084.47522,5853163.4003800005,0.2554,559
95,0.5,420084.0282,5853163.591960001,0.2554,559
95,1.0,420083.58118,5853163.783540001,0.2856,559
95,1.5,420083.0703,5853163.975120001,0.3612,559
95,2.0,420082.62328,5853164.166700001,0.3612,559
95,2.5,420082.17626,5853164.358280001,0.3612,559
95,3.0,420081.72924,5853164.549860001,0.3612,559
95,3.5,420081.28222,5853164.741440001,0.2856,559
95,4.0,420080.77134,5853164.933020001,0.2856,559
95,4.5,420080.32432,5853165.188460001,0.2554,559
95,5.0,420079.8773,5853165.380040001,0.2554,559
95,5.5,420079.43028000003,5853165.5716200005,0.2554,559
95,6.0,420078.9194,5853165.699340001,0.2856,559
95,6.5,420078.47238,5853165.890920001,0.2856,559
95,7.0,420078.02536,5853166.0825000005,0.2856,559
95,7.5,420077.57834,5853166.274080001,0.2856,559
95,8.0,420077.06746,5853166.465660001,0.3612,559
95,8.5,420076.62044,5853166.657240001,0.2856,559
95,9.0,420076.17342,5853166.848820001,0.2856,559
95,9.5,420075.7264,5853167.040400001,0.2554,559
95,10.0,420075.21552,5853167.231980001,0.2856,559
95,10.5,420074.7685,5853167.423560001,0.3612,559
95,11.0,420074.32148,5853167.615140001,0.3832,559
95,11.5,420073.87446,5853167.870580001,0.2856,559
95,12.0,420073.42744,5853167.998300001,0.2856,559
95,12.5,420072.91656,5853168.18988,0.3612,559
95,13.0,420072.46954,5853168.381460001,0.3612,559
95,13.5,420072.02252,5853168.573040001,0.3832,559
95,14.0,420071.57550000004,5853168.828480001,0.2856,559
96,0.0,420337.29696,5853224.833700001,0.2856,757
96,0.5,420337.04152,5853225.280720001,0.2554,757
96,1.0,420336.84994,5853225.727740001,0.2856,757
96,1.5,420336.5945,5853226.174760001,0.2554,757
96,2.0,420336.40292,5853226.621780001,0.2554,757
96,2.5,420336.21134,5853227.0688000005,0.1806,757
96,3.0,420336.01976,5853227.515820001,0.2554,757
96,3.5,420335.82818,5853228.026700001,0.2554,757
96,4.0,420335.6366,5853228.473720001,0.2856,757
96,4.5,420335.44502,5853228.920740001,0.2856,757
96,5.0,420335.25344,5853229.367760001,0.3612,757
96,5.5,420335.06186,5853229.814780001,0.3612,757
96,6.0,420334.87028000003,5853230.325660001,0.3612,757
96,6.5,420334.6787,5853230.77268,0.3832,757
96,7.0,420334.48712,5853231.219700001,0.3612,757
96,7.5,420334.29554,5853231.666720001,0.2856,757
96,8.0,420334.10396,5853232.177600001,0.3612,757
96,8.5,420333.91238,5853232.624620001,0.2856,757
96,9.0,420333.65694,5853233.071640001,0.3612,757
96,9.5,420333.46536000003,5853233.5186600005,0.2856,757
96,10.0,420333.20992,5853233.901820001,0.3612,757
96,10.5,420333.01834,5853234.412700001,0.3612,757
96,11.0,420332.76290000003,5853234.795860001,0.4039,757
96,11.5,420332.57132,5853235.306740001,0.4039,757
96,12.0,420332.37974,5853235.753760001,0.3612,757
96,12.5,420332.18816,5853236.200780001,0.3612,757
96,13.0,420331.93272,5853236.6478,0.4039,757
96,13.5,420331.74114,5853237.094820001,0.4039,757
96,14.0,420331.54956,5853237.541840001,0.4039,757
97,0.0,420086.07172,5852999.599480001,0.2554,313
97,0.5,420085.88014,5853000.046500001,0.1806,313
97,1.0,420085.68856,5853000.493520001,0.1806,313
97,1.5,420085.49698,5853001.004400001,0.1806,313
97,2.0,420085.36926,5853001.451420001,0.1806,313
97,2.5,420085.11382,5853001.898440001,0.1277,313
97,3.0,420084.92224,5853002.34546,0.1277,313
97,3.5,420084.73066,5853002.85634,0.1277,313
97,4.0,420084.53908,5853003.303360001,0.1277,313
97,4.5,420084.34750000003,5853003.750380001,0.1277,313
97,5.0,420084.21978,5853004.261260001,0.2554,313
97,5.5,420084.0282,5853004.708280001,0.2554,313
97,6.0,420083.90048,5853005.219160001,0.2554,313
97,6.5,420083.83662,5853005.666180001,0.2554,313
97,7.0,420083.7089,5853006.177060001,0.2554,313
97,7.5,420083.58118,5853006.62408,0.2554,313
97,8.0,420083.45346,5853007.13496,0.2856,313
97,8.5,420083.32574,5853007.581980001,0.2554,313
97,9.0,420083.19802,5853008.092860001,0.2856,313
97,9.5,420083.00644,5853008.539880001,0.2554,313
97,10.0,420082.87872,5853009.050760001,0.2554,313
97,10.5,420082.68714,5853009.497780001,0.2554,313
97,11.0,420082.49556,5853009.944800001,0.1806,313
97,11.5,420082.36784,5853010.455680001,0.1806,313
97,12.0,420082.17626,5853010.9027,0.1806,313
97,12.5,420081.98468,5853011.349720001,0.1277,313
97,13.0,420081.85696,5853011.860600001,0.2554,313
97,13.5,420081.72924,5853012.307620001,0.2554,313
97,14.0,420081.53766000003,5853012.818500001,0.2554,313
98,0.0,420045.96764,5853104.904620001,0.3832,67
98,0.5,420045.90378,5853105.415500001,0.2554,67
98,1.0,420045.83992,5853105.862520001,0.2856,67
98,1.5,420045.64834,5853106.373400001,0.3612,67
98,2.0,420045.45676000003,5853106.820420001,0.2856,67
98,2.5,420045.32904,5853107.331300001,0.3832,67
98,3.0,420045.20132,5853107.7783200005,0.3832,67
98,3.5,420045.00974,5853108.225340001,0.3832,67
98,4.0,420044.88202,5853108.736220001,0.4039,67
98,4.5,420044.69044000003,5853109.183240001,0.4039,67
98,5.0,420044.56272,5853109.694120001,0.5109,67
98,5.5,420044.435,5853110.141140001,0.4039,67
98,6.0,420044.24342,5853110.652020001,0.4605,67
98,6.5,420044.05184000003,5853111.099040001,0.4605,67
98,7.0,420043.86026,5853111.546060001,0.3832,67
98,7.5,420043.73254,5853112.0569400005,0.4605,67
98,8.0,420043.60482,5853112.503960001,0.4039,67
98,8.5,420043.4771,5853113.014840001,0.3832,67
98,9.0,420043.28552000003,5853113.461860001,0.4605,67
98,9.5,420043.1578,5853113.972740001,0.3832,67
98,10.0,420042.96622,5853114.419760001,0.4039,67
98,10.5,420042.8385,5853114.866780001,0.4605,67
98,11.0,420042.64692,5853115.377660001,0.4039,67
98,11.5,420042.5192,5853115.824680001,0.4039,67
98,12.0,420042.39148,5853116.3355600005,0.4039,67
98,12.5,420042.1999,5853116.782580001,0.4039,67
98,13.0,420042.07218,5853117.293460001,0.4605,67
98,13.5,420041.94446,5853117.740480001,0.4605,67
98,14.0,420041.75288,5853118.251360001,0.3832,67
99,0.0,420162.19284000003,5853043.982180001,0.3612,220
99,0.5,420161.80968,5853044.365340001,0.2856,220
99,1.0,420161.49038000003,5853044.748500001,0.2856,220
99,1.5,420161.17108,5853045.13166,0.2856,220
99,2.0,420160.85178,5853045.514820001,0.1806,220
99,2.5,420160.53248,5853045.897980001,0.1806,220
99,3.0,420160.21318,5853046.281140001,0.1806,220
99,3.5,420159.89388,5853046.664300001,0.2554,220
99,4.0,420159.57458,5853047.047460001,0.2856,220
99,4.5,420159.31914,5853047.430620001,0.2554,220
99,5.0,420158.99984,5853047.81378,0.1806,220
99,5.5,420158.7444,5853048.260800001,0.1806,220
99,6.0,420158.4251,5853048.643960001,0.2554,220
99,6.5,420158.1058,5853049.027120001,0.1806,220
99,7.0,420157.85036,5853049.4741400005,0.1806,220
99,7.5,420157.53106,5853049.857300001,0.2554,220
99,8.0,420157.21176000003,5853050.240460001,0.1806,220
99,8.5,420156.95632,5853050.623620001,0.2856,220
99,9.0,420156.63702,5853051.0706400005,0.2856,220
99,9.5,420156.38158,5853051.453800001,0.2856,220
99,10.0,420156.12614,5853051.900820001,0.1806,220
99,10.5,420155.80684000003,5853052.283980001,0.2856,220
99,11.0,420155.48754,5853052.6671400005,0.3612,220
99,11.5,420155.16824,5853053.050300001,0.2856,220
99,12.0,420154.84894,5853053.433460001,0.2856,220
99,12.5,420154.52964,5853053.816620001,0.2856,220
99,13.0,420154.2742,5853054.2636400005,0.2856,220
99,13.5,420153.9549,5853054.646800001,0.2856,220
99,14.0,420153.6356,5853055.029960001,0.2856,220
100,0.0,420046.47852,5853043.726740001,0.1806,351
100,0.5,420046.22308,5853044.173760001,0.1277,351
100,1.0,420045.96764,5853044.556920001,0.1806,351
100,1.5,420045.7122,5853045.003940001,0.1277,351
100,2.0,420045.45676000003,5853045.450960001,0.1277,351
100,2.5,420045.13746,5853045.834120001,0.1806,351
100,3.0,420044.81816,5853046.21728,0.1806,351
100,3.5,420044.56272,5853046.600440001,0.2856,351
100,4.0,420044.17956,5853046.983600001,0.2856,351
100,4.5,420043.86026,5853047.366760001,0.2856,351
100,5.0,420043.60482,5853047.81378,0.2856,351
100,5.5,420043.41324,5853048.260800001,0.2856,351
100,6.0,420043.1578,5853048.707820001,0.3612,351
100,6.5,420042.8385,5853049.090980001,0.2856,351
100,7.0,420042.45534,5853049.346420001,0.2856,351
100,7.5,420042.07218,5853049.729580001,0.2856,351
100,8.0,420041.75288,5853050.112740001,0.2554,351
100,8.5,420041.43358,5853050.4959,0.3612,351
100,9.0,420041.17814000003,5853050.942920001,0.3612,351
100,9.5,420040.9227,5853051.326080001,0.2856,351
100,10.0,420040.66726,5853051.773100001,0.3612,351
100,10.5,420040.41182,5853052.156260001,0.3612,351
100,11.0,420040.09252,5853052.60328,0.4039,351
100,11.5,420039.77322000003,5853052.986440001,0.3612,351
100,12.0,420039.45392,5853053.369600001,0.3612,351
100,12.5,420039.13462,5853053.7527600005,0.4039,351
100,13.0,420038.81532,5853054.135920001,0.4039,351
100,13.5,420038.49602,5853054.455220001,0.3612,351
100,14.0,420038.24058,5853054.902240001,0.1277,351
101,0.0,420352.75108,5853337.929760001,0.1277,716
101,0.5,420352.55950000003,5853338.3767800005,0.2554,716
101,1.0,420352.49564,5853338.8876600005,0.3612,716
101,1.5,420352.30406,5853339.334680001,0.4605,716
101,2.0,420352.11248,5853339.781700001,0.5109,716
101,2.5,420351.9209,5853340.292580001,0.5712,716
101,3.0,420351.79318,5853340.739600001,0.6386,716
101,3.5,420351.66546,5853341.250480001,0.5712,716
101,4.0,420351.53774,5853341.761360001,0.5109,716
101,4.5,420351.47388,5853342.208380001,0.5712,716
101,5.0,420351.41002,5853342.719260001,0.6386,716
101,5.5,420351.2823,5853343.230140001,0.5712,716
101,6.0,420351.15458000003,5853343.67716,0.5266,716
101,6.5,420351.02686,5853344.18804,0.6386,716
101,7.0,420350.89914,5853344.635060001,0.7447,716
101,7.5,420350.70756,5853345.082080001,0.6878,716
101,8.0,420350.57984,5853345.592960001,0.6512,716
101,8.5,420350.45212000003,5853346.039980001,0.6386,716
101,9.0,420350.26054,5853346.550860001,0.5712,716
101,9.5,420350.13282,5853346.997880001,0.6512,716
101,10.0,420349.94124,5853347.508760001,0.6512,716
101,10.5,420349.81352,5853347.95578,0.6512,716
101,11.0,420349.6858,5853348.46666,0.6878,716
101,11.5,420349.55808,5853348.913680001,0.6512,716
101,12.0,420349.3665,5853349.424560001,0.7447,716
101,12.5,420349.23878,5853349.871580001,0.6878,716
101,13.0,420349.04720000003,5853350.318600001,0.6512,716
101,13.5,420348.85562,5853350.829480001,0.5712,716
101,14.0,420348.66404,5853351.276500001,0.5712,716
102,0.0,420114.74486000004,5853079.232900001,0.5109,550
102,0.5,420114.61714,5853079.679920001,0.4605,550
102,1.0,420114.3617,5853080.190800001,0.4605,550
102,1.5,420114.23398,5853080.637820001,0.4605,550
102,2.0,420114.10626000003,5853081.148700001,0.3612,550
102,2.5,420113.91468,5853081.595720001,0.4039,550
102,3.0,420113.7231,5853082.04274,0.4039,550
102,3.5,420113.53152,5853082.489760001,0.4605,550
102,4.0,420113.33994000003,5853082.936780001,0.4605,550
102,4.5,420113.14836,5853083.447660001,0.5109,550
102,5.0,420112.95678,5853083.894680001,0.5266,550
102,5.5,420112.70134,5853084.341700001,0.4605,550
102,6.0,420112.57362,5853084.788720001,0.5266,550
102,6.5,420112.38204,5853085.2996000005,0.5109,550
102,7.0,420112.25432,5853085.746620001,0.5109,550
102,7.5,420112.1266,5853086.257500001,0.3832,550
102,8.0,420111.87116,5853086.640660001,0.4039,550
102,8.5,420111.67958,5853087.151540001,0.4039,550
102,9.0,420111.42414,5853087.534700001,0.4605,550
102,9.5,420111.23256000003,5853088.045580001,0.4039,550
102,10.0,420110.97712,5853088.428740001,0.4605,550
102,10.5,420110.65782,5853088.875760001,0.4605,550
102,11.0,420110.46624,5853089.322780001,0.4039,550
102,11.5,420110.2108,5853089.769800001,0.4039,550
102,12.0,420109.95536,5853090.152960001,0.4605,550
102,12.5,420109.69992,5853090.59998,0.3832,550
102,13.0,420109.50834,5853091.047000001,0.4039,550
102,13.5,420109.2529,5853091.494020001,0.4605,550
102,14.0,420108.99746,5853091.941040001,0.4605,550
103,0.0,420132.30636,5853090.0891,0.2554,545
103,0.5,420132.05092,5853090.536120001,0.2856,545
103,1.0,420131.79548000003,5853090.983140001,0.2856,545
103,1.5,420131.6039,5853091.430160001,0.3612,545
103,2.0,420131.34846,5853091.877180001,0.2856,545
103,2.5,420131.15688,5853092.324200001,0.3612,545
103,3.0,420130.9653,5853092.77122,0.3612,545
103,3.5,420130.70986,5853093.218240001,0.3612,545
103,4.0,420130.51828,5853093.665260001,0.3612,545
103,4.5,420130.26284,5853094.112280001,0.3612,545
103,5.0,420130.07126,5853094.559300001,0.4039,545
103,5.5,420129.81582,5853095.006320001,0.3612,545
103,6.0,420129.62424000003,5853095.4533400005,0.4039,545
103,6.5,420129.43266,5853095.900360001,0.4039,545
103,7.0,420129.17722,5853096.347380001,0.3832,545
103,7.5,420128.98564,5853096.794400001,0.4039,545
103,8.0,420128.7302,5853097.241420001,0.3612,545
103,8.5,420128.53862,5853097.688440001,0.4039,545
103,9.0,420128.34704,5853098.1354600005,0.4039,545
103,9.5,420128.0916,5853098.582480001,0.4039,545
103,10.0,420127.90002,5853099.029500001,0.4039,545
103,10.5,420127.64458,5853099.476520001,0.4039,545
103,11.0,420127.453,5853099.923540001,0.4605,545
103,11.5,420127.19756,5853100.370560001,0.4039,545
103,12.0,420127.00598,5853100.8175800005,0.4605,545
103,12.5,420126.81440000003,5853101.264600001,0.5266,545
103,13.0,420126.62282,5853101.775480001,0.5266,545
103,13.5,420126.43124,5853102.222500001,0.5266,545
104,0.0,420208.42748,5853163.655820001,0.4039,439
104,0.5,420208.29976,5853164.166700001,0.5109,439
104,1.0,420208.10818,5853164.613720001,0.4605,439
104,1.5,420207.78888,5853164.99688,0.2856,439
104,2.0,420207.5973,5853165.443900001,0.2856,439
104,2.5,420207.40572,5853165.954780001,0.3612,439
104,3.0,420207.21414,5853166.401800001,0.4039,439
104,3.5,420207.08642,5853166.848820001,0.4605,439
104,4.0,420206.89484,5853167.359700001,0.4605,439
104,4.5,420206.70326,5853167.806720001,0.5109,439
104,5.0,420206.51168,5853168.253740001,0.5266,439
104,5.5,420206.25624,5853168.70076,0.6386,439
104,6.0,420206.06466000003,5853169.147780001,0.6878,439
104,6.5,420205.80922,5853169.594800001,0.6386,439
104,7.0,420205.55378,5853170.041820001,0.6386,439
104,7.5,420205.36220000003,5853170.488840001,0.6386,439
104,8.0,420205.17062,5853170.935860001,0.5712,439
104,8.5,420204.91518,5853171.38288,0.6386,439
104,9.0,420204.65974000003,5853171.829900001,0.6386,439
104,9.5,420204.46816,5853172.276920001,0.6878,439
104,10.0,420204.21272,5853172.660080001,0.8078,439
104,10.5,420203.89342,5853173.107100001,0.7225,439
104,11.0,420203.63798,5853173.490260001,0.7225,439
104,11.5,420203.38254,5853173.937280001,0.7225,439
104,12.0,420203.06324,5853174.320440001,0.6386,439
104,12.5,420202.8078,5853174.767460001,0.7225,439
104,13.0,420202.55236000003,5853175.15062,0.7225,439
104,13.5,420202.23306,5853175.533780001,0.6386,439
105,0.0,420347.06754,5853228.218280001,0.3612,762
105,0.5,420347.06754,5853228.729160001,0.3832,762
105,1.0,420347.1314,5853229.2400400005,0.3832,762
105,1.5,420347.1314,5853229.68706,0.3612,762
105,2.0,420347.19526,5853230.197940001,0.3832,762
105,2.5,420347.19526,5853230.708820001,0.3832,762
105,3.0,420347.25912,5853231.219700001,0.3832,762
105,3.5,420347.32298,5853231.730580001,0.3832,762
105,4.0,420347.32298,5853232.177600001,0.3832,762
105,4.5,420347.25912,5853232.688480001,0.4605,762
105,5.0,420347.25912,5853233.199360001,0.5109,762
105,5.5,420347.19526,5853233.710240001,0.5109,762
105,6.0,420347.25912,5853234.157260001,0.5109,762
105,6.5,420347.25912,5853234.668140001,0.5109,762
105,7.0,420347.25912,5853235.179020001,0.5109,762
105,7.5,420347.25912,5853235.689900001,0.5109,762
105,8.0,420347.25912,5853236.200780001,0.3832,762
105,8.5,420347.25912,5853236.7116600005,0.3832,762
105,9.0,420347.32298,5853237.158680001,0.5109,762
105,9.5,420347.32298,5853237.669560001,0.5109,762
105,10.0,420347.32298,5853238.180440001,0.5109,762
105,10.5,420347.32298,5853238.691320001,0.5109,762
105,11.0,420347.32298,5853239.202200001,0.5109,762
105,11.5,420347.32298,5853239.713080001,0.5109,762
105,12.0,420347.32298,5853240.160100001,0.5109,762
105,12.5,420347.32298,5853240.670980001,0.5109,762
105,13.0,420347.38684,5853241.181860001,0.5109,762
105,13.5,420347.38684,5853241.692740001,0.5109,762
106,0.0,419992.83612,5853031.7849200005,0.4605,383
106,0.5,419992.51682,5853032.168080001,0.5419,383
106,1.0,419992.26138,5853032.615100001,0.5712,383
106,1.5,419991.94208,5853032.998260001,0.6878,383
106,2.0,419991.62278000003,5853033.38142,0.6386,383
106,2.5,419991.30348,5853033.764580001,0.6386,383
106,3.0,419990.98418,5853034.147740001,0.6386,383
106,3.5,419990.66488,5853034.530900001,0.5419,383
106,4.0,419990.34558,5853034.914060001,0.5419,383
106,4.5,419990.09014,5853035.361080001,0.5712,383
106,5.0,419989.77084,5853035.744240001,0.5712,383
106,5.5,419989.45154,5853036.127400001,0.5419,383
106,6.0,419989.13224,5853036.510560001,0.5712,383
106,6.5,419988.81294000003,5853036.893720001,0.6386,383
106,7.0,419988.49364,5853037.276880001,0.6386,383
106,7.5,419988.17434,5853037.66004,0.6386,383
106,8.0,419987.85504,5853038.043200001,0.6386,383
106,8.5,419987.53574,5853038.426360001,0.6386,383
106,9.0,419987.21644,5853038.809520001,0.5712,383
106,9.5,419986.961,5853039.192680001,0.6386,383
106,10.0,419986.6417,5853039.575840001,0.6386,383
106,10.5,419986.3224,5853040.022860001,0.6386,383
106,11.0,419986.00310000003,5853040.406020001,0.6386,383
106,11.5,419985.6838,5853040.789180001,0.6386,383
106,12.0,419985.42836,5853041.172340001,0.6386,383
106,12.5,419985.10906,5853041.555500001,0.6878,383
106,13.0,419984.78976,5853042.002520001,0.7225,383
106,13.5,419984.47046,5853042.385680001,0.7447,383
107,0.0,420175.53958,5852990.786800001,0.2554,268
107,0.5,420175.47572,5852991.297680001,0.3832,268
107,1.0,420175.47572,5852991.808560001,0.3832,268
107,1.5,420175.53958,5852992.255580001,0.3832,268
107,2.0,420175.53958,5852992.766460001,0.3832,268
107,2.5,420175.53958,5852993.2773400005,0.3832,268
107,3.0,420175.60344000004,5852993.78822,0.5109,268
107,3.5,420175.60344000004,5852994.2991,0.5109,268
107,4.0,420175.60344000004,5852994.746120001,0.5109,268
107,4.5,420175.53958,5852995.257000001,0.5109,268
107,5.0,420175.47572,5852995.767880001,0.5109,268
107,5.5,420175.47572,5852996.278760001,0.5109,268
107,6.0,420175.41186,5852996.789640001,0.5109,268
107,6.5,420175.348,5852997.236660001,0.5109,268
107,7.0,420175.22028,5852997.747540001,0.5109,268
107,7.5,420175.15642,5852998.258420001,0.5109,268
107,8.0,420175.15642,5852998.769300001,0.5712,268
107,8.5,420175.09256,5852999.216320001,0.5109,268
107,9.0,420175.0287,5852999.727200001,0.5109,268
107,9.5,420174.96484000003,5853000.2380800005,0.5109,268
107,10.0,420174.96484000003,5853000.74896,0.6386,268
107,10.5,420174.90098000003,5853001.195980001,0.6386,268
107,11.0,420174.83712,5853001.706860001,0.6386,268
107,11.5,420174.77326,5853002.217740001,0.6386,268
107,12.0,420174.77326,5853002.728620001,0.6386,268
107,12.5,420174.7094,5853003.239500001,0.6386,268
107,13.0,420174.64554,5853003.686520001,0.6878,268
107,13.5,420174.58168,5853004.197400001,0.6512,268
108,0.0,420148.78224000003,5853006.04934,0.2856,271
108,0.5,420148.39908,5853006.368640001,0.4605,271
108,1.0,420148.14364,5853006.815660001,0.4605,271
108,1.5,420147.8882,5853007.262680001,0.4605,271
108,2.0,420147.69662,5853007.7097000005,0.4605,271
108,2.5,420147.44118,5853008.156720001,0.4039,271
108,3.0,420147.2496,5853008.603740001,0.4039,271
108,3.5,420147.05802,5853009.050760001,0.4605,271
108,4.0,420146.86644,5853009.497780001,0.4039,271
108,4.5,420146.61100000003,5853009.944800001,0.3832,271
108,5.0,420146.48328,5853010.3918200005,0.5109,271
108,5.5,420146.35556,5853010.9027,0.6386,271
108,6.0,420146.2917,5853011.41358,0.7769,271
108,6.5,420146.10012,5853011.860600001,0.6878,271
108,7.0,420145.90854000003,5853012.307620001,0.6386,271
108,7.5,420145.6531,5853012.754640001,0.6386,271
108,8.0,420145.46152,5853013.201660001,0.5266,271
108,8.5,420145.20608000003,5853013.648680001,0.5266,271
108,9.0,420144.88678,5853014.031840001,0.4605,271
108,9.5,420144.6952,5853014.478860001,0.5712,271
108,10.0,420144.43976,5853014.925880001,0.5712,271
108,10.5,420144.24818,5853015.372900001,0.5712,271
108,11.0,420143.99274,5853015.819920001,0.5712,271
108,11.5,420143.7373,5853016.2669400005,0.6386,271
108,12.0,420143.48186,5853016.650100001,0.5712,271
108,12.5,420143.22642,5853017.097120001,0.6386,271
108,13.0,420142.97098,5853017.544140001,0.6386,271
108,13.5,420142.71554,5853017.927300001,0.5712,271
109,0.0,419983.57642,5853077.955700001,0.3832,182
109,0.5,419983.4487,5853078.402720001,0.6386,182
109,1.0,419983.25712,5853078.913600001,0.5109,182
109,1.5,419983.19326000003,5853079.4244800005,0.6386,182
109,2.0,419983.06554,5853079.871500001,0.5712,182
109,2.5,419982.93782,5853080.382380001,0.5266,182
109,3.0,419982.8101,5853080.829400001,0.5109,182
109,3.5,419982.68238,5853081.340280001,0.5109,182
109,4.0,419982.4908,5853081.787300001,0.3832,182
109,4.5,419982.36308,5853082.298180001,0.3832,182
109,5.0,419982.1715,5853082.745200001,0.2856,182
109,5.5,419981.97992,5853083.192220001,0.2856,182
109,6.0,419981.78834,5853083.7031000005,0.3612,182
109,6.5,419981.5329,5853084.086260001,0.3612,182
109,7.0,419981.40518,5853084.597140001,0.4039,182
109,7.5,419981.27746,5853085.044160001,0.4605,182
109,8.0,419981.08588,5853085.555040001,0.4605,182
109,8.5,419980.95816,5853086.002060001,0.4039,182
109,9.0,419980.76658,5853086.449080001,0.4605,182
109,9.5,419980.575,5853086.959960001,0.4605,182
109,10.0,419980.38342,5853087.40698,0.4605,182
109,10.5,419980.19184,5853087.854000001,0.4039,182
109,11.0,419980.00026,5853088.301020001,0.3832,182
109,11.5,419979.87254,5853088.811900001,0.4039,182
109,12.0,419979.68096,5853089.258920001,0.4039,182
109,12.5,419979.48938,5853089.705940001,0.4039,182
109,13.0,419979.2978,5853090.152960001,0.4605,182
109,13.5,419979.10622,5853090.6638400005,0.4605,182
110,0.0,419897.49314000004,5853082.298180001,0.2554,140
110,0.5,419897.49314000004,5853082.809060001,0.2554,140
110,1.0,419897.49314000004,5853083.319940001,0.2554,140
110,1.5,419897.42928,5853083.766960001,0.2554,140
110,2.0,419897.30156,5853084.277840001,0.2856,140
110,2.5,419897.2377,5853084.788720001,0.3832,140
110,3.0,419897.17384,5853085.2996000005,0.3832,140
110,3.5,419897.10998,5853085.746620001,0.4605,140
110,4.0,419896.98226,5853086.257500001,0.3832,140
110,4.5,419896.9184,5853086.768380001,0.4605,140
110,5.0,419896.79068000003,5853087.215400001,0.3832,140
110,5.5,419896.66296,5853087.726280001,0.3832,140
110,6.0,419896.5991,5853088.237160001,0.3832,140
110,6.5,419896.47138,5853088.684180001,0.3832,140
110,7.0,419896.34366,5853089.195060001,0.3832,140
110,7.5,419896.2798,5853089.642080001,0.4039,140
110,8.0,419896.08822000003,5853090.152960001,0.3612,140
110,8.5,419895.9605,5853090.59998,0.3832,140
110,9.0,419895.89664,5853091.11086,0.3832,140
110,9.5,419895.83278,5853091.621740001,0.3832,140
110,10.0,419895.76892,5853092.132620001,0.3832,140
110,10.5,419895.70506,5853092.579640001,0.3832,140
110,11.0,419895.6412,5853093.090520001,0.3832,140
110,11.5,419895.6412,5853093.601400001,0.5109,140
110,12.0,419895.57734,5853094.112280001,0.5109,140
110,12.5,419895.51348,5853094.559300001,0.4605,140
110,13.0,419895.38576000003,5853095.070180001,0.4605,140
110,13.5,419895.3219,5853095.581060001,0.5109,140
111,0.0,420338.95732,5853307.404680001,0.2554,724
111,0.5,420338.8296,5853307.8517,0.5109,724
111,1.0,420338.5103,5853308.298720001,0.6878,724
111,1.5,420338.31872,5853308.745740001,0.6386,724
111,2.0,420338.06328,5853309.192760001,0.6386,724
111,2.5,420337.80784,5853309.639780001,0.5712,724
111,3.0,420337.5524,5853310.0229400005,0.4605,724
111,3.5,420337.36082,5853310.5338200005,0.5266,724
111,4.0,420337.10538,5853310.916980001,0.4605,724
111,4.5,420336.84994,5853311.364000001,0.4039,724
111,5.0,420336.65836,5853311.811020001,0.4605,724
111,5.5,420336.46678,5853312.258040001,0.5266,724
111,6.0,420336.21134,5853312.7050600005,0.5419,724
111,6.5,420335.89204,5853313.088220001,0.4605,724
111,7.0,420335.6366,5853313.535240001,0.5712,724
111,7.5,420335.38116,5853313.918400001,0.5712,724
111,8.0,420335.12572,5853314.365420001,0.5266,724
111,8.5,420334.87028000003,5853314.8124400005,0.5266,724
111,9.0,420334.61484,5853315.259460001,0.6386,724
111,9.5,420334.3594,5853315.706480001,0.7447,724
111,10.0,420334.16782000003,5853316.153500001,0.8078,724
111,10.5,420333.91238,5853316.600520001,0.7447,724
111,11.0,420333.65694,5853316.9836800005,0.7447,724
111,11.5,420333.4015,5853317.4307,0.6878,724
111,12.0,420333.20992,5853317.877720001,0.6386,724
111,12.5,420332.95448,5853318.324740001,0.6386,724
111,13.0,420332.69904,5853318.771760001,0.6386,724
111,13.5,420332.4436,5853319.154920001,0.6386,724
112,0.0,420366.22554,5853178.535200001,0.1277,784
112,0.5,420365.77852,5853178.790640001,0.5266,784
112,1.0,420365.39536,5853179.109940001,0.6386,784
112,1.5,420365.13992,5853179.493100001,0.7225,784
112,2.0,420364.82062,5853179.94012,0.7225,784
112,2.5,420364.50132,5853180.323280001,0.7225,784
112,3.0,420364.24588,5853180.706440001,0.8078,784
112,3.5,420363.92658,5853181.153460001,0.8178,784
112,4.0,420363.67114,5853181.53662,0.8078,784
112,4.5,420363.35184,5853181.919780001,0.8178,784
112,5.0,420363.03254,5853182.302940001,0.8078,784
112,5.5,420362.7771,5853182.749960001,0.8568,784
112,6.0,420362.52166,5853183.13312,0.8178,784
112,6.5,420362.20236,5853183.516280001,0.8568,784
112,7.0,420361.88306,5853183.963300001,0.8568,784
112,7.5,420361.62762,5853184.410320001,0.921,784
112,8.0,420361.37218,5853184.79348,0.9727,784
112,8.5,420361.11674,5853185.240500001,0.9727,784
112,9.0,420360.8613,5853185.623660001,1.0297,784
112,9.5,420360.60586,5853186.070680001,0.9975,784
112,10.0,420360.28656,5853186.517700001,1.0297,784
112,10.5,420360.09498,5853186.9647200005,0.9727,784
112,11.0,420359.77568,5853187.347880001,1.0297,784
112,11.5,420359.52024,5853187.794900001,1.0297,784
112,12.0,420359.32866,5853188.241920001,0.9727,784
112,12.5,420359.07322,5853188.688940001,0.9727,784
112,13.0,420358.81778,5853189.135960001,0.8568,784
112,13.5,420358.6262,5853189.519120001,0.8568,784
113,0.0,420040.85884,5853010.838840001,0.1277,372
113,0.5,420040.98656,5853011.285860001,0.2554,372
113,1.0,420041.05042,5853011.796740001,0.3832,372
113,1.5,420041.11428,5853012.307620001,0.3832,372
113,2.0,420041.11428,5853012.818500001,0.3832,372
113,2.5,420041.11428,5853013.329380001,0.3832,372
113,3.0,420041.05042,5853013.776400001,0.3832,372
113,3.5,420041.05042,5853014.287280001,0.3832,372
113,4.0,420041.05042,5853014.798160001,0.3832,372
113,4.5,420040.98656,5853015.309040001,0.3832,372
113,5.0,420040.98656,5853015.819920001,0.3832,372
113,5.5,420040.98656,5853016.2669400005,0.3832,372
113,6.0,420041.05042,5853016.77782,0.5109,372
113,6.5,420041.11428,5853017.2887,0.5109,372
113,7.0,420041.11428,5853017.799580001,0.3832,372
113,7.5,420041.17814000003,5853018.310460001,0.5109,372
113,8.0,420041.242,5853018.757480001,0.5109,372
113,8.5,420041.30586,5853019.268360001,0.5109,372
113,9.0,420041.30586,5853019.779240001,0.5109,372
113,9.5,420041.36972,5853020.290120001,0.5109,372
113,10.0,420041.43358,5853020.737140001,0.5109,372
113,10.5,420041.43358,5853021.248020001,0.5109,372
113,11.0,420041.49744,5853021.758900001,0.5109,372
113,11.5,420041.49744,5853022.269780001,0.4605,372
113,12.0,420041.62516,5853022.780660001,0.5109,372
113,12.5,420041.62516,5853023.2276800005,0.5109,372
113,13.0,420041.68902,5853023.73856,0.5109,372
113,13.5,420041.68902,5853024.24944,0.5109,372
114,0.0,420113.97854,5853072.846900001,0.2554,229
114,0.5,420113.46766,5853072.97462,0.2554,229
114,1.0,420113.02064,5853073.166200001,0.2554,229
114,1.5,420112.57362,5853073.357780001,0.1806,229
114,2.0,420112.1266,5853073.5493600005,0.1806,229
114,2.5,420111.67958,5853073.740940001,0.1806,229
114,3.0,420111.1687,5853073.932520001,0.2554,229
114,3.5,420110.72168,5853074.0602400005,0.1277,229
114,4.0,420110.2108,5853074.187960001,0.2554,229
114,4.5,420109.76378,5853074.379540001,0.1806,229
114,5.0,420109.31676,5853074.57112,0.1806,229
114,5.5,420108.86974,5853074.826560001,0.1806,229
114,6.0,420108.42272000003,5853075.082,0.1277,229
114,6.5,420107.9757,5853075.273580001,0.1806,229
114,7.0,420107.52868,5853075.529020001,0.1806,229
114,7.5,420107.08166,5853075.784460001,0.1806,229
114,8.0,420106.63464,5853076.039900001,0.1806,229
114,8.5,420106.25148,5853076.231480001,0.2554,229
114,9.0,420105.80446,5853076.486920001,0.1806,229
114,9.5,420105.35744,5853076.6785,0.2554,229
114,10.0,420104.91042000003,5853076.933940001,0.2554,229
114,10.5,420104.4634,5853077.189380001,0.2554,229
114,11.0,420104.01638,5853077.380960001,0.2554,229
114,11.5,420103.56936,5853077.636400001,0.2554,229
114,12.0,420103.12234,5853077.891840001,0.2554,229
114,12.5,420102.67532,5853078.083420001,0.2856,229
114,13.0,420102.2283,5853078.3388600005,0.2856,229
114,13.5,420101.78128,5853078.466580001,0.1806,229
115,0.0,419949.41132,5853070.8672400005,0.4039,175
115,0.5,419949.02816,5853071.186540001,0.4039,175
115,1.0,419948.645,5853071.569700001,0.5266,175
115,1.5,419948.3257,5853071.889,0.4605,175
115,2.0,419947.94254,5853072.208300001,0.4039,175
115,2.5,419947.62324,5853072.591460001,0.3612,175
115,3.0,419947.24008,5853072.910760001,0.3612,175
115,3.5,419946.79306,5853073.166200001,0.4605,175
115,4.0,419946.47376,5853073.5493600005,0.3612,175
115,4.5,419946.15446,5853073.932520001,0.1806,175
115,5.0,419945.7713,5853074.251820001,0.1806,175
115,5.5,419945.38814,5853074.57112,0.1806,175
115,6.0,419944.94112000003,5853074.826560001,0.3832,175
115,6.5,419944.4941,5853075.082,0.4605,175
115,7.0,419944.11094,5853075.401300001,0.4605,175
115,7.5,419943.72778,5853075.720600001,0.4605,175
115,8.0,419943.34462,5853076.039900001,0.4605,175
115,8.5,419942.96146,5853076.359200001,0.4605,175
115,9.0,419942.5783,5853076.6785,0.5419,175
115,9.5,419942.19514,5853076.997800001,0.5712,175
115,10.0,419941.81198,5853077.317100001,0.5712,175
115,10.5,419941.42882000003,5853077.636400001,0.5712,175
115,11.0,419941.04566,5853077.955700001,0.5712,175
115,11.5,419940.72636000003,5853078.275,0.6386,175
115,12.0,419940.3432,5853078.658160001,0.5712,175
115,12.5,419939.96004000003,5853078.977460001,0.6386,175
115,13.0,419939.57688,5853079.296760001,0.5419,175
115,13.5,419939.19372,5853079.616060001,0.4605,175
116,0.0,419991.04804,5853072.783040001,0.3832,181
116,0.5,419991.55892,5853072.910760001,0.2856,181
116,1.0,419992.00594,5853072.97462,0.2554,181
116,1.5,419992.51682,5853073.038480001,0.3612,181
116,2.0,419993.02770000004,5853073.230060001,0.2856,181
116,2.5,419993.47472,5853073.357780001,0.3612,181
116,3.0,419993.9856,5853073.421640001,0.3832,181
116,3.5,419994.49648000003,5853073.4855,0.3832,181
116,4.0,419994.9435,5853073.5493600005,0.3832,181
116,4.5,419995.45438,5853073.613220001,0.3612,181
116,5.0,419995.96526,5853073.677080001,0.2554,181
116,5.5,419996.47614,5853073.804800001,0.2856,181
116,6.0,419996.92316,5853073.868660001,0.3832,181
116,6.5,419997.43404,5853073.99638,0.2554,181
116,7.0,419997.94492,5853074.0602400005,0.2554,181
116,7.5,419998.39194,5853074.0602400005,0.2554,181
116,8.0,419998.90282,5853074.124100001,0.2856,181
116,8.5,419999.41370000003,5853074.251820001,0.2554,181
116,9.0,419999.86072,5853074.315680001,0.2554,181
116,9.5,420000.3716,5853074.379540001,0.2554,181
116,10.0,420000.88248000003,5853074.443400001,0.2554,181
116,10.5,420001.39336,5853074.507260001,0.2554,181
116,11.0,420001.90424,5853074.57112,0.2554,181
116,11.5,420002.35126,5853074.698840001,0.2554,181
116,12.0,420002.86214,5853074.826560001,0.2554,181
116,12.5,420003.30916,5853074.890420001,0.2554,181
116,13.0,420003.82004,5853075.018140001,0.2554,181
116,13.5,420004.33092,5853075.018140001,0.1806,181
117,0.0,419917.28974,5853076.359200001,0.3832,147
117,0.5,419917.28974,5853076.870080001,0.3832,147
117,1.0,419917.22588,5853077.380960001,0.3832,147
117,1.5,419917.22588,5853077.8279800005,0.3832,147
117,2.0,419917.16202,5853078.3388600005,0.3832,147
117,2.5,419917.16202,5853078.84974,0.3832,147
117,3.0,419917.09816,5853079.36062,0.5109,147
117,3.5,419917.09816,5853079.871500001,0.4039,147
117,4.0,419917.0343,5853080.318520001,0.3832,147
117,4.5,419917.09816,5853080.829400001,0.3832,147
117,5.0,419917.09816,5853081.340280001,0.3832,147
117,5.5,419917.09816,5853081.851160001,0.3832,147
117,6.0,419916.97044,5853082.362040001,0.3832,147
117,6.5,419916.90658,5853082.809060001,0.3832,147
117,7.0,419916.90658,5853083.319940001,0.5109,147
117,7.5,419916.84272,5853083.830820001,0.3832,147
117,8.0,419916.84272,5853084.341700001,0.4605,147
117,8.5,419916.84272,5853084.788720001,0.5109,147
117,9.0,419916.84272,5853085.2996000005,0.5109,147
117,9.5,419916.84272,5853085.81048,0.5109,147
117,10.0,419916.77886,5853086.32136,0.5109,147
117,10.5,419916.77886,5853086.83224,0.5109,147
117,11.0,419916.715,5853087.343120001,0.3832,147
117,11.5,419916.715,5853087.790140001,0.3832,147
117,12.0,419916.65114000003,5853088.301020001,0.3832,147
117,12.5,419916.65114000003,5853088.811900001,0.3832,147
117,13.0,419916.65114000003,5853089.322780001,0.3832,147
117,13.5,419916.58728,5853089.833660001,0.2554,147
118,0.0,420099.0353,5853086.8961000005,0.2856,52
118,0.5,420098.77986,5853087.343120001,0.2554,52
118,1.0,420098.46056,5853087.726280001,0.2554,52
118,1.5,420098.20512,5853088.173300001,0.2554,52
118,2.0,420097.94968,5853088.556460001,0.2554,52
118,2.5,420097.63038,5853089.00348,0.2856,52
118,3.0,420097.37494,5853089.386640001,0.2856,52
118,3.5,420097.05564000004,5853089.769800001,0.2856,52
118,4.0,420096.8002,5853090.216820001,0.2856,52
118,4.5,420096.4809,5853090.59998,0.3612,52
118,5.0,420096.22546,5853091.047000001,0.2856,52
118,5.5,420095.97002,5853091.430160001,0.2856,52
118,6.0,420095.65072000003,5853091.813320001,0.3612,52
118,6.5,420095.33142,5853092.2603400005,0.3612,52
118,7.0,420095.07598,5853092.643500001,0.3612,52
118,7.5,420094.82054,5853093.090520001,0.3612,52
118,8.0,420094.50124,5853093.473680001,0.3612,52
118,8.5,420094.18194,5853093.8568400005,0.2856,52
118,9.0,420093.9265,5853094.303860001,0.4039,52
118,9.5,420093.6072,5853094.687020001,0.3612,52
118,10.0,420093.35176,5853095.134040001,0.3612,52
118,10.5,420093.03246,5853095.517200001,0.3612,52
118,11.0,420092.77702,5853095.900360001,0.4039,52
118,11.5,420092.45772,5853096.347380001,0.4039,52
118,12.0,420092.13842000003,5853096.730540001,0.3612,52
118,12.5,420091.88298,5853097.113700001,0.3612,52
118,13.0,420091.62754,5853097.56072,0.4605,52
118,13.5,420091.30824,5853097.943880001,0.4605,52
119,0.0,420162.2567,5853070.356360001,0.2856,198
119,0.5,420161.87354,5853070.675660001,0.2856,198
119,1.0,420161.49038000003,5853071.058820001,0.3612,198
119,1.5,420161.17108,5853071.3781200005,0.3612,198
119,2.0,420160.78792000003,5853071.697420001,0.2856,198
119,2.5,420160.40476,5853072.016720001,0.2856,198
119,3.0,420160.0216,5853072.336020001,0.2856,198
119,3.5,420159.63844,5853072.655320001,0.3612,198
119,4.0,420159.25528,5853072.97462,0.2856,198
119,4.5,420158.87212,5853073.293920001,0.2856,198
119,5.0,420158.48896,5853073.613220001,0.2856,198
119,5.5,420158.1058,5853073.932520001,0.3612,198
119,6.0,420157.72264,5853074.251820001,0.3612,198
119,6.5,420157.33948,5853074.57112,0.3612,198
119,7.0,420156.95632,5853074.890420001,0.3612,198
119,7.5,420156.57316,5853075.209720001,0.3612,198
119,8.0,420156.19,5853075.529020001,0.2856,198
119,8.5,420155.80684000003,5853075.848320001,0.3612,198
119,9.0,420155.42368,5853076.16762,0.3612,198
119,9.5,420155.04052,5853076.550780001,0.4605,198
119,10.0,420154.65736,5853076.870080001,0.4605,198
119,10.5,420154.2742,5853077.189380001,0.4039,198
119,11.0,420153.9549,5853077.508680001,0.4605,198
119,11.5,420153.57174,5853077.8279800005,0.4605,198
119,12.0,420153.18858,5853078.211140001,0.4605,198
119,12.5,420152.80542,5853078.530440001,0.4605,198
119,13.0,420152.48612,5853078.84974,0.4039,198
120,0.0,420073.87446,5853014.0957,0.1277,343
120,0.5,420073.55516,5853014.478860001,0.1806,343
120,1.0,420073.23586,5853014.862020001,0.2856,343
120,1.5,420072.91656,5853015.245180001,0.3612,343
120,2.0,420072.66112,5853015.6922,0.3612,343
120,2.5,420072.34182000003,5853016.075360001,0.4039,343
120,3.0,420072.15024,5853016.522380001,0.4039,343
120,3.5,420071.8948,5853016.969400001,0.4039,343
120,4.0,420071.63936000003,5853017.416420001,0.3612,343
120,4.5,420071.44778,5853017.86344,0.4039,343
120,5.0,420071.19234,5853018.310460001,0.3612,343
120,5.5,420071.00076,5853018.693620001,0.4039,343
120,6.0,420070.74532,5853019.140640001,0.4605,343
120,6.5,420070.42602,5853019.587660001,0.5266,343
120,7.0,420070.17058000003,5853019.97082,0.4605,343
120,7.5,420069.91514,5853020.417840001,0.4039,343
120,8.0,420069.6597,5853020.864860001,0.4039,343
120,8.5,420069.46812000003,5853021.311880001,0.3612,343
120,9.0,420069.27654,5853021.758900001,0.3612,343
120,9.5,420069.08496,5853022.205920001,0.2554,343
120,10.0,420068.89338,5853022.65294,0.2554,343
120,10.5,420068.63794,5853023.099960001,0.2554,343
120,11.0,420068.44636,5853023.546980001,0.2554,343
120,11.5,420068.19092,5853023.994000001,0.2856,343
120,12.0,420067.87162,5853024.441020001,0.2856,343
120,12.5,420067.61618,5853024.82418,0.3612,343
120,13.0,420067.36074000003,5853025.271200001,0.2856,343
121,0.0,420139.77798,5852918.625000001,0.5712,283
121,0.5,420139.71412,5852919.135880001,0.9031,283
121,1.0,420139.39482,5852919.519040001,0.921,283
121,1.5,420139.13938,5852919.9660600005,0.921,283
121,2.0,420138.88394,5852920.349220001,0.9031,283
121,2.5,420138.56464,5852920.796240001,0.921,283
121,3.0,420138.3092,5852921.179400001,0.921,283
121,3.5,420138.05376,5852921.626420001,0.8568,283
121,4.0,420137.73446,5852922.009580001,0.9727,283
121,4.5,420137.47902,5852922.456600001,0.9031,283
121,5.0,420137.15972,5852922.839760001,0.921,283
121,5.5,420136.84042,5852923.222920001,0.8178,283
121,6.0,420136.58498,5852923.66994,0.9031,283
121,6.5,420136.32954,5852924.053100001,0.9031,283
121,7.0,420136.01024000003,5852924.500120001,0.8568,283
121,7.5,420135.7548,5852924.883280001,0.8568,283
121,8.0,420135.49936,5852925.3303000005,0.921,283
121,8.5,420135.18006,5852925.713460001,0.8568,283
121,9.0,420134.92462,5852926.160480001,0.921,283
121,9.5,420134.66918,5852926.543640001,0.921,283
121,10.0,420134.34988,5852926.990660001,0.9031,283
121,10.5,420134.09444,5852927.373820001,0.9031,283
121,11.0,420133.839,5852927.820840001,0.9031,283
121,11.5,420133.5197,5852928.204000001,0.8568,283
121,12.0,420133.26426,5852928.651020001,0.921,283
121,12.5,420133.00882,5852929.03418,0.921,283
121,13.0,420132.68952,5852929.481200001,0.921,283
122,0.0,420193.99512,5853072.910760001,0.2554,193
122,0.5,420193.5481,5853073.166200001,0.4039,193
122,1.0,420193.10108,5853073.357780001,0.4039,193
122,1.5,420192.65406000003,5853073.5493600005,0.4039,193
122,2.0,420192.20704,5853073.740940001,0.4039,193
122,2.5,420191.69616,5853073.868660001,0.5109,193
122,3.0,420191.24914,5853074.0602400005,0.5266,193
122,3.5,420190.80212,5853074.251820001,0.5109,193
122,4.0,420190.29124,5853074.443400001,0.4605,193
122,4.5,420189.84422,5853074.634980001,0.5109,193
122,5.0,420189.3972,5853074.826560001,0.5266,193
122,5.5,420188.95018,5853075.018140001,0.5266,193
122,6.0,420188.4393,5853075.209720001,0.5266,193
122,6.5,420187.99228,5853075.401300001,0.5109,193
122,7.0,420187.54526,5853075.592880001,0.4605,193
122,7.5,420187.09824,5853075.720600001,0.5109,193
122,8.0,420186.58736,5853075.848320001,0.5109,193
122,8.5,420186.14034,5853076.039900001,0.4605,193
122,9.0,420185.62946,5853076.16762,0.4605,193
122,9.5,420185.18244,5853076.423060001,0.4039,193
122,10.0,420184.73542,5853076.550780001,0.5266,193
122,10.5,420184.22454,5853076.7423600005,0.5266,193
122,11.0,420183.77752,5853076.933940001,0.5712,193
122,11.5,420183.3305,5853077.125520001,0.5266,193
122,12.0,420182.81962,5853077.25324,0.5712,193
122,12.5,420182.3726,5853077.380960001,0.5266,193
122,13.0,420181.86172,5853077.572540001,0.6386,193
123,0.0,420038.87918,5853060.074900001,0.6386,355
123,0.5,420038.81532,5853060.585780001,0.5109,355
123,1.0,420038.81532,5853061.096660001,0.5109,355
123,1.5,420038.75146,5853061.543680001,0.3832,355
123,2.0,420038.6876,5853062.054560001,0.5109,355
123,2.5,420038.55988,5853062.565440001,0.5109,355
123,3.0,420038.49602,5853063.012460001,0.5266,355
123,3.5,420038.36830000003,5853063.523340001,0.5109,355
123,4.0,420038.24058,5853063.970360001,0.4605,355
123,4.5,420038.049,5853064.481240001,0.4039,355
123,5.0,420037.85742,5853064.92826,0.3612,355
123,5.5,420037.66584000003,5853065.375280001,0.2554,355
123,6.0,420037.60198,5853065.886160001,0.3832,355
123,6.5,420037.47426,5853066.333180001,0.3832,355
123,7.0,420037.28268,5853066.844060001,0.3832,355
123,7.5,420037.15496,5853067.291080001,0.4039,355
123,8.0,420037.02724,5853067.801960001,0.4039,355
123,8.5,420036.83566,5853068.248980001,0.4039,355
123,9.0,420036.70794,5853068.759860001,0.3832,355
123,9.5,420036.4525,5853069.20688,0.3832,355
123,10.0,420036.38864,5853069.71776,0.5109,355
123,10.5,420036.26092000003,5853070.164780001,0.4039,355
123,11.0,420036.1332,5853070.675660001,0.4039,355
123,11.5,420036.00548,5853071.122680001,0.3832,355
123,12.0,420035.8139,5853071.633560001,0.4039,355
123,12.5,420035.62232,5853072.080580001,0.4039,355
123,13.0,420035.36688,5853072.527600001,0.3612,355
124,0.0,420359.71182,5853254.9117600005,0.2554,748
124,0.5,420359.77568,5853255.4226400005,0.3832,748
124,1.0,420359.77568,5853255.93352,0.3832,748
124,1.5,420359.71182,5853256.380540001,0.3832,748
124,2.0,420359.71182,5853256.891420001,0.3832,748
124,2.5,420359.77568,5853257.402300001,0.3612,748
124,3.0,420359.9034,5853257.913180001,0.3832,748
124,3.5,420359.96726,5853258.360200001,0.3832,748
124,4.0,420360.09498,5853258.871080001,0.3832,748
124,4.5,420360.09498,5853259.381960001,0.3832,748
124,5.0,420360.15884,5853259.892840001,0.3832,748
124,5.5,420360.15884,5853260.339860001,0.3832,748
124,6.0,420360.15884,5853260.850740001,0.3832,748
124,6.5,420360.15884,5853261.361620001,0.3832,748
124,7.0,420360.2227,5853261.8725000005,0.5109,748
124,7.5,420360.2227,5853262.3833800005,0.4605,748
124,8.0,420360.28656,5853262.830400001,0.5109,748
124,8.5,420360.28656,5853263.341280001,0.3832,748
124,9.0,420360.35042000003,5853263.852160001,0.3832,748
124,9.5,420360.41428,5853264.363040001,0.3832,748
124,10.0,420360.41428,5853264.873920001,0.3612,748
124,10.5,420360.47814,5853265.320940001,0.3832,748
124,11.0,420360.542,5853265.831820001,0.3832,748
124,11.5,420360.542,5853266.342700001,0.3832,748
124,12.0,420360.542,5853266.853580001,0.3832,748
124,12.5,420360.542,5853267.364460001,0.3832,748
124,13.0,420360.60586,5853267.811480001,0.3832,748
125,0.0,420325.03584,5853349.680000001,0.1806,609
125,0.5,420324.90812,5853350.190880001,0.2554,609
125,1.0,420324.7804,5853350.6379,0.3832,609
125,1.5,420324.65268,5853351.14878,0.4039,609
125,2.0,420324.4611,5853351.595800001,0.5712,609
125,2.5,420324.33338,5853352.106680001,0.6386,609
125,3.0,420324.20566,5853352.553700001,0.5712,609
125,3.5,420324.01408,5853353.064580001,0.4605,609
125,4.0,420323.88636,5853353.511600001,0.4605,609
125,4.5,420323.75864,5853353.958620001,0.4605,609
125,5.0,420323.63092,5853354.469500001,0.5109,609
125,5.5,420323.43934,5853354.91652,0.5109,609
125,6.0,420323.31162,5853355.4274,0.6386,609
125,6.5,420323.12004,5853355.874420001,0.5266,609
125,7.0,420322.99232,5853356.385300001,0.5712,609
125,7.5,420322.80074000004,5853356.832320001,0.5712,609
125,8.0,420322.60916,5853357.279340001,0.5266,609
125,8.5,420322.48144,5853357.790220001,0.5266,609
125,9.0,420322.28986,5853358.237240001,0.5266,609
125,9.5,420322.09828000003,5853358.6842600005,0.5266,609
125,10.0,420321.84284,5853359.131280001,0.4039,609
125,10.5,420321.65126,5853359.578300001,0.3832,609
125,11.0,420321.45968,5853360.089180001,0.3612,609
125,11.5,420321.20424,5853360.472340001,0.1806,609
125,12.0,420321.07652,5853360.983220001,0.2554,609
125,12.5,420320.88494,5853361.430240001,0.2554,609
125,13.0,420320.6295,5853361.87726,0.1277,609
126,0.0,420341.00084,5853315.514900001,0.5266,721
126,0.5,420340.87312,5853316.025780001,0.6512,721
126,1.0,420340.7454,5853316.472800001,0.5109,721
126,1.5,420340.61768,5853316.9836800005,0.3832,721
126,2.0,420340.48996000004,5853317.4307,0.4039,721
126,2.5,420340.29838,5853317.877720001,0.4605,721
126,3.0,420340.04294,5853318.324740001,0.4605,721
126,3.5,420339.78750000003,5853318.771760001,0.4605,721
126,4.0,420339.53206,5853319.154920001,0.5419,721
126,4.5,420339.21276,5853319.60194,0.5419,721
126,5.0,420338.95732,5853319.985100001,0.5419,721
126,5.5,420338.70188,5853320.432120001,0.4605,721
126,6.0,420338.38258000003,5853320.815280001,0.4605,721
126,6.5,420338.12714,5853321.2623000005,0.4605,721
126,7.0,420337.93556,5853321.70932,0.5266,721
126,7.5,420337.74398,5853322.220200001,0.5712,721
126,8.0,420337.5524,5853322.667220001,0.5712,721
126,8.5,420337.29696,5853323.114240001,0.5712,721
126,9.0,420337.10538,5853323.561260001,0.5712,721
126,9.5,420336.84994,5853323.944420001,0.6386,721
126,10.0,420336.53064,5853324.39144,0.6386,721
126,10.5,420336.21134,5853324.774600001,0.6386,721
126,11.0,420335.89204,5853325.157760001,0.5419,721
126,11.5,420335.6366,5853325.5409200005,0.6386,721
126,12.0,420335.3173,5853325.924080001,0.5419,721
126,12.5,420335.06186,5853326.371100001,0.5419,721
126,13.0,420334.74256,5853326.754260001,0.6386,721
127,0.0,419987.53574,5853196.288280001,0.5712,25
127,0.5,419987.34416,5853196.735300001,0.6386,25
127,1.0,419987.08872,5853197.182320001,0.5266,25
127,1.5,419986.89714,5853197.62934,0.5266,25
127,2.0,419986.6417,5853198.076360001,0.5712,25
127,2.5,419986.38626,5853198.459520001,0.6386,25
127,3.0,419986.06696,5853198.906540001,0.6386,25
127,3.5,419985.87538,5853199.353560001,0.6878,25
127,4.0,419985.61994,5853199.8005800005,0.6878,25
127,4.5,419985.3645,5853200.183740001,0.7447,25
127,5.0,419985.17292,5853200.694620001,0.6386,25
127,5.5,419984.91748,5853201.077780001,0.6878,25
127,6.0,419984.7259,5853201.588660001,0.6878,25
127,6.5,419984.53432000004,5853202.035680001,0.6878,25
127,7.0,419984.34274,5853202.4827000005,0.6878,25
127,7.5,419984.0873,5853202.92972,0.7447,25
127,8.0,419983.89572000003,5853203.376740001,0.7447,25
127,8.5,419983.70414,5853203.887620001,0.8078,25
127,9.0,419983.4487,5853204.270780001,0.6878,25
127,9.5,419983.25712,5853204.781660001,0.8078,25
127,10.0,419983.06554,5853205.228680001,0.8078,25
127,10.5,419982.87396,5853205.6757000005,0.8568,25
127,11.0,419982.68238,5853206.122720001,0.9031,25
127,11.5,419982.4908,5853206.569740001,0.921,25
127,12.0,419982.29922,5853207.080620001,0.9727,25
127,12.5,419982.10764,5853207.527640001,0.9727,25
127,13.0,419981.91606,5853207.974660001,0.9727,25
128,0.0,419971.25144,5853226.621780001,0.3832,1008
128,0.5,419971.05986,5853227.0688000005,0.4039,1008
128,1.0,419970.93214,5853227.57968,0.4039,1008
128,1.5,419970.74056,5853228.026700001,0.4039,1008
128,2.0,419970.54898,5853228.473720001,0.4605,1008
128,2.5,419970.29354,5853228.920740001,0.4605,1008
128,3.0,419970.10196,5853229.367760001,0.4605,1008
128,3.5,419969.91038,5853229.878640001,0.5266,1008
128,4.0,419969.71880000003,5853230.325660001,0.5712,1008
128,4.5,419969.46336,5853230.77268,0.4605,1008
128,5.0,419969.27178,5853231.219700001,0.5266,1008
128,5.5,419969.0802,5853231.666720001,0.5266,1008
128,6.0,419968.88862,5853232.113740001,0.5712,1008
128,6.5,419968.63318,5853232.560760001,0.4605,1008
128,7.0,419968.4416,5853233.007780001,0.5266,1008
128,7.5,419968.25002,5853233.4548,0.5266,1008
128,8.0,419968.05844,5853233.901820001,0.5712,1008
128,8.5,419967.803,5853234.348840001,0.5109,1008
128,9.0,419967.61142000003,5853234.859720001,0.5712,1008
128,9.5,419967.41984,5853235.306740001,0.5266,1008
128,10.0,419967.1644,5853235.753760001,0.5266,1008
128,10.5,419966.97282,5853236.200780001,0.5712,1008
128,11.0,419966.78124,5853236.6478,0.5712,1008
128,11.5,419966.58966,5853237.094820001,0.5266,1008
128,12.0,419966.33422,5853237.541840001,0.5712,1008
128,12.5,419966.14264000003,5853237.988860001,0.6386,1008
128,13.0,419965.8872,5853238.435880001,0.7447,1008
129,0.0,420135.37164,5853123.934900001,0.1277,33
129,0.5,420135.05234,5853124.31806,0.1277,33
129,1.0,420134.73304,5853124.701220001,0.1806,33
129,1.5,420134.41374,5853125.084380001,0.2554,33
129,2.0,420134.09444,5853125.467540001,0.1806,33
129,2.5,420133.839,5853125.91456,0.2554,33
129,3.0,420133.58356,5853126.297720001,0.2554,33
129,3.5,420133.32812,5853126.744740001,0.2554,33
129,4.0,420133.00882,5853127.191760001,0.2856,33
129,4.5,420132.81724,5853127.5749200005,0.2856,33
129,5.0,420132.5618,5853128.021940001,0.2554,33
129,5.5,420132.2425,5853128.468960001,0.2856,33
129,6.0,420132.05092,5853128.915980001,0.1806,33
129,6.5,420131.79548000003,5853129.299140001,0.2554,33
129,7.0,420131.54004,5853129.746160001,0.2554,33
129,7.5,420131.22074,5853130.19318,0.2856,33
129,8.0,420131.02916000003,5853130.640200001,0.2554,33
129,8.5,420130.77372,5853131.023360001,0.2856,33
129,9.0,420130.51828,5853131.470380001,0.2856,33
129,9.5,420130.26284,5853131.917400001,0.2554,33
129,10.0,420130.0074,5853132.300560001,0.2856,33
129,10.5,420129.75196,5853132.747580001,0.2856,33
129,11.0,420129.49652,5853133.194600001,0.2856,33
129,11.5,420129.17722,5853133.577760001,0.2554,33
129,12.0,420128.92178000003,5853134.024780001,0.3612,33
129,12.5,420128.66634,5853134.407940001,0.3612,33
129,13.0,420128.4109,5853134.854960001,0.2856,33
130,0.0,420038.55988,5853102.988820001,0.2856,75
130,0.5,420038.24058,5853103.371980001,0.2856,75
130,1.0,420037.85742,5853103.755140001,0.2856,75
130,1.5,420037.53812,5853104.074440001,0.2856,75
130,2.0,420037.15496,5853104.457600001,0.3612,75
130,2.5,420036.83566,5853104.776900001,0.3612,75
130,3.0,420036.4525,5853105.160060001,0.2856,75
130,3.5,420036.1332,5853105.479360001,0.2856,75
130,4.0,420035.8139,5853105.862520001,0.2856,75
130,4.5,420035.43074,5853106.245680001,0.2856,75
130,5.0,420035.11144,5853106.564980001,0.2856,75
130,5.5,420034.72828,5853106.948140001,0.3612,75
130,6.0,420034.40898,5853107.331300001,0.2856,75
130,6.5,420034.08968000003,5853107.650600001,0.3612,75
130,7.0,420033.70652,5853108.033760001,0.3612,75
130,7.5,420033.38722000003,5853108.353060001,0.3612,75
130,8.0,420033.00406,5853108.736220001,0.3612,75
130,8.5,420032.6209,5853109.119380001,0.3612,75
130,9.0,420032.3016,5853109.502540001,0.3612,75
130,9.5,420031.98230000003,5853109.821840001,0.3612,75
130,10.0,420031.59914,5853110.205000001,0.3612,75
130,10.5,420031.27984000003,5853110.524300001,0.3612,75
130,11.0,420030.89668,5853110.90746,0.3612,75
130,11.5,420030.57738000003,5853111.226760001,0.3612,75
130,12.0,420030.19422,5853111.609920001,0.3612,75
130,12.5,420029.87492000003,5853111.929220001,0.3612,75
130,13.0,420029.49176,5853112.248520001,0.3612,75
131,0.0,420215.19664,5853239.3937800005,0.4039,453
131,0.5,420214.74962,5853239.649220001,0.4605,453
131,1.0,420214.3026,5853239.9046600005,0.4605,453
131,1.5,420213.91944,5853240.160100001,0.4039,453
131,2.0,420213.47242,5853240.41554,0.4605,453
131,2.5,420213.0254,5853240.670980001,0.4605,453
131,3.0,420212.57838,5853240.92642,0.5266,453
131,3.5,420212.19522,5853241.181860001,0.4605,453
131,4.0,420211.74820000003,5853241.437300001,0.4605,453
131,4.5,420211.30118,5853241.692740001,0.5266,453
131,5.0,420210.85416,5853241.948180001,0.5266,453
131,5.5,420210.471,5853242.139760001,0.4605,453
131,6.0,420210.02398,5853242.459060001,0.5266,453
131,6.5,420209.57696000003,5853242.714500001,0.5419,453
131,7.0,420209.1938,5853242.969940001,0.5266,453
131,7.5,420208.74678,5853243.161520001,0.5266,453
131,8.0,420208.29976,5853243.416960001,0.5266,453
131,8.5,420207.85274,5853243.6724000005,0.5266,453
131,9.0,420207.40572,5853243.927840001,0.5266,453
131,9.5,420206.9587,5853244.18328,0.5266,453
131,10.0,420206.57554,5853244.374860001,0.4605,453
131,10.5,420206.12852,5853244.630300001,0.4605,453
131,11.0,420205.6815,5853244.949600001,0.4605,453
131,11.5,420205.23448,5853245.141180001,0.4605,453
131,12.0,420204.78746,5853245.396620001,0.4605,453
131,12.5,420204.4043,5853245.652060001,0.4605,453
131,13.0,420203.95728000003,5853245.907500001,0.5266,453
132,0.0,420391.70568,5853202.099540001,0.3612,776
132,0.5,420391.51410000003,5853202.546560001,0.4039,776
132,1.0,420391.32252,5853202.9935800005,0.3612,776
132,1.5,420391.13094,5853203.440600001,0.3612,776
132,2.0,420390.8755,5853203.951480001,0.3612,776
132,2.5,420390.68392,5853204.398500001,0.3612,776
132,3.0,420390.42848,5853204.845520001,0.3612,776
132,3.5,420390.2369,5853205.292540001,0.3612,776
132,4.0,420389.98146,5853205.739560001,0.3612,776
132,4.5,420389.78988,5853206.18658,0.4039,776
132,5.0,420389.53444,5853206.633600001,0.3612,776
132,5.5,420389.34286000003,5853207.080620001,0.4039,776
132,6.0,420389.08742,5853207.527640001,0.3612,776
132,6.5,420388.89584,5853207.974660001,0.4039,776
132,7.0,420388.70426,5853208.421680001,0.4039,776
132,7.5,420388.44882,5853208.8687,0.3832,776
132,8.0,420388.25724,5853209.315720001,0.4039,776
132,8.5,420388.0018,5853209.762740001,0.3612,776
132,9.0,420387.81022,5853210.209760001,0.4605,776
132,9.5,420387.61864,5853210.656780001,0.5266,776
132,10.0,420387.3632,5853211.103800001,0.5266,776
132,10.5,420387.17162,5853211.5508200005,0.5712,776
132,11.0,420386.91618,5853211.997840001,0.5712,776
132,11.5,420386.7246,5853212.444860001,0.5712,776
132,12.0,420386.46916,5853212.891880001,0.6386,776
132,12.5,420386.21372,5853213.275040001,0.5712,776
132,13.0,420386.02214,5853213.7220600005,0.5712,776
133,0.0,420107.46482,5853055.093820001,0.2856,240
133,0.5,420107.08166,5853055.3492600005,0.2856,240
133,1.0,420106.6985,5853055.732420001,0.2856,240
133,1.5,420106.3792,5853056.115580001,0.1806,240
133,2.0,420106.0599,5853056.498740001,0.4605,240
133,2.5,420105.67674,5853056.8819,0.3612,240
133,3.0,420105.35744,5853057.201200001,0.2856,240
133,3.5,420104.91042000003,5853057.520500001,0.4605,240
133,4.0,420104.59112,5853057.839800001,0.3612,240
133,4.5,420104.27182,5853058.222960001,0.2856,240
133,5.0,420103.95252,5853058.606120001,0.2856,240
133,5.5,420103.63322,5853058.989280001,0.3612,240
133,6.0,420103.25006,5853059.372440001,0.2856,240
133,6.5,420102.93076,5853059.691740001,0.2856,240
133,7.0,420102.5476,5853060.074900001,0.2856,240
133,7.5,420102.2283,5853060.394200001,0.2856,240
133,8.0,420101.84514,5853060.777360001,0.2856,240
133,8.5,420101.52584,5853061.16052,0.2554,240
133,9.0,420101.20654,5853061.543680001,0.1806,240
133,9.5,420100.88724,5853061.926840001,0.1806,240
133,10.0,420100.56794,5853062.24614,0.1806,240
133,10.5,420100.24864,5853062.629300001,0.2554,240
133,11.0,420099.86548,5853063.012460001,0.1806,240
133,11.5,420099.54618,5853063.395620001,0.2856,240
133,12.0,420099.22688000003,5853063.714920001,0.3612,240
133,12.5,420098.84372,5853064.098080001,0.4605,240
133,13.0,420098.46056,5853064.41738,0.4605,240
134,0.0,419956.37206,5853039.895140001,0.1277,170
134,0.5,419956.05276,5853040.278300001,0.2856,170
134,1.0,419955.73346,5853040.661460001,0.5419,170
134,1.5,419955.47802,5853041.108480001,0.6386,170
134,2.0,419955.22258,5853041.555500001,0.6386,170
134,2.5,419954.96714,5853041.93866,0.5266,170
134,3.0,419954.77556,5853042.44954,0.6386,170
134,3.5,419954.52012,5853042.832700001,0.5712,170
134,4.0,419954.32854,5853043.279720001,0.6386,170
134,4.5,419954.0731,5853043.726740001,0.6386,170
134,5.0,419953.81766,5853044.173760001,0.5712,170
134,5.5,419953.56222,5853044.62078,0.5712,170
134,6.0,419953.37064,5853045.067800001,0.6386,170
134,6.5,419953.1152,5853045.514820001,0.6386,170
134,7.0,419952.85976,5853045.961840001,0.5712,170
134,7.5,419952.66818,5853046.345000001,0.6386,170
134,8.0,419952.41274,5853046.7920200005,0.5712,170
134,8.5,419952.1573,5853047.23904,0.5712,170
134,9.0,419951.96572,5853047.686060001,0.6386,170
134,9.5,419951.71028,5853048.133080001,0.6386,170
134,10.0,419951.45484,5853048.580100001,0.6878,170
134,10.5,419951.1994,5853048.963260001,0.6386,170
134,11.0,419951.00782,5853049.41028,0.6878,170
134,11.5,419950.75238,5853049.857300001,0.7225,170
134,12.0,419950.49694,5853050.304320001,0.6878,170
134,12.5,419950.30536,5853050.751340001,0.6878,170
134,13.0,419949.98606,5853051.198360001,0.6878,170
135,0.0,420093.54334000003,5853085.618900001,0.1277,54
135,0.5,420093.22404,5853086.002060001,0.2856,54
135,1.0,420092.9686,5853086.449080001,0.3612,54
135,1.5,420092.71316,5853086.8961000005,0.2856,54
135,2.0,420092.52158,5853087.343120001,0.3612,54
135,2.5,420092.26614,5853087.790140001,0.2856,54
135,3.0,420092.07456,5853088.237160001,0.2856,54
135,3.5,420091.88298,5853088.684180001,0.2856,54
135,4.0,420091.62754,5853089.131200001,0.2856,54
135,4.5,420091.43596000003,5853089.5782200005,0.2856,54
135,5.0,420091.18052,5853090.025240001,0.2856,54
135,5.5,420090.98894,5853090.472260001,0.2856,54
135,6.0,420090.73350000003,5853090.919280001,0.2554,54
135,6.5,420090.54192,5853091.366300001,0.2554,54
135,7.0,420090.28648,5853091.749460001,0.2856,54
135,7.5,420090.03104000003,5853092.19648,0.2856,54
135,8.0,420089.83946,5853092.643500001,0.2856,54
135,8.5,420089.58402,5853093.090520001,0.2856,54
135,9.0,420089.32858000003,5853093.537540001,0.3612,54
135,9.5,420089.07314,5853093.984560001,0.3612,54
135,10.0,420088.8177,5853094.36772,0.2856,54
135,10.5,420088.56226000004,5853094.814740001,0.2856,54
135,11.0,420088.30682,5853095.261760001,0.2554,54
135,11.5,420088.05138,5853095.644920001,0.2856,54
135,12.0,420087.79594,5853096.091940001,0.2856,54
135,12.5,420087.5405,5853096.5389600005,0.1806,54
135,13.0,420087.28506,5853096.985980001,0.2554,54
136,0.0,420102.16444,5852946.851120001,0.3832,291
136,0.5,420102.03672000003,5852947.362000001,0.3832,291
136,1.0,420101.909,5852947.8090200005,0.3832,291
136,1.5,420101.78128,5852948.3199000005,0.3832,291
136,2.0,420101.65356,5852948.766920001,0.3612,291
136,2.5,420101.52584,5852949.277800001,0.3612,291
136,3.0,420101.46198,5852949.724820001,0.3832,291
136,3.5,420101.33426000003,5852950.235700001,0.3832,291
136,4.0,420101.20654,5852950.746580001,0.3832,291
136,4.5,420101.07882,5852951.193600001,0.3832,291
136,5.0,420100.9511,5852951.704480001,0.3832,291
136,5.5,420100.82338,5852952.151500001,0.3832,291
136,6.0,420100.69566,5852952.662380001,0.3832,291
136,6.5,420100.56794,5852953.1094,0.3832,291
136,7.0,420100.50408,5852953.62028,0.3612,291
136,7.5,420100.37636,5852954.131160001,0.3612,291
136,8.0,420100.18478,5852954.578180001,0.3832,291
136,8.5,420100.12092,5852955.089060001,0.3832,291
136,9.0,420099.9932,5852955.599940001,0.3832,291
136,9.5,420099.86548,5852956.046960001,0.4039,291
136,10.0,420099.73776,5852956.557840001,0.4039,291
136,10.5,420099.61004,5852957.004860001,0.4605,291
136,11.0,420099.41846,5852957.515740001,0.4039,291
136,11.5,420099.29074,5852957.9627600005,0.4039,291
136,12.0,420099.16302,5852958.47364,0.5109,291
136,12.5,420099.0353,5852958.920660001,0.5109,291
137,0.0,420113.7231,5853013.01008,0.1277,253
137,0.5,420113.59538,5853013.520960001,0.3832,253
137,1.0,420113.46766,5853013.967980001,0.3832,253
137,1.5,420113.33994000003,5853014.478860001,0.3832,253
137,2.0,420113.21222,5853014.925880001,0.3832,253
137,2.5,420113.0845,5853015.436760001,0.4039,253
137,3.0,420112.95678,5853015.883780001,0.4039,253
137,3.5,420112.82906,5853016.394660001,0.4039,253
137,4.0,420112.70134,5853016.841680001,0.4039,253
137,4.5,420112.57362,5853017.3525600005,0.4605,253
137,5.0,420112.4459,5853017.86344,0.4605,253
137,5.5,420112.31818,5853018.310460001,0.4605,253
137,6.0,420112.19046,5853018.821340001,0.4605,253
137,6.5,420112.06274,5853019.268360001,0.5109,253
137,7.0,420111.93502000003,5853019.779240001,0.5109,253
137,7.5,420111.8073,5853020.226260001,0.5109,253
137,8.0,420111.61572,5853020.737140001,0.3832,253
137,8.5,420111.55186,5853021.184160001,0.4039,253
137,9.0,420111.42414,5853021.695040001,0.3832,253
137,9.5,420111.29642,5853022.205920001,0.3832,253
137,10.0,420111.23256000003,5853022.65294,0.4039,253
137,10.5,420111.10484,5853023.16382,0.3832,253
137,11.0,420110.97712,5853023.674700001,0.3832,253
137,11.5,420110.8494,5853024.121720001,0.3612,253
137,12.0,420110.72168,5853024.632600001,0.2856,253
137,12.5,420110.59396,5853025.079620001,0.2554,253
138,0.0,419968.63318,5853201.3970800005,0.1277,16
138,0.5,419968.50546,5853201.844100001,0.2856,16
138,1.0,419968.31388000003,5853202.354980001,0.2554,16
138,1.5,419968.25002,5853202.802000001,0.3612,16
138,2.0,419968.1223,5853203.312880001,0.3612,16
138,2.5,419967.93072,5853203.759900001,0.4039,16
138,3.0,419967.73914,5853204.270780001,0.3832,16
138,3.5,419967.54756,5853204.717800001,0.4039,16
138,4.0,419967.35598,5853205.1648200005,0.3832,16
138,4.5,419967.1644,5853205.61184,0.3612,16
138,5.0,419966.97282,5853206.122720001,0.3832,16
138,5.5,419966.78124,5853206.569740001,0.3612,16
138,6.0,419966.65352,5853207.016760001,0.3612,16
138,6.5,419966.5258,5853207.527640001,0.3612,16
138,7.0,419966.33422,5853207.974660001,0.3612,16
138,7.5,419966.20650000003,5853208.485540001,0.3612,16
138,8.0,419966.01492,5853208.932560001,0.2856,16
138,8.5,419965.8872,5853209.4434400005,0.3612,16
138,9.0,419965.82334,5853209.89046,0.3832,16
138,9.5,419965.69562,5853210.401340001,0.5109,16
138,10.0,419965.5679,5853210.912220001,0.5109,16
138,10.5,419965.50404,5853211.359240001,0.5266,16
138,11.0,419965.37632,5853211.870120001,0.5266,16
138,11.5,419965.2486,5853212.317140001,0.5109,16
138,12.0,419965.12088,5853212.828020001,0.5109,16
138,12.5,419964.99316,5853213.275040001,0.4605,16
139,0.0,419999.0944,5853009.625500001,0.1277,397
139,0.5,419999.03054,5853010.136380001,0.4605,397
139,1.0,419998.90282,5853010.583400001,0.5712,397
139,1.5,419998.71124000003,5853011.030420001,0.5712,397
139,2.0,419998.4558,5853011.541300001,0.5266,397
139,2.5,419998.26422,5853011.9883200005,0.5266,397
139,3.0,419998.07264,5853012.435340001,0.5266,397
139,3.5,419997.88106,5853012.882360001,0.5266,397
139,4.0,419997.62562,5853013.329380001,0.4039,397
139,4.5,419997.43404,5853013.776400001,0.3832,397
139,5.0,419997.24246,5853014.223420001,0.3832,397
139,5.5,419997.05088,5853014.734300001,0.4039,397
139,6.0,419996.8593,5853015.18132,0.4039,397
139,6.5,419996.66772,5853015.628340001,0.4039,397
139,7.0,419996.47614,5853016.075360001,0.3612,397
139,7.5,419996.28456,5853016.522380001,0.3612,397
139,8.0,419996.09298,5853017.033260001,0.2856,397
139,8.5,419995.90140000003,5853017.480280001,0.3612,397
139,9.0,419995.64596,5853017.927300001,0.3612,397
139,9.5,419995.45438,5853018.37432,0.3612,397
139,10.0,419995.2628,5853018.821340001,0.3612,397
139,10.5,419995.07122,5853019.332220001,0.3832,397
139,11.0,419994.9435,5853019.779240001,0.4039,397
139,11.5,419994.75192,5853020.226260001,0.4605,397
139,12.0,419994.56034,5853020.673280001,0.4605,397
139,12.5,419994.36876,5853021.184160001,0.4605,397
140,0.0,419859.68802,5853150.0536400005,0.5109,110
140,0.5,419860.13504,5853150.181360001,0.5109,110
140,1.0,419860.64592,5853150.372940001,0.4039,110
140,1.5,419861.09294,5853150.50066,0.4605,110
140,2.0,419861.60382,5853150.692240001,0.3832,110
140,2.5,419862.05084,5853150.819960001,0.4039,110
140,3.0,419862.56172,5853150.947680001,0.4039,110
140,3.5,419863.00874,5853151.0754,0.4039,110
140,4.0,419863.51962,5853151.203120001,0.4039,110
140,4.5,419864.0305,5853151.330840001,0.4605,110
140,5.0,419864.47752,5853151.458560001,0.4039,110
140,5.5,419864.98840000003,5853151.58628,0.4605,110
140,6.0,419865.43542,5853151.714000001,0.4039,110
140,6.5,419865.9463,5853151.841720001,0.4039,110
140,7.0,419866.39332000003,5853151.969440001,0.4039,110
140,7.5,419866.9042,5853152.097160001,0.4039,110
140,8.0,419867.35122,5853152.224880001,0.4039,110
140,8.5,419867.8621,5853152.352600001,0.3832,110
140,9.0,419868.37298,5853152.480320001,0.3832,110
140,9.5,419868.82,5853152.608040001,0.3832,110
140,10.0,419869.33088,5853152.735760001,0.3832,110
140,10.5,419869.7779,5853152.863480001,0.4039,110
140,11.0,419870.28878,5853152.991200001,0.4039,110
140,11.5,419870.7358,5853153.118920001,0.3832,110
140,12.0,419871.24668,5853153.2466400005,0.4039,110
140,12.5,419871.75756,5853153.310500001,0.5109,110
141,0.0,420057.65402,5853059.6278800005,0.1806,330
141,0.5,420057.39858,5853060.074900001,0.2554,330
141,1.0,420057.14314,5853060.458060001,0.2554,330
141,1.5,420056.8877,5853060.905080001,0.2856,330
141,2.0,420056.63226,5853061.352100001,0.1806,330
141,2.5,420056.31296,5853061.73526,0.2856,330
141,3.0,420055.99366,5853062.118420001,0.2554,330
141,3.5,420055.67436,5853062.501580001,0.1806,330
141,4.0,420055.41892,5853062.948600001,0.1806,330
141,4.5,420055.16348,5853063.33176,0.1806,330
141,5.0,420054.90804,5853063.778780001,0.1806,330
141,5.5,420054.58874,5853064.225800001,0.2554,330
141,6.0,420054.3333,5853064.608960001,0.2554,330
141,6.5,420054.07786,5853065.055980001,0.2554,330
141,7.0,420053.82242,5853065.43914,0.2856,330
141,7.5,420053.56698,5853065.886160001,0.2554,330
141,8.0,420053.31154,5853066.333180001,0.1806,330
141,8.5,420052.99224,5853066.716340001,0.2856,330
141,9.0,420052.67294,5853067.0995000005,0.1806,330
141,9.5,420052.4175,5853067.546520001,0.1806,330
141,10.0,420052.0982,5853067.929680001,0.1806,330
141,10.5,420051.84276,5853068.376700001,0.2554,330
141,11.0,420051.52346,5853068.759860001,0.2856,330
141,11.5,420051.26802,5853069.143020001,0.2856,330
141,12.0,420051.07644000003,5853069.590040001,0.3612,330
141,12.5,420050.821,5853070.037060001,0.3612,330
142,0.0,420364.0543,5853198.14022,0.3612,781
142,0.5,420363.60728,5853198.395660001,0.4039,781
142,1.0,420363.22412,5853198.6511,0.3612,781
142,1.5,420362.7771,5853198.970400001,0.2856,781
142,2.0,420362.39394,5853199.22584,0.3612,781
142,2.5,420362.01078,5853199.545140001,0.4039,781
142,3.0,420361.56376,5853199.864440001,0.5266,781
142,3.5,420361.1806,5853200.183740001,0.5419,781
142,4.0,420360.79744,5853200.439180001,0.5419,781
142,4.5,420360.41428,5853200.758480001,0.5419,781
142,5.0,420360.03112,5853201.077780001,0.4605,781
142,5.5,420359.5841,5853201.33322,0.4605,781
142,6.0,420359.2648,5853201.652520001,0.5419,781
142,6.5,420358.88164,5853202.035680001,0.5419,781
142,7.0,420358.49848,5853202.354980001,0.6386,781
142,7.5,420358.11532,5853202.674280001,0.6386,781
142,8.0,420357.73216,5853202.9935800005,0.4039,781
142,8.5,420357.22128,5853203.185160001,0.4605,781
142,9.0,420356.83812000003,5853203.440600001,0.5266,781
142,9.5,420356.3911,5853203.696040001,0.4605,781
142,10.0,420356.00794,5853204.01534,0.4605,781
142,10.5,420355.62478,5853204.334640001,0.4605,781
142,11.0,420355.24162,5853204.653940001,0.5266,781
142,11.5,420354.85846,5853205.037100001,0.5419,781
142,12.0,420354.4753,5853205.292540001,0.5419,781
142,12.5,420354.09214,5853205.61184,0.6386,781
143,0.0,420009.18428,5853025.590500001,0.1277,379
143,0.5,420008.9927,5853026.037520001,0.3832,379
143,1.0,420008.86498,5853026.548400001,0.3832,379
143,1.5,420008.80112,5853026.9954200005,0.3832,379
143,2.0,420008.6734,5853027.5063000005,0.3832,379
143,2.5,420008.54568,5853028.01718,0.4039,379
143,3.0,420008.48182,5853028.464200001,0.3832,379
143,3.5,420008.3541,5853028.975080001,0.3832,379
143,4.0,420008.22638,5853029.485960001,0.4605,379
143,4.5,420008.09866,5853029.932980001,0.3832,379
143,5.0,420007.97094,5853030.443860001,0.3832,379
143,5.5,420007.90708000003,5853030.890880001,0.4605,379
143,6.0,420007.77936,5853031.401760001,0.4605,379
143,6.5,420007.65164,5853031.912640001,0.4039,379
143,7.0,420007.58778,5853032.359660001,0.5109,379
143,7.5,420007.46006,5853032.8705400005,0.5109,379
143,8.0,420007.3962,5853033.38142,0.5109,379
143,8.5,420007.26848,5853033.828440001,0.5266,379
143,9.0,420007.14076,5853034.339320001,0.5266,379
143,9.5,420007.01304,5853034.786340001,0.5109,379
143,10.0,420006.94918,5853035.297220001,0.5712,379
143,10.5,420006.82146,5853035.808100001,0.6386,379
143,11.0,420006.69374,5853036.255120001,0.5712,379
143,11.5,420006.56602,5853036.766000001,0.5266,379
143,12.0,420006.50216000003,5853037.276880001,0.6386,379
143,12.5,420006.37444,5853037.723900001,0.5109,379
144,0.0,420384.1702,5853219.469460001,0.5109,775
144,0.5,420383.65932000004,5853219.5971800005,0.5109,775
144,1.0,420383.2123,5853219.724900001,0.3832,775
144,1.5,420382.70142,5853219.788760001,0.4605,775
144,2.0,420382.19054,5853219.788760001,0.5109,775
144,2.5,420381.67966,5853219.852620001,0.5266,775
144,3.0,420381.23264,5853219.916480001,0.5109,775
144,3.5,420380.72176,5853219.980340001,0.4605,775
144,4.0,420380.21088,5853220.044200001,0.3832,775
144,4.5,420379.7,5853220.10806,0.3832,775
144,5.0,420379.25298,5853220.10806,0.5109,775
144,5.5,420378.74210000003,5853220.10806,0.5109,775
144,6.0,420378.23122,5853220.171920001,0.5109,775
144,6.5,420377.72034,5853220.171920001,0.4605,775
144,7.0,420377.20946,5853220.235780001,0.4605,775
144,7.5,420376.76244,5853220.299640001,0.5109,775
144,8.0,420376.25156,5853220.299640001,0.5109,775
144,8.5,420375.74068,5853220.363500001,0.5109,775
144,9.0,420375.22980000003,5853220.491220001,0.5109,775
144,9.5,420374.78278,5853220.555080001,0.5266,775
144,10.0,420374.2719,5853220.61894,0.5109,775
144,10.5,420373.76102000003,5853220.6828000005,0.5109,775
144,11.0,420373.25014,5853220.746660001,0.3832,775
144,11.5,420372.80312,5853220.810520001,0.3832,775
144,12.0,420372.29224,5853220.874380001,0.4039,775
144,12.5,420371.78136,5853220.938240001,0.4605,775
145,0.0,419851.45008,5853158.03614,0.7663,114
145,0.5,419851.45008,5853158.54702,0.6386,114
145,1.0,419851.38622,5853159.0579,0.5266,114
145,1.5,419851.2585,5853159.504920001,0.5109,114
145,2.0,419851.19464,5853160.015800001,0.5109,114
145,2.5,419851.06692,5853160.526680001,0.5712,114
145,3.0,419850.9392,5853160.973700001,0.6386,114
145,3.5,419850.81148000003,5853161.484580001,0.6386,114
145,4.0,419850.74762,5853161.931600001,0.5266,114
145,4.5,419850.6199,5853162.442480001,0.4039,114
145,5.0,419850.55604,5853162.953360001,0.5266,114
145,5.5,419850.42832,5853163.4003800005,0.5109,114
145,6.0,419850.36446,5853163.91126,0.5109,114
145,6.5,419850.23674,5853164.42214,0.5109,114
145,7.0,419850.10902000003,5853164.869160001,0.5109,114
145,7.5,419849.9813,5853165.380040001,0.5109,114
145,8.0,419849.91744,5853165.827060001,0.5109,114
145,8.5,419849.78972,5853166.337940001,0.5266,114
145,9.0,419849.662,5853166.848820001,0.5266,114
145,9.5,419849.53428,5853167.295840001,0.5109,114
145,10.0,419849.47042,5853167.806720001,0.5109,114
145,10.5,419849.40656000003,5853168.317600001,0.5109,114
145,11.0,419849.3427,5853168.828480001,0.5109,114
145,11.5,419849.27884,5853169.2755,0.5109,114
145,12.0,419849.21498,5853169.78638,0.4605,114
145,12.5,419849.15112,5853170.29726,0.5109,114
146,0.0,420000.62704,5853017.2887,0.2856,387
146,0.5,420000.43546,5853017.735720001,0.3612,387
146,1.0,420000.24388,5853018.182740001,0.2856,387
146,1.5,419999.98844,5853018.629760001,0.3612,387
146,2.0,419999.733,5853019.076780001,0.3612,387
146,2.5,419999.47756,5853019.523800001,0.4039,387
146,3.0,419999.22212,5853019.97082,0.3612,387
146,3.5,419999.03054,5853020.417840001,0.3612,387
146,4.0,419998.7751,5853020.801000001,0.3612,387
146,4.5,419998.51966,5853021.248020001,0.2856,387
146,5.0,419998.32808,5853021.695040001,0.3612,387
146,5.5,419998.07264,5853022.14206,0.2856,387
146,6.0,419997.88106,5853022.589080001,0.3612,387
146,6.5,419997.62562,5853023.036100001,0.3612,387
146,7.0,419997.37018,5853023.483120001,0.2856,387
146,7.5,419997.11474,5853023.866280001,0.3612,387
146,8.0,419996.8593,5853024.3133000005,0.3612,387
146,8.5,419996.60386000003,5853024.760320001,0.2856,387
146,9.0,419996.34842,5853025.143480001,0.3612,387
146,9.5,419996.09298,5853025.590500001,0.3612,387
146,10.0,419995.83754,5853026.037520001,0.2856,387
146,10.5,419995.5821,5853026.484540001,0.2856,387
146,11.0,419995.32666,5853026.93156,0.2554,387
146,11.5,419995.07122,5853027.314720001,0.2856,387
146,12.0,419994.81578,5853027.761740001,0.2856,387
146,12.5,419994.56034,5853028.208760001,0.2554,387
147,0.0,420117.2354,5853022.65294,0.2554,251
147,0.5,420117.10768,5853023.16382,0.2554,251
147,1.0,420116.97996,5853023.610840001,0.2554,251
147,1.5,420116.85224,5853024.121720001,0.2554,251
147,2.0,420116.78838,5853024.568740001,0.2554,251
147,2.5,420116.66066,5853025.079620001,0.2554,251
147,3.0,420116.53294,5853025.590500001,0.1806,251
147,3.5,420116.46908,5853026.037520001,0.2554,251
147,4.0,420116.34136,5853026.548400001,0.1277,251
147,4.5,420116.2775,5853027.059280001,0.2554,251
147,5.0,420116.14978,5853027.5063000005,0.1277,251
147,5.5,420116.08592,5853028.01718,0.1806,251
147,6.0,420116.02206,5853028.52806,0.2554,251
147,6.5,420115.9582,5853029.038940001,0.1806,251
147,7.0,420115.83048,5853029.485960001,0.2554,251
147,7.5,420115.76662,5853029.996840001,0.2554,251
147,8.0,420115.6389,5853030.507720001,0.2554,251
147,8.5,420115.57504,5853030.954740001,0.2554,251
147,9.0,420115.44732,5853031.465620001,0.2554,251
147,9.5,420115.3196,5853031.912640001,0.2554,251
147,10.0,420115.25574,5853032.423520001,0.2856,251
147,10.5,420115.12802,5853032.934400001,0.2554,251
147,11.0,420115.06416,5853033.38142,0.3832,251
147,11.5,420114.93644,5853033.8923,0.2856,251
147,12.0,420114.87258,5853034.40318,0.2856,251
147,12.5,420114.74486000004,5853034.850200001,0.3832,251
148,0.0,420057.39858,5853040.022860001,0.2554,339
148,0.5,420057.14314,5853040.469880001,0.2856,339
148,1.0,420056.95156,5853040.916900001,0.2856,339
148,1.5,420056.75998000003,5853041.36392,0.2554,339
148,2.0,420056.75998000003,5853041.874800001,0.2856,339
148,2.5,420056.69612,5853042.385680001,0.2554,339
148,3.0,420056.63226,5853042.832700001,0.2554,339
148,3.5,420056.63226,5853043.343580001,0.2554,339
148,4.0,420056.63226,5853043.854460001,0.2856,339
148,4.5,420056.44068,5853044.301480001,0.2856,339
148,5.0,420056.2491,5853044.812360001,0.2554,339
148,5.5,420056.12138,5853045.259380001,0.2856,339
148,6.0,420055.99366,5853045.770260001,0.3832,339
148,6.5,420055.86594,5853046.21728,0.3612,339
148,7.0,420055.67436,5853046.72816,0.2554,339
148,7.5,420055.6105,5853047.175180001,0.3612,339
148,8.0,420055.48278,5853047.686060001,0.2856,339
148,8.5,420055.35506000003,5853048.196940001,0.2554,339
148,9.0,420055.2912,5853048.643960001,0.3612,339
148,9.5,420055.16348,5853049.154840001,0.2856,339
148,10.0,420055.09962,5853049.665720001,0.3612,339
148,10.5,420054.9719,5853050.112740001,0.3612,339
148,11.0,420054.84418,5853050.623620001,0.3612,339
148,11.5,420054.65260000003,5853051.0706400005,0.3832,339
148,12.0,420054.52488,5853051.5815200005,0.3832,339
148,12.5,420054.39716,5853052.028540001,0.3832,339
149,0.0,420167.94024,5853048.133080001,0.1806,218
149,0.5,420167.74866,5853048.580100001,0.1806,218
149,1.0,420167.55708,5853049.027120001,0.1806,218
149,1.5,420167.30164,5853049.4741400005,0.1806,218
149,2.0,420167.11006,5853049.92116,0.1806,218
149,2.5,420166.91848,5853050.432040001,0.1806,218
149,3.0,420166.7269,5853050.879060001,0.1806,218
149,3.5,420166.47146000003,5853051.326080001,0.2554,218
149,4.0,420166.27988,5853051.773100001,0.2554,218
149,4.5,420166.0883,5853052.220120001,0.2856,218
149,5.0,420165.89672,5853052.6671400005,0.2856,218
149,5.5,420165.64128,5853053.114160001,0.2554,218
149,6.0,420165.4497,5853053.625040001,0.2554,218
149,6.5,420165.25812,5853054.072060001,0.2554,218
149,7.0,420165.1304,5853054.519080001,0.2856,218
149,7.5,420164.93882,5853054.966100001,0.2554,218
149,8.0,420164.74724,5853055.476980001,0.2554,218
149,8.5,420164.55566,5853055.924000001,0.2554,218
149,9.0,420164.36408,5853056.37102,0.2554,218
149,9.5,420164.1725,5853056.818040001,0.2554,218
149,10.0,420163.98092,5853057.265060001,0.2554,218
149,10.5,420163.78934,5853057.775940001,0.2856,218
149,11.0,420163.59776000003,5853058.222960001,0.2554,218
149,11.5,420163.40618,5853058.669980001,0.1277,218
149,12.0,420163.27846,5853059.180860001,0.1277,218
149,12.5,420163.08688,5853059.6278800005,0.1277,218
150,0.0,420057.59016,5853020.928720001,0.3612,321
150,0.5,420057.207,5853021.248020001,0.2554,321
150,1.0,420056.82384,5853021.56732,0.3612,321
150,1.5,420056.44068,5853021.950480001,0.3612,321
150,2.0,420056.12138,5853022.269780001,0.2856,321
150,2.5,420055.73822,5853022.589080001,0.2856,321
150,3.0,420055.2912,5853022.844520001,0.1806,321
150,3.5,420054.90804,5853023.16382,0.1806,321
150,4.0,420054.52488,5853023.483120001,0.2856,321
150,4.5,420054.14172,5853023.802420001,0.2856,321
150,5.0,420053.6947,5853024.057860001,0.2856,321
150,5.5,420053.24768000003,5853024.3133000005,0.2554,321
150,6.0,420052.80066,5853024.504880001,0.1806,321
150,6.5,420052.35364,5853024.760320001,0.2554,321
150,7.0,420051.90662,5853024.951900001,0.2554,321
150,7.5,420051.52346,5853025.271200001,0.2856,321
150,8.0,420051.07644000003,5853025.526640001,0.2856,321
150,8.5,420050.69328,5853025.84594,0.2856,321
150,9.0,420050.31012,5853026.101380001,0.2856,321
150,9.5,420049.8631,5853026.356820001,0.2856,321
150,10.0,420049.41608,5853026.548400001,0.2856,321
150,10.5,420048.96906000003,5853026.803840001,0.2856,321
150,11.0,420048.52204,5853026.9954200005,0.2856,321
150,11.5,420048.07502,5853027.250860001,0.2856,321
150,12.0,420047.628,5853027.5063000005,0.2856,321
150,12.5,420047.18098,5853027.761740001,0.2856,321
151,0.0,420333.0822,5853245.524340001,0.2554,752
151,0.5,420333.59308,5853245.460480001,0.5109,752
151,1.0,420334.10396,5853245.524340001,0.5109,752
151,1.5,420334.55098,5853245.588200001,0.5109,752
151,2.0,420335.06186,5853245.652060001,0.5109,752
151,2.5,420335.57274000003,5853245.77978,0.4039,752
151,3.0,420336.08362,5853245.843640001,0.4605,752
151,3.5,420336.53064,5853245.843640001,0.5109,752
151,4.0,420337.04152,5853245.907500001,0.5109,752
151,4.5,420337.5524,5853245.971360001,0.5109,752
151,5.0,420338.06328,5853245.971360001,0.5109,752
151,5.5,420338.5103,5853246.035220001,0.5109,752
151,6.0,420339.02118,5853246.035220001,0.5109,752
151,6.5,420339.53206,5853246.099080001,0.5109,752
151,7.0,420340.04294,5853246.162940001,0.5109,752
151,7.5,420340.55382000003,5853246.162940001,0.5109,752
151,8.0,420341.00084,5853246.226800001,0.5109,752
151,8.5,420341.51172,5853246.226800001,0.5109,752
151,9.0,420342.0226,5853246.29066,0.5109,752
151,9.5,420342.53348,5853246.3545200005,0.5109,752
151,10.0,420342.9805,5853246.418380001,0.5109,752
151,10.5,420343.49138,5853246.546100001,0.5109,752
151,11.0,420344.00226,5853246.609960001,0.5109,752
151,11.5,420344.51314,5853246.673820001,0.5109,752
151,12.0,420344.96016,5853246.737680001,0.4605,752
152,0.0,419978.21218000003,5853210.784500001,0.1806,1008
152,0.5,419977.95674,5853211.231520001,0.1806,1008
152,1.0,419977.76516,5853211.678540001,0.2554,1008
152,1.5,419977.50972000003,5853212.125560001,0.2554,1008
152,2.0,419977.31814,5853212.57258,0.2554,1008
152,2.5,419977.12656,5853213.019600001,0.1806,1008
152,3.0,419976.93498,5853213.466620001,0.1277,1008
152,3.5,419976.7434,5853213.977500001,0.1806,1008
152,4.0,419976.55182,5853214.424520001,0.2554,1008
152,4.5,419976.36024,5853214.871540001,0.2554,1008
152,5.0,419976.16866,5853215.3185600005,0.2856,1008
152,5.5,419975.91322,5853215.765580001,0.2856,1008
152,6.0,419975.65778,5853216.212600001,0.2554,1008
152,6.5,419975.4662,5853216.659620001,0.2554,1008
152,7.0,419975.27462,5853217.106640001,0.2554,1008
152,7.5,419975.08304,5853217.617520001,0.2856,1008
152,8.0,419974.95532,5853218.064540001,0.2856,1008
152,8.5,419974.76374,5853218.5115600005,0.3612,1008
152,9.0,419974.57216,5853218.958580001,0.3832,1008
152,9.5,419974.38058,5853219.469460001,0.3612,1008
152,10.0,419974.189,5853219.916480001,0.3612,1008
152,10.5,419973.99742,5853220.363500001,0.3612,1008
152,11.0,419973.80584,5853220.874380001,0.3612,1008
152,11.5,419973.61426,5853221.321400001,0.4039,1008
152,12.0,419973.42268,5853221.768420001,0.3832,1008
153,0.0,420109.8915,5853147.818540001,0.1277,526
153,0.5,420110.27466,5853148.137840001,0.2856,526
153,1.0,420110.72168,5853148.329420001,0.3612,526
153,1.5,420111.23256000003,5853148.521000001,0.3832,526
153,2.0,420111.67958,5853148.712580001,0.3612,526
153,2.5,420112.1266,5853148.90416,0.3612,526
153,3.0,420112.57362,5853149.095740001,0.2856,526
153,3.5,420113.0845,5853149.223460001,0.3612,526
153,4.0,420113.53152,5853149.415040001,0.3832,526
153,4.5,420113.97854,5853149.606620001,0.3832,526
153,5.0,420114.42556,5853149.798200001,0.3612,526
153,5.5,420114.93644,5853149.98978,0.3832,526
153,6.0,420115.38346,5853150.181360001,0.3612,526
153,6.5,420115.83048,5853150.372940001,0.3612,526
153,7.0,420116.2775,5853150.5645200005,0.2856,526
153,7.5,420116.78838,5853150.692240001,0.4039,526
153,8.0,420117.2354,5853150.883820001,0.4039,526
153,8.5,420117.68242,5853151.0754,0.4039,526
153,9.0,420118.1933,5853151.203120001,0.3832,526
153,9.5,420118.64032,5853151.458560001,0.4039,526
153,10.0,420119.08734,5853151.6501400005,0.3612,526
153,10.5,420119.53436,5853151.841720001,0.3612,526
153,11.0,420119.98138,5853152.033300001,0.3612,526
153,11.5,420120.49226,5853152.224880001,0.3612,526
153,12.0,420120.93928,5853152.416460001,0.3612,526
154,0.0,420064.74248,5853047.749920001,0.2554,418
154,0.5,420064.42318,5853048.133080001,0.2554,418
154,1.0,420064.10388,5853048.516240001,0.2856,418
154,1.5,420063.78458,5853048.8994,0.3612,418
154,2.0,420063.46528,5853049.282560001,0.2856,418
154,2.5,420063.20984,5853049.729580001,0.2856,418
154,3.0,420062.9544,5853050.112740001,0.2554,418
154,3.5,420062.6351,5853050.4959,0.2856,418
154,4.0,420062.25194,5853050.879060001,0.2856,418
154,4.5,420061.93264,5853051.262220001,0.2554,418
154,5.0,420061.61334,5853051.645380001,0.1806,418
154,5.5,420061.3579,5853052.0924,0.2554,418
154,6.0,420061.10246,5853052.475560001,0.2554,418
154,6.5,420060.78316,5853052.922580001,0.2856,418
154,7.0,420060.52772,5853053.305740001,0.2856,418
154,7.5,420060.27228000003,5853053.7527600005,0.1806,418
154,8.0,420059.95298,5853054.135920001,0.2856,418
154,8.5,420059.69754,5853054.582940001,0.1806,418
154,9.0,420059.4421,5853054.966100001,0.1806,418
154,9.5,420059.1228,5853055.413120001,0.2554,418
154,10.0,420058.86736000003,5853055.796280001,0.2856,418
154,10.5,420058.54806,5853056.243300001,0.3612,418
154,11.0,420058.29262,5853056.626460001,0.2856,418
154,11.5,420058.03718,5853057.073480001,0.2856,418
154,12.0,420057.8456,5853057.520500001,0.4039,418
155,0.0,419900.62228,5853035.935820001,0.1277,161
155,0.5,419900.68614,5853036.446700001,0.2554,161
155,1.0,419900.75,5853036.957580001,0.3832,161
155,1.5,419900.75,5853037.404600001,0.3832,161
155,2.0,419900.68614,5853037.915480001,0.3832,161
155,2.5,419900.68614,5853038.426360001,0.3832,161
155,3.0,419900.68614,5853038.937240001,0.3832,161
155,3.5,419900.62228,5853039.448120001,0.2554,161
155,4.0,419900.62228,5853039.895140001,0.2554,161
155,4.5,419900.62228,5853040.406020001,0.2554,161
155,5.0,419900.62228,5853040.916900001,0.2554,161
155,5.5,419900.62228,5853041.4277800005,0.2554,161
155,6.0,419900.62228,5853041.93866,0.2554,161
155,6.5,419900.62228,5853042.44954,0.2554,161
155,7.0,419900.62228,5853042.896560001,0.2554,161
155,7.5,419900.62228,5853043.407440001,0.3612,161
155,8.0,419900.49456,5853043.918320001,0.2554,161
155,8.5,419900.49456,5853044.429200001,0.2554,161
155,9.0,419900.4307,5853044.876220001,0.2554,161
155,9.5,419900.36684000003,5853045.387100001,0.2554,161
155,10.0,419900.30298,5853045.897980001,0.2554,161
155,10.5,419900.23912,5853046.408860001,0.3832,161
155,11.0,419900.17526,5853046.855880001,0.3832,161
155,11.5,419900.1114,5853047.366760001,0.3832,161
155,12.0,419900.04754,5853047.877640001,0.3612,161
156,0.0,420019.78504,5853217.362080001,0.4605,31
156,0.5,420019.40188,5853217.681380001,0.3612,31
156,1.0,420019.01872,5853218.0006800005,0.4605,31
156,1.5,420018.63556,5853218.319980001,0.3612,31
156,2.0,420018.18854,5853218.575420001,0.4605,31
156,2.5,420017.80538000003,5853218.830860001,0.4605,31
156,3.0,420017.35836,5853219.150160001,0.4605,31
156,3.5,420016.9752,5853219.405600001,0.4605,31
156,4.0,420016.52818,5853219.661040001,0.4039,31
156,4.5,420016.14502,5853219.980340001,0.4039,31
156,5.0,420015.69800000003,5853220.235780001,0.4605,31
156,5.5,420015.25098,5853220.491220001,0.4039,31
156,6.0,420014.86782,5853220.746660001,0.4605,31
156,6.5,420014.4208,5853221.002100001,0.4039,31
156,7.0,420013.97378,5853221.257540001,0.4039,31
156,7.5,420013.59062000003,5853221.512980001,0.4039,31
156,8.0,420013.1436,5853221.832280001,0.4605,31
156,8.5,420012.76044,5853222.087720001,0.4605,31
156,9.0,420012.31342,5853222.407020001,0.4605,31
156,9.5,420011.93026,5853222.662460001,0.4605,31
156,10.0,420011.5471,5853222.981760001,0.4605,31
156,10.5,420011.10008,5853223.237200001,0.4605,31
156,11.0,420010.71692000004,5853223.556500001,0.5419,31
156,11.5,420010.33376,5853223.8758000005,0.5419,31
156,12.0,420009.9506,5853224.195100001,0.5419,31
157,0.0,419970.22968,5853223.748080001,0.2856,10
157,0.5,419969.91038,5853224.131240001,0.2856,10
157,1.0,419969.59108,5853224.514400001,0.3612,10
157,1.5,419969.27178,5853224.89756,0.3612,10
157,2.0,419968.95248,5853225.280720001,0.2856,10
157,2.5,419968.69704,5853225.727740001,0.2856,10
157,3.0,419968.37774,5853226.110900001,0.2856,10
157,3.5,419968.05844,5853226.49406,0.2856,10
157,4.0,419967.73914,5853226.877220001,0.2856,10
157,4.5,419967.41984,5853227.260380001,0.2856,10
157,5.0,419967.1644,5853227.707400001,0.2856,10
157,5.5,419966.84510000004,5853228.09056,0.2856,10
157,6.0,419966.5258,5853228.473720001,0.2856,10
157,6.5,419966.20650000003,5853228.856880001,0.3612,10
157,7.0,419965.8872,5853229.2400400005,0.3612,10
157,7.5,419965.5679,5853229.623200001,0.3612,10
157,8.0,419965.2486,5853230.006360001,0.3612,10
157,8.5,419964.9293,5853230.389520001,0.3612,10
157,9.0,419964.61,5853230.77268,0.3612,10
157,9.5,419964.2907,5853231.155840001,0.2856,10
157,10.0,419963.9714,5853231.539000001,0.2856,10
157,10.5,419963.6521,5853231.922160001,0.3612,10
157,11.0,419963.33280000003,5853232.305320001,0.3612,10
157,11.5,419963.0135,5853232.688480001,0.4605,10
157,12.0,419962.6942,5853233.071640001,0.3612,10
158,0.0,420091.43596000003,5853169.722520001,0.3612,555
158,0.5,420091.0528,5853170.041820001,0.2856,555
158,1.0,420090.66964,5853170.424980001,0.3612,555
158,1.5,420090.35034,5853170.744280001,0.3612,555
158,2.0,420089.96718,5853171.127440001,0.3612,555
158,2.5,420089.64788,5853171.4467400005,0.3612,555
158,3.0,420089.26472,5853171.829900001,0.3612,555
158,3.5,420088.94542,5853172.149200001,0.3612,555
158,4.0,420088.56226000004,5853172.532360001,0.4605,555
158,4.5,420088.24296,5853172.851660001,0.4605,555
158,5.0,420087.92366000003,5853173.234820001,0.3612,555
158,5.5,420087.5405,5853173.617980001,0.3612,555
158,6.0,420087.2212,5853174.001140001,0.3612,555
158,6.5,420086.9019,5853174.384300001,0.3612,555
158,7.0,420086.5826,5853174.703600001,0.3612,555
158,7.5,420086.2633,5853175.086760001,0.3612,555
158,8.0,420085.944,5853175.469920001,0.3612,555
158,8.5,420085.56084,5853175.853080001,0.3612,555
158,9.0,420085.24154,5853176.23624,0.3612,555
158,9.5,420084.92224,5853176.619400001,0.3612,555
158,10.0,420084.53908,5853177.002560001,0.4039,555
158,10.5,420084.21978,5853177.3218600005,0.3612,555
158,11.0,420083.90048,5853177.705020001,0.4605,555
158,11.5,420083.58118,5853178.088180001,0.3612,555
158,12.0,420083.26188,5853178.471340001,0.3612,555
159,0.0,420105.61288000003,5852998.513860001,0.5266,307
159,0.5,420105.48516,5852999.024740001,0.5109,307
159,1.0,420105.29358,5852999.471760001,0.5266,307
159,1.5,420105.102,5852999.918780001,0.4605,307
159,2.0,420104.97428,5853000.365800001,0.4605,307
159,2.5,420104.7827,5853000.876680001,0.3832,307
159,3.0,420104.65498,5853001.387560001,0.4605,307
159,3.5,420104.52726,5853001.8345800005,0.4039,307
159,4.0,420104.33568,5853002.281600001,0.4605,307
159,4.5,420104.14410000003,5853002.728620001,0.5266,307
159,5.0,420103.95252,5853003.239500001,0.5266,307
159,5.5,420103.8248,5853003.686520001,0.5266,307
159,6.0,420103.69708,5853004.197400001,0.5712,307
159,6.5,420103.5055,5853004.644420001,0.5109,307
159,7.0,420103.37778,5853005.155300001,0.5109,307
159,7.5,420103.25006,5853005.6023200005,0.5109,307
159,8.0,420103.12234,5853006.1132000005,0.5109,307
159,8.5,420102.99462,5853006.560220001,0.4605,307
159,9.0,420102.8669,5853007.071100001,0.4605,307
159,9.5,420102.67532,5853007.518120001,0.4039,307
159,10.0,420102.5476,5853008.029000001,0.5109,307
159,10.5,420102.35602,5853008.476020001,0.4605,307
159,11.0,420102.2283,5853008.986900001,0.5266,307
159,11.5,420102.03672000003,5853009.433920001,0.4605,307
159,12.0,420101.909,5853009.8809400005,0.5712,307
160,0.0,420320.37406,5853339.39854,0.2554,703
160,0.5,420320.24634,5853339.90942,0.4039,703
160,1.0,420320.05476,5853340.356440001,0.4039,703
160,1.5,420319.86318,5853340.803460001,0.4039,703
160,2.0,420319.6716,5853341.250480001,0.4039,703
160,2.5,420319.41616,5853341.697500001,0.3832,703
160,3.0,420319.22458,5853342.144520001,0.4039,703
160,3.5,420319.033,5853342.6554000005,0.4039,703
160,4.0,420318.77756,5853343.038560001,0.3612,703
160,4.5,420318.58598000003,5853343.549440001,0.5266,703
160,5.0,420318.3944,5853343.996460001,0.5266,703
160,5.5,420318.13896,5853344.443480001,0.5266,703
160,6.0,420317.94738,5853344.890500001,0.5712,703
160,6.5,420317.7558,5853345.3375200005,0.5712,703
160,7.0,420317.50036,5853345.78454,0.5712,703
160,7.5,420317.30878,5853346.231560001,0.6386,703
160,8.0,420317.1172,5853346.678580001,0.6386,703
160,8.5,420316.86176,5853347.125600001,0.5712,703
160,9.0,420316.67018,5853347.572620001,0.5712,703
160,9.5,420316.47860000003,5853348.019640001,0.6386,703
160,10.0,420316.28702,5853348.5305200005,0.5712,703
160,10.5,420316.03158,5853348.977540001,0.6386,703
160,11.0,420315.84,5853349.424560001,0.6386,703
160,11.5,420315.58456,5853349.871580001,0.5266,703
160,12.0,420315.39298,5853350.318600001,0.1806,703
161,0.0,420386.66074,5853155.609460001,0.1277,789
161,0.5,420386.66074,5853156.120340001,0.1806,789
161,1.0,420386.66074,5853156.631220001,0.2554,789
161,1.5,420386.7246,5853157.078240001,0.4605,789
161,2.0,420386.7246,5853157.589120001,0.5109,789
161,2.5,420386.66074,5853158.100000001,0.5109,789
161,3.0,420386.59688,5853158.6108800005,0.5109,789
161,3.5,420386.53302000003,5853159.1217600005,0.5109,789
161,4.0,420386.46916,5853159.568780001,0.3832,789
161,4.5,420386.4053,5853160.079660001,0.3832,789
161,5.0,420386.34144,5853160.590540001,0.4039,789
161,5.5,420386.14986,5853161.037560001,0.4039,789
161,6.0,420385.95828,5853161.484580001,0.3612,789
161,6.5,420385.83056000003,5853161.995460001,0.3832,789
161,7.0,420385.70284,5853162.506340001,0.4605,789
161,7.5,420385.57512,5853162.953360001,0.3832,789
161,8.0,420385.51126,5853163.464240001,0.5109,789
161,8.5,420385.38354,5853163.91126,0.3832,789
161,9.0,420385.31968,5853164.42214,0.3832,789
161,9.5,420385.25582,5853164.933020001,0.5109,789
161,10.0,420385.19196,5853165.443900001,0.5109,789
161,10.5,420385.12810000003,5853165.890920001,0.5109,789
161,11.0,420385.06424,5853166.401800001,0.5109,789
161,11.5,420385.00038,5853166.912680001,0.5109,789
161,12.0,420384.87266,5853167.423560001,0.3832,789
162,0.0,420019.65732,5853105.990240001,0.4039,78
162,0.5,420019.46574,5853106.437260001,0.2856,78
162,1.0,420019.21030000004,5853106.884280001,0.2856,78
162,1.5,420019.01872,5853107.331300001,0.3612,78
162,2.0,420018.76328,5853107.7783200005,0.3612,78
162,2.5,420018.50784000003,5853108.225340001,0.3612,78
162,3.0,420018.31626,5853108.672360001,0.3612,78
162,3.5,420018.06082,5853109.119380001,0.3612,78
162,4.0,420017.80538000003,5853109.502540001,0.3612,78
162,4.5,420017.6138,5853109.949560001,0.4039,78
162,5.0,420017.35836,5853110.39658,0.4039,78
162,5.5,420017.16678,5853110.843600001,0.4039,78
162,6.0,420016.91134,5853111.290620001,0.4039,78
162,6.5,420016.71976,5853111.737640001,0.4039,78
162,7.0,420016.46432,5853112.184660001,0.4039,78
162,7.5,420016.27274,5853112.631680001,0.4039,78
162,8.0,420016.0173,5853113.0787,0.4039,78
162,8.5,420015.76186,5853113.525720001,0.4039,78
162,9.0,420015.50642,5853113.972740001,0.4605,78
162,9.5,420015.31484,5853114.419760001,0.5419,78
162,10.0,420014.99554000003,5853114.802920001,0.5266,78
162,10.5,420014.7401,5853115.2499400005,0.5419,78
162,11.0,420014.48466,5853115.633100001,0.5419,78
162,11.5,420014.16536,5853116.080120001,0.4605,78
162,12.0,420013.97378,5853116.527140001,0.5109,78
163,0.0,420000.3716,5853064.608960001,0.1277,183
163,0.5,419999.98844,5853064.92826,0.2856,183
163,1.0,419999.60528,5853065.247560001,0.2856,183
163,1.5,419999.22212,5853065.566860001,0.1806,183
163,2.0,419998.83896,5853065.886160001,0.2554,183
163,2.5,419998.4558,5853066.205460001,0.2856,183
163,3.0,419998.07264,5853066.52476,0.2856,183
163,3.5,419997.68948,5853066.907920001,0.2856,183
163,4.0,419997.30632000003,5853067.227220001,0.2856,183
163,4.5,419996.92316,5853067.546520001,0.2856,183
163,5.0,419996.60386000003,5853067.865820001,0.3612,183
163,5.5,419996.2207,5853068.1851200005,0.2856,183
163,6.0,419995.83754,5853068.568280001,0.3612,183
163,6.5,419995.45438,5853068.887580001,0.3612,183
163,7.0,419995.13508,5853069.20688,0.3612,183
163,7.5,419994.75192,5853069.526180001,0.3612,183
163,8.0,419994.36876,5853069.909340001,0.3612,183
163,8.5,419993.9856,5853070.164780001,0.3612,183
163,9.0,419993.60244,5853070.484080001,0.3612,183
163,9.5,419993.15542,5853070.80338,0.4039,183
163,10.0,419992.77226,5853071.058820001,0.4039,183
163,10.5,419992.38910000003,5853071.3781200005,0.3612,183
163,11.0,419991.94208,5853071.633560001,0.3612,183
163,11.5,419991.55892,5853071.952860001,0.4605,183
163,12.0,419991.17576,5853072.272160001,0.3612,183
164,0.0,419961.22542000003,5853201.780240001,0.4039,13
164,0.5,419960.96998,5853202.163400001,0.4605,13
164,1.0,419960.65068,5853202.610420001,0.4605,13
164,1.5,419960.33138,5853202.9935800005,0.4605,13
164,2.0,419960.01208,5853203.376740001,0.4605,13
164,2.5,419959.69278,5853203.759900001,0.4605,13
164,3.0,419959.43734,5853204.143060001,0.4605,13
164,3.5,419959.11804000003,5853204.59008,0.4605,13
164,4.0,419958.79874,5853204.973240001,0.5266,13
164,4.5,419958.47944,5853205.356400001,0.4605,13
164,5.0,419958.224,5853205.739560001,0.4605,13
164,5.5,419957.9047,5853206.122720001,0.5266,13
164,6.0,419957.5854,5853206.505880001,0.4605,13
164,6.5,419957.2661,5853206.952900001,0.5419,13
164,7.0,419957.01066,5853207.336060001,0.4605,13
164,7.5,419956.69136,5853207.719220001,0.5266,13
164,8.0,419956.37206,5853208.102380001,0.5419,13
164,8.5,419956.05276,5853208.485540001,0.5266,13
164,9.0,419955.73346,5853208.8687,0.4605,13
164,9.5,419955.41416,5853209.315720001,0.5419,13
164,10.0,419955.15872,5853209.698880001,0.5266,13
164,10.5,419954.83942000003,5853210.082040001,0.5419,13
164,11.0,419954.52012,5853210.4652,0.5419,13
164,11.5,419954.20082,5853210.848360001,0.5266,13
164,12.0,419953.88152,5853211.231520001,0.4605,13
165,0.0,420061.93264,5853057.775940001,0.4605,331
165,0.5,420061.61334,5853058.159100001,0.3612,331
165,1.0,420061.29404,5853058.5422600005,0.3612,331
165,1.5,420060.97474000003,5853058.925420001,0.2856,331
165,2.0,420060.7193,5853059.372440001,0.2554,331
165,2.5,420060.4,5853059.755600001,0.2554,331
165,3.0,420060.0807,5853060.1387600005,0.2856,331
165,3.5,420059.7614,5853060.521920001,0.3612,331
165,4.0,420059.4421,5853060.905080001,0.4605,331
165,4.5,420059.1228,5853061.288240001,0.4039,331
165,5.0,420058.8035,5853061.671400001,0.4039,331
165,5.5,420058.4842,5853062.054560001,0.3612,331
165,6.0,420058.16490000003,5853062.437720001,0.3612,331
165,6.5,420057.90946,5853062.884740001,0.3612,331
165,7.0,420057.59016,5853063.267900001,0.4605,331
165,7.5,420057.27086,5853063.651060001,0.4605,331
165,8.0,420056.95156,5853064.034220001,0.4605,331
165,8.5,420056.63226,5853064.41738,0.4605,331
165,9.0,420056.31296,5853064.800540001,0.5419,331
165,9.5,420055.99366,5853065.183700001,0.5419,331
165,10.0,420055.67436,5853065.566860001,0.5419,331
165,10.5,420055.35506000003,5853065.950020001,0.5419,331
165,11.0,420055.03576,5853066.333180001,0.5419,331
165,11.5,420054.78032,5853066.780200001,0.6386,331
165,12.0,420054.46102,5853067.163360001,0.7225,331
166,0.0,420112.7652,5853115.888540001,0.4039,538
166,0.5,420112.4459,5853116.2717,0.3612,538
166,1.0,420112.1266,5853116.654860001,0.3612,538
166,1.5,420111.74344,5853117.038020001,0.4605,538
166,2.0,420111.42414,5853117.4211800005,0.4605,538
166,2.5,420111.10484,5853117.804340001,0.4039,538
166,3.0,420110.78554,5853118.187500001,0.3612,538
166,3.5,420110.53010000003,5853118.570660001,0.3612,538
166,4.0,420110.2108,5853118.95382,0.3612,538
166,4.5,420109.8915,5853119.336980001,0.3612,538
166,5.0,420109.63606,5853119.784000001,0.2856,538
166,5.5,420109.31676,5853120.167160001,0.3612,538
166,6.0,420108.99746,5853120.55032,0.3612,538
166,6.5,420108.67816,5853120.933480001,0.3612,538
166,7.0,420108.35886,5853121.316640001,0.2856,538
166,7.5,420108.10342,5853121.763660001,0.4039,538
166,8.0,420107.78412,5853122.14682,0.3612,538
166,8.5,420107.46482,5853122.529980001,0.2856,538
166,9.0,420107.14552,5853122.913140001,0.2856,538
166,9.5,420106.89008,5853123.2963000005,0.3612,538
166,10.0,420106.57078,5853123.743320001,0.2856,538
166,10.5,420106.25148,5853124.126480001,0.2856,538
166,11.0,420105.93218,5853124.509640001,0.3612,538
166,11.5,420105.67674,5853124.8928000005,0.3612,538
166,12.0,420105.35744,5853125.275960001,0.3612,538
167,0.0,420199.2955,5853200.183740001,0.2554,447
167,0.5,420199.16778,5853200.694620001,0.3832,447
167,1.0,420199.10392,5853201.141640001,0.3832,447
167,1.5,420199.04006,5853201.652520001,0.3832,447
167,2.0,420198.97620000003,5853202.163400001,0.3832,447
167,2.5,420198.84848,5853202.674280001,0.2554,447
167,3.0,420198.78462,5853203.121300001,0.3832,447
167,3.5,420198.72076,5853203.632180001,0.3832,447
167,4.0,420198.6569,5853204.143060001,0.3832,447
167,4.5,420198.6569,5853204.653940001,0.4605,447
167,5.0,420198.59304,5853205.10096,0.3832,447
167,5.5,420198.52918,5853205.61184,0.3832,447
167,6.0,420198.46532,5853206.122720001,0.3832,447
167,6.5,420198.40146,5853206.633600001,0.3832,447
167,7.0,420198.40146,5853207.080620001,0.5109,447
167,7.5,420198.3376,5853207.591500001,0.5109,447
167,8.0,420198.27374000003,5853208.102380001,0.5109,447
167,8.5,420198.14602,5853208.613260001,0.3832,447
167,9.0,420198.08216,5853209.060280001,0.3832,447
167,9.5,420198.08216,5853209.571160001,0.5109,447
167,10.0,420198.0183,5853210.082040001,0.5109,447
167,10.5,420197.95444,5853210.592920001,0.5109,447
167,11.0,420197.89058,5853211.103800001,0.5109,447
167,11.5,420197.82672,5853211.5508200005,0.5109,447
168,0.0,419816.07164,5853093.2821,0.4605,126
168,0.5,419815.8162,5853093.729120001,0.8078,126
168,1.0,419815.56076,5853094.176140001,0.7447,126
168,1.5,419815.30532,5853094.559300001,0.7225,126
168,2.0,419815.04988,5853095.006320001,0.6878,126
168,2.5,419814.79444,5853095.4533400005,0.6386,126
168,3.0,419814.539,5853095.836500001,0.6386,126
168,3.5,419814.28356,5853096.283520001,0.6386,126
168,4.0,419814.02812000003,5853096.730540001,0.5419,126
168,4.5,419813.77268,5853097.177560001,0.5266,126
168,5.0,419813.51724,5853097.56072,0.5266,126
168,5.5,419813.2618,5853098.007740001,0.4605,126
168,6.0,419813.00636,5853098.390900001,0.4605,126
168,6.5,419812.75092,5853098.837920001,0.4039,126
168,7.0,419812.43162,5853099.284940001,0.4605,126
168,7.5,419812.17618,5853099.668100001,0.4605,126
168,8.0,419811.92074000003,5853100.115120001,0.4039,126
168,8.5,419811.60144,5853100.498280001,0.4605,126
168,9.0,419811.346,5853100.945300001,0.4605,126
168,9.5,419811.09056,5853101.32846,0.4605,126
168,10.0,419810.77126,5853101.775480001,0.4605,126
168,10.5,419810.51582000003,5853102.158640001,0.4605,126
168,11.0,419810.19652,5853102.605660001,0.4605,126
168,11.5,419809.94108,5853102.988820001,0.5266,126
169,0.0,420356.07180000003,5853263.40514,0.1277,744
169,0.5,420355.81636,5853263.852160001,0.3832,744
169,1.0,420355.68864,5853264.299180001,0.4039,744
169,1.5,420355.56092,5853264.810060001,0.3832,744
169,2.0,420355.49706,5853265.257080001,0.4605,744
169,2.5,420355.36934000003,5853265.767960001,0.5109,744
169,3.0,420355.24162,5853266.278840001,0.4039,744
169,3.5,420355.17776,5853266.789720001,0.5109,744
169,4.0,420355.1139,5853267.236740001,0.5109,744
169,4.5,420355.05004,5853267.7476200005,0.5109,744
169,5.0,420354.92232,5853268.2585,0.3832,744
169,5.5,420354.85846,5853268.705520001,0.3832,744
169,6.0,420354.73074,5853269.216400001,0.3612,744
169,6.5,420354.66688000003,5853269.727280001,0.4605,744
169,7.0,420354.60302,5853270.174300001,0.3832,744
169,7.5,420354.4753,5853270.685180001,0.3832,744
169,8.0,420354.41144,5853271.196060001,0.4039,744
169,8.5,420354.34758,5853271.706940001,0.3832,744
169,9.0,420354.28372,5853272.153960001,0.3832,744
169,9.5,420354.09214,5853272.664840001,0.5109,744
169,10.0,420354.02828,5853273.1118600005,0.5109,744
169,10.5,420353.96442000003,5853273.6227400005,0.5109,744
169,11.0,420353.8367,5853274.13362,0.5109,744
169,11.5,420353.70898,5853274.580640001,0.5109,744
170,0.0,419957.64926000003,5853163.4003800005,0.4605,566
170,0.5,419957.52154,5853163.91126,0.4605,566
170,1.0,419957.32996,5853164.358280001,0.4605,566
170,1.5,419957.20224,5853164.805300001,0.5109,566
170,2.0,419957.01066,5853165.316180001,0.4605,566
170,2.5,419956.88294,5853165.763200001,0.5109,566
170,3.0,419956.69136,5853166.274080001,0.4605,566
170,3.5,419956.56364,5853166.721100001,0.5109,566
170,4.0,419956.43592,5853167.231980001,0.5266,566
170,4.5,419956.24434000003,5853167.6790000005,0.5266,566
170,5.0,419956.11662,5853168.126020001,0.5712,566
170,5.5,419955.92504,5853168.636900001,0.5109,566
170,6.0,419955.79732,5853169.083920001,0.5109,566
170,6.5,419955.60574,5853169.594800001,0.4039,566
170,7.0,419955.47802,5853170.041820001,0.4605,566
170,7.5,419955.28644,5853170.488840001,0.3832,566
170,8.0,419955.15872,5853170.999720001,0.4039,566
170,8.5,419954.96714,5853171.4467400005,0.3832,566
170,9.0,419954.83942000003,5853171.9576200005,0.3832,566
170,9.5,419954.7117,5853172.404640001,0.3832,566
170,10.0,419954.52012,5853172.851660001,0.4605,566
170,10.5,419954.32854,5853173.362540001,0.4605,566
170,11.0,419954.20082,5853173.809560001,0.5266,566
170,11.5,419954.00924,5853174.320440001,0.5266,566
171,0.0,419996.8593,5853012.179900001,0.3612,395
171,0.5,419996.60386000003,5853012.626920001,0.4605,395
171,1.0,419996.34842,5853013.0739400005,0.4605,395
171,1.5,419996.09298,5853013.457100001,0.4605,395
171,2.0,419995.83754,5853013.904120001,0.4605,395
171,2.5,419995.64596,5853014.351140001,0.4605,395
171,3.0,419995.39052,5853014.798160001,0.4605,395
171,3.5,419995.07122,5853015.18132,0.4605,395
171,4.0,419994.87964,5853015.628340001,0.4605,395
171,4.5,419994.56034,5853016.075360001,0.5266,395
171,5.0,419994.3049,5853016.458520001,0.4605,395
171,5.5,419994.04946,5853016.905540001,0.5266,395
171,6.0,419993.79402000003,5853017.3525600005,0.4605,395
171,6.5,419993.53858,5853017.735720001,0.5266,395
171,7.0,419993.28314,5853018.182740001,0.4605,395
171,7.5,419993.02770000004,5853018.629760001,0.4605,395
171,8.0,419992.7084,5853019.012920001,0.5266,395
171,8.5,419992.45296,5853019.45994,0.5266,395
171,9.0,419992.19752,5853019.843100001,0.5266,395
171,9.5,419991.94208,5853020.290120001,0.5712,395
171,10.0,419991.68664,5853020.737140001,0.5712,395
171,10.5,419991.4312,5853021.184160001,0.5712,395
171,11.0,419991.17576,5853021.56732,0.6386,395
171,11.5,419990.92032000003,5853022.014340001,0.6386,395
172,0.0,420141.62992,5853090.025240001,0.1277,199
172,0.5,420141.31062,5853090.408400001,0.2856,199
172,1.0,420140.92746000004,5853090.791560001,0.1806,199
172,1.5,420140.60816,5853091.11086,0.1806,199
172,2.0,420140.28886000003,5853091.494020001,0.1806,199
172,2.5,420139.9057,5853091.877180001,0.1806,199
172,3.0,420139.58640000003,5853092.19648,0.1806,199
172,3.5,420139.20324,5853092.579640001,0.2554,199
172,4.0,420138.88394,5853092.962800001,0.1277,199
172,4.5,420138.56464,5853093.3459600005,0.1806,199
172,5.0,420138.3092,5853093.729120001,0.1806,199
172,5.5,420137.92604,5853094.112280001,0.1806,199
172,6.0,420137.60674,5853094.495440001,0.1806,199
172,6.5,420137.28744,5853094.8786,0.1806,199
172,7.0,420136.96814,5853095.197900001,0.2856,199
172,7.5,420136.64884,5853095.581060001,0.2856,199
172,8.0,420136.26568,5853095.96422,0.2856,199
172,8.5,420135.94638,5853096.283520001,0.3612,199
172,9.0,420135.56322,5853096.666680001,0.2856,199
172,9.5,420135.30778000003,5853097.04984,0.2856,199
172,10.0,420134.98848,5853097.496860001,0.2856,199
172,10.5,420134.66918,5853097.880020001,0.2856,199
172,11.0,420134.34988,5853098.263180001,0.2856,199
172,11.5,420134.03058,5853098.64634,0.3612,199
173,0.0,420000.81862000003,5853088.428740001,0.1277,100
173,0.5,420000.43546,5853088.748040001,0.1806,100
173,1.0,420000.0523,5853089.131200001,0.1806,100
173,1.5,419999.733,5853089.450500001,0.1806,100
173,2.0,419999.34984,5853089.769800001,0.1806,100
173,2.5,419998.90282,5853090.025240001,0.1806,100
173,3.0,419998.58352,5853090.408400001,0.1806,100
173,3.5,419998.26422,5853090.791560001,0.1806,100
173,4.0,419997.94492,5853091.11086,0.2856,100
173,4.5,419997.56176,5853091.494020001,0.1806,100
173,5.0,419997.1786,5853091.813320001,0.1806,100
173,5.5,419996.79544,5853092.19648,0.1806,100
173,6.0,419996.47614,5853092.515780001,0.1806,100
173,6.5,419996.09298,5853092.898940001,0.2856,100
173,7.0,419995.77368,5853093.218240001,0.2554,100
173,7.5,419995.45438,5853093.601400001,0.1806,100
173,8.0,419995.07122,5853093.920700001,0.1806,100
173,8.5,419994.68806,5853094.303860001,0.1806,100
173,9.0,419994.36876,5853094.687020001,0.1806,100
173,9.5,419994.04946,5853095.006320001,0.2856,100
173,10.0,419993.73016,5853095.38948,0.2856,100
173,10.5,419993.347,5853095.772640001,0.2856,100
173,11.0,419993.02770000004,5853096.091940001,0.2856,100
173,11.5,419992.64454,5853096.4751,0.2856,100
174,0.0,420138.75622,5853061.415960001,0.4039,209
174,0.5,420138.50078,5853061.862980001,0.3612,209
174,1.0,420138.3092,5853062.3100000005,0.3612,209
174,1.5,420138.11762000003,5853062.75702,0.3612,209
174,2.0,420137.92604,5853063.204040001,0.4039,209
174,2.5,420137.6706,5853063.651060001,0.3612,209
174,3.0,420137.47902,5853064.098080001,0.2856,209
174,3.5,420137.15972,5853064.545100001,0.3612,209
174,4.0,420136.90428,5853064.92826,0.3612,209
174,4.5,420136.64884,5853065.375280001,0.4039,209
174,5.0,420136.3934,5853065.758440001,0.4039,209
174,5.5,420136.13796,5853066.205460001,0.4039,209
174,6.0,420135.94638,5853066.716340001,0.4605,209
174,6.5,420135.69094,5853067.163360001,0.4605,209
174,7.0,420135.4355,5853067.546520001,0.5266,209
174,7.5,420135.18006,5853067.993540001,0.5266,209
174,8.0,420134.98848,5853068.440560001,0.3832,209
174,8.5,420134.7969,5853068.887580001,0.2856,209
174,9.0,420134.54146,5853069.334600001,0.3612,209
174,9.5,420134.28602,5853069.71776,0.4039,209
174,10.0,420134.03058,5853070.164780001,0.4039,209
174,10.5,420133.71128,5853070.611800001,0.4605,209
174,11.0,420133.45584,5853070.994960001,0.4605,209
174,11.5,420133.20040000003,5853071.441980001,0.5266,209
175,0.0,419919.84414,5853212.891880001,0.7447,1007
175,0.5,419919.65256,5853213.338900001,0.7769,1007
175,1.0,419919.46098000003,5853213.785920001,0.8078,1007
175,1.5,419919.20554,5853214.2329400005,0.6878,1007
175,2.0,419919.01396,5853214.679960001,0.6878,1007
175,2.5,419918.82238,5853215.190840001,0.7769,1007
175,3.0,419918.6308,5853215.637860001,0.7447,1007
175,3.5,419918.37536,5853216.084880001,0.6878,1007
175,4.0,419918.18378,5853216.531900001,0.7447,1007
175,4.5,419917.92834,5853216.978920001,0.6878,1007
175,5.0,419917.73676,5853217.42594,0.7447,1007
175,5.5,419917.48132,5853217.872960001,0.6878,1007
175,6.0,419917.28974,5853218.319980001,0.7447,1007
175,6.5,419917.0343,5853218.767000001,0.6878,1007
175,7.0,419916.84272,5853219.214020001,0.6878,1007
175,7.5,419916.58728,5853219.661040001,0.6386,1007
175,8.0,419916.3957,5853220.10806,0.6878,1007
175,8.5,419916.14026,5853220.555080001,0.7225,1007
175,9.0,419915.88482,5853220.938240001,0.6878,1007
175,9.5,419915.69324,5853221.385260001,0.8078,1007
175,10.0,419915.37394,5853221.832280001,0.8178,1007
175,10.5,419915.18236000004,5853222.2793000005,0.921,1007
175,11.0,419914.92692,5853222.72632,0.9727,1007
175,11.5,419914.67148,5853223.109480001,1.0297,1007
176,0.0,420043.28552000003,5853043.407440001,0.5266,352
176,0.5,420043.09394,5853043.854460001,0.5266,352
176,1.0,420042.8385,5853044.301480001,0.4605,352
176,1.5,420042.64692,5853044.748500001,0.4605,352
176,2.0,420042.39148,5853045.1955200005,0.4605,352
176,2.5,420042.13604,5853045.578680001,0.4605,352
176,3.0,420041.81674,5853046.025700001,0.4039,352
176,3.5,420041.5613,5853046.472720001,0.4605,352
176,4.0,420041.30586,5853046.855880001,0.4605,352
176,4.5,420041.05042,5853047.3029000005,0.3612,352
176,5.0,420040.73112,5853047.686060001,0.4039,352
176,5.5,420040.47568000003,5853048.133080001,0.4605,352
176,6.0,420040.22024,5853048.516240001,0.4605,352
176,6.5,420039.90094,5853048.963260001,0.4039,352
176,7.0,420039.6455,5853049.346420001,0.4039,352
176,7.5,420039.39006,5853049.793440001,0.4039,352
176,8.0,420039.07076000003,5853050.176600001,0.3612,352
176,8.5,420038.81532,5853050.623620001,0.3612,352
176,9.0,420038.55988,5853051.0706400005,0.3612,352
176,9.5,420038.30444,5853051.51766,0.3612,352
176,10.0,420038.049,5853051.900820001,0.2856,352
176,10.5,420037.79356,5853052.347840001,0.2856,352
176,11.0,420037.60198,5853052.794860001,0.2856,352
176,11.5,420037.28268,5853053.17802,0.2554,352
177,0.0,419866.71262,5853134.344080001,0.3612,112
177,0.5,419866.45718,5853134.791100001,0.4039,112
177,1.0,419866.13788,5853135.174260001,0.3612,112
177,1.5,419865.88244,5853135.621280001,0.4039,112
177,2.0,419865.627,5853136.004440001,0.3612,112
177,2.5,419865.3077,5853136.451460001,0.3612,112
177,3.0,419865.05226,5853136.834620001,0.3612,112
177,3.5,419864.79682,5853137.281640001,0.3612,112
177,4.0,419864.47752,5853137.6648,0.3612,112
177,4.5,419864.22208,5853138.111820001,0.3612,112
177,5.0,419863.96664,5853138.494980001,0.3612,112
177,5.5,419863.64734,5853138.942000001,0.4039,112
177,6.0,419863.3919,5853139.3251600005,0.4039,112
177,6.5,419863.13646,5853139.772180001,0.3612,112
177,7.0,419862.81716000004,5853140.155340001,0.3612,112
177,7.5,419862.56172,5853140.602360001,0.3612,112
177,8.0,419862.30628,5853140.985520001,0.3612,112
177,8.5,419861.98698,5853141.43254,0.3612,112
177,9.0,419861.73154,5853141.815700001,0.3612,112
177,9.5,419861.41224000003,5853142.262720001,0.3612,112
177,10.0,419861.1568,5853142.645880001,0.3612,112
177,10.5,419860.8375,5853143.02904,0.2856,112
177,11.0,419860.58206,5853143.476060001,0.3612,112
177,11.5,419860.26276,5853143.859220001,0.2856,112
178,0.0,420103.25006,5852982.421140001,0.1806,301
178,0.5,420103.25006,5852982.932020001,0.5109,301
178,1.0,420103.12234,5852983.379040001,0.4605,301
178,1.5,420102.93076,5852983.826060001,0.4039,301
178,2.0,420102.67532,5852984.336940001,0.4039,301
178,2.5,420102.48374,5852984.783960001,0.4039,301
178,3.0,420102.2283,5852985.23098,0.3612,301
178,3.5,420102.03672000003,5852985.678000001,0.3612,301
178,4.0,420101.84514,5852986.125020001,0.3832,301
178,4.5,420101.65356,5852986.572040001,0.4039,301
178,5.0,420101.46198,5852987.019060001,0.4039,301
178,5.5,420101.2704,5852987.529940001,0.5266,301
178,6.0,420101.14268,5852987.976960001,0.5109,301
178,6.5,420100.9511,5852988.42398,0.5266,301
178,7.0,420100.75952,5852988.93486,0.5109,301
178,7.5,420100.56794,5852989.381880001,0.5266,301
178,8.0,420100.3125,5852989.828900001,0.5712,301
178,8.5,420100.12092,5852990.275920001,0.5712,301
178,9.0,420099.92934000003,5852990.722940001,0.5266,301
178,9.5,420099.73776,5852991.233820001,0.6386,301
178,10.0,420099.54618,5852991.6808400005,0.6512,301
178,10.5,420099.3546,5852992.127860001,0.6512,301
178,11.0,420099.09916,5852992.574880001,0.6878,301
178,11.5,420098.90758,5852993.021900001,0.5109,301
179,0.0,420334.80642,5853345.656820001,0.4039,712
179,0.5,420334.6787,5853346.167700001,0.7663,712
179,1.0,420334.55098,5853346.614720001,0.6386,712
179,1.5,420334.42326,5853347.125600001,0.5712,712
179,2.0,420334.29554,5853347.572620001,0.5109,712
179,2.5,420334.23168,5853348.083500001,0.5109,712
179,3.0,420334.0401,5853348.5305200005,0.5266,712
179,3.5,420333.91238,5853349.0414,0.5712,712
179,4.0,420333.78466,5853349.55228,0.5266,712
179,4.5,420333.65694,5853349.999300001,0.5266,712
179,5.0,420333.52922,5853350.510180001,0.5266,712
179,5.5,420333.4015,5853350.957200001,0.5266,712
179,6.0,420333.27378,5853351.468080001,0.5109,712
179,6.5,420333.0822,5853351.915100001,0.5109,712
179,7.0,420332.95448,5853352.425980001,0.5109,712
179,7.5,420332.89062,5853352.873000001,0.5109,712
179,8.0,420332.76290000003,5853353.383880001,0.5266,712
179,8.5,420332.63518,5853353.8947600005,0.5712,712
179,9.0,420332.57132,5853354.34178,0.5266,712
179,9.5,420332.37974,5853354.852660001,0.5109,712
179,10.0,420332.31588,5853355.299680001,0.5712,712
179,10.5,420332.18816,5853355.810560001,0.5266,712
179,11.0,420332.06044000003,5853356.321440001,0.5712,712
180,0.0,420330.59166000003,5853304.59484,0.3832,709
180,0.5,420330.40008,5853305.041860001,0.2856,709
180,1.0,420330.33622,5853305.552740001,0.4039,709
180,1.5,420330.14464,5853305.999760001,0.5109,709
180,2.0,420329.95306,5853306.510640001,0.5109,709
180,2.5,420329.76148,5853306.957660001,0.4039,709
180,3.0,420329.63376,5853307.404680001,0.4605,709
180,3.5,420329.50604,5853307.915560001,0.5109,709
180,4.0,420329.31446,5853308.36258,0.4039,709
180,4.5,420329.12288,5853308.87346,0.4039,709
180,5.0,420328.99516,5853309.320480001,0.4605,709
180,5.5,420328.86744,5853309.767500001,0.5109,709
180,6.0,420328.67586,5853310.278380001,0.5266,709
180,6.5,420328.54814,5853310.725400001,0.5109,709
180,7.0,420328.35656,5853311.172420001,0.5266,709
180,7.5,420328.16498,5853311.683300001,0.5266,709
180,8.0,420327.9734,5853312.13032,0.4605,709
180,8.5,420327.84568,5853312.6412,0.5712,709
180,9.0,420327.6541,5853313.088220001,0.5109,709
180,9.5,420327.52638,5853313.535240001,0.5712,709
180,10.0,420327.3348,5853314.046120001,0.5266,709
180,10.5,420327.20708,5853314.493140001,0.5266,709
180,11.0,420326.95164,5853314.940160001,0.4039,709
181,0.0,420000.18002,5853075.082,0.2554,185
181,0.5,420000.11616000003,5853075.592880001,0.3832,185
181,1.0,420000.0523,5853076.039900001,0.4605,185
181,1.5,419999.92458,5853076.550780001,0.4605,185
181,2.0,419999.79686,5853077.061660001,0.4605,185
181,2.5,419999.66914,5853077.508680001,0.4039,185
181,3.0,419999.54142,5853078.019560001,0.4039,185
181,3.5,419999.41370000003,5853078.466580001,0.3832,185
181,4.0,419999.34984,5853078.977460001,0.3832,185
181,4.5,419999.22212,5853079.488340001,0.3832,185
181,5.0,419999.0944,5853079.9353600005,0.2856,185
181,5.5,419999.03054,5853080.44624,0.3832,185
181,6.0,419998.90282,5853080.893260001,0.3832,185
181,6.5,419998.7751,5853081.404140001,0.4039,185
181,7.0,419998.64738,5853081.915020001,0.4605,185
181,7.5,419998.51966,5853082.362040001,0.4605,185
181,8.0,419998.32808,5853082.872920001,0.3832,185
181,8.5,419998.26422,5853083.319940001,0.4039,185
181,9.0,419998.1365,5853083.830820001,0.3832,185
181,9.5,419998.00878000003,5853084.277840001,0.3832,185
181,10.0,419997.8172,5853084.788720001,0.4605,185
181,10.5,419997.68948,5853085.23574,0.4605,185
181,11.0,419997.43404,5853085.682760001,0.4039,185
182,0.0,420329.69762,5853252.038060001,0.3612,735
182,0.5,420329.31446,5853252.357360001,0.4605,735
182,1.0,420328.99516,5853252.74052,0.4605,735
182,1.5,420328.67586,5853253.059820001,0.5266,735
182,2.0,420328.2927,5853253.442980001,0.5266,735
182,2.5,420327.9734,5853253.8261400005,0.4605,735
182,3.0,420327.6541,5853254.209300001,0.4605,735
182,3.5,420327.3348,5853254.592460001,0.4605,735
182,4.0,420327.07936000003,5853255.039480001,0.5419,735
182,4.5,420326.82392,5853255.4226400005,0.5419,735
182,5.0,420326.50462,5853255.869660001,0.5419,735
182,5.5,420326.18532,5853256.252820001,0.4605,735
182,6.0,420325.92988,5853256.635980001,0.5419,735
182,6.5,420325.67444000003,5853257.083000001,0.5419,735
182,7.0,420325.35514,5853257.466160001,0.5712,735
182,7.5,420325.03584,5853257.849320001,0.5266,735
182,8.0,420324.7804,5853258.296340001,0.6386,735
182,8.5,420324.4611,5853258.679500001,0.6386,735
182,9.0,420324.1418,5853259.062660001,0.5419,735
182,9.5,420323.75864,5853259.445820001,0.6386,735
182,10.0,420323.43934,5853259.765120001,0.6386,735
182,10.5,420323.05618,5853260.084420001,0.4605,735
182,11.0,420322.73688,5853260.467580001,0.3612,735
183,0.0,419857.83608,5853145.71116,0.1806,111
183,0.5,419857.6445,5853146.158180001,0.4039,111
183,1.0,419857.51678,5853146.669060001,0.4605,111
183,1.5,419857.38906,5853147.116080001,0.4039,111
183,2.0,419857.26134,5853147.626960001,0.4039,111
183,2.5,419857.19748000003,5853148.137840001,0.3832,111
183,3.0,419857.13362,5853148.584860001,0.3612,111
183,3.5,419857.0059,5853149.095740001,0.4039,111
183,4.0,419856.87818,5853149.542760001,0.4605,111
183,4.5,419856.6866,5853150.0536400005,0.4039,111
183,5.0,419856.55888,5853150.50066,0.4605,111
183,5.5,419856.43116,5853151.011540001,0.4605,111
183,6.0,419856.30344,5853151.458560001,0.4039,111
183,6.5,419856.17572,5853151.969440001,0.4605,111
183,7.0,419856.048,5853152.416460001,0.4039,111
183,7.5,419855.92028,5853152.927340001,0.4039,111
183,8.0,419855.79256000003,5853153.438220001,0.4605,111
183,8.5,419855.66484,5853153.885240001,0.5109,111
183,9.0,419855.53712,5853154.396120001,0.4605,111
183,9.5,419855.34554,5853154.8431400005,0.4605,111
183,10.0,419855.15396,5853155.290160001,0.3612,111
183,10.5,419855.02624,5853155.801040001,0.4039,111
183,11.0,419854.83466,5853156.248060001,0.3612,111
184,0.0,420112.95678,5853110.652020001,0.3612,41
184,0.5,420112.7652,5853111.099040001,0.3612,41
184,1.0,420112.50976,5853111.546060001,0.3612,41
184,1.5,420112.31818,5853111.99308,0.3612,41
184,2.0,420112.06274,5853112.440100001,0.3612,41
184,2.5,420111.8073,5853112.887120001,0.2856,41
184,3.0,420111.61572,5853113.334140001,0.3612,41
184,3.5,420111.36028,5853113.781160001,0.2856,41
184,4.0,420111.1687,5853114.228180001,0.3612,41
184,4.5,420110.91326,5853114.6752,0.2856,41
184,5.0,420110.72168,5853115.122220001,0.3612,41
184,5.5,420110.46624,5853115.569240001,0.3612,41
184,6.0,420110.27466,5853116.016260001,0.2856,41
184,6.5,420110.01922,5853116.463280001,0.3612,41
184,7.0,420109.82764000003,5853116.910300001,0.2856,41
184,7.5,420109.5722,5853117.293460001,0.3612,41
184,8.0,420109.31676,5853117.740480001,0.3612,41
184,8.5,420109.12518000003,5853118.187500001,0.2856,41
184,9.0,420108.86974,5853118.634520001,0.3612,41
184,9.5,420108.6143,5853119.081540001,0.2856,41
184,10.0,420108.35886,5853119.5285600005,0.2856,41
184,10.5,420108.10342,5853119.975580001,0.2856,41
184,11.0,420107.91184,5853120.358740001,0.1806,41
185,0.0,419978.21218000003,5853023.16382,0.1277,391
185,0.5,419978.0206,5853023.610840001,0.3832,391
185,1.0,419977.82902,5853024.121720001,0.5266,391
185,1.5,419977.76516,5853024.568740001,0.5109,391
185,2.0,419977.7013,5853025.079620001,0.5109,391
185,2.5,419977.63744,5853025.590500001,0.5109,391
185,3.0,419977.57358,5853026.101380001,0.5109,391
185,3.5,419977.50972000003,5853026.548400001,0.5109,391
185,4.0,419977.382,5853027.059280001,0.4605,391
185,4.5,419977.31814,5853027.570160001,0.5109,391
185,5.0,419977.25428,5853028.01718,0.4605,391
185,5.5,419977.19042,5853028.52806,0.5109,391
185,6.0,419977.0627,5853029.038940001,0.3832,391
185,6.5,419976.99884,5853029.549820001,0.3832,391
185,7.0,419976.93498,5853029.996840001,0.3832,391
185,7.5,419976.87112,5853030.507720001,0.3832,391
185,8.0,419976.80726000003,5853031.018600001,0.3832,391
185,8.5,419976.7434,5853031.529480001,0.3832,391
185,9.0,419976.67954,5853031.976500001,0.4039,391
185,9.5,419976.61568,5853032.487380001,0.5109,391
185,10.0,419976.48796,5853032.998260001,0.5266,391
185,10.5,419976.4241,5853033.445280001,0.5712,391
185,11.0,419976.29638,5853033.9561600005,0.6386,391
186,0.0,420127.32528,5853064.9921200005,0.2856,212
186,0.5,420127.19756,5853065.43914,0.2554,212
186,1.0,420127.06984,5853065.950020001,0.2554,212
186,1.5,420126.94212,5853066.460900001,0.2554,212
186,2.0,420126.87826,5853066.907920001,0.2554,212
186,2.5,420126.75054,5853067.418800001,0.3612,212
186,3.0,420126.62282,5853067.865820001,0.3612,212
186,3.5,420126.4951,5853068.376700001,0.2554,212
186,4.0,420126.30352,5853068.823720001,0.2856,212
186,4.5,420126.11194000003,5853069.334600001,0.2554,212
186,5.0,420125.92036,5853069.7816200005,0.4039,212
186,5.5,420125.8565,5853070.2925,0.3832,212
186,6.0,420125.79264,5853070.739520001,0.2554,212
186,6.5,420125.66492,5853071.250400001,0.2554,212
186,7.0,420125.5372,5853071.697420001,0.2856,212
186,7.5,420125.34562,5853072.208300001,0.2554,212
186,8.0,420125.2179,5853072.719180001,0.2554,212
186,8.5,420125.09018,5853073.166200001,0.3612,212
186,9.0,420124.96246,5853073.677080001,0.3832,212
186,9.5,420124.83474,5853074.124100001,0.3612,212
186,10.0,420124.77088,5853074.634980001,0.3832,212
186,10.5,420124.64316,5853075.1458600005,0.3832,212
186,11.0,420124.51544,5853075.592880001,0.4039,212
187,0.0,420011.48324000003,5853143.667640001,0.2856,96
187,0.5,420011.16394,5853144.050800001,0.2856,96
187,1.0,420010.84464,5853144.433960001,0.2856,96
187,1.5,420010.46148,5853144.817120001,0.3612,96
187,2.0,420010.14218,5853145.20028,0.3612,96
187,2.5,420009.82288,5853145.519580001,0.3612,96
187,3.0,420009.50358,5853145.902740001,0.3612,96
187,3.5,420009.18428,5853146.2859000005,0.3612,96
187,4.0,420008.86498,5853146.669060001,0.3612,96
187,4.5,420008.54568,5853147.052220001,0.3612,96
187,5.0,420008.22638,5853147.435380001,0.3612,96
187,5.5,420007.90708000003,5853147.818540001,0.3612,96
187,6.0,420007.58778,5853148.201700001,0.3612,96
187,6.5,420007.26848,5853148.584860001,0.3612,96
187,7.0,420006.94918,5853149.031880001,0.4605,96
187,7.5,420006.62988,5853149.415040001,0.4039,96
187,8.0,420006.37444,5853149.798200001,0.3612,96
187,8.5,420005.99128,5853150.181360001,0.3612,96
187,9.0,420005.73584,5853150.5645200005,0.3612,96
187,9.5,420005.41654,5853150.947680001,0.4039,96
187,10.0,420005.09724000003,5853151.330840001,0.4605,96
187,10.5,420004.77794,5853151.714000001,0.4605,96
187,11.0,420004.45864,5853152.097160001,0.3832,96
188,0.0,420124.13228,5853009.561640001,0.3832,256
188,0.5,420124.06842,5853010.072520001,0.3832,256
188,1.0,420123.9407,5853010.519540001,0.4039,256
188,1.5,420123.81298,5853011.030420001,0.4605,256
188,2.0,420123.68526,5853011.541300001,0.4039,256
188,2.5,420123.6214,5853011.9883200005,0.4039,256
188,3.0,420123.49368,5853012.4992,0.5109,256
188,3.5,420123.36596,5853012.946220001,0.4039,256
188,4.0,420123.23824000004,5853013.457100001,0.3832,256
188,4.5,420123.11052,5853013.967980001,0.3832,256
188,5.0,420123.04666,5853014.415000001,0.4605,256
188,5.5,420122.91894,5853014.925880001,0.4039,256
188,6.0,420122.85508,5853015.436760001,0.5109,256
188,6.5,420122.79122,5853015.883780001,0.5109,256
188,7.0,420122.6635,5853016.394660001,0.5109,256
188,7.5,420122.53578000003,5853016.905540001,0.5266,256
188,8.0,420122.40806,5853017.3525600005,0.5109,256
188,8.5,420122.28034,5853017.86344,0.5109,256
188,9.0,420122.21648,5853018.310460001,0.5266,256
188,9.5,420122.08876,5853018.821340001,0.5266,256
188,10.0,420121.96104,5853019.332220001,0.5109,256
188,10.5,420121.83332000003,5853019.779240001,0.5109,256
188,11.0,420121.76946,5853020.290120001,0.6386,256
189,0.0,420080.5159,5853142.837460001,0.1277,15
189,0.5,420080.45204,5853143.348340001,0.2856,15
189,1.0,420080.32432,5853143.795360001,0.2856,15
189,1.5,420080.1966,5853144.306240001,0.3612,15
189,2.0,420080.06888000004,5853144.753260001,0.3832,15
189,2.5,420079.94116,5853145.264140001,0.3832,15
189,3.0,420079.74958,5853145.71116,0.2554,15
189,3.5,420079.62186,5853146.22204,0.3612,15
189,4.0,420079.49414,5853146.669060001,0.3612,15
189,4.5,420079.36642000003,5853147.179940001,0.3612,15
189,5.0,420079.17484,5853147.626960001,0.2856,15
189,5.5,420079.04712,5853148.137840001,0.3832,15
189,6.0,420078.9194,5853148.584860001,0.3832,15
189,6.5,420078.72782000003,5853149.095740001,0.2856,15
189,7.0,420078.6001,5853149.542760001,0.3612,15
189,7.5,420078.47238,5853150.0536400005,0.3832,15
189,8.0,420078.34466,5853150.50066,0.3832,15
189,8.5,420078.15308,5853151.011540001,0.3612,15
189,9.0,420078.02536,5853151.458560001,0.3612,15
189,9.5,420077.89764,5853151.969440001,0.3832,15
189,10.0,420077.70606,5853152.416460001,0.2856,15
189,10.5,420077.57834,5853152.863480001,0.3612,15
190,0.0,420175.60344000004,5853211.870120001,0.2554,442
190,0.5,420175.53958,5853212.381000001,0.3832,442
190,1.0,420175.41186,5853212.828020001,0.4039,442
190,1.5,420175.348,5853213.338900001,0.5109,442
190,2.0,420175.22028,5853213.849780001,0.3832,442
190,2.5,420175.15642,5853214.296800001,0.4039,442
190,3.0,420175.0287,5853214.807680001,0.4605,442
190,3.5,420174.90098000003,5853215.3185600005,0.4605,442
190,4.0,420174.77326,5853215.765580001,0.6386,442
190,4.5,420174.58168,5853216.212600001,0.6386,442
190,5.0,420174.3901,5853216.659620001,0.5712,442
190,5.5,420174.26238000003,5853217.170500001,0.6386,442
190,6.0,420174.0708,5853217.617520001,0.5109,442
190,6.5,420173.94308,5853218.128400001,0.5712,442
190,7.0,420173.7515,5853218.575420001,0.5712,442
190,7.5,420173.62378,5853219.086300001,0.6512,442
190,8.0,420173.4322,5853219.53332,0.5712,442
190,8.5,420173.30448,5853219.980340001,0.6386,442
190,9.0,420173.1129,5853220.491220001,0.6386,442
190,9.5,420172.92132,5853220.938240001,0.6386,442
190,10.0,420172.72974,5853221.385260001,0.5712,442
190,10.5,420172.53816,5853221.832280001,0.6386,442
191,0.0,419979.61710000003,5853092.835080001,0.4605,102
191,0.5,419979.23394,5853093.154380001,0.3612,102
191,1.0,419978.85078,5853093.537540001,0.3612,102
191,1.5,419978.53148,5853093.8568400005,0.4039,102
191,2.0,419978.14832,5853094.176140001,0.3612,102
191,2.5,419977.76516,5853094.559300001,0.3612,102
191,3.0,419977.44586,5853094.8786,0.3612,102
191,3.5,419977.0627,5853095.197900001,0.3612,102
191,4.0,419976.67954,5853095.581060001,0.3612,102
191,4.5,419976.29638,5853095.900360001,0.3612,102
191,5.0,419975.97708,5853096.219660001,0.3612,102
191,5.5,419975.59392,5853096.5389600005,0.2856,102
191,6.0,419975.21076,5853096.922120001,0.3612,102
191,6.5,419974.8276,5853097.241420001,0.3612,102
191,7.0,419974.5083,5853097.56072,0.3612,102
191,7.5,419974.12514,5853097.880020001,0.3612,102
191,8.0,419973.74198,5853098.263180001,0.3612,102
191,8.5,419973.35882,5853098.582480001,0.3612,102
191,9.0,419972.97566,5853098.901780001,0.3612,102
191,9.5,419972.5925,5853099.2210800005,0.3612,102
191,10.0,419972.20934,5853099.604240001,0.4605,102
191,10.5,419971.89004,5853099.923540001,0.3612,102
192,0.0,420038.11286,5853078.147280001,0.2554,88
192,0.5,420037.85742,5853078.594300001,0.2856,88
192,1.0,420037.66584000003,5853079.041320001,0.2856,88
192,1.5,420037.4104,5853079.488340001,0.3612,88
192,2.0,420037.21882,5853079.9353600005,0.3612,88
192,2.5,420036.96338000003,5853080.382380001,0.3612,88
192,3.0,420036.7718,5853080.829400001,0.3612,88
192,3.5,420036.58022,5853081.276420001,0.3612,88
192,4.0,420036.32478,5853081.723440001,0.3612,88
192,4.5,420036.1332,5853082.170460001,0.3612,88
192,5.0,420035.87776,5853082.6174800005,0.2856,88
192,5.5,420035.68618,5853083.064500001,0.3612,88
192,6.0,420035.43074,5853083.511520001,0.2856,88
192,6.5,420035.23916,5853083.958540001,0.2856,88
192,7.0,420035.04758,5853084.405560001,0.2856,88
192,7.5,420034.79214000003,5853084.852580001,0.2856,88
192,8.0,420034.60056,5853085.2996000005,0.2856,88
192,8.5,420034.34512,5853085.746620001,0.2856,88
192,9.0,420034.15354,5853086.193640001,0.2856,88
192,9.5,420033.8981,5853086.640660001,0.2856,88
192,10.0,420033.70652,5853087.087680001,0.3612,88
192,10.5,420033.51494,5853087.534700001,0.3612,88
193,0.0,420001.6488,5853064.034220001,0.2856,184
193,0.5,420001.39336,5853064.481240001,0.2554,184
193,1.0,420001.13792,5853064.864400001,0.2856,184
193,1.5,420000.81862000003,5853065.247560001,0.2856,184
193,2.0,420000.49932,5853065.694580001,0.2856,184
193,2.5,420000.24388,5853066.077740001,0.2856,184
193,3.0,419999.98844,5853066.52476,0.4039,184
193,3.5,419999.733,5853066.971780001,0.4605,184
193,4.0,419999.47756,5853067.354940001,0.5266,184
193,4.5,419999.15826,5853067.801960001,0.5266,184
193,5.0,419998.90282,5853068.1851200005,0.5266,184
193,5.5,419998.64738,5853068.632140001,0.5419,184
193,6.0,419998.32808,5853069.015300001,0.5419,184
193,6.5,419998.07264,5853069.462320001,0.5712,184
193,7.0,419997.75334,5853069.845480001,0.5266,184
193,7.5,419997.4979,5853070.2925,0.6386,184
193,8.0,419997.24246,5853070.675660001,0.6386,184
193,8.5,419996.92316,5853071.122680001,0.5712,184
193,9.0,419996.66772,5853071.505840001,0.5712,184
193,9.5,419996.34842,5853071.889,0.5266,184
193,10.0,419996.09298,5853072.336020001,0.5419,184
193,10.5,419995.77368,5853072.719180001,0.6386,184
194,0.0,419828.07732,5853083.830820001,0.5419,128
194,0.5,419827.82188,5853084.277840001,0.5419,128
194,1.0,419827.56644,5853084.72486,0.5266,128
194,1.5,419827.311,5853085.108020001,0.5266,128
194,2.0,419827.05556,5853085.555040001,0.5266,128
194,2.5,419826.86398,5853086.002060001,0.4605,128
194,3.0,419826.60854,5853086.449080001,0.4605,128
194,3.5,419826.28924,5853086.83224,0.4605,128
194,4.0,419826.09766,5853087.279260001,0.5712,128
194,4.5,419825.84222,5853087.726280001,0.6386,128
194,5.0,419825.58678,5853088.173300001,0.6386,128
194,5.5,419825.3952,5853088.620320001,0.5712,128
194,6.0,419825.13976,5853089.0673400005,0.6386,128
194,6.5,419824.94818,5853089.51436,0.5266,128
194,7.0,419824.62888000003,5853089.897520001,0.4605,128
194,7.5,419824.4373,5853090.344540001,0.5712,128
194,8.0,419824.18186,5853090.791560001,0.5266,128
194,8.5,419823.99028,5853091.238580001,0.5712,128
194,9.0,419823.73484,5853091.6856,0.5266,128
194,9.5,419823.54326,5853092.132620001,0.5266,128
194,10.0,419823.28782,5853092.579640001,0.5419,128
194,10.5,419823.03238,5853093.026660001,0.5712,128
195,0.0,420344.8963,5853343.230140001,0.3832,713
195,0.5,420344.70472,5853343.67716,0.4039,713
195,1.0,420344.44928,5853344.124180001,0.3612,713
195,1.5,420344.2577,5853344.571200001,0.3612,713
195,2.0,420344.06612000003,5853345.018220001,0.3612,713
195,2.5,420343.81068,5853345.465240001,0.4039,713
195,3.0,420343.55524,5853345.912260001,0.4039,713
195,3.5,420343.42752,5853346.35928,0.5109,713
195,4.0,420343.10822,5853346.806300001,0.4039,713
195,4.5,420342.85278,5853347.189460001,0.4605,713
195,5.0,420342.53348,5853347.572620001,0.6386,713
195,5.5,420342.27804,5853348.019640001,0.5419,713
195,6.0,420342.0226,5853348.46666,0.4605,713
195,6.5,420341.76716,5853348.849820001,0.5266,713
195,7.0,420341.51172,5853349.296840001,0.4605,713
195,7.5,420341.32014,5853349.743860001,0.4039,713
195,8.0,420341.0647,5853350.190880001,0.4605,713
195,8.5,420340.87312,5853350.6379,0.5109,713
195,9.0,420340.68154,5853351.14878,0.3612,713
195,9.5,420340.36224,5853351.531940001,0.3612,713
195,10.0,420340.04294,5853351.915100001,0.2856,713
195,10.5,420339.78750000003,5853352.362120001,0.4605,713
196,0.0,419925.59154,5853211.806260001,0.3612,2
196,0.5,419925.3361,5853212.253280001,0.2856,2
196,1.0,419925.08066,5853212.6364400005,0.3612,2
196,1.5,419924.82522,5853213.083460001,0.3612,2
196,2.0,419924.56978,5853213.530480001,0.2856,2
196,2.5,419924.31434,5853213.913640001,0.3612,2
196,3.0,419923.99504,5853214.360660001,0.2856,2
196,3.5,419923.73960000003,5853214.807680001,0.3612,2
196,4.0,419923.48416,5853215.190840001,0.3612,2
196,4.5,419923.22872,5853215.637860001,0.4039,2
196,5.0,419922.97328000003,5853216.084880001,0.3612,2
196,5.5,419922.71784,5853216.468040001,0.4039,2
196,6.0,419922.4624,5853216.9150600005,0.4039,2
196,6.5,419922.20696,5853217.362080001,0.3612,2
196,7.0,419921.95152,5853217.745240001,0.4039,2
196,7.5,419921.69608,5853218.192260001,0.3612,2
196,8.0,419921.37678,5853218.639280001,0.4039,2
196,8.5,419921.12134,5853219.02244,0.4039,2
196,9.0,419920.86590000003,5853219.469460001,0.4605,2
196,9.5,419920.61046,5853219.916480001,0.4605,2
196,10.0,419920.35502,5853220.299640001,0.4605,2
196,10.5,419920.09958,5853220.746660001,0.4605,2
197,0.0,420327.90954,5853243.353100001,0.4605,751
197,0.5,420327.46252,5853243.60854,0.5712,751
197,1.0,420327.0155,5853243.736260001,0.5266,751
197,1.5,420326.50462,5853243.800120001,0.6386,751
197,2.0,420325.99374,5853243.927840001,0.6386,751
197,2.5,420325.54672,5853244.055560001,0.6386,751
197,3.0,420325.03584,5853244.18328,0.6386,751
197,3.5,420324.58882,5853244.311000001,0.6386,751
197,4.0,420324.07794,5853244.438720001,0.6386,751
197,4.5,420323.56706000003,5853244.566440001,0.5712,751
197,5.0,420323.12004,5853244.630300001,0.5266,751
197,5.5,420322.60916,5853244.821880001,0.5266,751
197,6.0,420322.16214000003,5853244.949600001,0.5266,751
197,6.5,420321.65126,5853245.077320001,0.5712,751
197,7.0,420321.20424,5853245.20504,0.5712,751
197,7.5,420320.69336000003,5853245.332760001,0.6386,751
197,8.0,420320.24634,5853245.460480001,0.6386,751
197,8.5,420319.73546,5853245.652060001,0.5109,751
197,9.0,420319.28844000003,5853245.77978,0.5109,751
197,9.5,420318.77756,5853245.907500001,0.5266,751
197,10.0,420318.33054,5853246.035220001,0.5266,751
197,10.5,420317.81966,5853246.162940001,0.5266,751
198,0.0,420035.75004,5853187.092440001,0.2856,578
198,0.5,420035.55846000003,5853187.539460001,0.3612,578
198,1.0,420035.30302,5853187.98648,0.2856,578
198,1.5,420034.98372,5853188.369640001,0.1277,578
198,2.0,420034.79214000003,5853188.816660001,0.2856,578
198,2.5,420034.47284,5853189.199820001,0.1806,578
198,3.0,420034.2174,5853189.6468400005,0.2554,578
198,3.5,420033.96196,5853190.09386,0.1806,578
198,4.0,420033.70652,5853190.477020001,0.2554,578
198,4.5,420033.38722000003,5853190.924040001,0.2554,578
198,5.0,420033.13178,5853191.307200001,0.1277,578
198,5.5,420032.87634,5853191.7542200005,0.2554,578
198,6.0,420032.6209,5853192.201240001,0.2554,578
198,6.5,420032.36546,5853192.584400001,0.2554,578
198,7.0,420032.17388,5853193.095280001,0.2554,578
198,7.5,420031.98230000003,5853193.542300001,0.2554,578
198,8.0,420031.72686,5853193.989320001,0.2856,578
198,8.5,420031.47142,5853194.4363400005,0.2856,578
198,9.0,420031.21598,5853194.819500001,0.2856,578
198,9.5,420030.96054,5853195.266520001,0.2554,578
198,10.0,420030.7051,5853195.649680001,0.2856,578
198,10.5,420030.3858,5853196.096700001,0.2554,578
199,0.0,419984.66204,5853222.470880001,0.2554,20
199,0.5,419984.4066,5853222.917900001,0.2856,20
199,1.0,419984.15116,5853223.364920001,0.2856,20
199,1.5,419983.89572000003,5853223.748080001,0.2856,20
199,2.0,419983.64028,5853224.195100001,0.2856,20
199,2.5,419983.38484,5853224.578260001,0.2856,20
199,3.0,419983.12940000003,5853225.025280001,0.2856,20
199,3.5,419982.87396,5853225.4723000005,0.2856,20
199,4.0,419982.68238,5853225.919320001,0.3612,20
199,4.5,419982.4908,5853226.366340001,0.3832,20
199,5.0,419982.23536,5853226.813360001,0.3612,20
199,5.5,419981.97992,5853227.260380001,0.2856,20
199,6.0,419981.66062,5853227.643540001,0.3612,20
199,6.5,419981.34132,5853228.026700001,0.2856,20
199,7.0,419981.08588,5853228.473720001,0.2856,20
199,7.5,419980.76658,5853228.856880001,0.2554,20
199,8.0,419980.51114,5853229.303900001,0.2856,20
199,8.5,419980.2557,5853229.68706,0.2856,20
199,9.0,419980.00026,5853230.134080001,0.2856,20
199,9.5,419979.74482,5853230.581100001,0.2554,20
199,10.0,419979.42552,5853230.964260001,0.3612,20
199,10.5,419979.10622,5853231.3474200005,0.2856,20
200,0.0,419946.15446,5853157.269820001,0.3832,562
200,0.5,419946.0906,5853157.780700001,0.3832,562
200,1.0,419946.0906,5853158.291580001,0.3832,562
200,1.5,419946.02674,5853158.738600001,0.3832,562
200,2.0,419946.02674,5853159.249480001,0.3832,562
200,2.5,419945.96288,5853159.760360001,0.3832,562
200,3.0,419945.89902,5853160.271240001,0.3832,562
200,3.5,419945.89902,5853160.71826,0.4605,562
200,4.0,419945.83516,5853161.22914,0.5109,562
200,4.5,419945.83516,5853161.74002,0.5109,562
200,5.0,419945.7713,5853162.250900001,0.5109,562
200,5.5,419945.7713,5853162.761780001,0.5109,562
200,6.0,419945.70744,5853163.208800001,0.5109,562
200,6.5,419945.57972,5853163.719680001,0.5109,562
200,7.0,419945.57972,5853164.230560001,0.5266,562
200,7.5,419945.51586,5853164.741440001,0.5109,562
200,8.0,419945.51586,5853165.252320001,0.6386,562
200,8.5,419945.452,5853165.699340001,0.6386,562
200,9.0,419945.26042,5853166.146360001,0.5712,562
200,9.5,419945.00498,5853166.59338,0.5266,562
200,10.0,419944.8134,5853167.040400001,0.5266,562
200,10.5,419944.74954,5853167.551280001,0.1806,562
201,0.0,419992.83612,5853011.669020001,0.1277,394
201,0.5,419992.58068,5853012.116040001,0.2856,394
201,1.0,419992.38910000003,5853012.563060001,0.2856,394
201,1.5,419992.26138,5853013.01008,0.3612,394
201,2.0,419992.0698,5853013.520960001,0.3612,394
201,2.5,419991.87822,5853013.967980001,0.4039,394
201,3.0,419991.68664,5853014.415000001,0.4039,394
201,3.5,419991.49506,5853014.925880001,0.4605,394
201,4.0,419991.30348,5853015.372900001,0.4605,394
201,4.5,419991.1119,5853015.819920001,0.4605,394
201,5.0,419990.92032000003,5853016.2669400005,0.4039,394
201,5.5,419990.72874,5853016.713960001,0.4039,394
201,6.0,419990.53716,5853017.224840001,0.4605,394
201,6.5,419990.34558,5853017.671860001,0.4605,394
201,7.0,419990.21786000003,5853018.118880001,0.5109,394
201,7.5,419990.02628,5853018.629760001,0.5109,394
201,8.0,419989.8347,5853019.076780001,0.5109,394
201,8.5,419989.64312,5853019.523800001,0.4605,394
201,9.0,419989.51540000003,5853020.0346800005,0.5266,394
201,9.5,419989.32382,5853020.481700001,0.5266,394
201,10.0,419989.13224,5853020.928720001,0.5109,394
201,10.5,419989.00452,5853021.439600001,0.5712,394
202,0.0,420360.03112,5853197.246180001,0.2554,782
202,0.5,420359.71182,5853197.62934,0.4039,782
202,1.0,420359.45638,5853198.076360001,0.4605,782
202,1.5,420359.20094,5853198.459520001,0.6386,782
202,2.0,420358.88164,5853198.842680001,0.5712,782
202,2.5,420358.56234,5853199.289700001,0.5419,782
202,3.0,420358.24304000003,5853199.609000001,0.5419,782
202,3.5,420357.92374,5853199.992160001,0.5419,782
202,4.0,420357.54058000003,5853200.375320001,0.5419,782
202,4.5,420357.22128,5853200.694620001,0.6386,782
202,5.0,420356.83812000003,5853201.077780001,0.6386,782
202,5.5,420356.51882,5853201.460940001,0.6878,782
202,6.0,420356.19952,5853201.844100001,0.7225,782
202,6.5,420355.88022,5853202.227260001,0.7225,782
202,7.0,420355.56092,5853202.610420001,0.7225,782
202,7.5,420355.24162,5853202.9935800005,0.6878,782
202,8.0,420354.92232,5853203.376740001,0.6386,782
202,8.5,420354.60302,5853203.759900001,0.6386,782
202,9.0,420354.28372,5853204.143060001,0.6386,782
202,9.5,420353.96442000003,5853204.526220001,0.6386,782
202,10.0,420353.64512,5853204.909380001,0.6386,782
202,10.5,420353.32582,5853205.292540001,0.6386,782
203,0.0,420005.03338,5853136.579180001,0.5109,94
203,0.5,420004.71408,5853136.962340001,0.5419,94
203,1.0,420004.33092,5853137.345500001,0.6386,94
203,1.5,420004.01162,5853137.6648,0.6386,94
203,2.0,420003.69232000003,5853138.047960001,0.6386,94
203,2.5,420003.37302,5853138.431120001,0.6386,94
203,3.0,420003.05372,5853138.8142800005,0.5712,94
203,3.5,420002.67056,5853139.197440001,0.5419,94
203,4.0,420002.35126,5853139.580600001,0.5712,94
203,4.5,420002.03196,5853139.963760001,0.5712,94
203,5.0,420001.71266,5853140.283060001,0.5419,94
203,5.5,420001.39336,5853140.666220001,0.5419,94
203,6.0,420001.07406,5853141.049380001,0.5419,94
203,6.5,420000.6909,5853141.43254,0.5419,94
203,7.0,420000.3716,5853141.815700001,0.5419,94
203,7.5,420000.0523,5853142.135000001,0.5419,94
203,8.0,419999.66914,5853142.51816,0.4605,94
203,8.5,419999.34984,5853142.837460001,0.3612,94
203,9.0,419999.03054,5853143.220620001,0.4605,94
203,9.5,419998.71124000003,5853143.6037800005,0.5712,94
203,10.0,419998.32808,5853143.986940001,0.6386,94
203,10.5,419997.94492,5853144.306240001,0.6386,94
204,0.0,420059.56982000003,5853126.744740001,0.6386,5
204,0.5,420059.56982000003,5853127.255620001,0.5266,5
204,1.0,420059.56982000003,5853127.766500001,0.5109,5
204,1.5,420059.50596,5853128.213520001,0.3832,5
204,2.0,420059.50596,5853128.724400001,0.3832,5
204,2.5,420059.50596,5853129.235280001,0.3832,5
204,3.0,420059.4421,5853129.746160001,0.2554,5
204,3.5,420059.4421,5853130.2570400005,0.3832,5
204,4.0,420059.4421,5853130.70406,0.3832,5
204,4.5,420059.37824,5853131.214940001,0.2554,5
204,5.0,420059.37824,5853131.725820001,0.2554,5
204,5.5,420059.37824,5853132.236700001,0.3832,5
204,6.0,420059.37824,5853132.747580001,0.3832,5
204,6.5,420059.31438,5853133.258460001,0.2554,5
204,7.0,420059.31438,5853133.705480001,0.2554,5
204,7.5,420059.31438,5853134.216360001,0.3832,5
204,8.0,420059.25052,5853134.727240001,0.2554,5
204,8.5,420059.25052,5853135.238120001,0.2554,5
204,9.0,420059.18666,5853135.749000001,0.2554,5
204,9.5,420059.1228,5853136.196020001,0.2554,5
204,10.0,420059.05894,5853136.706900001,0.2554,5
205,0.0,419989.13224,5853011.349720001,0.2856,393
205,0.5,419988.68522,5853011.605160001,0.2856,393
205,1.0,419988.30206,5853011.860600001,0.2856,393
205,1.5,419987.85504,5853012.116040001,0.3612,393
205,2.0,419987.40802000003,5853012.371480001,0.2856,393
205,2.5,419986.961,5853012.626920001,0.2856,393
205,3.0,419986.57784,5853012.882360001,0.3612,393
205,3.5,419986.13082,5853013.137800001,0.3612,393
205,4.0,419985.6838,5853013.393240001,0.3612,393
205,4.5,419985.23678,5853013.58482,0.3612,393
205,5.0,419984.78976,5853013.840260001,0.3612,393
205,5.5,419984.4066,5853014.0957,0.4039,393
205,6.0,419983.95958,5853014.351140001,0.4039,393
205,6.5,419983.51256,5853014.60658,0.4039,393
205,7.0,419983.06554,5853014.862020001,0.3612,393
205,7.5,419982.68238,5853015.117460001,0.4039,393
205,8.0,419982.23536,5853015.372900001,0.4039,393
205,8.5,419981.78834,5853015.628340001,0.3612,393
205,9.0,419981.40518,5853015.947640001,0.4039,393
205,9.5,419980.95816,5853016.203080001,0.4605,393
205,10.0,419980.575,5853016.458520001,0.4605,393
206,0.0,420032.68476000003,5853017.2887,0.2856,376
206,0.5,420032.42932,5853017.671860001,0.2856,376
206,1.0,420032.11002,5853018.055020001,0.2856,376
206,1.5,420031.72686,5853018.4381800005,0.2856,376
206,2.0,420031.3437,5853018.821340001,0.3612,376
206,2.5,420031.0244,5853019.140640001,0.3612,376
206,3.0,420030.64124,5853019.523800001,0.4605,376
206,3.5,420030.32194,5853019.843100001,0.4039,376
206,4.0,420030.00264,5853020.226260001,0.3612,376
206,4.5,420029.68334,5853020.609420001,0.3612,376
206,5.0,420029.36404,5853020.992580001,0.3612,376
206,5.5,420028.98088,5853021.375740001,0.3612,376
206,6.0,420028.66158,5853021.758900001,0.3612,376
206,6.5,420028.34228,5853022.14206,0.3612,376
206,7.0,420028.02298,5853022.525220001,0.3612,376
206,7.5,420027.70368000004,5853022.844520001,0.3612,376
206,8.0,420027.38438,5853023.2276800005,0.3612,376
206,8.5,420027.00122000003,5853023.610840001,0.3612,376
206,9.0,420026.68192,5853023.994000001,0.3612,376
206,9.5,420026.36262,5853024.3133000005,0.4605,376
206,10.0,420025.97946,5853024.696460001,0.4605,376
207,0.0,419956.81908,5853056.690320001,0.2554,173
207,0.5,419956.37206,5853056.8819,0.2856,173
207,1.0,419955.92504,5853057.073480001,0.2856,173
207,1.5,419955.41416,5853057.265060001,0.3612,173
207,2.0,419954.96714,5853057.45664,0.2856,173
207,2.5,419954.52012,5853057.648220001,0.2856,173
207,3.0,419954.0731,5853057.903660001,0.2856,173
207,3.5,419953.62608,5853058.095240001,0.2856,173
207,4.0,419953.1152,5853058.222960001,0.3612,173
207,4.5,419952.66818,5853058.414540001,0.2554,173
207,5.0,419952.1573,5853058.5422600005,0.2554,173
207,5.5,419951.71028,5853058.669980001,0.2554,173
207,6.0,419951.1994,5853058.797700001,0.2856,173
207,6.5,419950.75238,5853058.925420001,0.2856,173
207,7.0,419950.2415,5853059.05314,0.3832,173
207,7.5,419949.79448,5853059.244720001,0.2554,173
207,8.0,419949.2836,5853059.308580001,0.3832,173
207,8.5,419948.77272,5853059.436300001,0.3832,173
207,9.0,419948.3257,5853059.56402,0.2856,173
207,9.5,419947.81482,5853059.6278800005,0.2856,173
207,10.0,419947.3678,5853059.819460001,0.1277,173
208,0.0,420144.75906,5852921.881860001,0.7447,284
208,0.5,420144.56748,5852922.328880001,0.7447,284
208,1.0,420144.31204,5852922.775900001,0.6878,284
208,1.5,420144.0566,5852923.15906,0.6386,284
208,2.0,420143.80116000003,5852923.606080001,0.6386,284
208,2.5,420143.54572,5852924.053100001,0.6386,284
208,3.0,420143.29028,5852924.500120001,0.5712,284
208,3.5,420143.09870000003,5852924.947140001,0.5712,284
208,4.0,420142.84326,5852925.394160001,0.6386,284
208,4.5,420142.58782,5852925.84118,0.6386,284
208,5.0,420142.33238,5852926.224340001,0.5266,284
208,5.5,420142.1408,5852926.671360001,0.6386,284
208,6.0,420141.88536,5852927.118380001,0.5712,284
208,6.5,420141.69378000003,5852927.565400001,0.6386,284
208,7.0,420141.43834,5852928.0124200005,0.6386,284
208,7.5,420141.24676,5852928.459440001,0.6386,284
208,8.0,420140.99132000003,5852928.906460001,0.6386,284
208,8.5,420140.79974,5852929.353480001,0.6386,284
208,9.0,420140.5443,5852929.800500001,0.6878,284
208,9.5,420140.28886000003,5852930.247520001,0.6386,284
208,10.0,420140.09728,5852930.6945400005,0.6878,284
209,0.0,420079.94116,5853082.681340001,0.2856,63
209,0.5,420079.49414,5853082.872920001,0.2856,63
209,1.0,420079.04712,5853083.064500001,0.3612,63
209,1.5,420078.6001,5853083.319940001,0.2856,63
209,2.0,420078.15308,5853083.511520001,0.2856,63
209,2.5,420077.70606,5853083.766960001,0.3612,63
209,3.0,420077.25904000003,5853084.022400001,0.2856,63
209,3.5,420076.81202,5853084.277840001,0.2856,63
209,4.0,420076.42886,5853084.533280001,0.2856,63
209,4.5,420076.0457,5853084.852580001,0.2856,63
209,5.0,420075.59868,5853085.108020001,0.3832,63
209,5.5,420075.15166000003,5853085.2996000005,0.3612,63
209,6.0,420074.70464,5853085.555040001,0.3612,63
209,6.5,420074.32148,5853085.874340001,0.2856,63
209,7.0,420073.87446,5853086.129780001,0.2856,63
209,7.5,420073.4913,5853086.3852200005,0.2856,63
209,8.0,420073.04428000003,5853086.704520001,0.1806,63
209,8.5,420072.59726,5853086.8961000005,0.2554,63
209,9.0,420072.2141,5853087.215400001,0.1806,63
209,9.5,420071.76708,5853087.40698,0.3612,63
209,10.0,420071.32006,5853087.662420001,0.3612,63
210,0.0,420017.74152,5853106.373400001,0.4039,79
210,0.5,420017.35836,5853106.6927000005,0.4039,79
210,1.0,420016.9752,5853107.012000001,0.4039,79
210,1.5,420016.52818,5853107.267440001,0.4039,79
210,2.0,420016.14502,5853107.522880001,0.4039,79
210,2.5,420015.69800000003,5853107.842180001,0.4605,79
210,3.0,420015.25098,5853108.097620001,0.5419,79
210,3.5,420014.86782,5853108.353060001,0.4605,79
210,4.0,420014.48466,5853108.672360001,0.5266,79
210,4.5,420014.1015,5853108.991660001,0.4605,79
210,5.0,420013.65448,5853109.247100001,0.4605,79
210,5.5,420013.27132,5853109.566400001,0.5266,79
210,6.0,420012.88816000003,5853109.8857,0.4605,79
210,6.5,420012.44114,5853110.141140001,0.4605,79
210,7.0,420012.05798,5853110.4604400005,0.5266,79
210,7.5,420011.67482,5853110.779740001,0.5419,79
210,8.0,420011.35552,5853111.099040001,0.6386,79
210,8.5,420010.97236,5853111.418340001,0.5419,79
210,9.0,420010.5892,5853111.801500001,0.6386,79
210,9.5,420010.20604,5853112.184660001,0.6386,79
210,10.0,420009.88674,5853112.503960001,0.6386,79
211,0.0,419854.7708,5853107.267440001,0.1806,129
211,0.5,419854.51536,5853107.71446,0.4605,129
211,1.0,419854.19606,5853108.033760001,0.4605,129
211,1.5,419853.8129,5853108.416920001,0.4605,129
211,2.0,419853.4936,5853108.736220001,0.4605,129
211,2.5,419853.11044,5853109.119380001,0.4039,129
211,3.0,419852.72728,5853109.438680001,0.3612,129
211,3.5,419852.34412,5853109.821840001,0.3612,129
211,4.0,419852.02482,5853110.141140001,0.3612,129
211,4.5,419851.64166,5853110.4604400005,0.3612,129
211,5.0,419851.2585,5853110.843600001,0.4605,129
211,5.5,419850.87534,5853111.162900001,0.3612,129
211,6.0,419850.55604,5853111.4822,0.4605,129
211,6.5,419850.17288,5853111.801500001,0.4605,129
211,7.0,419849.78972,5853112.184660001,0.4605,129
211,7.5,419849.40656000003,5853112.503960001,0.4605,129
211,8.0,419849.08726,5853112.823260001,0.4605,129
211,8.5,419848.70410000003,5853113.1425600005,0.5419,129
211,9.0,419848.32094,5853113.461860001,0.4605,129
211,9.5,419847.87392,5853113.781160001,0.4605,129
211,10.0,419847.49076,5853114.036600001,0.5266,129
212,0.0,420353.00652,5853289.460020001,0.5266,738
212,0.5,420353.45354,5853289.6516,0.5109,738
212,1.0,420353.96442000003,5853289.843180001,0.5109,738
212,1.5,420354.41144,5853289.970900001,0.5109,738
212,2.0,420354.85846,5853290.16248,0.4605,738
212,2.5,420355.36934000003,5853290.354060001,0.4605,738
212,3.0,420355.81636,5853290.417920001,0.5712,738
212,3.5,420356.32724,5853290.545640001,0.5266,738
212,4.0,420356.77426000003,5853290.7372200005,0.5266,738
212,4.5,420357.22128,5853290.928800001,0.4605,738
212,5.0,420357.73216,5853291.056520001,0.5266,738
212,5.5,420358.17918,5853291.2481,0.4039,738
212,6.0,420358.69006,5853291.375820001,0.5109,738
212,6.5,420359.13708,5853291.567400001,0.5266,738
212,7.0,420359.5841,5853291.75898,0.4605,738
212,7.5,420360.03112,5853291.950560001,0.4605,738
212,8.0,420360.542,5853292.078280001,0.4605,738
212,8.5,420360.98902,5853292.269860001,0.5266,738
212,9.0,420361.4999,5853292.397580001,0.5109,738
212,9.5,420361.94692,5853292.589160001,0.5712,738
212,10.0,420362.39394,5853292.780740001,0.5712,738
213,0.0,420048.26660000003,5853197.820920001,0.2856,581
213,0.5,420047.88344,5853198.076360001,0.2856,581
213,1.0,420047.50028,5853198.395660001,0.2856,581
213,1.5,420047.11712,5853198.778820001,0.4605,581
213,2.0,420046.73396,5853199.161980001,0.3612,581
213,2.5,420046.41466,5853199.481280001,0.3612,581
213,3.0,420046.09536,5853199.864440001,0.3612,581
213,3.5,420045.77606,5853200.247600001,0.3612,581
213,4.0,420045.39290000004,5853200.566900001,0.4605,581
213,4.5,420045.00974,5853200.8862000005,0.4039,581
213,5.0,420044.62658,5853201.205500001,0.4039,581
213,5.5,420044.24342,5853201.524800001,0.3612,581
213,6.0,420043.86026,5853201.844100001,0.4605,581
213,6.5,420043.4771,5853202.227260001,0.4605,581
213,7.0,420043.1578,5853202.546560001,0.3612,581
213,7.5,420042.77464,5853202.865860001,0.4605,581
213,8.0,420042.39148,5853203.249020001,0.4605,581
213,8.5,420042.00832,5853203.568320001,0.5266,581
213,9.0,420041.68902,5853203.951480001,0.4605,581
213,9.5,420041.36972,5853204.270780001,0.4605,581
213,10.0,420040.98656,5853204.653940001,0.4605,581
214,0.0,420104.08024,5852952.853960001,0.4039,292
214,0.5,420103.8248,5852953.300980001,0.3612,292
214,1.0,420103.56936,5852953.748000001,0.3612,292
214,1.5,420103.31392,5852954.131160001,0.4039,292
214,2.0,420103.05848,5852954.578180001,0.3612,292
214,2.5,420102.73918000003,5852954.961340001,0.4605,292
214,3.0,420102.48374,5852955.408360001,0.5266,292
214,3.5,420102.2283,5852955.79152,0.5419,292
214,4.0,420101.97286,5852956.238540001,0.4605,292
214,4.5,420101.78128,5852956.685560001,0.4605,292
214,5.0,420101.52584,5852957.132580001,0.3612,292
214,5.5,420101.33426000003,5852957.579600001,0.3832,292
214,6.0,420101.14268,5852958.090480001,0.4039,292
214,6.5,420100.9511,5852958.537500001,0.4039,292
214,7.0,420100.75952,5852958.98452,0.4039,292
214,7.5,420100.56794,5852959.431540001,0.3832,292
214,8.0,420100.3125,5852959.878560001,0.4039,292
214,8.5,420100.12092,5852960.325580001,0.4605,292
214,9.0,420099.92934000003,5852960.772600001,0.4039,292
214,9.5,420099.6739,5852961.283480001,0.4605,292
214,10.0,420099.48232,5852961.7305000005,0.4605,292
215,0.0,420375.03822,5853347.700340001,0.1277,719
215,0.5,420374.9105,5853348.211220001,0.3832,719
215,1.0,420374.84664,5853348.658240001,0.3832,719
215,1.5,420374.84664,5853349.169120001,0.3832,719
215,2.0,420374.78278,5853349.680000001,0.3832,719
215,2.5,420374.84664,5853350.190880001,0.2554,719
215,3.0,420374.97436,5853350.6379,0.4039,719
215,3.5,420374.97436,5853351.14878,0.5109,719
215,4.0,420374.97436,5853351.659660001,0.4605,719
215,4.5,420374.9105,5853352.170540001,0.5109,719
215,5.0,420374.9105,5853352.617560001,0.5109,719
215,5.5,420374.9105,5853353.128440001,0.5109,719
215,6.0,420374.9105,5853353.639320001,0.5109,719
215,6.5,420374.97436,5853354.150200001,0.5109,719
215,7.0,420374.97436,5853354.661080001,0.3832,719
215,7.5,420375.03822,5853355.108100001,0.2856,719
215,8.0,420375.10208,5853355.618980001,0.3832,719
215,8.5,420375.10208,5853356.129860001,0.2554,719
215,9.0,420375.16594,5853356.640740001,0.3832,719
215,9.5,420375.10208,5853357.151620001,0.2856,719
215,10.0,420375.10208,5853357.59864,0.3832,719
216,0.0,420112.95678,5853018.246600001,0.2554,252
216,0.5,420112.82906,5853018.757480001,0.2554,252
216,1.0,420112.70134,5853019.204500001,0.2554,252
216,1.5,420112.57362,5853019.715380001,0.2554,252
216,2.0,420112.4459,5853020.162400001,0.2554,252
216,2.5,420112.38204,5853020.673280001,0.2554,252
216,3.0,420112.25432,5853021.184160001,0.2554,252
216,3.5,420112.19046,5853021.6311800005,0.2554,252
216,4.0,420111.99888,5853022.14206,0.2856,252
216,4.5,420111.87116,5853022.589080001,0.2856,252
216,5.0,420111.67958,5853023.099960001,0.2856,252
216,5.5,420111.55186,5853023.546980001,0.3612,252
216,6.0,420111.36028,5853023.994000001,0.2554,252
216,6.5,420111.23256000003,5853024.504880001,0.3612,252
216,7.0,420111.10484,5853024.951900001,0.3612,252
216,7.5,420110.97712,5853025.462780001,0.2856,252
216,8.0,420110.8494,5853025.9098000005,0.2856,252
216,8.5,420110.72168,5853026.42068,0.3612,252
216,9.0,420110.65782,5853026.93156,0.2856,252
216,9.5,420110.53010000003,5853027.378580001,0.2554,252
216,10.0,420110.33852,5853027.889460001,0.1277,252
217,0.0,420082.30398,5853118.187500001,0.2554,1017
217,0.5,420082.1124,5853118.634520001,0.2554,1017
217,1.0,420081.92082,5853119.145400001,0.2554,1017
217,1.5,420081.72924,5853119.592420001,0.2554,1017
217,2.0,420081.4738,5853119.975580001,0.2554,1017
217,2.5,420081.21836,5853120.422600001,0.1806,1017
217,3.0,420081.02678,5853120.933480001,0.2856,1017
217,3.5,420080.83520000003,5853121.380500001,0.2856,1017
217,4.0,420080.64362,5853121.827520001,0.2554,1017
217,4.5,420080.45204,5853122.274540001,0.2554,1017
217,5.0,420080.32432,5853122.785420001,0.2554,1017
217,5.5,420080.13274000003,5853123.23244,0.2554,1017
217,6.0,420079.94116,5853123.679460001,0.2554,1017
217,6.5,420079.74958,5853124.126480001,0.2554,1017
217,7.0,420079.558,5853124.573500001,0.2856,1017
217,7.5,420079.30256,5853125.084380001,0.3612,1017
217,8.0,420079.11098,5853125.531400001,0.3612,1017
217,8.5,420078.9194,5853125.9784200005,0.2856,1017
217,9.0,420078.72782000003,5853126.42544,0.2856,1017
217,9.5,420078.53624,5853126.872460001,0.2856,1017
217,10.0,420078.34466,5853127.319480001,0.3612,1017
218,0.0,420123.04666,5853092.451920001,0.5266,543
218,0.5,420122.85508,5853092.898940001,0.4605,543
218,1.0,420122.59964000003,5853093.3459600005,0.4605,543
218,1.5,420122.3442,5853093.79298,0.4039,543
218,2.0,420122.08876,5853094.176140001,0.4039,543
218,2.5,420121.83332000003,5853094.623160001,0.3612,543
218,3.0,420121.57788,5853095.070180001,0.3612,543
218,3.5,420121.32244,5853095.517200001,0.2856,543
218,4.0,420121.067,5853095.96422,0.3612,543
218,4.5,420120.81156,5853096.347380001,0.3612,543
218,5.0,420120.55612,5853096.794400001,0.4039,543
218,5.5,420120.36454,5853097.241420001,0.2856,543
218,6.0,420120.1091,5853097.688440001,0.2856,543
218,6.5,420119.85366,5853098.0716,0.2856,543
218,7.0,420119.53436,5853098.454760001,0.2856,543
218,7.5,420119.21506,5853098.901780001,0.2856,543
218,8.0,420118.95962,5853099.284940001,0.2856,543
218,8.5,420118.70418,5853099.7319600005,0.2856,543
218,9.0,420118.38488,5853100.115120001,0.2554,543
218,9.5,420118.12944,5853100.562140001,0.2856,543
218,10.0,420117.874,5853100.945300001,0.2856,543
219,0.0,420032.9402,5853067.163360001,0.2554,356
219,0.5,420032.74862,5853067.61038,0.2554,356
219,1.0,420032.6209,5853068.12126,0.2554,356
219,1.5,420032.42932,5853068.568280001,0.2554,356
219,2.0,420032.23774,5853069.015300001,0.2856,356
219,2.5,420032.04616,5853069.462320001,0.2856,356
219,3.0,420031.85458,5853069.973200001,0.2856,356
219,3.5,420031.59914,5853070.420220001,0.1806,356
219,4.0,420031.40756,5853070.8672400005,0.2554,356
219,4.5,420031.21598,5853071.31426,0.2554,356
219,5.0,420031.0244,5853071.761280001,0.2554,356
219,5.5,420030.76896,5853072.208300001,0.2856,356
219,6.0,420030.51352,5853072.655320001,0.2554,356
219,6.5,420030.32194,5853073.102340001,0.2554,356
219,7.0,420030.19422,5853073.5493600005,0.3612,356
219,7.5,420030.00264,5853073.99638,0.3612,356
219,8.0,420029.7472,5853074.443400001,0.5109,356
219,8.5,420029.55562,5853074.954280001,0.3612,356
219,9.0,420029.49176,5853075.401300001,0.3612,356
219,9.5,420029.36404,5853075.912180001,0.3612,356
219,10.0,420029.23632,5853076.423060001,0.3612,356
220,0.0,419986.00310000003,5853061.415960001,0.3832,186
220,0.5,419985.93924,5853061.926840001,0.5109,186
220,1.0,419985.81152,5853062.373860001,0.5266,186
220,1.5,419985.6838,5853062.884740001,0.5266,186
220,2.0,419985.55608,5853063.33176,0.5266,186
220,2.5,419985.3645,5853063.84264,0.5109,186
220,3.0,419985.23678,5853064.289660001,0.4039,186
220,3.5,419985.10906,5853064.800540001,0.3612,186
220,4.0,419984.91748,5853065.247560001,0.4039,186
220,4.5,419984.78976,5853065.758440001,0.4605,186
220,5.0,419984.66204,5853066.205460001,0.4605,186
220,5.5,419984.53432000004,5853066.716340001,0.5109,186
220,6.0,419984.4066,5853067.163360001,0.5109,186
220,6.5,419984.27888,5853067.674240001,0.5109,186
220,7.0,419984.15116,5853068.12126,0.5109,186
220,7.5,419983.95958,5853068.632140001,0.4039,186
220,8.0,419983.83186000003,5853069.079160001,0.4039,186
220,8.5,419983.70414,5853069.590040001,0.4605,186
220,9.0,419983.57642,5853070.100920001,0.5109,186
220,9.5,419983.4487,5853070.547940001,0.5109,186
220,10.0,419983.32098,5853071.058820001,0.5266,186
221,0.0,420052.99224,5853133.003020001,0.2554,1003
221,0.5,420052.99224,5853133.513900001,0.2554,1003
221,1.0,420053.11996,5853133.96092,0.1806,1003
221,1.5,420053.18382000003,5853134.4718,0.1277,1003
221,2.0,420053.31154,5853134.98268,0.2554,1003
221,2.5,420053.3754,5853135.493560001,0.2554,1003
221,3.0,420053.43926,5853135.940580001,0.2554,1003
221,3.5,420053.50312,5853136.451460001,0.2554,1003
221,4.0,420053.63084,5853136.962340001,0.1277,1003
221,4.5,420053.75856,5853137.409360001,0.1806,1003
221,5.0,420053.82242,5853137.920240001,0.1277,1003
221,5.5,420054.014,5853138.367260001,0.2554,1003
221,6.0,420054.20558,5853138.8142800005,0.2856,1003
221,6.5,420054.39716,5853139.2613,0.2554,1003
221,7.0,420054.46102,5853139.772180001,0.2554,1003
221,7.5,420054.52488,5853140.283060001,0.2554,1003
221,8.0,420054.65260000003,5853140.793940001,0.3832,1003
221,8.5,420054.65260000003,5853141.304820001,0.3832,1003
221,9.0,420054.65260000003,5853141.751840001,0.3832,1003
221,9.5,420054.71646,5853142.262720001,0.4605,1003
221,10.0,420054.78032,5853142.773600001,0.3832,1003
222,0.0,420061.9965,5853019.906960001,0.2554,322
222,0.5,420061.74106000003,5853020.353980001,0.2554,322
222,1.0,420061.42176,5853020.737140001,0.2554,322
222,1.5,420061.10246,5853021.1203000005,0.3612,322
222,2.0,420060.78316,5853021.503460001,0.2856,322
222,2.5,420060.46386,5853021.886620001,0.2856,322
222,3.0,420060.20842,5853022.269780001,0.2856,322
222,3.5,420059.88912,5853022.65294,0.2856,322
222,4.0,420059.56982000003,5853023.099960001,0.2856,322
222,4.5,420059.31438,5853023.483120001,0.2856,322
222,5.0,420058.99508,5853023.930140001,0.2856,322
222,5.5,420058.73964,5853024.3133000005,0.2856,322
222,6.0,420058.42034,5853024.696460001,0.3612,322
222,6.5,420058.16490000003,5853025.143480001,0.2856,322
222,7.0,420057.8456,5853025.526640001,0.3612,322
222,7.5,420057.5263,5853025.9098000005,0.3612,322
222,8.0,420057.207,5853026.292960001,0.2856,322
222,8.5,420056.8877,5853026.676120001,0.2856,322
222,9.0,420056.5684,5853027.059280001,0.2856,322
222,9.5,420056.31296,5853027.5063000005,0.3612,322
222,10.0,420056.05752000003,5853027.953320001,0.1806,322
223,0.0,420148.65452,5852969.329840001,0.1277,261
223,0.5,420148.46294,5852969.776860001,0.3612,261
223,1.0,420148.27136,5852970.22388,0.5109,261
223,1.5,420147.8882,5852970.607040001,0.4605,261
223,2.0,420147.5689,5852970.926340001,0.5419,261
223,2.5,420147.18574,5852971.3095,0.5419,261
223,3.0,420146.86644,5852971.628800001,0.5419,261
223,3.5,420146.48328,5852972.011960001,0.5419,261
223,4.0,420146.10012,5852972.331260001,0.5419,261
223,4.5,420145.71696,5852972.714420001,0.5419,261
223,5.0,420145.39766,5852973.033720001,0.5419,261
223,5.5,420145.0145,5852973.41688,0.6386,261
223,6.0,420144.6952,5852973.736180001,0.6386,261
223,6.5,420144.31204,5852974.119340001,0.6386,261
223,7.0,420143.99274,5852974.438640001,0.6386,261
223,7.5,420143.67344,5852974.821800001,0.6386,261
223,8.0,420143.29028,5852975.204960001,0.7225,261
223,8.5,420142.97098,5852975.524260001,0.7225,261
223,9.0,420142.58782,5852975.907420001,0.7225,261
223,9.5,420142.26852,5852976.226720001,0.7225,261
223,10.0,420141.88536,5852976.609880001,0.7225,261
224,0.0,420064.16774,5853032.8705400005,0.1277,340
224,0.5,420063.72072,5853033.125980001,0.2856,340
224,1.0,420063.33756,5853033.445280001,0.2856,340
224,1.5,420062.9544,5853033.700720001,0.4039,340
224,2.0,420062.50738,5853033.9561600005,0.5266,340
224,2.5,420062.12422,5853034.275460001,0.3612,340
224,3.0,420061.74106000003,5853034.594760001,0.1806,340
224,3.5,420061.3579,5853034.914060001,0.2856,340
224,4.0,420060.97474000003,5853035.297220001,0.2856,340
224,4.5,420060.65544,5853035.616520001,0.2856,340
224,5.0,420060.33614,5853035.999680001,0.2856,340
224,5.5,420059.95298,5853036.382840001,0.2554,340
224,6.0,420059.69754,5853036.766000001,0.2856,340
224,6.5,420059.31438,5853037.1491600005,0.2856,340
224,7.0,420058.99508,5853037.532320001,0.2856,340
224,7.5,420058.67578,5853037.851620001,0.2856,340
224,8.0,420058.35648,5853038.2347800005,0.2856,340
224,8.5,420057.97332,5853038.617940001,0.2856,340
224,9.0,420057.65402,5853038.937240001,0.2856,340
224,9.5,420057.27086,5853039.320400001,0.2856,340
224,10.0,420056.95156,5853039.639700001,0.1806,340
225,0.0,419800.04278,5853116.399420001,0.4039,125
225,0.5,419799.85120000003,5853116.84644,0.4039,125
225,1.0,419799.72348,5853117.35732,0.3612,125
225,1.5,419799.5319,5853117.804340001,0.3832,125
225,2.0,419799.34032,5853118.251360001,0.4039,125
225,2.5,419799.2126,5853118.762240001,0.2856,125
225,3.0,419799.02102,5853119.209260001,0.5109,125
225,3.5,419798.95716,5853119.720140001,0.3832,125
225,4.0,419798.8933,5853120.231020001,0.4039,125
225,4.5,419798.76558,5853120.678040001,0.4039,125
225,5.0,419798.574,5853121.12506,0.4605,125
225,5.5,419798.38242,5853121.572080001,0.5109,125
225,6.0,419798.19084,5853122.082960001,0.5266,125
225,6.5,419797.99926,5853122.529980001,0.5266,125
225,7.0,419797.80768,5853122.977000001,0.5266,125
225,7.5,419797.6161,5853123.424020001,0.5109,125
225,8.0,419797.42452,5853123.934900001,0.5109,125
225,8.5,419797.2968,5853124.381920001,0.5266,125
225,9.0,419797.10522,5853124.82894,0.5266,125
225,9.5,419796.91364,5853125.339820001,0.5109,125
225,10.0,419796.78592,5853125.786840001,0.5109,125
226,0.0,420079.2387,5853140.155340001,0.2554,1013
226,0.5,420079.04712,5853140.602360001,0.1806,1013
226,1.0,420078.9194,5853141.113240001,0.1277,1013
226,1.5,420078.72782000003,5853141.560260001,0.1806,1013
226,2.0,420078.53624,5853142.0072800005,0.2554,1013
226,2.5,420078.34466,5853142.51816,0.1806,1013
226,3.0,420078.21694,5853142.965180001,0.2554,1013
226,3.5,420078.08922,5853143.476060001,0.2554,1013
226,4.0,420077.96150000003,5853143.923080001,0.2554,1013
226,4.5,420077.83378,5853144.433960001,0.2554,1013
226,5.0,420077.76992,5853144.880980001,0.2554,1013
226,5.5,420077.6422,5853145.391860001,0.2554,1013
226,6.0,420077.45062,5853145.838880001,0.4605,1013
226,6.5,420077.25904000003,5853146.2859000005,0.4039,1013
226,7.0,420077.13132,5853146.79678,0.4039,1013
226,7.5,420076.87588,5853147.243800001,0.2856,1013
226,8.0,420076.6843,5853147.690820001,0.2856,1013
226,8.5,420076.49272,5853148.137840001,0.2856,1013
226,9.0,420076.30114,5853148.584860001,0.2554,1013
226,9.5,420076.10956,5853149.095740001,0.2856,1013
226,10.0,420075.91798,5853149.542760001,0.1277,1013
227,0.0,420002.22354,5853174.57588,0.3832,72
227,0.5,420002.09582,5853175.086760001,0.2554,72
227,1.0,420001.90424,5853175.533780001,0.2554,72
227,1.5,420001.71266,5853175.980800001,0.2554,72
227,2.0,420001.58494000003,5853176.427820001,0.2856,72
227,2.5,420001.39336,5853176.938700001,0.2554,72
227,3.0,420001.20178,5853177.385720001,0.2554,72
227,3.5,420001.0102,5853177.83274,0.3612,72
227,4.0,420000.81862000003,5853178.34362,0.3612,72
227,4.5,420000.6909,5853178.790640001,0.3612,72
227,5.0,420000.49932,5853179.301520001,0.2856,72
227,5.5,420000.3716,5853179.748540001,0.2856,72
227,6.0,420000.24388,5853180.195560001,0.3612,72
227,6.5,420000.11616000003,5853180.706440001,0.3612,72
227,7.0,419999.92458,5853181.153460001,0.3832,72
227,7.5,419999.733,5853181.664340001,0.3832,72
227,8.0,419999.54142,5853182.11136,0.3612,72
227,8.5,419999.34984,5853182.558380001,0.2856,72
227,9.0,419999.22212,5853183.069260001,0.3832,72
227,9.5,419999.03054,5853183.516280001,0.3612,72
228,0.0,420194.12284,5853183.835580001,0.1277,440
228,0.5,420194.1867,5853184.346460001,0.2554,440
228,1.0,420194.1867,5853184.857340001,0.3832,440
228,1.5,420194.1867,5853185.30436,0.5109,440
228,2.0,420194.12284,5853185.81524,0.3832,440
228,2.5,420194.05898000003,5853186.326120001,0.3832,440
228,3.0,420193.99512,5853186.837000001,0.3832,440
228,3.5,420193.99512,5853187.347880001,0.3832,440
228,4.0,420193.99512,5853187.794900001,0.3832,440
228,4.5,420193.93126,5853188.305780001,0.3832,440
228,5.0,420193.93126,5853188.816660001,0.3832,440
228,5.5,420193.8674,5853189.327540001,0.3832,440
228,6.0,420193.80354,5853189.774560001,0.3832,440
228,6.5,420193.73968,5853190.285440001,0.4039,440
228,7.0,420193.61196,5853190.796320001,0.3612,440
228,7.5,420193.5481,5853191.307200001,0.3832,440
228,8.0,420193.48424,5853191.7542200005,0.4605,440
228,8.5,420193.35652000003,5853192.2651,0.3832,440
228,9.0,420193.2288,5853192.712120001,0.3612,440
228,9.5,420193.16494,5853193.223000001,0.3832,440
229,0.0,420099.80162,5853097.56072,0.2554,22
229,0.5,420099.61004,5853098.007740001,0.2856,22
229,1.0,420099.48232,5853098.518620001,0.2856,22
229,1.5,420099.29074,5853098.965640001,0.2554,22
229,2.0,420099.22688000003,5853099.476520001,0.2554,22
229,2.5,420099.0353,5853099.923540001,0.2554,22
229,3.0,420098.84372,5853100.370560001,0.1806,22
229,3.5,420098.716,5853100.881440001,0.2554,22
229,4.0,420098.58828,5853101.32846,0.2554,22
229,4.5,420098.3967,5853101.83934,0.2554,22
229,5.0,420098.26898,5853102.286360001,0.2856,22
229,5.5,420098.0774,5853102.733380001,0.2856,22
229,6.0,420097.82196000003,5853103.180400001,0.2554,22
229,6.5,420097.69424,5853103.691280001,0.2856,22
229,7.0,420097.56652,5853104.138300001,0.2856,22
229,7.5,420097.37494,5853104.649180001,0.2554,22
229,8.0,420097.24722,5853105.0962000005,0.2554,22
229,8.5,420097.11950000003,5853105.60708,0.2856,22
229,9.0,420096.99178,5853106.054100001,0.2554,22
229,9.5,420096.92792,5853106.564980001,0.1806,22
230,0.0,420018.38012,5853091.430160001,0.2554,590
230,0.5,420018.12468,5853091.877180001,0.1806,590
230,1.0,420017.86924,5853092.2603400005,0.2554,590
230,1.5,420017.6138,5853092.707360001,0.2554,590
230,2.0,420017.35836,5853093.154380001,0.2554,590
230,2.5,420017.16678,5853093.601400001,0.2856,590
230,3.0,420016.91134,5853094.048420001,0.3612,590
230,3.5,420016.71976,5853094.495440001,0.2856,590
230,4.0,420016.46432,5853094.9424600005,0.3612,590
230,4.5,420016.20888,5853095.38948,0.3612,590
230,5.0,420015.95344,5853095.772640001,0.2856,590
230,5.5,420015.76186,5853096.283520001,0.3612,590
230,6.0,420015.50642,5853096.666680001,0.3612,590
230,6.5,420015.25098,5853097.113700001,0.2856,590
230,7.0,420015.0594,5853097.56072,0.3612,590
230,7.5,420014.80396,5853098.007740001,0.3612,590
230,8.0,420014.61238,5853098.454760001,0.3612,590
230,8.5,420014.35694,5853098.901780001,0.4039,590
230,9.0,420014.1015,5853099.348800001,0.3612,590
230,9.5,420013.90992,5853099.795820001,0.4039,590
231,0.0,420080.06888000004,5853083.12836,0.2554,62
231,0.5,420079.68572,5853083.447660001,0.2856,62
231,1.0,420079.2387,5853083.7031000005,0.2554,62
231,1.5,420078.85554,5853083.958540001,0.2856,62
231,2.0,420078.47238,5853084.341700001,0.2856,62
231,2.5,420078.08922,5853084.661000001,0.2856,62
231,3.0,420077.70606,5853084.980300001,0.2856,62
231,3.5,420077.3229,5853085.23574,0.2554,62
231,4.0,420076.87588,5853085.555040001,0.2856,62
231,4.5,420076.49272,5853085.81048,0.2856,62
231,5.0,420076.0457,5853086.065920001,0.2554,62
231,5.5,420075.66254,5853086.32136,0.2554,62
231,6.0,420075.21552,5853086.640660001,0.2856,62
231,6.5,420074.7685,5853086.8961000005,0.2856,62
231,7.0,420074.38534,5853087.151540001,0.2856,62
231,7.5,420073.93832,5853087.470840001,0.2554,62
231,8.0,420073.55516,5853087.726280001,0.2856,62
231,8.5,420073.10814,5853087.9817200005,0.1806,62
231,9.0,420072.72498,5853088.301020001,0.2554,62
231,9.5,420072.34182000003,5853088.620320001,0.1806,62
232,0.0,420112.70134,5853133.322320001,0.2554,532
232,0.5,420112.57362,5853133.833200001,0.2554,532
232,1.0,420112.38204,5853134.280220001,0.3832,532
232,1.5,420112.25432,5853134.727240001,0.3612,532
232,2.0,420112.06274,5853135.238120001,0.3612,532
232,2.5,420111.93502000003,5853135.685140001,0.3832,532
232,3.0,420111.74344,5853136.196020001,0.3612,532
232,3.5,420111.61572,5853136.64304,0.3612,532
232,4.0,420111.488,5853137.15392,0.4039,532
232,4.5,420111.36028,5853137.600940001,0.4039,532
232,5.0,420111.23256000003,5853138.111820001,0.3832,532
232,5.5,420111.10484,5853138.558840001,0.3612,532
232,6.0,420110.91326,5853139.005860001,0.4605,532
232,6.5,420110.78554,5853139.516740001,0.3832,532
232,7.0,420110.65782,5853140.027620001,0.3832,532
232,7.5,420110.53010000003,5853140.474640001,0.2856,532
232,8.0,420110.33852,5853140.92166,0.3612,532
232,8.5,420110.14694,5853141.43254,0.3832,532
232,9.0,420110.01922,5853141.879560001,0.3612,532
232,9.5,420109.82764000003,5853142.326580001,0.3612,532
233,0.0,420320.88494,5853323.561260001,0.2554,707
233,0.5,420320.82108,5853324.072140001,0.3832,707
233,1.0,420320.88494,5853324.583020001,0.3832,707
233,1.5,420320.88494,5853325.030040001,0.2554,707
233,2.0,420320.9488,5853325.5409200005,0.2554,707
233,2.5,420321.01266,5853326.0518000005,0.3832,707
233,3.0,420321.07652,5853326.56268,0.3832,707
233,3.5,420321.14038,5853327.009700001,0.2856,707
233,4.0,420321.2681,5853327.520580001,0.3832,707
233,4.5,420321.33196,5853328.031460001,0.3832,707
233,5.0,420321.39582000003,5853328.542340001,0.3832,707
233,5.5,420321.45968,5853328.989360001,0.3832,707
233,6.0,420321.52354,5853329.500240001,0.3832,707
233,6.5,420321.5874,5853330.011120001,0.3832,707
233,7.0,420321.65126,5853330.522000001,0.3832,707
233,7.5,420321.71512,5853330.969020001,0.3832,707
233,8.0,420321.77898,5853331.479900001,0.3832,707
233,8.5,420321.84284,5853331.990780001,0.3832,707
233,9.0,420321.9067,5853332.5016600005,0.3832,707
233,9.5,420321.97056,5853332.94868,0.4039,707
234,0.0,419988.74908,5853170.169540001,0.1806,71
234,0.5,419988.36592,5853170.488840001,0.1806,71
234,1.0,419987.98276,5853170.808140001,0.1806,71
234,1.5,419987.66346,5853171.191300001,0.2554,71
234,2.0,419987.2803,5853171.510600001,0.2856,71
234,2.5,419986.89714,5853171.829900001,0.1806,71
234,3.0,419986.51398,5853172.149200001,0.1806,71
234,3.5,419986.13082,5853172.4685,0.1806,71
234,4.0,419985.6838,5853172.723940001,0.1806,71
234,4.5,419985.23678,5853172.97938,0.1277,71
234,5.0,419984.85362,5853173.234820001,0.1806,71
234,5.5,419984.47046,5853173.55412,0.1806,71
234,6.0,419984.0873,5853173.873420001,0.2554,71
234,6.5,419983.70414,5853174.192720001,0.1806,71
234,7.0,419983.32098,5853174.57588,0.2856,71
234,7.5,419983.00168,5853174.895180001,0.1806,71
234,8.0,419982.61852,5853175.278340001,0.1806,71
234,8.5,419982.29922,5853175.597640001,0.1806,71
234,9.0,419981.91606,5853175.916940001,0.1806,71
234,9.5,419981.5329,5853176.300100001,0.1806,71
235,0.0,420139.58640000003,5852966.839300001,0.5109,263
235,0.5,420139.39482,5852967.286320001,0.5266,263
235,1.0,420139.2671,5852967.797200001,0.5266,263
235,1.5,420139.13938,5852968.244220001,0.5109,263
235,2.0,420138.9478,5852968.755100001,0.5712,263
235,2.5,420138.75622,5852969.2021200005,0.4605,263
235,3.0,420138.6285,5852969.713,0.5109,263
235,3.5,420138.50078,5852970.160020001,0.5109,263
235,4.0,420138.37306,5852970.670900001,0.5266,263
235,4.5,420138.24534,5852971.117920001,0.5266,263
235,5.0,420138.11762000003,5852971.628800001,0.5109,263
235,5.5,420137.9899,5852972.075820001,0.5109,263
235,6.0,420137.79832,5852972.586700001,0.5109,263
235,6.5,420137.6706,5852973.033720001,0.5109,263
235,7.0,420137.54288,5852973.544600001,0.5266,263
235,7.5,420137.41516000003,5852973.99162,0.5266,263
235,8.0,420137.28744,5852974.5025,0.5109,263
235,8.5,420137.15972,5852974.949520001,0.5109,263
235,9.0,420136.96814,5852975.460400001,0.5266,263
235,9.5,420136.84042,5852975.907420001,0.5266,263
236,0.0,420086.13558,5853159.504920001,0.2554,90
236,0.5,420085.68856,5853159.696500001,0.3612,90
236,1.0,420085.24154,5853159.888080001,0.3612,90
236,1.5,420084.73066,5853160.079660001,0.2856,90
236,2.0,420084.34750000003,5853160.335100001,0.2856,90
236,2.5,420083.83662,5853160.526680001,0.3612,90
236,3.0,420083.3896,5853160.71826,0.2856,90
236,3.5,420082.94258000003,5853160.973700001,0.2856,90
236,4.0,420082.49556,5853161.165280001,0.3612,90
236,4.5,420082.04854,5853161.356860001,0.3612,90
236,5.0,420081.60152,5853161.548440001,0.3612,90
236,5.5,420081.1545,5853161.8038800005,0.3612,90
236,6.0,420080.70748,5853161.995460001,0.3612,90
236,6.5,420080.26046,5853162.250900001,0.2554,90
236,7.0,420079.74958,5853162.442480001,0.2856,90
236,7.5,420079.30256,5853162.634060001,0.2856,90
236,8.0,420078.85554,5853162.761780001,0.4039,90
236,8.5,420078.40852,5853162.953360001,0.3832,90
236,9.0,420077.89764,5853163.144940001,0.3612,90
236,9.5,420077.45062,5853163.336520001,0.2856,90
237,0.0,420067.04144,5853092.2603400005,0.6878,64
237,0.5,420066.84986,5853092.707360001,0.6386,64
237,1.0,420066.59442,5853093.154380001,0.6878,64
237,1.5,420066.33898,5853093.601400001,0.6386,64
237,2.0,420066.1474,5853094.048420001,0.7225,64
237,2.5,420065.89196,5853094.495440001,0.6878,64
237,3.0,420065.76424,5853094.9424600005,0.5109,64
237,3.5,420065.63652,5853095.4533400005,0.4605,64
237,4.0,420065.44494,5853095.900360001,0.4605,64
237,4.5,420065.25336000003,5853096.347380001,0.4605,64
237,5.0,420064.99792,5853096.794400001,0.4039,64
237,5.5,420064.80634,5853097.305280001,0.4605,64
237,6.0,420064.61476,5853097.752300001,0.4605,64
237,6.5,420064.42318,5853098.199320001,0.4605,64
237,7.0,420064.2316,5853098.64634,0.4605,64
237,7.5,420064.04002,5853099.093360001,0.4605,64
237,8.0,420063.84844000003,5853099.604240001,0.5109,64
237,8.5,420063.65686,5853100.051260001,0.5109,64
237,9.0,420063.46528,5853100.498280001,0.4605,64
237,9.5,420063.2737,5853100.945300001,0.4039,64
238,0.0,420099.41846,5853055.796280001,0.1806,242
238,0.5,420098.97144,5853056.051720001,0.3612,242
238,1.0,420098.52442000003,5853056.243300001,0.3612,242
238,1.5,420098.0774,5853056.498740001,0.2856,242
238,2.0,420097.63038,5853056.690320001,0.3612,242
238,2.5,420097.18336,5853056.818040001,0.3612,242
238,3.0,420096.67248,5853056.9457600005,0.2554,242
238,3.5,420096.1616,5853057.073480001,0.2554,242
238,4.0,420095.71458,5853057.137340001,0.3612,242
238,4.5,420095.2037,5853057.265060001,0.2856,242
238,5.0,420094.69282,5853057.392780001,0.2554,242
238,5.5,420094.24580000003,5853057.520500001,0.2554,242
238,6.0,420093.73492,5853057.648220001,0.2554,242
238,6.5,420093.2879,5853057.775940001,0.2554,242
238,7.0,420092.77702,5853057.839800001,0.2856,242
238,7.5,420092.33,5853057.96752,0.3832,242
238,8.0,420091.81912,5853058.159100001,0.2554,242
238,8.5,420091.3721,5853058.286820001,0.3612,242
238,9.0,420090.86122,5853058.4784,0.3612,242
238,9.5,420090.4142,5853058.606120001,0.3832,242
239,0.0,419913.07498000003,5853077.8279800005,0.2856,142
239,0.5,419912.8834,5853078.275,0.3612,142
239,1.0,419912.62796,5853078.722020001,0.2856,142
239,1.5,419912.43638,5853079.169040001,0.3612,142
239,2.0,419912.2448,5853079.616060001,0.2856,142
239,2.5,419911.98936,5853080.063080001,0.2856,142
239,3.0,419911.79778,5853080.510100001,0.2856,142
239,3.5,419911.54234,5853080.95712,0.2856,142
239,4.0,419911.35076,5853081.404140001,0.3612,142
239,4.5,419911.15918,5853081.915020001,0.2554,142
239,5.0,419910.96760000003,5853082.362040001,0.2856,142
239,5.5,419910.71216,5853082.809060001,0.3612,142
239,6.0,419910.52058,5853083.192220001,0.3612,142
239,6.5,419910.26514000003,5853083.63924,0.2856,142
239,7.0,419910.0097,5853084.086260001,0.2554,142
239,7.5,419909.75426,5853084.533280001,0.2856,142
239,8.0,419909.49882,5853084.980300001,0.2856,142
239,8.5,419909.30724,5853085.427320001,0.2856,142
239,9.0,419909.0518,5853085.874340001,0.4039,142
239,9.5,419908.79636,5853086.32136,0.3612,142
240,0.0,419962.88578,5853072.527600001,0.2554,177
240,0.5,419962.56648,5853072.910760001,0.5712,177
240,1.0,419962.3749,5853073.357780001,0.5712,177
240,1.5,419962.18332,5853073.804800001,0.5266,177
240,2.0,419961.99174,5853074.315680001,0.5266,177
240,2.5,419961.86402,5853074.762700001,0.4605,177
240,3.0,419961.60858,5853075.209720001,0.4605,177
240,3.5,419961.48086,5853075.720600001,0.5266,177
240,4.0,419961.28928,5853076.16762,0.5712,177
240,4.5,419961.0977,5853076.614640001,0.5712,177
240,5.0,419960.90612,5853077.061660001,0.5712,177
240,5.5,419960.65068,5853077.508680001,0.4605,177
240,6.0,419960.4591,5853077.955700001,0.5109,177
240,6.5,419960.26752,5853078.466580001,0.5266,177
240,7.0,419960.07594,5853078.913600001,0.5266,177
240,7.5,419959.82050000003,5853079.36062,0.5266,177
240,8.0,419959.62892,5853079.807640001,0.5266,177
240,8.5,419959.43734,5853080.254660001,0.4605,177
240,9.0,419959.24576,5853080.701680001,0.4605,177
240,9.5,419959.05418,5853081.212560001,0.3612,177
241,0.0,420382.76528,5853223.939660001,0.1806,770
241,0.5,420382.5737,5853224.38668,0.4605,770
241,1.0,420382.25440000003,5853224.769840001,0.4605,770
241,1.5,420381.9351,5853225.153000001,0.4605,770
241,2.0,420381.6158,5853225.536160001,0.4605,770
241,2.5,420381.2965,5853225.98318,0.4605,770
241,3.0,420380.9772,5853226.366340001,0.4605,770
241,3.5,420380.6579,5853226.749500001,0.4605,770
241,4.0,420380.3386,5853227.132660001,0.4039,770
241,4.5,420380.0193,5853227.515820001,0.4605,770
241,5.0,420379.7,5853227.898980001,0.4605,770
241,5.5,420379.3807,5853228.282140001,0.4605,770
241,6.0,420379.0614,5853228.6653,0.4605,770
241,6.5,420378.80596,5853229.048460001,0.4605,770
241,7.0,420378.48666,5853229.431620001,0.4605,770
241,7.5,420378.16736,5853229.814780001,0.4605,770
241,8.0,420377.84806,5853230.197940001,0.4605,770
241,8.5,420377.52876,5853230.581100001,0.4605,770
241,9.0,420377.20946,5853230.964260001,0.4605,770
241,9.5,420376.89016,5853231.3474200005,0.4605,770
242,0.0,420085.04996000003,5853073.740940001,0.2554,243
242,0.5,420084.6668,5853074.0602400005,0.2856,243
242,1.0,420084.28364,5853074.443400001,0.2856,243
242,1.5,420083.96434,5853074.762700001,0.1806,243
242,2.0,420083.58118,5853075.082,0.2856,243
242,2.5,420083.19802,5853075.401300001,0.2856,243
242,3.0,420082.81486,5853075.720600001,0.2856,243
242,3.5,420082.4317,5853076.039900001,0.2856,243
242,4.0,420082.04854,5853076.359200001,0.2856,243
242,4.5,420081.66538,5853076.7423600005,0.2856,243
242,5.0,420081.34608,5853077.061660001,0.3612,243
242,5.5,420080.96292,5853077.444820001,0.2856,243
242,6.0,420080.64362,5853077.8279800005,0.2856,243
242,6.5,420080.32432,5853078.147280001,0.3612,243
242,7.0,420080.00502,5853078.530440001,0.2856,243
242,7.5,420079.62186,5853078.913600001,0.2856,243
242,8.0,420079.30256,5853079.296760001,0.2856,243
242,8.5,420078.98326,5853079.616060001,0.2856,243
242,9.0,420078.6001,5853079.999220001,0.2856,243
242,9.5,420078.2808,5853080.382380001,0.2856,243
243,0.0,420365.71466,5853347.317180001,0.6878,718
243,0.5,420365.26764000003,5853347.572620001,0.5419,718
243,1.0,420364.88448,5853347.828060001,0.5419,718
243,1.5,420364.43746,5853348.083500001,0.5266,718
243,2.0,420363.99044,5853348.338940001,0.5266,718
243,2.5,420363.54342,5853348.594380001,0.5419,718
243,3.0,420363.16026000003,5853348.849820001,0.5712,718
243,3.5,420362.7771,5853349.169120001,0.5419,718
243,4.0,420362.33008,5853349.424560001,0.5266,718
243,4.5,420361.88306,5853349.680000001,0.4605,718
243,5.0,420361.43604,5853349.871580001,0.3612,718
243,5.5,420360.98902,5853350.1270200005,0.4039,718
243,6.0,420360.60586,5853350.446320001,0.4605,718
243,6.5,420360.15884,5853350.701760001,0.4039,718
243,7.0,420359.77568,5853350.957200001,0.4039,718
243,7.5,420359.32866,5853351.276500001,0.5266,718
243,8.0,420358.94550000003,5853351.531940001,0.4605,718
243,8.5,420358.49848,5853351.787380001,0.4605,718
243,9.0,420358.05146,5853352.042820001,0.5266,718
243,9.5,420357.60444,5853352.2344,0.5712,718
244,0.0,419941.81198,5853177.960460001,0.3832,562
244,0.5,419941.55654,5853178.4074800005,0.6878,562
244,1.0,419941.36496000004,5853178.8545,0.7447,562
244,1.5,419941.10952,5853179.301520001,0.9298,562
244,2.0,419940.91794,5853179.748540001,1.0297,562
244,2.5,419940.72636000003,5853180.195560001,0.9727,562
244,3.0,419940.59864,5853180.706440001,0.9727,562
244,3.5,419940.40706,5853181.153460001,1.0297,562
244,4.0,419940.21548,5853181.6004800005,0.9727,562
244,4.5,419940.08776,5853182.11136,1.0297,562
244,5.0,419939.89618,5853182.558380001,1.0297,562
244,5.5,419939.7046,5853183.005400001,0.9727,562
244,6.0,419939.57688,5853183.516280001,1.0532,562
244,6.5,419939.3853,5853183.963300001,1.0297,562
244,7.0,419939.25758000003,5853184.410320001,1.0532,562
244,7.5,419939.066,5853184.921200001,1.0532,562
244,8.0,419938.87442,5853185.3682200005,1.0297,562
244,8.5,419938.7467,5853185.8791000005,1.0532,562
244,9.0,419938.55512000003,5853186.326120001,1.0532,562
244,9.5,419938.36354,5853186.773140001,0.9727,562
245,0.0,420079.558,5853133.705480001,0.2554,1014
245,0.5,420079.36642000003,5853134.152500001,0.3612,1014
245,1.0,420079.17484,5853134.599520001,0.4039,1014
245,1.5,420078.9194,5853135.0465400005,0.4039,1014
245,2.0,420078.72782000003,5853135.493560001,0.4039,1014
245,2.5,420078.47238,5853135.940580001,0.2856,1014
245,3.0,420078.2808,5853136.451460001,0.3612,1014
245,3.5,420078.08922,5853136.898480001,0.3612,1014
245,4.0,420077.89764,5853137.345500001,0.2856,1014
245,4.5,420077.70606,5853137.792520001,0.2554,1014
245,5.0,420077.45062,5853138.23954,0.2554,1014
245,5.5,420077.25904000003,5853138.686560001,0.2856,1014
245,6.0,420077.06746,5853139.133580001,0.2554,1014
245,6.5,420076.93974,5853139.644460001,0.3612,1014
245,7.0,420076.81202,5853140.091480001,0.3612,1014
245,7.5,420076.55658000003,5853140.602360001,0.2554,1014
245,8.0,420076.42886,5853141.049380001,0.3612,1014
245,8.5,420076.23728,5853141.4964000005,0.2856,1014
245,9.0,420076.10956,5853142.0072800005,0.3832,1014
245,9.5,420075.98184,5853142.454300001,0.4039,1014
246,0.0,419958.03242,5853227.260380001,0.2554,7
246,0.5,419957.64926000003,5853227.57968,0.5419,7
246,1.0,419957.32996,5853227.962840001,0.5419,7
246,1.5,419957.01066,5853228.346000001,0.5266,7
246,2.0,419956.75522,5853228.793020001,0.5419,7
246,2.5,419956.43592,5853229.17618,0.5419,7
246,3.0,419956.18048,5853229.559340001,0.5419,7
246,3.5,419955.86118,5853229.942500001,0.5419,7
246,4.0,419955.54188000003,5853230.389520001,0.5419,7
246,4.5,419955.28644,5853230.77268,0.5419,7
246,5.0,419954.96714,5853231.155840001,0.5419,7
246,5.5,419954.64784,5853231.539000001,0.4605,7
246,6.0,419954.3924,5853231.986020001,0.5266,7
246,6.5,419954.0731,5853232.36918,0.5419,7
246,7.0,419953.7538,5853232.752340001,0.5266,7
246,7.5,419953.43450000003,5853233.135500001,0.5266,7
246,8.0,419953.1152,5853233.5186600005,0.5419,7
246,8.5,419952.85976,5853233.96568,0.6386,7
246,9.0,419952.54046,5853234.348840001,0.6386,7
246,9.5,419952.22116,5853234.732000001,0.7225,7
247,0.0,420372.80312,5853168.956200001,0.1277,784
247,0.5,420372.41996,5853169.2755,0.3612,784
247,1.0,420372.0368,5853169.658660001,0.4605,784
247,1.5,420371.7175,5853169.977960001,0.5419,784
247,2.0,420371.3982,5853170.3611200005,0.4039,784
247,2.5,420371.14276,5853170.808140001,0.3612,784
247,3.0,420370.95118000003,5853171.255160001,0.3612,784
247,3.5,420370.63188,5853171.702180001,0.4605,784
247,4.0,420370.37644,5853172.085340001,0.5266,784
247,4.5,420370.05714,5853172.4685,0.5419,784
247,5.0,420369.73784,5853172.851660001,0.5419,784
247,5.5,420369.4824,5853173.298680001,0.6386,784
247,6.0,420369.1631,5853173.681840001,0.6386,784
247,6.5,420368.84380000003,5853174.065,0.7225,784
247,7.0,420368.5245,5853174.448160001,0.6878,784
247,7.5,420368.26906,5853174.895180001,0.6878,784
247,8.0,420368.01362,5853175.278340001,0.5712,784
247,8.5,420367.75818,5853175.7253600005,0.5712,784
247,9.0,420367.50274,5853176.172380001,0.5266,784
247,9.5,420367.18344,5853176.555540001,0.4039,784
248,0.0,420365.13992,5853235.1151600005,0.2554,766
248,0.5,420365.13992,5853235.6260400005,0.3832,766
248,1.0,420365.0122,5853236.073060001,0.4605,766
248,1.5,420364.88448,5853236.583940001,0.5109,766
248,2.0,420364.6929,5853237.030960001,0.4039,766
248,2.5,420364.56518000003,5853237.541840001,0.4605,766
248,3.0,420364.3736,5853237.988860001,0.3832,766
248,3.5,420364.18202,5853238.435880001,0.4039,766
248,4.0,420364.0543,5853238.946760001,0.4039,766
248,4.5,420363.86272000003,5853239.3937800005,0.4605,766
248,5.0,420363.67114,5853239.840800001,0.4039,766
248,5.5,420363.47956,5853240.351680001,0.4039,766
248,6.0,420363.35184,5853240.798700001,0.4605,766
248,6.5,420363.22412,5853241.309580001,0.3832,766
248,7.0,420363.03254,5853241.756600001,0.4605,766
248,7.5,420362.84096,5853242.203620001,0.3832,766
248,8.0,420362.71324,5853242.714500001,0.4605,766
248,8.5,420362.52166,5853243.161520001,0.3832,766
248,9.0,420362.33008,5853243.60854,0.3612,766
248,9.5,420362.1385,5853244.055560001,0.3612,766
249,0.0,419851.64166,5853142.454300001,0.4605,116
249,0.5,419851.38622,5853142.901320001,0.4039,116
249,1.0,419851.06692,5853143.284480001,0.4605,116
249,1.5,419850.81148000003,5853143.731500001,0.5266,116
249,2.0,419850.55604,5853144.11466,0.5266,116
249,2.5,419850.3006,5853144.561680001,0.4605,116
249,3.0,419849.9813,5853144.944840001,0.5266,116
249,3.5,419849.72586,5853145.391860001,0.5712,116
249,4.0,419849.47042,5853145.7750200005,0.6386,116
249,4.5,419849.21498,5853146.22204,0.5712,116
249,5.0,419848.95954,5853146.669060001,0.5712,116
249,5.5,419848.64024,5853147.052220001,0.6386,116
249,6.0,419848.3848,5853147.499240001,0.6878,116
249,6.5,419848.12936,5853147.946260001,0.6386,116
249,7.0,419847.87392,5853148.329420001,0.6386,116
249,7.5,419847.55462,5853148.776440001,0.5712,116
249,8.0,419847.29918000003,5853149.159600001,0.5266,116
249,8.5,419847.04374,5853149.606620001,0.5266,116
249,9.0,419846.7883,5853150.0536400005,0.4605,116
249,9.5,419846.469,5853150.436800001,0.5266,116
250,0.0,420102.61146,5852997.364380001,0.2554,308
250,0.5,420102.2283,5852997.683680001,0.2856,308
250,1.0,420101.84514,5852998.002980001,0.3612,308
250,1.5,420101.46198,5852998.322280001,0.3612,308
250,2.0,420101.07882,5852998.6415800005,0.3612,308
250,2.5,420100.69566,5852998.960880001,0.3612,308
250,3.0,420100.3125,5852999.280180001,0.4605,308
250,3.5,420099.92934000003,5852999.599480001,0.4039,308
250,4.0,420099.54618,5852999.918780001,0.2554,308
250,4.5,420099.16302,5853000.2380800005,0.2856,308
250,5.0,420098.84372,5853000.621240001,0.3612,308
250,5.5,420098.52442000003,5853001.004400001,0.6386,308
250,6.0,420098.20512,5853001.387560001,0.5419,308
250,6.5,420097.94968,5853001.77072,0.4039,308
250,7.0,420097.63038,5853002.217740001,0.3612,308
250,7.5,420097.31108,5853002.600900001,0.4605,308
250,8.0,420096.99178,5853002.9202000005,0.4605,308
250,8.5,420096.60862,5853003.303360001,0.4605,308
250,9.0,420096.28932,5853003.686520001,0.4039,308
250,9.5,420095.97002,5853004.069680001,0.4605,308
251,0.0,420376.76244,5853232.113740001,0.2856,771
251,0.5,420377.20946,5853232.305320001,0.3612,771
251,1.0,420377.65648,5853232.496900001,0.3612,771
251,1.5,420378.1035,5853232.752340001,0.2554,771
251,2.0,420378.55052,5853232.94392,0.2856,771
251,2.5,420379.0614,5853233.135500001,0.3612,771
251,3.0,420379.50842,5853233.390940001,0.2856,771
251,3.5,420379.95544,5853233.582520001,0.2856,771
251,4.0,420380.40246,5853233.837960001,0.2856,771
251,4.5,420380.84948000003,5853234.0295400005,0.3612,771
251,5.0,420381.2965,5853234.284980001,0.3612,771
251,5.5,420381.74352,5853234.476560001,0.2856,771
251,6.0,420382.19054,5853234.604280001,0.2856,771
251,6.5,420382.63756,5853234.795860001,0.2856,771
251,7.0,420383.08458,5853235.0513,0.3612,771
251,7.5,420383.5316,5853235.242880001,0.3832,771
251,8.0,420384.04248,5853235.370600001,0.3612,771
251,8.5,420384.4895,5853235.498320001,0.2856,771
251,9.0,420384.93652,5853235.753760001,0.2856,771
251,9.5,420385.38354,5853236.009200001,0.4039,771
252,0.0,419995.39052,5853035.4888,0.4039,384
252,0.5,419995.2628,5853035.999680001,0.4605,384
252,1.0,419995.07122,5853036.446700001,0.4605,384
252,1.5,419994.87964,5853036.893720001,0.4039,384
252,2.0,419994.75192,5853037.340740001,0.4605,384
252,2.5,419994.56034,5853037.851620001,0.4605,384
252,3.0,419994.36876,5853038.298640001,0.3832,384
252,3.5,419994.24104,5853038.809520001,0.4605,384
252,4.0,419994.04946,5853039.25654,0.4039,384
252,4.5,419993.92174,5853039.703560001,0.4605,384
252,5.0,419993.73016,5853040.214440001,0.4605,384
252,5.5,419993.53858,5853040.661460001,0.4039,384
252,6.0,419993.41086,5853041.108480001,0.4605,384
252,6.5,419993.28314,5853041.619360001,0.4039,384
252,7.0,419993.09156000003,5853042.066380001,0.4605,384
252,7.5,419992.89998,5853042.577260001,0.4605,384
252,8.0,419992.7084,5853043.0242800005,0.4039,384
252,8.5,419992.58068,5853043.471300001,0.4605,384
252,9.0,419992.38910000003,5853043.982180001,0.4039,384
253,0.0,420116.66066,5853084.72486,0.2856,213
253,0.5,420116.40522,5853085.171880001,0.2856,213
253,1.0,420116.14978,5853085.555040001,0.3612,213
253,1.5,420115.89434,5853086.002060001,0.2856,213
253,2.0,420115.6389,5853086.449080001,0.2856,213
253,2.5,420115.3196,5853086.83224,0.3612,213
253,3.0,420115.06416,5853087.279260001,0.2856,213
253,3.5,420114.74486000004,5853087.662420001,0.2856,213
253,4.0,420114.48942,5853088.045580001,0.2856,213
253,4.5,420114.17012,5853088.4926,0.2856,213
253,5.0,420113.91468,5853088.875760001,0.2856,213
253,5.5,420113.59538,5853089.258920001,0.3612,213
253,6.0,420113.27608,5853089.642080001,0.2856,213
253,6.5,420112.95678,5853090.0891,0.3612,213
253,7.0,420112.70134,5853090.472260001,0.3612,213
253,7.5,420112.38204,5853090.855420001,0.3612,213
253,8.0,420112.1266,5853091.302440001,0.3612,213
253,8.5,420111.8073,5853091.6856,0.3612,213
253,9.0,420111.55186,5853092.132620001,0.4039,213
254,0.0,420292.65882,5853278.348380001,0.2856,728
254,0.5,420292.27566,5853278.731540001,0.2856,728
254,1.0,420291.8925,5853279.050840001,0.2856,728
254,1.5,420291.5732,5853279.370140001,0.3612,728
254,2.0,420291.19004,5853279.753300001,0.3612,728
254,2.5,420290.87074,5853280.072600001,0.3612,728
254,3.0,420290.55144,5853280.455760001,0.4605,728
254,3.5,420290.16828,5853280.838920001,0.4605,728
254,4.0,420289.78512,5853281.158220001,0.4039,728
254,4.5,420289.40196,5853281.413660001,0.2856,728
254,5.0,420288.95494,5853281.6691000005,0.3612,728
254,5.5,420288.57178,5853281.988400001,0.4605,728
254,6.0,420288.18862000003,5853282.371560001,0.4605,728
254,6.5,420287.86932,5853282.69086,0.5266,728
254,7.0,420287.48616000003,5853283.074020001,0.4605,728
254,7.5,420287.16686,5853283.393320001,0.5419,728
254,8.0,420286.7837,5853283.712620001,0.6386,728
254,8.5,420286.40054,5853284.095780001,0.6386,728
254,9.0,420286.08124,5853284.415080001,0.6386,728
255,0.0,419880.76182,5853078.147280001,0.3832,152
255,0.5,419880.82568,5853078.658160001,0.3832,152
255,1.0,419880.88954,5853079.105180001,0.3612,152
255,1.5,419881.01726,5853079.616060001,0.3832,152
255,2.0,419881.14498,5853080.126940001,0.3832,152
255,2.5,419881.20884,5853080.573960001,0.4039,152
255,3.0,419881.27270000003,5853081.084840001,0.3832,152
255,3.5,419881.40042,5853081.595720001,0.4039,152
255,4.0,419881.46428,5853082.1066000005,0.4039,152
255,4.5,419881.52814,5853082.55362,0.3832,152
255,5.0,419881.592,5853083.064500001,0.3832,152
255,5.5,419881.71972,5853083.575380001,0.4605,152
255,6.0,419881.78358,5853084.022400001,0.4039,152
255,6.5,419881.9113,5853084.533280001,0.5109,152
255,7.0,419881.97516000003,5853085.044160001,0.4039,152
255,7.5,419882.10288,5853085.491180001,0.5109,152
255,8.0,419882.16674,5853086.002060001,0.4039,152
255,8.5,419882.29446,5853086.512940001,0.5109,152
255,9.0,419882.35832,5853086.959960001,0.5109,152
256,0.0,419974.57216,5853026.484540001,0.6386,390
256,0.5,419974.57216,5853026.9954200005,0.6386,390
256,1.0,419974.57216,5853027.5063000005,0.6386,390
256,1.5,419974.57216,5853027.953320001,0.6386,390
256,2.0,419974.63602000003,5853028.464200001,0.6386,390
256,2.5,419974.63602000003,5853028.975080001,0.6386,390
256,3.0,419974.63602000003,5853029.485960001,0.6386,390
256,3.5,419974.63602000003,5853029.996840001,0.6386,390
256,4.0,419974.69988000003,5853030.443860001,0.6386,390
256,4.5,419974.69988000003,5853030.954740001,0.6386,390
256,5.0,419974.69988000003,5853031.465620001,0.6386,390
256,5.5,419974.69988000003,5853031.976500001,0.6386,390
256,6.0,419974.76374,5853032.487380001,0.6386,390
256,6.5,419974.76374,5853032.998260001,0.6386,390
256,7.0,419974.76374,5853033.445280001,0.6386,390
256,7.5,419974.76374,5853033.9561600005,0.6386,390
256,8.0,419974.8276,5853034.4670400005,0.6386,390
256,8.5,419974.8276,5853034.97792,0.6386,390
256,9.0,419974.8276,5853035.4888,0.6386,390
257,0.0,419979.23394,5853178.662920001,0.5419,71
257,0.5,419978.91464000003,5853179.046080001,0.4605,71
257,1.0,419978.53148,5853179.42924,0.3612,71
257,1.5,419978.14832,5853179.748540001,0.3612,71
257,2.0,419977.76516,5853180.067840001,0.3612,71
257,2.5,419977.382,5853180.387140001,0.4039,71
257,3.0,419976.99884,5853180.642580001,0.5266,71
257,3.5,419976.61568,5853180.961880001,0.5266,71
257,4.0,419976.23252,5853181.281180001,0.4605,71
257,4.5,419975.84936,5853181.6004800005,0.4605,71
257,5.0,419975.4662,5853181.919780001,0.4605,71
257,5.5,419975.01918,5853182.175220001,0.4605,71
257,6.0,419974.63602000003,5853182.494520001,0.4605,71
257,6.5,419974.25286,5853182.813820001,0.5266,71
257,7.0,419973.8697,5853183.1969800005,0.5419,71
257,7.5,419973.48654,5853183.452420001,0.5419,71
257,8.0,419973.10338,5853183.771720001,0.4605,71
257,8.5,419972.72022,5853184.091020001,0.4605,71
257,9.0,419972.33706,5853184.410320001,0.5266,71
258,0.0,420307.72978,5853262.702680001,0.4039,733
258,0.5,420308.24066,5853262.830400001,0.5712,733
258,1.0,420308.68768000003,5853262.958120001,0.5266,733
258,1.5,420309.1347,5853263.149700001,0.6386,733
258,2.0,420309.58172,5853263.341280001,0.5712,733
258,2.5,420310.02874,5853263.596720001,0.5419,733
258,3.0,420310.47576,5853263.852160001,0.5266,733
258,3.5,420310.92278,5853264.107600001,0.5266,733
258,4.0,420311.3698,5853264.299180001,0.5266,733
258,4.5,420311.81682,5853264.5546200005,0.5266,733
258,5.0,420312.26384,5853264.746200001,0.4605,733
258,5.5,420312.71086,5853265.00164,0.5266,733
258,6.0,420313.09402,5853265.257080001,0.6386,733
258,6.5,420313.54104,5853265.57638,0.6386,733
258,7.0,420313.9242,5853265.831820001,0.5712,733
258,7.5,420314.37122000003,5853266.08726,0.5419,733
258,8.0,420314.75438,5853266.342700001,0.5712,733
258,8.5,420315.2014,5853266.6620000005,0.5712,733
258,9.0,420315.64842,5853266.917440001,0.6386,733
259,0.0,420105.61288000003,5853024.568740001,0.3832,250
259,0.5,420105.61288000003,5853025.079620001,0.3832,250
259,1.0,420105.54902000003,5853025.590500001,0.3832,250
259,1.5,420105.48516,5853026.037520001,0.3832,250
259,2.0,420105.48516,5853026.548400001,0.3832,250
259,2.5,420105.4213,5853027.059280001,0.3832,250
259,3.0,420105.35744,5853027.570160001,0.3832,250
259,3.5,420105.35744,5853028.01718,0.3832,250
259,4.0,420105.29358,5853028.52806,0.3832,250
259,4.5,420105.22972,5853029.038940001,0.3832,250
259,5.0,420105.16586,5853029.549820001,0.3832,250
259,5.5,420105.102,5853030.060700001,0.3612,250
259,6.0,420105.03814,5853030.507720001,0.2554,250
259,6.5,420104.97428,5853031.018600001,0.3612,250
259,7.0,420104.91042000003,5853031.529480001,0.3832,250
259,7.5,420104.84656000003,5853032.040360001,0.3832,250
259,8.0,420104.91042000003,5853032.487380001,0.3832,250
259,8.5,420104.91042000003,5853032.998260001,0.3832,250
259,9.0,420104.91042000003,5853033.509140001,0.2554,250
260,0.0,419851.5778,5853149.095740001,0.4605,115
260,0.5,419851.2585,5853149.4789,0.4605,115
260,1.0,419851.00306,5853149.925920001,0.2856,115
260,1.5,419850.68376,5853150.309080001,0.4039,115
260,2.0,419850.42832,5853150.756100001,0.4039,115
260,2.5,419850.17288,5853151.203120001,0.4039,115
260,3.0,419849.91744,5853151.58628,0.3612,115
260,3.5,419849.662,5853152.033300001,0.4039,115
260,4.0,419849.40656000003,5853152.416460001,0.4039,115
260,4.5,419849.15112,5853152.863480001,0.4605,115
260,5.0,419848.89568,5853153.310500001,0.4605,115
260,5.5,419848.64024,5853153.75752,0.5266,115
260,6.0,419848.3848,5853154.140680001,0.5266,115
260,6.5,419848.12936,5853154.587700001,0.5266,115
260,7.0,419847.93778,5853155.034720001,0.5419,115
260,7.5,419847.68234,5853155.481740001,0.5712,115
260,8.0,419847.4269,5853155.9287600005,0.5419,115
260,8.5,419847.17146,5853156.375780001,0.5266,115
260,9.0,419846.97988,5853156.822800001,0.5266,115
261,0.0,420138.9478,5853085.427320001,0.2856,200
261,0.5,420138.69236,5853085.874340001,0.2856,200
261,1.0,420138.50078,5853086.32136,0.2856,200
261,1.5,420138.24534,5853086.768380001,0.3612,200
261,2.0,420138.05376,5853087.215400001,0.2856,200
261,2.5,420137.79832,5853087.662420001,0.3612,200
261,3.0,420137.60674,5853088.109440001,0.2856,200
261,3.5,420137.3513,5853088.556460001,0.3612,200
261,4.0,420137.15972,5853089.00348,0.2856,200
261,4.5,420136.96814,5853089.450500001,0.3612,200
261,5.0,420136.77656,5853089.897520001,0.3612,200
261,5.5,420136.58498,5853090.408400001,0.3612,200
261,6.0,420136.32954,5853090.791560001,0.2554,200
261,6.5,420136.13796,5853091.302440001,0.2856,200
261,7.0,420135.94638,5853091.749460001,0.2856,200
261,7.5,420135.69094,5853092.132620001,0.2856,200
261,8.0,420135.4355,5853092.579640001,0.2554,200
261,8.5,420135.24392,5853093.026660001,0.3612,200
261,9.0,420134.98848,5853093.473680001,0.3612,200
262,0.0,419902.79352,5853080.510100001,0.3832,141
262,0.5,419902.60194,5853080.95712,0.3612,141
262,1.0,419902.41036,5853081.404140001,0.4039,141
262,1.5,419902.21878,5853081.915020001,0.3612,141
262,2.0,419901.96334,5853082.298180001,0.3612,141
262,2.5,419901.77176000003,5853082.809060001,0.4039,141
262,3.0,419901.58018,5853083.256080001,0.3832,141
262,3.5,419901.3886,5853083.7031000005,0.3612,141
262,4.0,419901.19702,5853084.150120001,0.3612,141
262,4.5,419900.94158,5853084.597140001,0.4039,141
262,5.0,419900.75,5853085.044160001,0.4039,141
262,5.5,419900.49456,5853085.491180001,0.2856,141
262,6.0,419900.30298,5853086.002060001,0.3612,141
262,6.5,419900.1114,5853086.449080001,0.3612,141
262,7.0,419899.91982,5853086.8961000005,0.3612,141
262,7.5,419899.72824,5853087.343120001,0.3612,141
262,8.0,419899.53666,5853087.790140001,0.3612,141
262,8.5,419899.34508,5853088.301020001,0.3612,141
262,9.0,419899.1535,5853088.748040001,0.3612,141
263,0.0,420126.75054,5853059.883320001,0.1806,235
263,0.5,420126.4951,5853060.330340001,0.2554,235
263,1.0,420126.30352,5853060.777360001,0.2856,235
263,1.5,420126.04808,5853061.2243800005,0.2856,235
263,2.0,420125.8565,5853061.671400001,0.3612,235
263,2.5,420125.60106,5853062.118420001,0.2856,235
263,3.0,420125.34562,5853062.501580001,0.2856,235
263,3.5,420125.09018,5853062.948600001,0.2856,235
263,4.0,420124.83474,5853063.395620001,0.2856,235
263,4.5,420124.51544,5853063.778780001,0.2554,235
263,5.0,420124.26,5853064.225800001,0.2554,235
263,5.5,420124.06842,5853064.672820001,0.1806,235
263,6.0,420123.81298,5853065.119840001,0.1806,235
263,6.5,420123.49368,5853065.5030000005,0.2554,235
263,7.0,420123.23824000004,5853065.950020001,0.2856,235
263,7.5,420122.9828,5853066.333180001,0.2856,235
263,8.0,420122.6635,5853066.716340001,0.1806,235
263,8.5,420122.40806,5853067.163360001,0.1806,235
263,9.0,420122.08876,5853067.546520001,0.2554,235
264,0.0,420183.45822000003,5853207.910800001,0.3832,441
264,0.5,420183.3305,5853208.421680001,0.3832,441
264,1.0,420183.20278,5853208.8687,0.4039,441
264,1.5,420183.07506,5853209.37958,0.4039,441
264,2.0,420182.94734,5853209.826600001,0.5109,441
264,2.5,420182.81962,5853210.337480001,0.5712,441
264,3.0,420182.69190000003,5853210.784500001,0.5109,441
264,3.5,420182.56418,5853211.295380001,0.4605,441
264,4.0,420182.43646,5853211.742400001,0.4039,441
264,4.5,420182.30874,5853212.253280001,0.4039,441
264,5.0,420182.18102,5853212.764160001,0.4039,441
264,5.5,420182.0533,5853213.211180001,0.3832,441
264,6.0,420181.98944000003,5853213.7220600005,0.4605,441
264,6.5,420181.86172,5853214.16908,0.4039,441
264,7.0,420181.734,5853214.679960001,0.4039,441
264,7.5,420181.67014,5853215.190840001,0.3612,441
264,8.0,420181.47856,5853215.637860001,0.3832,441
264,8.5,420181.35084,5853216.148740001,0.4039,441
264,9.0,420181.22312,5853216.595760001,0.4039,441
265,0.0,420112.19046,5853008.603740001,0.5109,257
265,0.5,420112.19046,5853009.114620001,0.5109,257
265,1.0,420112.06274,5853009.561640001,0.4605,257
265,1.5,420111.93502000003,5853010.072520001,0.5109,257
265,2.0,420111.8073,5853010.519540001,0.4605,257
265,2.5,420111.61572,5853011.030420001,0.4039,257
265,3.0,420111.42414,5853011.4774400005,0.3832,257
265,3.5,420111.29642,5853011.924460001,0.4039,257
265,4.0,420111.10484,5853012.435340001,0.4039,257
265,4.5,420110.97712,5853012.882360001,0.4605,257
265,5.0,420110.78554,5853013.329380001,0.4039,257
265,5.5,420110.65782,5853013.840260001,0.4605,257
265,6.0,420110.46624,5853014.287280001,0.4605,257
265,6.5,420110.2108,5853014.734300001,0.3832,257
265,7.0,420110.01922,5853015.18132,0.3612,257
265,7.5,420109.82764000003,5853015.6922,0.3832,257
265,8.0,420109.69992,5853016.139220001,0.4039,257
265,8.5,420109.5722,5853016.650100001,0.4605,257
265,9.0,420109.44448,5853017.097120001,0.4605,257
266,0.0,420150.69804,5853071.441980001,0.1806,204
266,0.5,420150.50646,5853071.889,0.1277,204
266,1.0,420150.25102,5853072.336020001,0.1806,204
266,1.5,420150.05944,5853072.783040001,0.1806,204
266,2.0,420149.86786,5853073.230060001,0.1806,204
266,2.5,420149.67628,5853073.740940001,0.2554,204
266,3.0,420149.48470000003,5853074.187960001,0.3832,204
266,3.5,420149.35698,5853074.634980001,0.2856,204
266,4.0,420149.1654,5853075.1458600005,0.2856,204
266,4.5,420148.97382,5853075.592880001,0.2856,204
266,5.0,420148.71838000003,5853076.039900001,0.3612,204
266,5.5,420148.46294,5853076.423060001,0.2554,204
266,6.0,420148.2075,5853076.870080001,0.2856,204
266,6.5,420148.01592000003,5853077.317100001,0.2554,204
266,7.0,420147.76048,5853077.76412,0.2856,204
266,7.5,420147.5689,5853078.211140001,0.3612,204
266,8.0,420147.37732,5853078.658160001,0.2856,204
266,8.5,420147.18574,5853079.169040001,0.2856,204
266,9.0,420146.99416,5853079.616060001,0.2554,204
267,0.0,420161.55424,5853021.503460001,0.4605,270
267,0.5,420161.42652,5853022.014340001,0.5109,270
267,1.0,420161.36266,5853022.461360001,0.5109,270
267,1.5,420161.23494,5853022.972240001,0.6386,270
267,2.0,420161.10722,5853023.483120001,0.4605,270
267,2.5,420161.04336,5853023.930140001,0.4605,270
267,3.0,420160.91564,5853024.441020001,0.4039,270
267,3.5,420160.78792000003,5853024.888040001,0.5109,270
267,4.0,420160.6602,5853025.3989200005,0.5266,270
267,4.5,420160.53248,5853025.9098000005,0.5109,270
267,5.0,420160.46862,5853026.356820001,0.6386,270
267,5.5,420160.3409,5853026.867700001,0.5712,270
267,6.0,420160.27704,5853027.378580001,0.6512,270
267,6.5,420160.21318,5853027.825600001,0.6512,270
267,7.0,420160.0216,5853028.336480001,0.6386,270
267,7.5,420159.89388,5853028.783500001,0.5712,270
267,8.0,420159.76616,5853029.294380001,0.6512,270
267,8.5,420159.63844,5853029.741400001,0.6512,270
267,9.0,420159.51072,5853030.252280001,0.6386,270
268,0.0,419984.66204,5853114.16432,0.2856,603
268,0.5,419984.34274,5853114.547480001,0.2856,603
268,1.0,419984.02344,5853114.930640001,0.2856,603
268,1.5,419983.70414,5853115.313800001,0.2856,603
268,2.0,419983.4487,5853115.76082,0.2554,603
268,2.5,419983.12940000003,5853116.143980001,0.2856,603
268,3.0,419982.8101,5853116.527140001,0.3612,603
268,3.5,419982.4908,5853116.910300001,0.3612,603
268,4.0,419982.23536,5853117.293460001,0.4605,603
268,4.5,419981.91606,5853117.740480001,0.4605,603
268,5.0,419981.66062,5853118.123640001,0.4605,603
268,5.5,419981.34132,5853118.506800001,0.4605,603
268,6.0,419981.02202000003,5853118.95382,0.5266,603
268,6.5,419980.76658,5853119.336980001,0.5266,603
268,7.0,419980.575,5853119.784000001,0.4039,603
268,7.5,419980.31956000003,5853120.231020001,0.2856,603
268,8.0,419980.00026,5853120.6141800005,0.2856,603
268,8.5,419979.68096,5853120.997340001,0.2856,603
268,9.0,419979.36166,5853121.444360001,0.1806,603
269,0.0,419966.78124,5853058.606120001,0.2554,177
269,0.5,419966.58966,5853059.05314,0.2856,177
269,1.0,419966.5258,5853059.56402,0.2856,177
269,1.5,419966.39808,5853060.074900001,0.3612,177
269,2.0,419966.27036,5853060.521920001,0.2554,177
269,2.5,419966.20650000003,5853061.032800001,0.3612,177
269,3.0,419966.07878,5853061.543680001,0.2554,177
269,3.5,419965.95106,5853061.990700001,0.2554,177
269,4.0,419965.8872,5853062.501580001,0.3612,177
269,4.5,419965.75948,5853062.948600001,0.2856,177
269,5.0,419965.69562,5853063.459480001,0.3832,177
269,5.5,419965.63176,5853063.970360001,0.3612,177
269,6.0,419965.5679,5853064.481240001,0.3832,177
269,6.5,419965.50404,5853064.92826,0.2554,177
269,7.0,419965.44018000003,5853065.43914,0.4039,177
269,7.5,419965.2486,5853065.886160001,0.5109,177
269,8.0,419965.05702,5853066.397040001,0.5266,177
269,8.5,419964.86544,5853066.844060001,0.4039,177
269,9.0,419964.73772000003,5853067.291080001,0.3832,177
270,0.0,420072.91656,5853039.575840001,0.1277,336
270,0.5,420072.5334,5853039.895140001,0.1806,336
270,1.0,420072.15024,5853040.150580001,0.3612,336
270,1.5,420071.76708,5853040.533740001,0.2856,336
270,2.0,420071.44778,5853040.916900001,0.3612,336
270,2.5,420071.06462,5853041.300060001,0.3612,336
270,3.0,420070.74532,5853041.619360001,0.3612,336
270,3.5,420070.36216,5853042.002520001,0.3612,336
270,4.0,420070.04286,5853042.321820001,0.3612,336
270,4.5,420069.72356,5853042.704980001,0.2856,336
270,5.0,420069.40426,5853043.088140001,0.1277,336
270,5.5,420069.0211,5853043.407440001,0.3612,336
270,6.0,420068.7018,5853043.726740001,0.3612,336
270,6.5,420068.31864,5853044.1099000005,0.3612,336
270,7.0,420067.99934,5853044.493060001,0.3612,336
270,7.5,420067.61618,5853044.876220001,0.4605,336
270,8.0,420067.29688,5853045.1955200005,0.4605,336
270,8.5,420066.97758,5853045.578680001,0.4605,336
270,9.0,420066.59442,5853045.961840001,0.4605,336
271,0.0,420077.51448,5853133.96092,0.1277,1012
271,0.5,420077.3229,5853134.407940001,0.2554,1012
271,1.0,420077.13132,5853134.854960001,0.2554,1012
271,1.5,420076.87588,5853135.301980001,0.2856,1012
271,2.0,420076.62044,5853135.749000001,0.1806,1012
271,2.5,420076.42886,5853136.196020001,0.1806,1012
271,3.0,420076.23728,5853136.64304,0.2554,1012
271,3.5,420076.0457,5853137.090060001,0.3612,1012
271,4.0,420075.85412000003,5853137.537080001,0.3612,1012
271,4.5,420075.59868,5853138.047960001,0.3612,1012
271,5.0,420075.4071,5853138.494980001,0.3832,1012
271,5.5,420075.15166000003,5853138.942000001,0.4039,1012
271,6.0,420074.96008,5853139.389020001,0.3832,1012
271,6.5,420074.7685,5853139.83604,0.3612,1012
271,7.0,420074.57692,5853140.283060001,0.3612,1012
271,7.5,420074.38534,5853140.730080001,0.2856,1012
271,8.0,420074.25762,5853141.240960001,0.2856,1012
271,8.5,420074.06604,5853141.687980001,0.3832,1012
271,9.0,420073.87446,5853142.135000001,0.4039,1012
272,0.0,419989.51540000003,5853213.14732,0.1277,20
272,0.5,419989.38768,5853213.6582,0.2554,20
272,1.0,419989.25996,5853214.105220001,0.2554,20
272,1.5,419989.06838,5853214.552240001,0.1806,20
272,2.0,419988.81294000003,5853214.999260001,0.1806,20
272,2.5,419988.5575,5853215.446280001,0.1806,20
272,3.0,419988.30206,5853215.8294400005,0.2554,20
272,3.5,419988.04662,5853216.276460001,0.2856,20
272,4.0,419987.72732,5853216.723480001,0.2856,20
272,4.5,419987.47188,5853217.106640001,0.2554,20
272,5.0,419987.21644,5853217.553660001,0.1806,20
272,5.5,419987.02486,5853218.0006800005,0.1277,20
272,6.0,419986.76942,5853218.4477,0.2856,20
272,6.5,419986.57784,5853218.894720001,0.2554,20
272,7.0,419986.38626,5853219.341740001,0.1806,20
272,7.5,419986.19468,5853219.788760001,0.2554,20
272,8.0,419985.93924,5853220.235780001,0.2554,20
272,8.5,419985.74766,5853220.6828000005,0.2856,20
272,9.0,419985.49222,5853221.12982,0.2856,20
273,0.0,420046.22308,5853055.413120001,0.2554,348
273,0.5,420046.0315,5853055.8601400005,0.2554,348
273,1.0,420045.83992,5853056.307160001,0.2554,348
273,1.5,420045.64834,5853056.754180001,0.2856,348
273,2.0,420045.39290000004,5853057.265060001,0.2554,348
273,2.5,420045.20132,5853057.712080001,0.2554,348
273,3.0,420045.00974,5853058.159100001,0.2554,348
273,3.5,420044.81816,5853058.606120001,0.2554,348
273,4.0,420044.69044000003,5853059.117000001,0.3612,348
273,4.5,420044.56272,5853059.56402,0.3612,348
273,5.0,420044.37114,5853060.011040001,0.3832,348
273,5.5,420044.17956,5853060.521920001,0.3612,348
273,6.0,420043.92412,5853060.968940001,0.3612,348
273,6.5,420043.73254,5853061.415960001,0.4039,348
273,7.0,420043.4771,5853061.862980001,0.3612,348
273,7.5,420043.28552000003,5853062.3100000005,0.4039,348
273,8.0,420043.09394,5853062.75702,0.4039,348
273,8.5,420042.8385,5853063.204040001,0.3612,348
273,9.0,420042.64692,5853063.651060001,0.4039,348
274,0.0,419956.6275,5853073.677080001,0.1277,176
274,0.5,419956.11662,5853073.804800001,0.3612,176
274,1.0,419955.6696,5853073.99638,0.3612,176
274,1.5,419955.22258,5853074.187960001,0.3612,176
274,2.0,419954.77556,5853074.379540001,0.3612,176
274,2.5,419954.26468,5853074.507260001,0.3612,176
274,3.0,419953.81766,5853074.698840001,0.3832,176
274,3.5,419953.37064,5853074.890420001,0.2554,176
274,4.0,419952.85976,5853075.018140001,0.2856,176
274,4.5,419952.41274,5853075.1458600005,0.3612,176
274,5.0,419951.90186,5853075.273580001,0.3832,176
274,5.5,419951.45484,5853075.465160001,0.3832,176
274,6.0,419950.94396,5853075.6567400005,0.3832,176
274,6.5,419950.49694,5853075.784460001,0.3832,176
274,7.0,419950.04992,5853075.976040001,0.4039,176
274,7.5,419949.6029,5853076.16762,0.3832,176
274,8.0,419949.09202,5853076.359200001,0.4039,176
274,8.5,419948.645,5853076.550780001,0.4039,176
274,9.0,419948.19798,5853076.7423600005,0.1806,176
275,0.0,420060.20842,5853193.35072,0.2856,46
275,0.5,420059.88912,5853193.733880001,0.2856,46
275,1.0,420059.56982000003,5853194.117040001,0.2856,46
275,1.5,420059.18666,5853194.500200001,0.2856,46
275,2.0,420058.86736000003,5853194.883360001,0.2856,46
275,2.5,420058.54806,5853195.202660001,0.2856,46
275,3.0,420058.22876,5853195.585820001,0.2856,46
275,3.5,420057.8456,5853195.968980001,0.2856,46
275,4.0,420057.5263,5853196.288280001,0.3612,46
275,4.5,420057.207,5853196.671440001,0.3612,46
275,5.0,420056.8877,5853197.0546,0.3612,46
275,5.5,420056.50454,5853197.437760001,0.3612,46
275,6.0,420056.18524,5853197.820920001,0.3612,46
275,6.5,420055.86594,5853198.14022,0.3612,46
275,7.0,420055.48278,5853198.523380001,0.2856,46
275,7.5,420055.16348,5853198.906540001,0.2856,46
275,8.0,420054.84418,5853199.22584,0.3612,46
275,8.5,420054.46102,5853199.609000001,0.3612,46
275,9.0,420054.07786,5853199.928300001,0.4605,46
276,0.0,419954.20082,5853163.783540001,0.1277,565
276,0.5,419953.88152,5853164.166700001,0.2554,565
276,1.0,419953.62608,5853164.613720001,0.3612,565
276,1.5,419953.37064,5853165.060740001,0.2856,565
276,2.0,419953.17906,5853165.50776,0.2856,565
276,2.5,419952.98748,5853165.954780001,0.2856,565
276,3.0,419952.7959,5853166.401800001,0.2856,565
276,3.5,419952.60432,5853166.848820001,0.2856,565
276,4.0,419952.41274,5853167.359700001,0.3612,565
276,4.5,419952.22116,5853167.806720001,0.3612,565
276,5.0,419952.02958000003,5853168.253740001,0.2554,565
276,5.5,419951.838,5853168.70076,0.2856,565
276,6.0,419951.64642,5853169.147780001,0.2856,565
276,6.5,419951.45484,5853169.658660001,0.2554,565
276,7.0,419951.1994,5853170.105680001,0.2856,565
276,7.5,419951.00782,5853170.552700001,0.3612,565
276,8.0,419950.81624,5853170.999720001,0.3612,565
276,8.5,419950.62466000003,5853171.4467400005,0.4039,565
277,0.0,420104.59112,5852954.833620001,0.1277,293
277,0.5,420104.59112,5852955.344500001,0.4039,293
277,1.0,420104.52726,5852955.79152,0.6386,293
277,1.5,420104.27182,5852956.3024,0.5266,293
277,2.0,420104.14410000003,5852956.749420001,0.5712,293
277,2.5,420103.95252,5852957.196440001,0.5712,293
277,3.0,420103.76094,5852957.643460001,0.5266,293
277,3.5,420103.56936,5852958.154340001,0.5712,293
277,4.0,420103.37778,5852958.601360001,0.5266,293
277,4.5,420103.1862,5852959.0483800005,0.5266,293
277,5.0,420102.99462,5852959.4954,0.5109,293
277,5.5,420102.80304,5852960.006280001,0.5266,293
277,6.0,420102.61146,5852960.453300001,0.5266,293
277,6.5,420102.41988,5852960.900320001,0.5266,293
277,7.0,420102.2283,5852961.347340001,0.5109,293
277,7.5,420102.10058,5852961.858220001,0.5712,293
277,8.0,420101.909,5852962.305240001,0.6386,293
277,8.5,420101.71742,5852962.75226,0.6386,293
278,0.0,420041.68902,5853186.134540001,0.1277,582
278,0.5,420041.75288,5853186.645420001,0.5109,582
278,1.0,420041.75288,5853187.156300001,0.7447,582
278,1.5,420041.5613,5853187.603320001,0.4605,582
278,2.0,420041.36972,5853188.050340001,0.5109,582
278,2.5,420041.30586,5853188.5612200005,0.5712,582
278,3.0,420041.242,5853189.008240001,0.6386,582
278,3.5,420041.11428,5853189.519120001,0.6878,582
278,4.0,420040.98656,5853189.966140001,0.6386,582
278,4.5,420040.85884,5853190.477020001,0.6386,582
278,5.0,420040.73112,5853190.987900001,0.5712,582
278,5.5,420040.66726,5853191.434920001,0.6386,582
278,6.0,420040.53954,5853191.945800001,0.6386,582
278,6.5,420040.41182,5853192.456680001,0.6386,582
278,7.0,420040.2841,5853192.903700001,0.6386,582
278,7.5,420040.09252,5853193.414580001,0.6386,582
278,8.0,420040.02866,5853193.8616,0.6878,582
278,8.5,420039.90094,5853194.37248,0.7663,582
279,0.0,419989.32382,5853048.580100001,0.1806,186
279,0.5,419989.13224,5853049.027120001,0.2554,186
279,1.0,419989.00452,5853049.538000001,0.2554,186
279,1.5,419988.8768,5853049.9850200005,0.2554,186
279,2.0,419988.81294000003,5853050.4959,0.3612,186
279,2.5,419988.74908,5853051.00678,0.4039,186
279,3.0,419988.68522,5853051.51766,0.3612,186
279,3.5,419988.5575,5853051.964680001,0.3832,186
279,4.0,419988.42978,5853052.475560001,0.3612,186
279,4.5,419988.36592,5853052.922580001,0.3832,186
279,5.0,419988.2382,5853053.433460001,0.4039,186
279,5.5,419988.04662,5853053.880480001,0.3832,186
279,6.0,419987.9189,5853054.391360001,0.3832,186
279,6.5,419987.79118,5853054.838380001,0.4605,186
279,7.0,419987.66346,5853055.3492600005,0.3832,186
279,7.5,419987.5996,5853055.8601400005,0.3832,186
279,8.0,419987.47188,5853056.307160001,0.3612,186
279,8.5,419987.40802000003,5853056.818040001,0.3832,186
280,0.0,419992.0698,5853031.721060001,0.3612,385
280,0.5,419991.55892,5853031.848780001,0.2856,385
280,1.0,419991.1119,5853032.040360001,0.2856,385
280,1.5,419990.66488,5853032.231940001,0.2856,385
280,2.0,419990.21786000003,5853032.487380001,0.3612,385
280,2.5,419989.77084,5853032.678960001,0.3612,385
280,3.0,419989.32382,5853032.934400001,0.4039,385
280,3.5,419988.8768,5853033.125980001,0.4039,385
280,4.0,419988.42978,5853033.38142,0.4039,385
280,4.5,419987.98276,5853033.573000001,0.4605,385
280,5.0,419987.53574,5853033.828440001,0.4605,385
280,5.5,419987.08872,5853034.020020001,0.4605,385
280,6.0,419986.6417,5853034.275460001,0.4605,385
280,6.5,419986.19468,5853034.4670400005,0.5266,385
280,7.0,419985.74766,5853034.658620001,0.4605,385
280,7.5,419985.30064000003,5853034.914060001,0.5266,385
280,8.0,419984.85362,5853035.105640001,0.5266,385
280,8.5,419984.4066,5853035.361080001,0.5266,385
281,0.0,419964.54614,5853185.112780001,0.2554,70
281,0.5,419964.35456,5853185.559800001,0.2856,70
281,1.0,419964.09912,5853186.006820001,0.2856,70
281,1.5,419963.90754,5853186.453840001,0.2554,70
281,2.0,419963.6521,5853186.90086,0.2554,70
281,2.5,419963.52438,5853187.347880001,0.3612,70
281,3.0,419963.33280000003,5853187.858760001,0.3612,70
281,3.5,419963.14122,5853188.305780001,0.2856,70
281,4.0,419962.88578,5853188.752800001,0.2856,70
281,4.5,419962.6942,5853189.199820001,0.2856,70
281,5.0,419962.43876,5853189.6468400005,0.2856,70
281,5.5,419962.18332,5853190.09386,0.2856,70
281,6.0,419961.92788000003,5853190.477020001,0.2856,70
281,6.5,419961.7363,5853190.987900001,0.2856,70
281,7.0,419961.54472,5853191.434920001,0.2856,70
281,7.5,419961.28928,5853191.881940001,0.2856,70
281,8.0,419961.03384,5853192.2651,0.2856,70
281,8.5,419960.7784,5853192.712120001,0.2856,70
282,0.0,419926.35786,5853019.396080001,0.4039,164
282,0.5,419926.23014,5853019.906960001,0.4605,164
282,1.0,419926.10242,5853020.353980001,0.4605,164
282,1.5,419925.9747,5853020.864860001,0.4039,164
282,2.0,419925.84698000003,5853021.311880001,0.3832,164
282,2.5,419925.78312,5853021.822760001,0.5109,164
282,3.0,419925.78312,5853022.333640001,0.2554,164
282,3.5,419925.6554,5853022.844520001,0.1806,164
282,4.0,419925.52768,5853023.291540001,0.1277,164
282,4.5,419925.3361,5853023.73856,0.2856,164
282,5.0,419925.14452000003,5853024.185580001,0.3832,164
282,5.5,419924.88908,5853024.632600001,0.5266,164
282,6.0,419924.76136,5853025.143480001,0.5266,164
282,6.5,419924.63364,5853025.590500001,0.5266,164
282,7.0,419924.50592,5853026.101380001,0.5266,164
282,7.5,419924.3782,5853026.548400001,0.5109,164
282,8.0,419924.31434,5853027.059280001,0.5266,164
282,8.5,419924.18662,5853027.570160001,0.5266,164
283,0.0,420096.54476,5853071.825140001,0.4039,237
283,0.5,420096.54476,5853072.336020001,0.3832,237
283,1.0,420096.41704000003,5853072.846900001,0.4039,237
283,1.5,420096.35318000003,5853073.293920001,0.4039,237
283,2.0,420096.22546,5853073.804800001,0.3612,237
283,2.5,420096.1616,5853074.315680001,0.3832,237
283,3.0,420096.09774,5853074.762700001,0.3832,237
283,3.5,420096.03388,5853075.273580001,0.3832,237
283,4.0,420095.97002,5853075.784460001,0.3832,237
283,4.5,420095.90616,5853076.295340001,0.3832,237
283,5.0,420095.8423,5853076.7423600005,0.3832,237
283,5.5,420095.77844,5853077.25324,0.3832,237
283,6.0,420095.65072000003,5853077.76412,0.2856,237
283,6.5,420095.58686,5853078.275,0.3832,237
283,7.0,420095.523,5853078.722020001,0.3832,237
283,7.5,420095.45914,5853079.232900001,0.4039,237
283,8.0,420095.39528,5853079.743780001,0.5109,237
283,8.5,420095.33142,5853080.254660001,0.5109,237
284,0.0,420074.83236,5853122.849280001,0.2554,9
284,0.5,420074.64078,5853123.2963000005,0.1806,9
284,1.0,420074.44920000003,5853123.8071800005,0.2856,9
284,1.5,420074.25762,5853124.254200001,0.2856,9
284,2.0,420074.06604,5853124.701220001,0.2856,9
284,2.5,420073.87446,5853125.148240001,0.3612,9
284,3.0,420073.68288,5853125.595260001,0.3832,9
284,3.5,420073.4913,5853126.106140001,0.3612,9
284,4.0,420073.36358,5853126.553160001,0.3832,9
284,4.5,420073.23586,5853127.064040001,0.3832,9
284,5.0,420073.10814,5853127.51106,0.3612,9
284,5.5,420072.98042,5853128.021940001,0.3612,9
284,6.0,420072.8527,5853128.468960001,0.2856,9
284,6.5,420072.72498,5853128.979840001,0.4039,9
284,7.0,420072.5334,5853129.426860001,0.2554,9
284,7.5,420072.40568,5853129.937740001,0.2856,9
284,8.0,420072.27796,5853130.384760001,0.3612,9
284,8.5,420072.15024,5853130.895640001,0.2554,9
285,0.0,420057.65402,5853111.354480001,0.1806,68
285,0.5,420057.27086,5853111.673780001,0.2554,68
285,1.0,420056.8877,5853112.0569400005,0.2856,68
285,1.5,420056.5684,5853112.376240001,0.2856,68
285,2.0,420056.2491,5853112.759400001,0.2856,68
285,2.5,420055.86594,5853113.1425600005,0.2856,68
285,3.0,420055.54664,5853113.461860001,0.1806,68
285,3.5,420055.16348,5853113.845020001,0.1806,68
285,4.0,420054.84418,5853114.16432,0.2554,68
285,4.5,420054.46102,5853114.547480001,0.2856,68
285,5.0,420054.14172,5853114.930640001,0.2856,68
285,5.5,420053.82242,5853115.2499400005,0.2856,68
285,6.0,420053.43926,5853115.633100001,0.2856,68
285,6.5,420053.11996,5853115.952400001,0.2856,68
285,7.0,420052.7368,5853116.3355600005,0.2856,68
285,7.5,420052.4175,5853116.654860001,0.3612,68
285,8.0,420052.03434,5853117.038020001,0.3612,68
285,8.5,420051.65118,5853117.4211800005,0.3612,68
286,0.0,420320.88494,5853304.147820001,0.1277,708
286,0.5,420320.75722,5853304.6587000005,0.1806,708
286,1.0,420320.69336000003,5853305.105720001,0.2554,708
286,1.5,420320.56564,5853305.616600001,0.2554,708
286,2.0,420320.37406,5853306.063620001,0.2554,708
286,2.5,420320.24634,5853306.574500001,0.2554,708
286,3.0,420320.05476,5853307.021520001,0.3612,708
286,3.5,420319.86318,5853307.468540001,0.2554,708
286,4.0,420319.6716,5853307.979420001,0.2554,708
286,4.5,420319.54388,5853308.4264400005,0.2554,708
286,5.0,420319.3523,5853308.87346,0.2554,708
286,5.5,420319.09686,5853309.320480001,0.2856,708
286,6.0,420318.84142,5853309.767500001,0.2856,708
286,6.5,420318.64984,5853310.214520001,0.2856,708
286,7.0,420318.45826,5853310.661540001,0.2554,708
286,7.5,420318.3944,5853311.172420001,0.2554,708
286,8.0,420318.26668,5853311.6194400005,0.2554,708
286,8.5,420318.0751,5853312.13032,0.3612,708
287,0.0,420092.52158,5853042.768840001,0.5419,325
287,0.5,420092.20228,5853043.152000001,0.4605,325
287,1.0,420091.88298,5853043.53516,0.4605,325
287,1.5,420091.49982,5853043.918320001,0.4605,325
287,2.0,420091.18052,5853044.237620001,0.5419,325
287,2.5,420090.79736,5853044.62078,0.5419,325
287,3.0,420090.47806,5853044.940080001,0.4605,325
287,3.5,420090.15876,5853045.323240001,0.5419,325
287,4.0,420089.7756,5853045.7064000005,0.5419,325
287,4.5,420089.4563,5853046.089560001,0.5419,325
287,5.0,420089.137,5853046.408860001,0.5712,325
287,5.5,420088.75384,5853046.7920200005,0.5419,325
287,6.0,420088.43454,5853047.175180001,0.5419,325
287,6.5,420088.11524,5853047.494480001,0.6386,325
287,7.0,420087.73208,5853047.877640001,0.6386,325
287,7.5,420087.41278,5853048.196940001,0.6386,325
287,8.0,420087.02962,5853048.580100001,0.6386,325
287,8.5,420086.64646,5853048.963260001,0.6386,325
288,0.0,419958.92646,5853195.649680001,0.2856,70
288,0.5,419958.67102,5853196.096700001,0.3612,70
288,1.0,419958.41558000003,5853196.479860001,0.3612,70
288,1.5,419958.09628,5853196.926880001,0.3612,70
288,2.0,419957.84084,5853197.310040001,0.2554,70
288,2.5,419957.64926000003,5853197.820920001,0.2856,70
288,3.0,419957.39382,5853198.2040800005,0.3612,70
288,3.5,419957.13838,5853198.6511,0.3612,70
288,4.0,419956.94680000003,5853199.098120001,0.4605,70
288,4.5,419956.69136,5853199.545140001,0.4039,70
288,5.0,419956.43592,5853199.992160001,0.4039,70
288,5.5,419956.24434000003,5853200.439180001,0.3612,70
288,6.0,419955.92504,5853200.82234,0.4039,70
288,6.5,419955.6696,5853201.269360001,0.2856,70
288,7.0,419955.3503,5853201.652520001,0.4605,70
288,7.5,419955.09486,5853202.035680001,0.4605,70
288,8.0,419954.83942000003,5853202.4827000005,0.4039,70
288,8.5,419954.52012,5853202.92972,0.3612,70
289,0.0,420107.40096,5853063.523340001,0.1277,230
289,0.5,420107.14552,5853063.970360001,0.2554,230
289,1.0,420107.08166,5853064.481240001,0.2856,230
289,1.5,420106.95394,5853064.92826,0.3832,230
289,2.0,420106.82622,5853065.43914,0.3832,230
289,2.5,420106.6985,5853065.886160001,0.3832,230
289,3.0,420106.57078,5853066.397040001,0.3832,230
289,3.5,420106.44306,5853066.844060001,0.3832,230
289,4.0,420106.31534000003,5853067.354940001,0.3612,230
289,4.5,420106.25148,5853067.865820001,0.3832,230
289,5.0,420106.12376,5853068.312840001,0.3832,230
289,5.5,420105.99604,5853068.823720001,0.3832,230
289,6.0,420105.86832,5853069.2707400005,0.3832,230
289,6.5,420105.7406,5853069.7816200005,0.3832,230
289,7.0,420105.67674,5853070.2925,0.3832,230
289,7.5,420105.54902000003,5853070.739520001,0.3832,230
289,8.0,420105.4213,5853071.250400001,0.4039,230
289,8.5,420105.29358,5853071.697420001,0.3832,230
290,0.0,420039.77322000003,5853033.700720001,0.3612,368
290,0.5,420039.45392,5853034.083880001,0.2856,368
290,1.0,420039.19848,5853034.530900001,0.3612,368
290,1.5,420038.94304,5853034.914060001,0.3612,368
290,2.0,420038.62374,5853035.361080001,0.3612,368
290,2.5,420038.36830000003,5853035.744240001,0.3612,368
290,3.0,420038.11286,5853036.191260001,0.4039,368
290,3.5,420037.79356,5853036.57442,0.2856,368
290,4.0,420037.53812,5853037.021440001,0.3612,368
290,4.5,420037.28268,5853037.468460001,0.4039,368
290,5.0,420037.02724,5853037.851620001,0.4039,368
290,5.5,420036.70794,5853038.298640001,0.4039,368
290,6.0,420036.4525,5853038.6818,0.3612,368
290,6.5,420036.19706000003,5853039.128820001,0.4039,368
290,7.0,420035.94162,5853039.511980001,0.4039,368
290,7.5,420035.62232,5853039.959000001,0.4605,368
290,8.0,420035.36688,5853040.3421600005,0.4605,368
290,8.5,420035.04758,5853040.725320001,0.5266,368
291,0.0,419969.91038,5853038.490220001,0.1277,388
291,0.5,419969.91038,5853039.001100001,0.2554,388
291,1.0,419969.84652,5853039.511980001,0.2856,388
291,1.5,419969.78266,5853039.959000001,0.2856,388
291,2.0,419969.71880000003,5853040.469880001,0.3612,388
291,2.5,419969.65494,5853040.980760001,0.3612,388
291,3.0,419969.59108,5853041.491640001,0.3832,388
291,3.5,419969.52722,5853041.93866,0.3832,388
291,4.0,419969.46336,5853042.44954,0.3832,388
291,4.5,419969.46336,5853042.96042,0.3832,388
291,5.0,419969.3995,5853043.471300001,0.3832,388
291,5.5,419969.33564,5853043.918320001,0.3832,388
291,6.0,419969.27178,5853044.429200001,0.2856,388
291,6.5,419969.27178,5853044.940080001,0.3612,388
291,7.0,419969.20792,5853045.450960001,0.3832,388
291,7.5,419969.14406,5853045.961840001,0.3832,388
291,8.0,419969.0802,5853046.408860001,0.3832,388
291,8.5,419969.0802,5853046.919740001,0.2554,388
292,0.0,420110.72168,5853108.2892,0.2554,40
292,0.5,420110.46624,5853108.736220001,0.2856,40
292,1.0,420110.2108,5853109.183240001,0.2554,40
292,1.5,420109.95536,5853109.566400001,0.1806,40
292,2.0,420109.76378,5853110.077280001,0.2554,40
292,2.5,420109.50834,5853110.4604400005,0.1277,40
292,3.0,420109.31676,5853110.90746,0.2554,40
292,3.5,420109.06132,5853111.354480001,0.2554,40
292,4.0,420108.80588,5853111.801500001,0.2554,40
292,4.5,420108.55044,5853112.184660001,0.2856,40
292,5.0,420108.295,5853112.631680001,0.2856,40
292,5.5,420107.9757,5853113.0787,0.2856,40
292,6.0,420107.78412,5853113.461860001,0.2856,40
292,6.5,420107.52868,5853113.908880001,0.2856,40
292,7.0,420107.27324,5853114.355900001,0.2554,40
292,7.5,420107.01780000003,5853114.802920001,0.2554,40
292,8.0,420106.82622,5853115.2499400005,0.2856,40
292,8.5,420106.63464,5853115.696960001,0.2856,40
293,0.0,419897.04612,5853009.81708,0.3612,157
293,0.5,419897.30156,5853010.264100001,0.2856,157
293,1.0,419897.55700000003,5853010.647260001,0.3612,157
293,1.5,419897.8763,5853011.094280001,0.3612,157
293,2.0,419898.13174,5853011.4774400005,0.2856,157
293,2.5,419898.32332,5853011.9883200005,0.2856,157
293,3.0,419898.57876,5853012.371480001,0.3612,157
293,3.5,419898.8342,5853012.818500001,0.3612,157
293,4.0,419899.08964,5853013.265520001,0.4039,157
293,4.5,419899.28122,5853013.712540001,0.2856,157
293,5.0,419899.53666,5853014.1595600005,0.2856,157
293,5.5,419899.72824,5853014.60658,0.3832,157
293,6.0,419899.91982,5853015.053600001,0.4605,157
293,6.5,419900.1114,5853015.500620001,0.4605,157
293,7.0,419900.23912,5853016.011500001,0.5109,157
293,7.5,419900.4307,5853016.458520001,0.4605,157
293,8.0,419900.68614,5853016.905540001,0.3612,157
293,8.5,419900.94158,5853017.2887,0.2554,157
294,0.0,419900.62228,5853020.992580001,0.3832,159
294,0.5,419900.62228,5853021.503460001,0.3832,159
294,1.0,419900.62228,5853022.014340001,0.3832,159
294,1.5,419900.62228,5853022.461360001,0.3832,159
294,2.0,419900.68614,5853022.972240001,0.3832,159
294,2.5,419900.81386,5853023.483120001,0.3832,159
294,3.0,419900.87772,5853023.994000001,0.2856,159
294,3.5,419900.94158,5853024.441020001,0.2554,159
294,4.0,419901.00544,5853024.951900001,0.2554,159
294,4.5,419901.06930000003,5853025.462780001,0.2554,159
294,5.0,419901.13316,5853025.973660001,0.3832,159
294,5.5,419901.19702,5853026.42068,0.3832,159
294,6.0,419901.19702,5853026.93156,0.3832,159
294,6.5,419901.26088,5853027.44244,0.3832,159
294,7.0,419901.32474,5853027.953320001,0.3832,159
294,7.5,419901.32474,5853028.464200001,0.3832,159
294,8.0,419901.3886,5853028.911220001,0.4605,159
294,8.5,419901.3886,5853029.422100001,0.3832,159
295,0.0,420002.79828,5853031.657200001,0.2554,190
295,0.5,420002.86214,5853032.168080001,0.3832,190
295,1.0,420002.79828,5853032.678960001,0.3832,190
295,1.5,420002.79828,5853033.125980001,0.3832,190
295,2.0,420002.73442,5853033.636860001,0.3832,190
295,2.5,420002.67056,5853034.147740001,0.3832,190
295,3.0,420002.6067,5853034.658620001,0.3832,190
295,3.5,420002.6067,5853035.105640001,0.2856,190
295,4.0,420002.54284,5853035.616520001,0.3612,190
295,4.5,420002.47898,5853036.127400001,0.3832,190
295,5.0,420002.41512,5853036.638280001,0.3832,190
295,5.5,420002.35126,5853037.0853,0.3832,190
295,6.0,420002.22354,5853037.596180001,0.3832,190
295,6.5,420002.22354,5853038.107060001,0.5109,190
295,7.0,420002.22354,5853038.617940001,0.5109,190
295,7.5,420002.22354,5853039.128820001,0.3832,190
295,8.0,420002.28740000003,5853039.575840001,0.5109,190
295,8.5,420002.28740000003,5853040.086720001,0.5109,190
296,0.0,419980.95816,5853177.960460001,0.2554,97
296,0.5,419980.95816,5853178.471340001,0.3832,97
296,1.0,419980.8943,5853178.982220001,0.3832,97
296,1.5,419980.83044,5853179.42924,0.3832,97
296,2.0,419980.76658,5853179.94012,0.3832,97
296,2.5,419980.63886,5853180.451000001,0.2856,97
296,3.0,419980.575,5853180.898020001,0.3612,97
296,3.5,419980.51114,5853181.408900001,0.3832,97
296,4.0,419980.38342,5853181.919780001,0.2554,97
296,4.5,419980.31956000003,5853182.366800001,0.3612,97
296,5.0,419980.2557,5853182.877680001,0.3832,97
296,5.5,419980.19184,5853183.388560001,0.3832,97
296,6.0,419980.12798,5853183.899440001,0.4605,97
296,6.5,419980.00026,5853184.346460001,0.3832,97
296,7.0,419979.9364,5853184.857340001,0.4605,97
296,7.5,419979.80868,5853185.3682200005,0.3832,97
296,8.0,419979.74482,5853185.8791000005,0.4039,97
296,8.5,419979.68096,5853186.326120001,0.4605,97
297,0.0,420087.73208,5853061.799120001,0.1806,241
297,0.5,420087.66822,5853062.3100000005,0.4039,241
297,1.0,420087.5405,5853062.75702,0.4605,241
297,1.5,420087.34892,5853063.267900001,0.4605,241
297,2.0,420087.2212,5853063.714920001,0.5109,241
297,2.5,420087.02962,5853064.161940001,0.5109,241
297,3.0,420086.9019,5853064.672820001,0.5712,241
297,3.5,420086.77418,5853065.119840001,0.6386,241
297,4.0,420086.5826,5853065.630720001,0.6386,241
297,4.5,420086.45488000003,5853066.077740001,0.6386,241
297,5.0,420086.32716,5853066.5886200005,0.5712,241
297,5.5,420086.13558,5853067.03564,0.4605,241
297,6.0,420086.00786,5853067.546520001,0.5266,241
297,6.5,420085.81628,5853067.993540001,0.5109,241
297,7.0,420085.68856,5853068.440560001,0.5109,241
297,7.5,420085.49698,5853068.951440001,0.5109,241
297,8.0,420085.36926,5853069.398460001,0.4605,241
297,8.5,420085.17768,5853069.845480001,0.4039,241
298,0.0,419911.73392,5853190.540880001,0.7447,1005
298,0.5,419911.47848,5853190.987900001,0.8078,1005
298,1.0,419911.22304,5853191.434920001,0.8078,1005
298,1.5,419910.96760000003,5853191.818080001,0.7447,1005
298,2.0,419910.71216,5853192.2651,0.8078,1005
298,2.5,419910.45672,5853192.712120001,0.8078,1005
298,3.0,419910.20128,5853193.159140001,0.8078,1005
298,3.5,419909.94584,5853193.542300001,0.7447,1005
298,4.0,419909.6904,5853193.989320001,0.8078,1005
298,4.5,419909.43496,5853194.4363400005,0.8078,1005
298,5.0,419909.17952,5853194.819500001,0.7447,1005
298,5.5,419908.92408,5853195.266520001,0.8078,1005
298,6.0,419908.66864,5853195.713540001,0.8078,1005
298,6.5,419908.4132,5853196.160560001,0.8078,1005
298,7.0,419908.15776000003,5853196.54372,0.8078,1005
298,7.5,419907.96618,5853196.990740001,0.9031,1005
298,8.0,419907.7746,5853197.437760001,0.9727,1005
298,8.5,419907.58302,5853197.948640001,1.0297,1005
299,0.0,419940.47092,5853175.853080001,0.1806,560
299,0.5,419940.02390000003,5853176.108520001,0.2554,560
299,1.0,419939.64074,5853176.363960001,0.2554,560
299,1.5,419939.19372,5853176.619400001,0.3612,560
299,2.0,419938.81056,5853176.938700001,0.2856,560
299,2.5,419938.4274,5853177.258,0.2554,560
299,3.0,419937.98038,5853177.449580001,0.2554,560
299,3.5,419937.53336,5853177.705020001,0.2856,560
299,4.0,419937.08634,5853177.960460001,0.2856,560
299,4.5,419936.63932,5853178.215900001,0.2856,560
299,5.0,419936.1923,5853178.471340001,0.2856,560
299,5.5,419935.80914,5853178.726780001,0.2554,560
299,6.0,419935.36212,5853178.982220001,0.2554,560
299,6.5,419934.9151,5853179.173800001,0.2554,560
299,7.0,419934.46808,5853179.42924,0.2554,560
299,7.5,419934.02106,5853179.684680001,0.1806,560
299,8.0,419933.63790000003,5853179.94012,0.2554,560
299,8.5,419933.19088,5853180.195560001,0.2856,560
300,0.0,420044.69044000003,5853049.538000001,0.1806,350
300,0.5,420044.435,5853049.92116,0.2554,350
300,1.0,420044.1157,5853050.304320001,0.2856,350
300,1.5,420043.7964,5853050.751340001,0.2856,350
300,2.0,420043.4771,5853051.134500001,0.2856,350
300,2.5,420043.1578,5853051.51766,0.2856,350
300,3.0,420042.8385,5853051.900820001,0.2856,350
300,3.5,420042.5192,5853052.220120001,0.2856,350
300,4.0,420042.13604,5853052.60328,0.2856,350
300,4.5,420041.81674,5853052.986440001,0.3612,350
300,5.0,420041.49744,5853053.369600001,0.3612,350
300,5.5,420041.17814000003,5853053.7527600005,0.2856,350
300,6.0,420040.85884,5853054.135920001,0.2856,350
300,6.5,420040.47568000003,5853054.519080001,0.2856,350
300,7.0,420040.15638,5853054.838380001,0.2856,350
300,7.5,420039.83708,5853055.221540001,0.2856,350
300,8.0,420039.45392,5853055.604700001,0.2856,350
300,8.5,420039.13462,5853055.924000001,0.2856,350
301,0.0,420073.23586,5853099.923540001,0.1277,572
301,0.5,420073.10814,5853100.370560001,0.3612,572
301,1.0,420072.98042,5853100.881440001,0.2554,572
301,1.5,420072.78884,5853101.32846,0.3612,572
301,2.0,420072.46954,5853101.711620001,0.4039,572
301,2.5,420072.15024,5853102.094780001,0.2856,572
301,3.0,420071.8948,5853102.541800001,0.4605,572
301,3.5,420071.63936000003,5853102.988820001,0.5109,572
301,4.0,420071.44778,5853103.43584,0.4605,572
301,4.5,420071.19234,5853103.882860001,0.4039,572
301,5.0,420071.00076,5853104.329880001,0.4039,572
301,5.5,420070.80918,5853104.776900001,0.4605,572
301,6.0,420070.6176,5853105.223920001,0.4039,572
301,6.5,420070.36216,5853105.670940001,0.4605,572
301,7.0,420070.17058000003,5853106.11796,0.4605,572
301,7.5,420070.04286,5853106.62884,0.5109,572
301,8.0,420069.85128,5853107.075860001,0.3832,572
301,8.5,420069.6597,5853107.522880001,0.2554,572
302,0.0,420233.7799,5853158.291580001,0.3832,435
302,0.5,420233.84376,5853158.802460001,0.3832,435
302,1.0,420233.90762,5853159.313340001,0.3832,435
302,1.5,420233.90762,5853159.760360001,0.3832,435
302,2.0,420233.97148,5853160.271240001,0.5109,435
302,2.5,420233.97148,5853160.782120001,0.4605,435
302,3.0,420234.03534,5853161.2930000005,0.5109,435
302,3.5,420234.03534,5853161.74002,0.3832,435
302,4.0,420234.0992,5853162.250900001,0.3832,435
302,4.5,420234.0992,5853162.761780001,0.3612,435
302,5.0,420234.22692,5853163.272660001,0.5109,435
302,5.5,420234.29078,5853163.783540001,0.5109,435
302,6.0,420234.29078,5853164.230560001,0.5109,435
302,6.5,420234.35464000003,5853164.741440001,0.6386,435
302,7.0,420234.35464000003,5853165.252320001,0.5266,435
302,7.5,420234.4185,5853165.763200001,0.6386,435
302,8.0,420234.4185,5853166.274080001,0.6386,435
302,8.5,420234.48236,5853166.721100001,0.6386,435
303,0.0,420082.81486,5852995.129280001,0.1277,310
303,0.5,420082.55942,5852995.576300001,0.2554,310
303,1.0,420082.36784,5852996.023320001,0.3612,310
303,1.5,420082.17626,5852996.47034,0.2856,310
303,2.0,420082.04854,5852996.98122,0.3612,310
303,2.5,420081.92082,5852997.428240001,0.3612,310
303,3.0,420081.72924,5852997.939120001,0.3612,310
303,3.5,420081.53766000003,5852998.386140001,0.2554,310
303,4.0,420081.40994,5852998.897020001,0.2856,310
303,4.5,420081.28222,5852999.344040001,0.3612,310
303,5.0,420081.1545,5852999.791060001,0.3832,310
303,5.5,420080.96292,5853000.301940001,0.2856,310
303,6.0,420080.83520000003,5853000.74896,0.3612,310
303,6.5,420080.70748,5853001.25984,0.2856,310
303,7.0,420080.5159,5853001.706860001,0.2856,310
303,7.5,420080.38818,5853002.217740001,0.3612,310
303,8.0,420080.1966,5853002.664760001,0.2856,310
303,8.5,420080.06888000004,5853003.175640001,0.3832,310
304,0.0,420038.43216,5853020.226260001,0.3832,370
304,0.5,420038.43216,5853020.737140001,0.3832,370
304,1.0,420038.43216,5853021.248020001,0.3832,370
304,1.5,420038.36830000003,5853021.695040001,0.2554,370
304,2.0,420038.36830000003,5853022.205920001,0.2554,370
304,2.5,420038.36830000003,5853022.7168000005,0.2554,370
304,3.0,420038.36830000003,5853023.2276800005,0.2554,370
304,3.5,420038.43216,5853023.73856,0.3832,370
304,4.0,420038.43216,5853024.185580001,0.3832,370
304,4.5,420038.49602,5853024.696460001,0.3832,370
304,5.0,420038.49602,5853025.207340001,0.3832,370
304,5.5,420038.49602,5853025.718220001,0.3612,370
304,6.0,420038.49602,5853026.229100001,0.2554,370
304,6.5,420038.49602,5853026.739980001,0.2554,370
304,7.0,420038.49602,5853027.187000001,0.2554,370
304,7.5,420038.55988,5853027.697880001,0.3612,370
304,8.0,420038.55988,5853028.208760001,0.2554,370
304,8.5,420038.55988,5853028.719640001,0.2554,370
305,0.0,420345.15174,5853290.417920001,0.3612,737
305,0.5,420344.8963,5853290.864940001,0.2856,737
305,1.0,420344.577,5853291.2481,0.4039,737
305,1.5,420344.2577,5853291.631260001,0.3612,737
305,2.0,420344.00226,5853292.014420001,0.3612,737
305,2.5,420343.68296,5853292.461440001,0.4039,737
305,3.0,420343.42752,5853292.8446,0.4605,737
305,3.5,420343.10822,5853293.291620001,0.3612,737
305,4.0,420342.85278,5853293.674780001,0.3612,737
305,4.5,420342.59734,5853294.121800001,0.2856,737
305,5.0,420342.27804,5853294.5049600005,0.3612,737
305,5.5,420341.95874000003,5853294.888120001,0.4605,737
305,6.0,420341.63944,5853295.271280001,0.3612,737
305,6.5,420341.32014,5853295.654440001,0.2856,737
305,7.0,420341.0647,5853296.1014600005,0.3612,737
305,7.5,420340.80926,5853296.484620001,0.2856,737
305,8.0,420340.48996000004,5853296.867780001,0.2856,737
305,8.5,420340.1068,5853297.250940001,0.1277,737
306,0.0,420301.40764,5853263.788300001,0.3612,732
306,0.5,420301.72694,5853264.171460001,0.3612,732
306,1.0,420302.04624,5853264.5546200005,0.2856,732
306,1.5,420302.30168000003,5853265.00164,0.3612,732
306,2.0,420302.62098,5853265.384800001,0.3612,732
306,2.5,420302.94028,5853265.767960001,0.3612,732
306,3.0,420303.25958,5853266.1511200005,0.4605,732
306,3.5,420303.57888,5853266.534280001,0.4039,732
306,4.0,420303.89818,5853266.853580001,0.4605,732
306,4.5,420304.28134,5853267.236740001,0.3612,732
306,5.0,420304.60064,5853267.619900001,0.4605,732
306,5.5,420304.91994,5853268.003060001,0.4605,732
306,6.0,420305.3031,5853268.386220001,0.4605,732
306,6.5,420305.6224,5853268.705520001,0.3612,732
306,7.0,420306.00556,5853269.088680001,0.3612,732
306,7.5,420306.32486,5853269.471840001,0.3612,732
306,8.0,420306.64416,5853269.791140001,0.3612,732
307,0.0,420030.32194,5853100.178980001,0.2856,81
307,0.5,420030.0665,5853100.626000001,0.2856,81
307,1.0,420029.87492000003,5853101.073020001,0.2856,81
307,1.5,420029.61948,5853101.520040001,0.2856,81
307,2.0,420029.4279,5853101.967060001,0.2554,81
307,2.5,420029.17246000003,5853102.4140800005,0.2554,81
307,3.0,420028.91702,5853102.797240001,0.2856,81
307,3.5,420028.66158,5853103.244260001,0.2856,81
307,4.0,420028.40614,5853103.691280001,0.2856,81
307,4.5,420028.1507,5853104.138300001,0.2856,81
307,5.0,420027.89526,5853104.52146,0.2856,81
307,5.5,420027.70368000004,5853104.968480001,0.2856,81
307,6.0,420027.44824,5853105.415500001,0.3612,81
307,6.5,420027.1928,5853105.862520001,0.2856,81
307,7.0,420027.00122000003,5853106.309540001,0.2856,81
307,7.5,420026.74578,5853106.756560001,0.3612,81
307,8.0,420026.49034,5853107.20358,0.3612,81
308,0.0,419985.74766,5853018.246600001,0.5419,392
308,0.5,419985.49222,5853018.693620001,0.3612,392
308,1.0,419985.17292,5853019.076780001,0.3612,392
308,1.5,419984.91748,5853019.45994,0.3612,392
308,2.0,419984.59818000003,5853019.906960001,0.2856,392
308,2.5,419984.27888,5853020.290120001,0.3612,392
308,3.0,419983.95958,5853020.673280001,0.3612,392
308,3.5,419983.64028,5853021.05644,0.3612,392
308,4.0,419983.32098,5853021.375740001,0.4605,392
308,4.5,419983.00168,5853021.758900001,0.4605,392
308,5.0,419982.68238,5853022.14206,0.4605,392
308,5.5,419982.36308,5853022.525220001,0.4039,392
308,6.0,419981.97992,5853022.908380001,0.4039,392
308,6.5,419981.66062,5853023.291540001,0.4039,392
308,7.0,419981.34132,5853023.674700001,0.3612,392
308,7.5,419981.02202000003,5853024.057860001,0.2856,392
308,8.0,419980.70272,5853024.441020001,0.2856,392
309,0.0,420124.45158,5853066.971780001,0.1277,214
309,0.5,420124.19614,5853067.354940001,0.4039,214
309,1.0,420123.9407,5853067.801960001,0.3612,214
309,1.5,420123.6214,5853068.248980001,0.4039,214
309,2.0,420123.36596,5853068.632140001,0.4039,214
309,2.5,420123.11052,5853069.079160001,0.4039,214
309,3.0,420122.91894,5853069.526180001,0.3612,214
309,3.5,420122.6635,5853069.973200001,0.4039,214
309,4.0,420122.40806,5853070.420220001,0.4039,214
309,4.5,420122.15262,5853070.80338,0.4605,214
309,5.0,420121.83332000003,5853071.250400001,0.4605,214
309,5.5,420121.57788,5853071.633560001,0.4605,214
309,6.0,420121.25858,5853072.016720001,0.3612,214
309,6.5,420121.00314,5853072.4637400005,0.4605,214
309,7.0,420120.68384,5853072.846900001,0.4605,214
309,7.5,420120.36454,5853073.230060001,0.4605,214
309,8.0,420120.1091,5853073.677080001,0.5266,214
310,0.0,420035.23916,5852976.929180001,0.8078,402
310,0.5,420035.04758,5852977.376200001,0.9975,402
310,1.0,420034.79214000003,5852977.823220001,0.921,402
310,1.5,420034.60056,5852978.27024,0.8568,402
310,2.0,420034.34512,5852978.717260001,0.8078,402
310,2.5,420034.08968000003,5852979.164280001,0.6878,402
310,3.0,420033.8981,5852979.611300001,0.6878,402
310,3.5,420033.64266,5852980.058320001,0.6386,402
310,4.0,420033.38722000003,5852980.4414800005,0.6878,402
310,4.5,420033.13178,5852980.888500001,0.6878,402
310,5.0,420032.87634,5852981.335520001,0.6386,402
310,5.5,420032.6209,5852981.782540001,0.6386,402
310,6.0,420032.36546,5852982.165700001,0.6386,402
310,6.5,420032.11002,5852982.612720001,0.6386,402
310,7.0,420031.85458,5852983.05974,0.5712,402
310,7.5,420031.59914,5852983.442900001,0.6386,402
310,8.0,420031.27984000003,5852983.889920001,0.5712,402
311,0.0,420067.36074000003,5853060.074900001,0.3612,332
311,0.5,420066.97758,5853060.458060001,0.2856,332
311,1.0,420066.65828000003,5853060.777360001,0.2856,332
311,1.5,420066.27512,5853061.096660001,0.2856,332
311,2.0,420065.89196,5853061.415960001,0.2856,332
311,2.5,420065.5088,5853061.73526,0.2856,332
311,3.0,420065.12564,5853062.118420001,0.2856,332
311,3.5,420064.80634,5853062.437720001,0.3612,332
311,4.0,420064.42318,5853062.75702,0.2856,332
311,4.5,420064.04002,5853063.076320001,0.2856,332
311,5.0,420063.593,5853063.395620001,0.2856,332
311,5.5,420063.20984,5853063.714920001,0.2856,332
311,6.0,420062.82668,5853064.034220001,0.2856,332
311,6.5,420062.44352000003,5853064.353520001,0.2554,332
311,7.0,420062.06036,5853064.608960001,0.2554,332
311,7.5,420061.67720000003,5853064.92826,0.2856,332
311,8.0,420061.23018,5853065.247560001,0.3612,332
312,0.0,420142.84326,5853068.823720001,0.2554,206
312,0.5,420142.84326,5853069.334600001,0.2554,206
312,1.0,420142.7794,5853069.845480001,0.2554,206
312,1.5,420142.7794,5853070.2925,0.3832,206
312,2.0,420142.65168,5853070.80338,0.3832,206
312,2.5,420142.58782,5853071.31426,0.3612,206
312,3.0,420142.52396,5853071.761280001,0.3612,206
312,3.5,420142.4601,5853072.272160001,0.2554,206
312,4.0,420142.33238,5853072.783040001,0.2554,206
312,4.5,420142.26852,5853073.293920001,0.3612,206
312,5.0,420142.20466,5853073.740940001,0.3832,206
312,5.5,420142.1408,5853074.251820001,0.3612,206
312,6.0,420142.07694,5853074.762700001,0.2554,206
312,6.5,420142.01308,5853075.273580001,0.2554,206
312,7.0,420142.01308,5853075.784460001,0.3612,206
312,7.5,420141.94922,5853076.231480001,0.2554,206
312,8.0,420141.94922,5853076.7423600005,0.2554,206
313,0.0,420111.93502000003,5853062.373860001,0.6386,231
313,0.5,420111.8073,5853062.884740001,0.4605,231
313,1.0,420111.67958,5853063.33176,0.4605,231
313,1.5,420111.55186,5853063.778780001,0.5266,231
313,2.0,420111.36028,5853064.289660001,0.5109,231
313,2.5,420111.23256000003,5853064.736680001,0.5109,231
313,3.0,420111.04098,5853065.247560001,0.4605,231
313,3.5,420110.91326,5853065.694580001,0.4605,231
313,4.0,420110.78554,5853066.205460001,0.5109,231
313,4.5,420110.65782,5853066.652480001,0.5109,231
313,5.0,420110.53010000003,5853067.163360001,0.4605,231
313,5.5,420110.33852,5853067.61038,0.4039,231
313,6.0,420110.2108,5853068.12126,0.4605,231
313,6.5,420110.01922,5853068.568280001,0.3832,231
313,7.0,420109.8915,5853069.079160001,0.4039,231
313,7.5,420109.76378,5853069.526180001,0.4605,231
313,8.0,420109.63606,5853070.037060001,0.4605,231
314,0.0,419986.89714,5853216.9150600005,0.2856,21
314,0.5,419986.70556000003,5853217.362080001,0.2856,21
314,1.0,419986.45012,5853217.809100001,0.3612,21
314,1.5,419986.19468,5853218.256120001,0.3612,21
314,2.0,419985.93924,5853218.639280001,0.3612,21
314,2.5,419985.6838,5853219.086300001,0.3612,21
314,3.0,419985.42836,5853219.53332,0.3612,21
314,3.5,419985.17292,5853219.980340001,0.3612,21
314,4.0,419984.91748,5853220.427360001,0.3832,21
314,4.5,419984.78976,5853220.874380001,0.3612,21
314,5.0,419984.4066,5853221.257540001,0.2856,21
314,5.5,419984.0873,5853221.576840001,0.2554,21
314,6.0,419983.83186000003,5853222.023860001,0.2554,21
314,6.5,419983.64028,5853222.470880001,0.2554,21
314,7.0,419983.4487,5853222.917900001,0.2554,21
314,7.5,419983.19326000003,5853223.364920001,0.1806,21
314,8.0,419983.00168,5853223.81194,0.2856,21
315,0.0,419972.65636,5853223.492640001,0.3832,11
315,0.5,419972.5925,5853224.003520001,0.3832,11
315,1.0,419972.52864000003,5853224.514400001,0.3832,11
315,1.5,419972.52864000003,5853224.9614200005,0.3832,11
315,2.0,419972.52864000003,5853225.4723000005,0.3832,11
315,2.5,419972.46478,5853225.98318,0.3832,11
315,3.0,419972.46478,5853226.49406,0.3832,11
315,3.5,419972.46478,5853227.00494,0.5109,11
315,4.0,419972.46478,5853227.451960001,0.5109,11
315,4.5,419972.46478,5853227.962840001,0.5109,11
315,5.0,419972.40092,5853228.473720001,0.3832,11
315,5.5,419972.40092,5853228.984600001,0.4605,11
315,6.0,419972.40092,5853229.495480001,0.4605,11
315,6.5,419972.33706,5853229.942500001,0.3832,11
315,7.0,419972.33706,5853230.453380001,0.5109,11
315,7.5,419972.33706,5853230.964260001,0.5109,11
315,8.0,419972.2732,5853231.475140001,0.5109,11
316,0.0,420362.84096,5853225.727740001,0.2554,769
316,0.5,420362.96868,5853226.238620001,0.5266,769
316,1.0,420362.90482,5853226.685640001,0.5109,769
316,1.5,420362.84096,5853227.196520001,0.5109,769
316,2.0,420362.7771,5853227.707400001,0.4039,769
316,2.5,420362.71324,5853228.218280001,0.5109,769
316,3.0,420362.64938,5853228.6653,0.5266,769
316,3.5,420362.52166,5853229.17618,0.4039,769
316,4.0,420362.45780000003,5853229.68706,0.4605,769
316,4.5,420362.33008,5853230.134080001,0.3832,769
316,5.0,420362.20236,5853230.644960001,0.4605,769
316,5.5,420362.07464,5853231.091980001,0.5109,769
316,6.0,420361.94692,5853231.602860001,0.5266,769
316,6.5,420361.8192,5853232.113740001,0.5109,769
316,7.0,420361.62762,5853232.560760001,0.5712,769
316,7.5,420361.43604,5853233.007780001,0.5109,769
316,8.0,420361.30832,5853233.5186600005,0.5266,769
317,0.0,419898.06788,5853029.996840001,0.5109,160
317,0.5,419898.13174,5853030.507720001,0.3832,160
317,1.0,419898.25946000003,5853030.954740001,0.3832,160
317,1.5,419898.38718,5853031.465620001,0.4039,160
317,2.0,419898.45104,5853031.976500001,0.3832,160
317,2.5,419898.5149,5853032.423520001,0.3832,160
317,3.0,419898.64262,5853032.934400001,0.4605,160
317,3.5,419898.70648,5853033.445280001,0.3832,160
317,4.0,419898.77034,5853033.9561600005,0.3832,160
317,4.5,419898.8342,5853034.40318,0.3832,160
317,5.0,419898.89806,5853034.914060001,0.3832,160
317,5.5,419899.02578,5853035.424940001,0.4039,160
317,6.0,419899.1535,5853035.871960001,0.4039,160
317,6.5,419899.21736,5853036.382840001,0.3832,160
317,7.0,419899.34508,5853036.893720001,0.5109,160
317,7.5,419899.4728,5853037.340740001,0.5109,160
317,8.0,419899.60052,5853037.851620001,0.5109,160
318,0.0,420042.32762,5853176.555540001,0.1277,583
318,0.5,420042.00832,5853176.938700001,0.3612,583
318,1.0,420041.75288,5853177.385720001,0.3612,583
318,1.5,420041.5613,5853177.83274,0.2856,583
318,2.0,420041.30586,5853178.279760001,0.3612,583
318,2.5,420041.05042,5853178.726780001,0.3612,583
318,3.0,420040.79498,5853179.109940001,0.2856,583
318,3.5,420040.6034,5853179.620820001,0.2856,583
318,4.0,420040.34796,5853180.0039800005,0.3612,583
318,4.5,420040.09252,5853180.451000001,0.2856,583
318,5.0,420039.90094,5853180.898020001,0.3612,583
318,5.5,420039.6455,5853181.345040001,0.3612,583
318,6.0,420039.39006,5853181.792060001,0.4039,583
318,6.5,420039.13462,5853182.175220001,0.4039,583
318,7.0,420038.94304,5853182.6861000005,0.4039,583
318,7.5,420038.75146,5853183.13312,0.3612,583
318,8.0,420038.49602,5853183.580140001,0.2856,583
319,0.0,420086.71032,5853098.1354600005,0.2554,54
319,0.5,420086.45488000003,5853098.582480001,0.2856,54
319,1.0,420086.19944,5853098.965640001,0.4039,54
319,1.5,420085.944,5853099.412660001,0.2856,54
319,2.0,420085.75242000003,5853099.859680001,0.3612,54
319,2.5,420085.49698,5853100.306700001,0.2856,54
319,3.0,420085.3054,5853100.75372,0.3612,54
319,3.5,420085.04996000003,5853101.200740001,0.3612,54
319,4.0,420084.79452,5853101.647760001,0.4039,54
319,4.5,420084.60294,5853102.094780001,0.4039,54
319,5.0,420084.34750000003,5853102.541800001,0.3612,54
319,5.5,420084.0282,5853102.92496,0.4039,54
319,6.0,420083.77276,5853103.371980001,0.4605,54
319,6.5,420083.51732,5853103.755140001,0.4605,54
319,7.0,420083.26188,5853104.202160001,0.4605,54
319,7.5,420083.00644,5853104.649180001,0.4039,54
319,8.0,420082.751,5853105.0962000005,0.5266,54
320,0.0,419936.00072,5853120.03944,0.3612,105
320,0.5,419935.68142,5853120.422600001,0.4605,105
320,1.0,419935.36212,5853120.805760001,0.3612,105
320,1.5,419934.97896,5853121.188920001,0.4605,105
320,2.0,419934.65966,5853121.572080001,0.4605,105
320,2.5,419934.34036000003,5853121.955240001,0.4605,105
320,3.0,419934.02106,5853122.338400001,0.4605,105
320,3.5,419933.70176,5853122.72156,0.3612,105
320,4.0,419933.44632,5853123.104720001,0.3612,105
320,4.5,419933.12702,5853123.487880001,0.4039,105
320,5.0,419932.80772,5853123.871040001,0.3612,105
320,5.5,419932.48842,5853124.254200001,0.3612,105
320,6.0,419932.16912000004,5853124.637360001,0.3612,105
320,6.5,419931.84982,5853125.020520001,0.2856,105
320,7.0,419931.59438,5853125.467540001,0.2856,105
320,7.5,419931.21122,5853125.850700001,0.4605,105
320,8.0,419930.89192,5853126.170000001,0.4605,105
321,0.0,420129.43266,5852986.061160001,0.4039,258
321,0.5,420129.24108,5852986.508180001,0.4039,258
321,1.0,420129.0495,5852986.955200001,0.3612,258
321,1.5,420128.85792,5852987.466080001,0.2856,258
321,2.0,420128.60248,5852987.849240001,0.2856,258
321,2.5,420128.4109,5852988.360120001,0.3612,258
321,3.0,420128.21932000003,5852988.807140001,0.2856,258
321,3.5,420128.02774,5852989.254160001,0.2856,258
321,4.0,420127.83616,5852989.701180001,0.2856,258
321,4.5,420127.58072,5852990.148200001,0.3612,258
321,5.0,420127.38914,5852990.5952200005,0.3612,258
321,5.5,420127.1337,5852991.042240001,0.2856,258
321,6.0,420126.87826,5852991.489260001,0.2856,258
321,6.5,420126.4951,5852991.808560001,0.2856,258
321,7.0,420126.11194000003,5852992.127860001,0.3612,258
321,7.5,420125.79264,5852992.511020001,0.2856,258
321,8.0,420125.5372,5852992.958040001,0.2856,258
322,0.0,420406.58506,5853191.498780001,0.2554,787
322,0.5,420406.58506,5853192.009660001,0.4605,787
322,1.0,420406.5212,5853192.520540001,0.4605,787
322,1.5,420406.32962000003,5853192.967560001,0.5712,787
322,2.0,420406.13804,5853193.414580001,0.5266,787
322,2.5,420406.01032,5853193.9254600005,0.6386,787
322,3.0,420405.8826,5853194.37248,0.6512,787
322,3.5,420405.69102,5853194.883360001,0.6878,787
322,4.0,420405.49944,5853195.330380001,0.6512,787
322,4.5,420405.30786,5853195.777400001,0.6386,787
322,5.0,420405.05242,5853196.224420001,0.7447,787
322,5.5,420404.79698,5853196.607580001,0.8078,787
322,6.0,420404.54154,5853197.0546,0.8078,787
322,6.5,420404.2861,5853197.501620001,0.7447,787
322,7.0,420404.03066,5853197.948640001,0.7447,787
322,7.5,420403.77522,5853198.331800001,0.8078,787
322,8.0,420403.51978000003,5853198.778820001,0.8078,787
323,0.0,419957.9047,5853057.392780001,0.1277,174
323,0.5,419957.39382,5853057.45664,0.1806,174
323,1.0,419956.88294,5853057.520500001,0.2554,174
323,1.5,419956.43592,5853057.648220001,0.2554,174
323,2.0,419955.92504,5853057.775940001,0.2554,174
323,2.5,419955.47802,5853057.839800001,0.2554,174
323,3.0,419954.96714,5853057.96752,0.3612,174
323,3.5,419954.52012,5853058.159100001,0.3612,174
323,4.0,419954.0731,5853058.414540001,0.1806,174
323,4.5,419953.62608,5853058.606120001,0.1806,174
323,5.0,419953.1152,5853058.797700001,0.2554,174
323,5.5,419952.66818,5853058.989280001,0.2554,174
323,6.0,419952.22116,5853059.117000001,0.3612,174
323,6.5,419951.71028,5853059.308580001,0.3832,174
323,7.0,419951.26326,5853059.500160001,0.4039,174
323,7.5,419950.81624,5853059.691740001,0.3612,174
323,8.0,419950.36922,5853059.883320001,0.3612,174
324,0.0,419997.37018,5853090.152960001,0.1277,100
324,0.5,419997.05088,5853090.536120001,0.1806,100
324,1.0,419996.73158,5853090.919280001,0.1806,100
324,1.5,419996.41228,5853091.302440001,0.2554,100
324,2.0,419996.09298,5853091.6856,0.2856,100
324,2.5,419995.77368,5853092.068760001,0.2856,100
324,3.0,419995.45438,5853092.451920001,0.2554,100
324,3.5,419995.13508,5853092.835080001,0.1806,100
324,4.0,419994.81578,5853093.218240001,0.1806,100
324,4.5,419994.49648000003,5853093.601400001,0.1806,100
324,5.0,419994.17718,5853093.984560001,0.2856,100
324,5.5,419993.79402000003,5853094.36772,0.2856,100
324,6.0,419993.47472,5853094.687020001,0.2856,100
324,6.5,419993.15542,5853095.070180001,0.2856,100
324,7.0,419992.83612,5853095.4533400005,0.2856,100
324,7.5,419992.51682,5853095.836500001,0.2856,100
324,8.0,419992.19752,5853096.219660001,0.2856,100
325,0.0,419991.17576,5853011.285860001,0.2554,392
325,0.5,419990.92032000003,5853011.732880001,0.2554,392
325,1.0,419990.72874,5853012.179900001,0.4605,392
325,1.5,419990.4733,5853012.563060001,0.3612,392
325,2.0,419990.154,5853012.946220001,0.3612,392
325,2.5,419989.8347,5853013.329380001,0.3612,392
325,3.0,419989.51540000003,5853013.712540001,0.3612,392
325,3.5,419989.13224,5853014.0957,0.4039,392
325,4.0,419988.81294000003,5853014.478860001,0.4605,392
325,4.5,419988.49364,5853014.862020001,0.3612,392
325,5.0,419988.17434,5853015.245180001,0.3612,392
325,5.5,419987.9189,5853015.628340001,0.3612,392
325,6.0,419987.5996,5853016.075360001,0.2856,392
325,6.5,419987.2803,5853016.458520001,0.2856,392
325,7.0,419986.961,5853016.841680001,0.2856,392
325,7.5,419986.6417,5853017.224840001,0.1806,392
325,8.0,419986.38626,5853017.608000001,0.2856,392
326,0.0,420116.21364000003,5853098.1354600005,0.1277,41
326,0.5,420116.14978,5853098.64634,0.2554,41
326,1.0,420116.02206,5853099.093360001,0.2554,41
326,1.5,420115.9582,5853099.604240001,0.2554,41
326,2.0,420115.83048,5853100.115120001,0.1277,41
326,2.5,420115.76662,5853100.626000001,0.1806,41
326,3.0,420115.70276,5853101.073020001,0.2554,41
326,3.5,420115.6389,5853101.583900001,0.2554,41
326,4.0,420115.57504,5853102.094780001,0.2554,41
326,4.5,420115.57504,5853102.605660001,0.3832,41
326,5.0,420115.51118000003,5853103.052680001,0.3832,41
326,5.5,420115.38346,5853103.563560001,0.3832,41
326,6.0,420115.3196,5853104.074440001,0.3832,41
326,6.5,420115.19188,5853104.52146,0.3832,41
326,7.0,420115.12802,5853105.03234,0.3832,41
326,7.5,420115.0003,5853105.543220001,0.3832,41
326,8.0,420114.87258,5853105.990240001,0.3612,41
327,0.0,420040.02866,5853170.744280001,0.1806,87
327,0.5,420039.77322000003,5853171.191300001,0.4039,87
327,1.0,420039.51778,5853171.638320001,0.4039,87
327,1.5,420039.3262,5853172.085340001,0.4605,87
327,2.0,420039.07076000003,5853172.532360001,0.4039,87
327,2.5,420038.87918,5853172.97938,0.4605,87
327,3.0,420038.6876,5853173.426400001,0.4039,87
327,3.5,420038.43216,5853173.873420001,0.4039,87
327,4.0,420038.24058,5853174.320440001,0.4605,87
327,4.5,420038.049,5853174.767460001,0.3832,87
327,5.0,420037.85742,5853175.214480001,0.3612,87
327,5.5,420037.60198,5853175.6615,0.4605,87
327,6.0,420037.34654,5853176.108520001,0.4605,87
327,6.5,420037.15496,5853176.555540001,0.5266,87
327,7.0,420036.89952,5853177.002560001,0.4605,87
327,7.5,420036.70794,5853177.449580001,0.4605,87
327,8.0,420036.4525,5853177.896600001,0.5266,87
328,0.0,420026.61806,5853208.485540001,0.1806,605
328,0.5,420026.42648,5853208.932560001,0.2856,605
328,1.0,420026.2349,5853209.37958,0.2856,605
328,1.5,420025.9156,5853209.826600001,0.2554,605
328,2.0,420025.72402,5853210.273620001,0.2554,605
328,2.5,420025.46858,5853210.720640001,0.2554,605
328,3.0,420025.21314,5853211.103800001,0.1277,605
328,3.5,420024.9577,5853211.5508200005,0.2554,605
328,4.0,420024.6384,5853211.933980001,0.1806,605
328,4.5,420024.38296,5853212.381000001,0.2554,605
328,5.0,420024.12752,5853212.828020001,0.2554,605
328,5.5,420023.87208,5853213.211180001,0.2856,605
328,6.0,420023.61664,5853213.6582,0.2554,605
328,6.5,420023.29734,5853214.041360001,0.2554,605
328,7.0,420022.97804,5853214.424520001,0.2554,605
328,7.5,420022.65874,5853214.807680001,0.1806,605
328,8.0,420022.33944,5853215.190840001,0.1806,605
329,0.0,420027.25666,5853193.797740001,0.2554,577
329,0.5,420027.00122000003,5853194.244760001,0.1806,577
329,1.0,420026.68192,5853194.627920001,0.2856,577
329,1.5,420026.42648,5853195.074940001,0.2856,577
329,2.0,420026.17104,5853195.4581,0.2856,577
329,2.5,420025.85174,5853195.905120001,0.3612,577
329,3.0,420025.59630000003,5853196.288280001,0.3612,577
329,3.5,420025.34086,5853196.735300001,0.2856,577
329,4.0,420025.08542,5853197.1184600005,0.2856,577
329,4.5,420024.76612,5853197.565480001,0.2856,577
329,5.0,420024.51068,5853197.948640001,0.2856,577
329,5.5,420024.25524,5853198.395660001,0.3612,577
329,6.0,420023.9998,5853198.842680001,0.2856,577
329,6.5,420023.74436,5853199.289700001,0.2856,577
329,7.0,420023.48892000003,5853199.672860001,0.3612,577
329,7.5,420023.23348,5853200.119880001,0.3612,577
329,8.0,420023.0419,5853200.566900001,0.2554,577
330,0.0,419989.96242,5853011.094280001,0.2554,392
330,0.5,419989.77084,5853011.541300001,0.2856,392
330,1.0,419989.51540000003,5853011.9883200005,0.2856,392
330,1.5,419989.25996,5853012.435340001,0.2856,392
330,2.0,419989.00452,5853012.818500001,0.3612,392
330,2.5,419988.74908,5853013.265520001,0.3612,392
330,3.0,419988.49364,5853013.712540001,0.2856,392
330,3.5,419988.17434,5853014.0957,0.2856,392
330,4.0,419987.9189,5853014.542720001,0.3612,392
330,4.5,419987.66346,5853014.925880001,0.3612,392
330,5.0,419987.40802000003,5853015.372900001,0.2856,392
330,5.5,419987.08872,5853015.7560600005,0.2856,392
330,6.0,419986.83328,5853016.203080001,0.3612,392
330,6.5,419986.57784,5853016.650100001,0.2856,392
330,7.0,419986.25854,5853017.033260001,0.3612,392
330,7.5,419986.00310000003,5853017.480280001,0.3612,392
330,8.0,419985.81152,5853017.927300001,0.2554,392
331,0.0,419910.07356,5853075.401300001,0.2554,144
331,0.5,419909.62654,5853075.6567400005,0.2856,144
331,1.0,419909.24338,5853075.912180001,0.2856,144
331,1.5,419908.79636,5853076.231480001,0.2856,144
331,2.0,419908.4132,5853076.486920001,0.2856,144
331,2.5,419907.96618,5853076.7423600005,0.1806,144
331,3.0,419907.58302,5853077.061660001,0.1806,144
331,3.5,419907.136,5853077.317100001,0.2554,144
331,4.0,419906.68898,5853077.572540001,0.2554,144
331,4.5,419906.30582,5853077.8279800005,0.2856,144
331,5.0,419905.8588,5853078.083420001,0.1806,144
331,5.5,419905.47564,5853078.402720001,0.2856,144
331,6.0,419905.02862,5853078.658160001,0.3612,144
331,6.5,419904.58160000003,5853078.913600001,0.2856,144
331,7.0,419904.19844,5853079.232900001,0.3612,144
331,7.5,419903.81528,5853079.488340001,0.3612,144
331,8.0,419903.36826,5853079.743780001,0.3832,144
332,0.0,420143.7373,5853038.554080001,0.4605,279
332,0.5,420143.418,5853038.937240001,0.3612,279
332,1.0,420143.09870000003,5853039.320400001,0.2856,279
332,1.5,420142.84326,5853039.76742,0.2856,279
332,2.0,420142.58782,5853040.150580001,0.2856,279
332,2.5,420142.26852,5853040.597600001,0.3612,279
332,3.0,420142.01308,5853040.980760001,0.4039,279
332,3.5,420141.69378000003,5853041.4277800005,0.4605,279
332,4.0,420141.43834,5853041.810940001,0.4605,279
332,4.5,420141.05518,5853042.194100001,0.2856,279
332,5.0,420140.73588,5853042.5134000005,0.1277,279
332,5.5,420140.35272,5853042.896560001,0.1277,279
332,6.0,420140.03342,5853043.215860001,0.1277,279
332,6.5,420139.65026,5853043.599020001,0.1806,279
332,7.0,420139.33096,5853043.982180001,0.1806,279
332,7.5,420139.07552,5853044.365340001,0.2554,279
332,8.0,420138.75622,5853044.748500001,0.3612,279
333,0.0,419958.92646,5853134.088640001,0.2554,604
333,0.5,419958.60716,5853134.4718,0.3612,604
333,1.0,419958.28786,5853134.854960001,0.3612,604
333,1.5,419957.96856,5853135.238120001,0.3612,604
333,2.0,419957.5854,5853135.621280001,0.4039,604
333,2.5,419957.2661,5853135.940580001,0.3612,604
333,3.0,419956.94680000003,5853136.323740001,0.3612,604
333,3.5,419956.6275,5853136.706900001,0.3612,604
333,4.0,419956.3082,5853137.090060001,0.4605,604
333,4.5,419955.9889,5853137.473220001,0.4605,604
333,5.0,419955.6696,5853137.856380001,0.4605,604
333,5.5,419955.3503,5853138.23954,0.4605,604
333,6.0,419955.031,5853138.622700001,0.5266,604
333,6.5,419954.7117,5853139.005860001,0.5419,604
333,7.0,419954.3924,5853139.389020001,0.5419,604
333,7.5,419954.0731,5853139.772180001,0.5419,604
333,8.0,419953.7538,5853140.155340001,0.5419,604
334,0.0,420351.66546,5853234.221120001,0.6386,763
334,0.5,420351.66546,5853234.732000001,0.6386,763
334,1.0,420351.6016,5853235.242880001,0.5109,763
334,1.5,420351.53774,5853235.689900001,0.5109,763
334,2.0,420351.53774,5853236.200780001,0.5109,763
334,2.5,420351.47388,5853236.7116600005,0.5109,763
334,3.0,420351.47388,5853237.22254,0.4605,763
334,3.5,420351.2823,5853237.669560001,0.5109,763
334,4.0,420351.21844,5853238.180440001,0.5266,763
334,4.5,420351.09072,5853238.691320001,0.5109,763
334,5.0,420351.09072,5853239.138340001,0.6386,763
334,5.5,420351.02686,5853239.649220001,0.6386,763
334,6.0,420350.963,5853240.160100001,0.6386,763
334,6.5,420350.89914,5853240.670980001,0.6386,763
334,7.0,420350.83528,5853241.118000001,0.5712,763
334,7.5,420350.77142,5853241.628880001,0.6386,763
334,8.0,420350.70756,5853242.139760001,0.6386,763
335,0.0,420356.90198,5853199.034260001,0.3612,783
335,0.5,420356.64654,5853199.481280001,0.2856,783
335,1.0,420356.32724,5853199.864440001,0.2856,783
335,1.5,420356.07180000003,5853200.31146,0.3612,783
335,2.0,420355.81636,5853200.694620001,0.3612,783
335,2.5,420355.49706,5853201.141640001,0.3612,783
335,3.0,420355.24162,5853201.524800001,0.4605,783
335,3.5,420354.92232,5853201.90796,0.3612,783
335,4.0,420354.66688000003,5853202.354980001,0.3612,783
335,4.5,420354.34758,5853202.738140001,0.4605,783
335,5.0,420354.02828,5853203.121300001,0.4039,783
335,5.5,420353.77284,5853203.568320001,0.4605,783
335,6.0,420353.5174,5853203.951480001,0.4605,783
335,6.5,420353.1981,5853204.334640001,0.4605,783
335,7.0,420352.8788,5853204.781660001,0.4605,783
335,7.5,420352.55950000003,5853205.1648200005,0.4605,783
335,8.0,420352.2402,5853205.547980001,0.3612,783
336,0.0,420025.97946,5853192.77598,0.4039,576
336,0.5,420025.78788,5853193.223000001,0.5266,576
336,1.0,420025.53244,5853193.670020001,0.4605,576
336,1.5,420025.34086,5853194.117040001,0.5266,576
336,2.0,420025.08542,5853194.564060001,0.5266,576
336,2.5,420024.82998,5853195.011080001,0.4605,576
336,3.0,420024.6384,5853195.4581,0.4605,576
336,3.5,420024.38296,5853195.905120001,0.5266,576
336,4.0,420024.19138000003,5853196.352140001,0.4605,576
336,4.5,420023.93594,5853196.735300001,0.4605,576
336,5.0,420023.74436,5853197.246180001,0.4605,576
336,5.5,420023.48892000003,5853197.62934,0.5266,576
336,6.0,420023.23348,5853198.076360001,0.5266,576
336,6.5,420022.97804,5853198.523380001,0.4605,576
336,7.0,420022.78646000003,5853198.970400001,0.4605,576
336,7.5,420022.53102,5853199.417420001,0.5266,576
336,8.0,420022.27558,5853199.864440001,0.5712,576
337,0.0,420001.71266,5853031.657200001,0.1806,381
337,0.5,420001.45722,5853032.104220001,0.3612,381
337,1.0,420001.26564,5853032.551240001,0.2856,381
337,1.5,420001.07406,5853032.998260001,0.2554,381
337,2.0,420000.94634,5853033.509140001,0.3612,381
337,2.5,420000.75476,5853033.9561600005,0.2856,381
337,3.0,420000.62704,5853034.40318,0.3612,381
337,3.5,420000.43546,5853034.914060001,0.3612,381
337,4.0,420000.24388,5853035.361080001,0.2856,381
337,4.5,420000.11616000003,5853035.871960001,0.3612,381
337,5.0,419999.92458,5853036.318980001,0.3612,381
337,5.5,419999.733,5853036.766000001,0.2856,381
337,6.0,419999.60528,5853037.276880001,0.3612,381
337,6.5,419999.41370000003,5853037.723900001,0.3612,381
337,7.0,419999.22212,5853038.17092,0.2554,381
337,7.5,419999.0944,5853038.6818,0.3612,381
337,8.0,419998.90282,5853039.128820001,0.3612,381
338,0.0,420069.6597,5853068.632140001,0.4039,247
338,0.5,420069.46812000003,5853069.079160001,0.3832,247
338,1.0,420069.27654,5853069.590040001,0.3832,247
338,1.5,420069.14882,5853070.037060001,0.3612,247
338,2.0,420068.95724,5853070.484080001,0.3832,247
338,2.5,420068.76566000003,5853070.931100001,0.3832,247
338,3.0,420068.57408,5853071.441980001,0.3832,247
338,3.5,420068.3825,5853071.889,0.3612,247
338,4.0,420068.19092,5853072.336020001,0.2856,247
338,4.5,420067.99934,5853072.783040001,0.2554,247
338,5.0,420067.87162,5853073.293920001,0.2856,247
338,5.5,420067.7439,5853073.740940001,0.3612,247
338,6.0,420067.55232,5853074.251820001,0.2856,247
338,6.5,420067.4246,5853074.698840001,0.3612,247
338,7.0,420067.23302,5853075.209720001,0.2856,247
338,7.5,420067.04144,5853075.6567400005,0.2554,247
339,0.0,420052.48136000003,5853056.562600001,0.3612,338
339,0.5,420052.22592,5853057.009620001,0.2856,338
339,1.0,420051.90662,5853057.392780001,0.3612,338
339,1.5,420051.65118,5853057.775940001,0.3612,338
339,2.0,420051.33188,5853058.222960001,0.3612,338
339,2.5,420051.01258,5853058.606120001,0.3612,338
339,3.0,420050.69328,5853058.989280001,0.3612,338
339,3.5,420050.43784,5853059.372440001,0.2856,338
339,4.0,420050.11854,5853059.755600001,0.3612,338
339,4.5,420049.79924,5853060.1387600005,0.2856,338
339,5.0,420049.47994,5853060.585780001,0.2856,338
339,5.5,420049.2245,5853060.968940001,0.2856,338
339,6.0,420048.96906000003,5853061.415960001,0.2856,338
339,6.5,420048.64976,5853061.799120001,0.2856,338
339,7.0,420048.39432,5853062.182280001,0.3612,338
339,7.5,420048.07502,5853062.629300001,0.2856,338
340,0.0,419853.8129,5853100.178980001,0.1277,131
340,0.5,419853.62132000003,5853100.626000001,0.2856,131
340,1.0,419853.42974,5853101.073020001,0.3612,131
340,1.5,419853.30202,5853101.583900001,0.4039,131
340,2.0,419853.1743,5853102.094780001,0.4039,131
340,2.5,419853.04658,5853102.541800001,0.4039,131
340,3.0,419852.91886000003,5853103.052680001,0.4039,131
340,3.5,419852.79114,5853103.4997000005,0.4039,131
340,4.0,419852.66342,5853104.0105800005,0.4039,131
340,4.5,419852.5357,5853104.457600001,0.3832,131
340,5.0,419852.40798,5853104.968480001,0.4605,131
340,5.5,419852.28026,5853105.415500001,0.4605,131
340,6.0,419852.08868,5853105.926380001,0.3832,131
340,6.5,419851.96096,5853106.373400001,0.3832,131
340,7.0,419851.83324,5853106.884280001,0.4039,131
340,7.5,419851.64166,5853107.331300001,0.4605,131
341,0.0,420001.39336,5853009.242340001,0.2554,398
341,0.5,420001.3295,5853009.753220001,0.2554,398
341,1.0,420001.20178,5853010.200240001,0.2554,398
341,1.5,420001.0102,5853010.711120001,0.2554,398
341,2.0,420000.81862000003,5853011.158140001,0.1806,398
341,2.5,420000.6909,5853011.605160001,0.2856,398
341,3.0,420000.49932,5853012.116040001,0.2554,398
341,3.5,420000.3716,5853012.563060001,0.2856,398
341,4.0,420000.24388,5853013.0739400005,0.2554,398
341,4.5,420000.11616000003,5853013.520960001,0.2856,398
341,5.0,419999.98844,5853014.031840001,0.2856,398
341,5.5,419999.79686,5853014.478860001,0.3612,398
341,6.0,419999.66914,5853014.989740001,0.3832,398
341,6.5,419999.54142,5853015.436760001,0.4039,398
341,7.0,419999.34984,5853015.947640001,0.3832,398
341,7.5,419999.22212,5853016.394660001,0.4039,398
342,0.0,419896.2798,5853081.148700001,0.2856,139
342,0.5,419896.08822000003,5853081.595720001,0.2856,139
342,1.0,419895.89664,5853082.04274,0.3612,139
342,1.5,419895.70506,5853082.55362,0.2554,139
342,2.0,419895.44962,5853082.936780001,0.2554,139
342,2.5,419895.25804,5853083.447660001,0.3612,139
342,3.0,419895.06646,5853083.894680001,0.2856,139
342,3.5,419894.87488,5853084.341700001,0.2856,139
342,4.0,419894.61944,5853084.788720001,0.2856,139
342,4.5,419894.42786,5853085.23574,0.3612,139
342,5.0,419894.23628,5853085.682760001,0.2856,139
342,5.5,419893.98084000003,5853086.129780001,0.3612,139
342,6.0,419893.78926,5853086.576800001,0.3612,139
342,6.5,419893.53382,5853087.023820001,0.3612,139
342,7.0,419893.34224,5853087.470840001,0.4039,139
342,7.5,419893.0868,5853087.91786,0.4039,139
343,0.0,420347.51456,5853313.72682,0.1277,723
343,0.5,420348.02544,5853313.790680001,0.2554,723
343,1.0,420348.47246,5853313.854540001,0.2554,723
343,1.5,420348.98334000004,5853313.982260001,0.2554,723
343,2.0,420349.49422,5853314.046120001,0.2554,723
343,2.5,420350.0051,5853314.046120001,0.2554,723
343,3.0,420350.51598,5853314.109980001,0.2554,723
343,3.5,420350.963,5853314.109980001,0.2554,723
343,4.0,420351.47388,5853314.109980001,0.2554,723
343,4.5,420351.98476,5853314.109980001,0.2554,723
343,5.0,420352.49564,5853314.173840001,0.2554,723
343,5.5,420353.00652,5853314.2377,0.2554,723
343,6.0,420353.45354,5853314.3015600005,0.2554,723
343,6.5,420353.96442000003,5853314.365420001,0.2554,723
343,7.0,420354.4753,5853314.429280001,0.2856,723
343,7.5,420354.92232,5853314.620860001,0.1806,723
344,0.0,420345.98192,5853232.560760001,0.1277,759
344,0.5,420346.04578,5853233.071640001,0.2554,759
344,1.0,420346.10964,5853233.582520001,0.3832,759
344,1.5,420346.10964,5853234.0295400005,0.3612,759
344,2.0,420346.04578,5853234.54042,0.3832,759
344,2.5,420345.91806,5853235.0513,0.2856,759
344,3.0,420345.91806,5853235.562180001,0.3832,759
344,3.5,420345.8542,5853236.009200001,0.3832,759
344,4.0,420345.79034,5853236.520080001,0.3832,759
344,4.5,420345.72648,5853237.030960001,0.3832,759
344,5.0,420345.66262,5853237.541840001,0.1806,759
344,5.5,420345.5349,5853237.988860001,0.2554,759
344,6.0,420345.40718,5853238.499740001,0.2554,759
344,6.5,420345.34332,5853239.010620001,0.3832,759
344,7.0,420345.27946,5853239.457640001,0.5109,759
344,7.5,420345.15174,5853239.968520001,0.5266,759
345,0.0,419940.02390000003,5853041.172340001,0.6878,169
345,0.5,419939.76846,5853041.619360001,0.6386,169
345,1.0,419939.57688,5853042.066380001,0.6386,169
345,1.5,419939.32144,5853042.5134000005,0.5712,169
345,2.0,419939.12986,5853042.96042,0.6386,169
345,2.5,419938.93828,5853043.407440001,0.5712,169
345,3.0,419938.68284,5853043.854460001,0.5712,169
345,3.5,419938.49126,5853044.301480001,0.6386,169
345,4.0,419938.23582,5853044.748500001,0.5712,169
345,4.5,419938.04424,5853045.1955200005,0.6386,169
345,5.0,419937.85266000003,5853045.64254,0.6386,169
345,5.5,419937.59722,5853046.089560001,0.5712,169
345,6.0,419937.40564,5853046.536580001,0.6386,169
345,6.5,419937.15020000003,5853046.983600001,0.5712,169
345,7.0,419936.95862,5853047.494480001,0.6878,169
345,7.5,419936.76704,5853047.941500001,0.6878,169
346,0.0,419925.3361,5853191.881940001,0.5266,4
346,0.5,419925.20838,5853192.392820001,0.6386,4
346,1.0,419925.0168,5853192.8398400005,0.6386,4
346,1.5,419924.76136,5853193.223000001,0.6386,4
346,2.0,419924.56978,5853193.733880001,0.6878,4
346,2.5,419924.3782,5853194.180900001,0.6878,4
346,3.0,419924.12276,5853194.627920001,0.6878,4
346,3.5,419923.93118,5853195.074940001,0.7447,4
346,4.0,419923.73960000003,5853195.5219600005,0.7447,4
346,4.5,419923.48416,5853195.968980001,0.6878,4
346,5.0,419923.29258,5853196.416000001,0.7447,4
346,5.5,419923.03714000003,5853196.863020001,0.6878,4
346,6.0,419922.84556,5853197.310040001,0.6878,4
346,6.5,419922.65398,5853197.820920001,0.8078,4
346,7.0,419922.4624,5853198.267940001,0.8078,4
346,7.5,419922.20696,5853198.7149600005,0.7447,4
347,0.0,420177.32766,5853219.150160001,0.1277,444
347,0.5,420177.45538,5853219.661040001,0.3832,444
347,1.0,420177.39152,5853220.10806,0.2554,444
347,1.5,420177.39152,5853220.61894,0.3832,444
347,2.0,420177.39152,5853221.12982,0.3832,444
347,2.5,420177.32766,5853221.640700001,0.2554,444
347,3.0,420177.32766,5853222.151580001,0.2554,444
347,3.5,420177.32766,5853222.598600001,0.2554,444
347,4.0,420177.32766,5853223.109480001,0.3832,444
347,4.5,420177.32766,5853223.620360001,0.3832,444
347,5.0,420177.32766,5853224.131240001,0.3832,444
347,5.5,420177.2638,5853224.642120001,0.3832,444
347,6.0,420177.19994,5853225.089140001,0.4605,444
347,6.5,420177.13608,5853225.600020001,0.4039,444
347,7.0,420177.13608,5853226.110900001,0.5109,444
347,7.5,420177.07222000003,5853226.621780001,0.5109,444
348,0.0,420108.10342,5852972.586700001,0.4039,301
348,0.5,420107.84798,5852973.033720001,0.2856,301
348,1.0,420107.72026000003,5852973.4807400005,0.3612,301
348,1.5,420107.52868,5852973.927760001,0.2856,301
348,2.0,420107.3371,5852974.438640001,0.2554,301
348,2.5,420107.14552,5852974.885660001,0.2554,301
348,3.0,420106.95394,5852975.332680001,0.2856,301
348,3.5,420106.6985,5852975.779700001,0.2554,301
348,4.0,420106.44306,5852976.226720001,0.2856,301
348,4.5,420106.18762,5852976.609880001,0.2856,301
348,5.0,420105.93218,5852977.056900001,0.2554,301
348,5.5,420105.67674,5852977.503920001,0.2554,301
348,6.0,420105.48516,5852977.950940001,0.2856,301
348,6.5,420105.22972,5852978.397960001,0.2856,301
348,7.0,420105.03814,5852978.8449800005,0.3612,301
348,7.5,420104.84656000003,5852979.292,0.4039,301
349,0.0,419970.16582,5853211.806260001,0.2856,17
349,0.5,419969.84652,5853212.189420001,0.2856,17
349,1.0,419969.52722,5853212.57258,0.2554,17
349,1.5,419969.20792,5853212.955740001,0.1806,17
349,2.0,419968.95248,5853213.402760001,0.1806,17
349,2.5,419968.63318,5853213.785920001,0.1806,17
349,3.0,419968.31388000003,5853214.16908,0.2856,17
349,3.5,419967.99458,5853214.552240001,0.2856,17
349,4.0,419967.67528,5853214.935400001,0.2856,17
349,4.5,419967.35598,5853215.3185600005,0.2856,17
349,5.0,419967.03668,5853215.701720001,0.2856,17
349,5.5,419966.78124,5853216.148740001,0.1806,17
349,6.0,419966.46194,5853216.531900001,0.2856,17
349,6.5,419966.14264000003,5853216.9150600005,0.2856,17
349,7.0,419965.82334,5853217.298220001,0.3612,17
349,7.5,419965.50404,5853217.681380001,0.4039,17
350,0.0,420046.92554,5853167.10426,0.1806,583
350,0.5,420046.6701,5853167.551280001,0.1277,583
350,1.0,420046.3508,5853167.934440001,0.1806,583
350,1.5,420046.15922000003,5853168.381460001,0.2554,583
350,2.0,420045.90378,5853168.828480001,0.2554,583
350,2.5,420045.7122,5853169.2755,0.2554,583
350,3.0,420045.52062,5853169.722520001,0.1806,583
350,3.5,420045.26518,5853170.169540001,0.2554,583
350,4.0,420045.0736,5853170.616560001,0.3612,583
350,4.5,420044.81816,5853171.063580001,0.2856,583
350,5.0,420044.56272,5853171.510600001,0.2554,583
350,5.5,420044.37114,5853171.9576200005,0.2554,583
350,6.0,420044.17956,5853172.404640001,0.2554,583
350,6.5,420043.98798000003,5853172.851660001,0.2856,583
350,7.0,420043.73254,5853173.298680001,0.2554,583
350,7.5,420043.54096,5853173.745700001,0.2856,583
351,0.0,420122.72736,5853092.068760001,0.2856,44
351,0.5,420122.40806,5853092.451920001,0.2856,44
351,1.0,420122.15262,5853092.898940001,0.3612,44
351,1.5,420121.89718,5853093.2821,0.3612,44
351,2.0,420121.64174,5853093.729120001,0.3612,44
351,2.5,420121.3863,5853094.176140001,0.2856,44
351,3.0,420121.067,5853094.559300001,0.3612,44
351,3.5,420120.81156,5853095.006320001,0.3612,44
351,4.0,420120.55612,5853095.38948,0.3612,44
351,4.5,420120.23682,5853095.836500001,0.4039,44
351,5.0,420119.98138,5853096.219660001,0.4039,44
351,5.5,420119.66208,5853096.666680001,0.3612,44
351,6.0,420119.34278,5853097.04984,0.3612,44
351,6.5,420119.08734,5853097.433000001,0.3612,44
351,7.0,420118.76804,5853097.816160001,0.4039,44
351,7.5,420118.5126,5853098.263180001,0.3612,44
352,0.0,420076.30114,5853173.298680001,0.1277,556
352,0.5,420075.98184,5853173.681840001,0.5109,556
352,1.0,420075.79026,5853174.1288600005,0.5266,556
352,1.5,420075.59868,5853174.57588,0.5266,556
352,2.0,420075.34324,5853175.022900001,0.5266,556
352,2.5,420075.15166000003,5853175.469920001,0.5712,556
352,3.0,420074.96008,5853175.980800001,0.6386,556
352,3.5,420074.7685,5853176.427820001,0.5109,556
352,4.0,420074.64078,5853176.874840001,0.5266,556
352,4.5,420074.44920000003,5853177.385720001,0.5266,556
352,5.0,420074.25762,5853177.83274,0.5712,556
352,5.5,420074.00218,5853178.279760001,0.5712,556
352,6.0,420073.8106,5853178.726780001,0.5266,556
352,6.5,420073.55516,5853179.173800001,0.4605,556
352,7.0,420073.36358,5853179.620820001,0.4039,556
352,7.5,420073.172,5853180.067840001,0.5266,556
353,0.0,420205.23448,5853046.025700001,0.1277,1121
353,0.5,420204.97904,5853046.472720001,0.3832,1121
353,1.0,420204.7236,5853046.919740001,0.4039,1121
353,1.5,420204.53202,5853047.366760001,0.4605,1121
353,2.0,420204.34044,5853047.81378,0.4039,1121
353,2.5,420204.085,5853048.260800001,0.3612,1121
353,3.0,420203.82956,5853048.643960001,0.4039,1121
353,3.5,420203.51026,5853049.090980001,0.4039,1121
353,4.0,420203.25482000003,5853049.4741400005,0.4039,1121
353,4.5,420202.99938,5853049.92116,0.3612,1121
353,5.0,420202.68008,5853050.304320001,0.4605,1121
353,5.5,420202.36078,5853050.687480001,0.5419,1121
353,6.0,420202.04148,5853051.0706400005,0.5419,1121
353,6.5,420201.72218,5853051.453800001,0.5419,1121
353,7.0,420201.40288,5853051.836960001,0.4605,1121
353,7.5,420201.08358000003,5853052.220120001,0.6386,1121
354,0.0,419996.98702,5853050.176600001,0.5419,188
354,0.5,419996.60386000003,5853050.559760001,0.4605,188
354,1.0,419996.28456,5853050.879060001,0.4039,188
354,1.5,419995.90140000003,5853051.198360001,0.3612,188
354,2.0,419995.51824,5853051.51766,0.1806,188
354,2.5,419995.13508,5853051.836960001,0.2554,188
354,3.0,419994.68806,5853052.0924,0.2856,188
354,3.5,419994.3049,5853052.411700001,0.3612,188
354,4.0,419993.92174,5853052.731000001,0.3612,188
354,4.5,419993.53858,5853053.050300001,0.3612,188
354,5.0,419993.15542,5853053.369600001,0.2856,188
354,5.5,419992.77226,5853053.7527600005,0.2856,188
354,6.0,419992.45296,5853054.072060001,0.3612,188
354,6.5,419992.0698,5853054.391360001,0.3612,188
354,7.0,419991.68664,5853054.710660001,0.4039,188
354,7.5,419991.30348,5853055.029960001,0.4605,188
355,0.0,420124.26,5852994.043660001,0.3612,258
355,0.5,420124.13228,5852994.554540001,0.4039,258
355,1.0,420124.00456000003,5852995.001560001,0.5109,258
355,1.5,420123.74912,5852995.448580001,0.4039,258
355,2.0,420123.6214,5852995.8956,0.5266,258
355,2.5,420123.42982,5852996.406480001,0.5712,258
355,3.0,420123.23824000004,5852996.853500001,0.5266,258
355,3.5,420123.04666,5852997.300520001,0.5266,258
355,4.0,420122.85508,5852997.747540001,0.5266,258
355,4.5,420122.6635,5852998.258420001,0.5266,258
355,5.0,420122.47192,5852998.705440001,0.5266,258
355,5.5,420122.28034,5852999.1524600005,0.5266,258
355,6.0,420122.08876,5852999.599480001,0.5266,258
355,6.5,420121.89718,5853000.046500001,0.5266,258
355,7.0,420121.64174,5853000.557380001,0.4605,258
355,7.5,420121.45016,5853001.004400001,0.4605,258
356,0.0,419827.88574,5853153.885240001,0.4039,120
356,0.5,419827.69416,5853154.3322600005,0.4039,120
356,1.0,419827.50258000003,5853154.77928,0.3612,120
356,1.5,419827.311,5853155.290160001,0.3612,120
356,2.0,419827.18328,5853155.737180001,0.2856,120
356,2.5,419826.92784,5853156.184200001,0.2856,120
356,3.0,419826.73626000003,5853156.631220001,0.2856,120
356,3.5,419826.54468,5853157.142100001,0.2856,120
356,4.0,419826.3531,5853157.589120001,0.2856,120
356,4.5,419826.22538,5853158.03614,0.3612,120
356,5.0,419826.03380000003,5853158.54702,0.3612,120
356,5.5,419825.84222,5853158.994040001,0.3612,120
356,6.0,419825.65064,5853159.441060001,0.3612,120
356,6.5,419825.45906,5853159.888080001,0.3612,120
356,7.0,419825.26748,5853160.398960001,0.4039,120
356,7.5,419825.0759,5853160.845980001,0.4605,120
357,0.0,420043.4771,5853205.228680001,0.1806,39
357,0.5,420043.09394,5853205.61184,0.1806,39
357,1.0,420042.77464,5853205.931140001,0.1806,39
357,1.5,420042.39148,5853206.314300001,0.1806,39
357,2.0,420042.00832,5853206.633600001,0.1806,39
357,2.5,420041.62516,5853206.952900001,0.1806,39
357,3.0,420041.30586,5853207.2722000005,0.1806,39
357,3.5,420040.9227,5853207.591500001,0.2856,39
357,4.0,420040.53954,5853207.974660001,0.2856,39
357,4.5,420040.22024,5853208.29396,0.1806,39
357,5.0,420039.83708,5853208.677120001,0.2554,39
357,5.5,420039.45392,5853208.996420001,0.1806,39
357,6.0,420039.13462,5853209.37958,0.2856,39
357,6.5,420038.81532,5853209.698880001,0.2856,39
357,7.0,420038.43216,5853210.082040001,0.2856,39
357,7.5,420038.049,5853210.337480001,0.1806,39
358,0.0,419989.13224,5853171.319020001,0.1806,71
358,0.5,419988.74908,5853171.638320001,0.1806,71
358,1.0,419988.36592,5853171.9576200005,0.1806,71
358,1.5,419987.9189,5853172.213060001,0.1806,71
358,2.0,419987.53574,5853172.532360001,0.1806,71
358,2.5,419987.15258,5853172.787800001,0.1806,71
358,3.0,419986.70556000003,5853173.107100001,0.1806,71
358,3.5,419986.3224,5853173.426400001,0.1277,71
358,4.0,419985.93924,5853173.681840001,0.1806,71
358,4.5,419985.49222,5853174.001140001,0.1806,71
358,5.0,419985.10906,5853174.320440001,0.1806,71
358,5.5,419984.7259,5853174.6397400005,0.1806,71
358,6.0,419984.34274,5853174.959040001,0.1806,71
358,6.5,419983.95958,5853175.214480001,0.1277,71
358,7.0,419983.51256,5853175.469920001,0.3612,71
358,7.5,419983.12940000003,5853175.789220001,0.2856,71
359,0.0,420058.73964,5853238.116580001,0.1277,552
359,0.5,420058.4842,5853238.563600001,0.3612,552
359,1.0,420058.29262,5853239.010620001,0.3612,552
359,1.5,420058.10104,5853239.457640001,0.3612,552
359,2.0,420057.90946,5853239.9046600005,0.3832,552
359,2.5,420057.65402,5853240.351680001,0.2554,552
359,3.0,420057.5263,5853240.862560001,0.3612,552
359,3.5,420057.33472,5853241.309580001,0.3612,552
359,4.0,420057.14314,5853241.756600001,0.3612,552
359,4.5,420056.95156,5853242.203620001,0.3612,552
359,5.0,420056.75998000003,5853242.714500001,0.3612,552
359,5.5,420056.5684,5853243.161520001,0.3832,552
359,6.0,420056.37682,5853243.60854,0.3832,552
359,6.5,420056.18524,5853244.055560001,0.3612,552
359,7.0,420055.99366,5853244.566440001,0.3832,552
359,7.5,420055.80208,5853245.013460001,0.3612,552
360,0.0,420018.38012,5853069.909340001,0.3612,358
360,0.5,420017.99696,5853070.228640001,0.2856,358
360,1.0,420017.54994,5853070.484080001,0.3612,358
360,1.5,420017.16678,5853070.739520001,0.4039,358
360,2.0,420016.78362,5853071.058820001,0.4605,358
360,2.5,420016.3366,5853071.3781200005,0.4605,358
360,3.0,420015.95344,5853071.697420001,0.3612,358
360,3.5,420015.57028,5853071.952860001,0.4605,358
360,4.0,420015.18712,5853072.272160001,0.3612,358
360,4.5,420014.7401,5853072.527600001,0.3612,358
360,5.0,420014.35694,5853072.846900001,0.4039,358
360,5.5,420013.97378,5853073.166200001,0.4605,358
360,6.0,420013.59062000003,5853073.4855,0.3612,358
360,6.5,420013.1436,5853073.740940001,0.4039,358
360,7.0,420012.76044,5853074.0602400005,0.4039,358
360,7.5,420012.37728,5853074.379540001,0.4039,358
361,0.0,420020.29592,5853221.768420001,0.4039,30
361,0.5,420020.04048,5853222.151580001,0.4605,30
361,1.0,420019.78504,5853222.598600001,0.4039,30
361,1.5,420019.46574,5853223.045620001,0.4605,30
361,2.0,420019.21030000004,5853223.428780001,0.4605,30
361,2.5,420018.95486,5853223.8758000005,0.4605,30
361,3.0,420018.69942,5853224.322820001,0.5266,30
361,3.5,420018.44398,5853224.769840001,0.4605,30
361,4.0,420018.18854,5853225.153000001,0.4605,30
361,4.5,420017.9331,5853225.600020001,0.4605,30
361,5.0,420017.67766,5853226.047040001,0.4039,30
361,5.5,420017.42222,5853226.430200001,0.4605,30
361,6.0,420017.10292000003,5853226.877220001,0.4605,30
361,6.5,420016.84748,5853227.260380001,0.3612,30
361,7.0,420016.6559,5853227.771260001,0.3612,30
361,7.5,420016.46432,5853228.218280001,0.1277,30
362,0.0,420114.55328,5853054.519080001,0.1277,231
362,0.5,420114.55328,5853055.029960001,0.3832,231
362,1.0,420114.42556,5853055.476980001,0.4039,231
362,1.5,420114.29784,5853055.987860001,0.5109,231
362,2.0,420114.10626000003,5853056.434880001,0.4039,231
362,2.5,420113.97854,5853056.9457600005,0.4605,231
362,3.0,420113.85082,5853057.392780001,0.3832,231
362,3.5,420113.65924,5853057.839800001,0.4605,231
362,4.0,420113.46766,5853058.350680001,0.4039,231
362,4.5,420113.27608,5853058.797700001,0.3612,231
362,5.0,420113.14836,5853059.308580001,0.4039,231
362,5.5,420112.95678,5853059.755600001,0.3832,231
362,6.0,420112.7652,5853060.202620001,0.2856,231
362,6.5,420112.63748000003,5853060.713500001,0.3832,231
362,7.0,420112.50976,5853061.16052,0.2856,231
362,7.5,420112.4459,5853061.671400001,0.4039,231
363,0.0,420106.89008,5852922.967480001,0.2856,289
363,0.5,420106.6985,5852923.414500001,0.2856,289
363,1.0,420106.57078,5852923.925380001,0.2554,289
363,1.5,420106.3792,5852924.372400001,0.2554,289
363,2.0,420106.18762,5852924.819420001,0.2554,289
363,2.5,420105.99604,5852925.3303000005,0.2554,289
363,3.0,420105.80446,5852925.777320001,0.2554,289
363,3.5,420105.67674,5852926.224340001,0.2856,289
363,4.0,420105.48516,5852926.735220001,0.3612,289
363,4.5,420105.35744,5852927.182240001,0.4039,289
363,5.0,420105.16586,5852927.693120001,0.4605,289
363,5.5,420104.97428,5852928.140140001,0.4039,289
363,6.0,420104.84656000003,5852928.587160001,0.5266,289
363,6.5,420104.65498,5852929.03418,0.5109,289
363,7.0,420104.4634,5852929.54506,0.5266,289
363,7.5,420104.33568,5852929.992080001,0.4039,289
364,0.0,419878.46286,5853079.616060001,0.3612,151
364,0.5,419878.20742,5853080.063080001,0.2856,151
364,1.0,419877.88812,5853080.44624,0.2856,151
364,1.5,419877.63268,5853080.893260001,0.2554,151
364,2.0,419877.37724,5853081.276420001,0.2554,151
364,2.5,419877.05794,5853081.723440001,0.2856,151
364,3.0,419876.8025,5853082.1066000005,0.2554,151
364,3.5,419876.54706,5853082.55362,0.2856,151
364,4.0,419876.29162000003,5853083.000640001,0.2856,151
364,4.5,419876.03618,5853083.383800001,0.2856,151
364,5.0,419875.78074,5853083.830820001,0.2856,151
364,5.5,419875.5253,5853084.277840001,0.2554,151
364,6.0,419875.26986,5853084.661000001,0.2554,151
364,6.5,419874.95056,5853085.108020001,0.2554,151
364,7.0,419874.69512,5853085.491180001,0.2856,151
364,7.5,419874.37582,5853085.874340001,0.2856,151
365,0.0,420150.7619,5853046.983600001,0.1277,222
365,0.5,420150.63418,5853047.494480001,0.2554,222
365,1.0,420150.57032,5853047.941500001,0.2554,222
365,1.5,420150.50646,5853048.452380001,0.2554,222
365,2.0,420150.4426,5853048.963260001,0.2554,222
365,2.5,420150.4426,5853049.4741400005,0.2554,222
365,3.0,420150.37874,5853049.92116,0.2554,222
365,3.5,420150.25102,5853050.432040001,0.1806,222
365,4.0,420150.25102,5853050.942920001,0.2554,222
365,4.5,420150.18716000003,5853051.453800001,0.3612,222
365,5.0,420150.1233,5853051.900820001,0.3832,222
365,5.5,420150.05944,5853052.411700001,0.3832,222
365,6.0,420149.99558,5853052.922580001,0.3832,222
365,6.5,420149.93172,5853053.433460001,0.3612,222
365,7.0,420149.86786,5853053.880480001,0.2554,222
365,7.5,420149.804,5853054.391360001,0.2554,222
366,0.0,420169.08972,5853058.350680001,0.1277,196
366,0.5,420169.02586,5853058.861560001,0.3612,196
366,1.0,420168.83428,5853059.308580001,0.2856,196
366,1.5,420168.6427,5853059.755600001,0.3612,196
366,2.0,420168.51498,5853060.266480001,0.2554,196
366,2.5,420168.3234,5853060.713500001,0.3612,196
366,3.0,420168.13182,5853061.16052,0.2554,196
366,3.5,420167.87638000003,5853061.607540001,0.3612,196
366,4.0,420167.6848,5853062.054560001,0.5266,196
366,4.5,420167.49322,5853062.501580001,0.5266,196
366,5.0,420167.30164,5853062.948600001,0.5109,196
366,5.5,420167.0462,5853063.459480001,0.5109,196
366,6.0,420166.91848,5853063.9065000005,0.5712,196
366,6.5,420166.7269,5853064.353520001,0.5712,196
366,7.0,420166.59918,5853064.864400001,0.6512,196
366,7.5,420166.40760000004,5853065.311420001,0.7447,196
367,0.0,420136.01024000003,5853065.566860001,0.2554,210
367,0.5,420135.62708,5853065.886160001,0.1806,210
367,1.0,420135.24392,5853066.205460001,0.1806,210
367,1.5,420134.86076,5853066.52476,0.1806,210
367,2.0,420134.41374,5853066.780200001,0.1277,210
367,2.5,420134.03058,5853067.0995000005,0.1806,210
367,3.0,420133.64742,5853067.418800001,0.2554,210
367,3.5,420133.20040000003,5853067.674240001,0.1806,210
367,4.0,420132.81724,5853067.929680001,0.1806,210
367,4.5,420132.37022,5853068.1851200005,0.2554,210
367,5.0,420131.98706,5853068.504420001,0.1806,210
367,5.5,420131.54004,5853068.759860001,0.2554,210
367,6.0,420131.15688,5853069.015300001,0.2554,210
367,6.5,420130.70986,5853069.334600001,0.2554,210
367,7.0,420130.26284,5853069.590040001,0.1806,210
367,7.5,420129.87968,5853069.909340001,0.2856,210
368,0.0,420080.70748,5853171.255160001,0.1806,556
368,0.5,420080.38818,5853171.638320001,0.1806,556
368,1.0,420080.00502,5853172.021480001,0.1806,556
368,1.5,420079.68572,5853172.340780001,0.2554,556
368,2.0,420079.43028000003,5853172.787800001,0.1277,556
368,2.5,420079.17484,5853173.234820001,0.1806,556
368,3.0,420078.85554,5853173.617980001,0.2856,556
368,3.5,420078.53624,5853173.937280001,0.2856,556
368,4.0,420078.15308,5853174.256580001,0.3612,556
368,4.5,420077.76992,5853174.6397400005,0.2856,556
368,5.0,420077.45062,5853174.959040001,0.3612,556
368,5.5,420077.06746,5853175.342200001,0.2856,556
368,6.0,420076.74816,5853175.7253600005,0.1806,556
368,6.5,420076.42886,5853176.108520001,0.2554,556
368,7.0,420076.10956,5853176.491680001,0.1806,556
368,7.5,420075.85412000003,5853176.938700001,0.2554,556
369,0.0,420043.92412,5853026.229100001,0.5712,368
369,0.5,420043.73254,5853026.676120001,0.5109,368
369,1.0,420043.54096,5853027.123140001,0.3832,368
369,1.5,420043.34938,5853027.570160001,0.2856,368
369,2.0,420043.09394,5853028.081040001,0.2554,368
369,2.5,420042.90236,5853028.52806,0.2856,368
369,3.0,420042.64692,5853028.975080001,0.1806,368
369,3.5,420042.45534,5853029.358240001,0.2856,368
369,4.0,420042.13604,5853029.805260001,0.2856,368
369,4.5,420041.88060000003,5853030.252280001,0.2856,368
369,5.0,420041.62516,5853030.635440001,0.2856,368
369,5.5,420041.36972,5853031.082460001,0.2856,368
369,6.0,420041.11428,5853031.529480001,0.2856,368
369,6.5,420040.85884,5853031.912640001,0.3612,368
369,7.0,420040.6034,5853032.359660001,0.2856,368
369,7.5,420040.34796,5853032.80668,0.2856,368
370,0.0,420012.69658,5853229.878640001,0.4605,1119
370,0.5,420012.37728,5853230.2618,0.3612,1119
370,1.0,420011.99412,5853230.644960001,0.3612,1119
370,1.5,420011.67482,5853230.964260001,0.3612,1119
370,2.0,420011.29166,5853231.3474200005,0.2856,1119
370,2.5,420010.97236,5853231.666720001,0.2856,1119
370,3.0,420010.5892,5853232.049880001,0.2856,1119
370,3.5,420010.20604,5853232.36918,0.1806,1119
370,4.0,420009.82288,5853232.624620001,0.2554,1119
370,4.5,420009.37586000003,5853232.880060001,0.3612,1119
370,5.0,420008.92884,5853233.135500001,0.3612,1119
370,5.5,420008.54568,5853233.390940001,0.2856,1119
370,6.0,420008.16252,5853233.774100001,0.3612,1119
370,6.5,420007.77936,5853234.093400001,0.3612,1119
370,7.0,420007.46006,5853234.412700001,0.3612,1119
370,7.5,420007.01304,5853234.732000001,0.4039,1119
371,0.0,420337.2331,5853338.31292,0.3612,712
371,0.5,420337.16924,5853338.8238,0.4039,712
371,1.0,420336.97766000003,5853339.270820001,0.3612,712
371,1.5,420336.84994,5853339.717840001,0.2856,712
371,2.0,420336.65836,5853340.228720001,0.2554,712
371,2.5,420336.53064,5853340.739600001,0.3612,712
371,3.0,420336.40292,5853341.186620001,0.3832,712
371,3.5,420336.27520000003,5853341.633640001,0.3832,712
371,4.0,420336.08362,5853342.144520001,0.4039,712
371,4.5,420335.9559,5853342.59154,0.3832,712
371,5.0,420335.82818,5853343.102420001,0.3832,712
371,5.5,420335.70046,5853343.613300001,0.3832,712
371,6.0,420335.57274000003,5853344.060320001,0.2856,712
371,6.5,420335.44502,5853344.571200001,0.3832,712
371,7.0,420335.25344,5853345.018220001,0.4039,712
372,0.0,420298.2785,5853267.428320001,0.4039,730
372,0.5,420298.08692000003,5853267.875340001,0.4605,730
372,1.0,420297.89534,5853268.322360001,0.4605,730
372,1.5,420297.6399,5853268.76938,0.4605,730
372,2.0,420297.44832,5853269.216400001,0.4605,730
372,2.5,420297.19288,5853269.663420001,0.5266,730
372,3.0,420296.93744,5853270.110440001,0.5712,730
372,3.5,420296.74586,5853270.557460001,0.5712,730
372,4.0,420296.49042,5853271.004480001,0.5266,730
372,4.5,420296.29884,5853271.4515,0.5712,730
372,5.0,420296.10726,5853271.898520001,0.5266,730
372,5.5,420295.85182,5853272.345540001,0.5712,730
372,6.0,420295.59638,5853272.792560001,0.6386,730
372,6.5,420295.34094,5853273.175720001,0.5712,730
372,7.0,420295.0855,5853273.6227400005,0.4605,730
373,0.0,420031.15212,5853017.799580001,0.1277,374
373,0.5,420030.76896,5853018.118880001,0.2856,374
373,1.0,420030.3858,5853018.502040001,0.2856,374
373,1.5,420030.0665,5853018.821340001,0.2856,374
373,2.0,420029.7472,5853019.204500001,0.2856,374
373,2.5,420029.4279,5853019.587660001,0.1806,374
373,3.0,420029.1086,5853019.97082,0.2856,374
373,3.5,420028.7893,5853020.353980001,0.2856,374
373,4.0,420028.40614,5853020.673280001,0.2856,374
373,4.5,420028.02298,5853020.992580001,0.2856,374
373,5.0,420027.63982,5853021.311880001,0.2856,374
373,5.5,420027.25666,5853021.6311800005,0.3612,374
373,6.0,420026.8735,5853022.014340001,0.3612,374
373,6.5,420026.5542,5853022.333640001,0.3612,374
373,7.0,420026.2349,5853022.7168000005,0.2856,374
374,0.0,420141.11904,5853082.872920001,0.2554,201
374,0.5,420141.05518,5853083.383800001,0.2554,201
374,1.0,420140.99132000003,5853083.894680001,0.3832,201
374,1.5,420140.92746000004,5853084.341700001,0.3832,201
374,2.0,420140.92746000004,5853084.852580001,0.3832,201
374,2.5,420140.92746000004,5853085.363460001,0.3832,201
374,3.0,420140.8636,5853085.874340001,0.3832,201
374,3.5,420140.8636,5853086.3852200005,0.5109,201
374,4.0,420140.79974,5853086.83224,0.4039,201
374,4.5,420140.73588,5853087.343120001,0.5109,201
374,5.0,420140.60816,5853087.854000001,0.3832,201
374,5.5,420140.5443,5853088.364880001,0.3832,201
374,6.0,420140.48044,5853088.811900001,0.4039,201
374,6.5,420140.35272,5853089.322780001,0.3832,201
374,7.0,420140.28886000003,5853089.833660001,0.3832,201
375,0.0,420098.01354,5853063.459480001,0.1277,237
375,0.5,420097.82196000003,5853063.9065000005,0.1277,237
375,1.0,420097.7581,5853064.41738,0.2554,237
375,1.5,420097.69424,5853064.92826,0.2554,237
375,2.0,420097.63038,5853065.375280001,0.2856,237
375,2.5,420097.50266,5853065.886160001,0.2856,237
375,3.0,420097.37494,5853066.397040001,0.2554,237
375,3.5,420097.31108,5853066.907920001,0.2554,237
375,4.0,420097.24722,5853067.354940001,0.2554,237
375,4.5,420097.18336,5853067.865820001,0.2554,237
375,5.0,420097.11950000003,5853068.376700001,0.2856,237
375,5.5,420097.05564000004,5853068.887580001,0.3612,237
375,6.0,420096.99178,5853069.334600001,0.2554,237
375,6.5,420096.92792,5853069.845480001,0.2554,237
375,7.0,420096.86406,5853070.356360001,0.2554,237
376,0.0,420097.11950000003,5853063.651060001,0.2554,239
376,0.5,420096.99178,5853064.161940001,0.3832,239
376,1.0,420096.86406,5853064.608960001,0.3832,239
376,1.5,420096.73634,5853065.119840001,0.3832,239
376,2.0,420096.60862,5853065.566860001,0.3832,239
376,2.5,420096.4809,5853066.077740001,0.3832,239
376,3.0,420096.35318000003,5853066.52476,0.3832,239
376,3.5,420096.1616,5853067.03564,0.3832,239
376,4.0,420096.03388,5853067.482660001,0.3612,239
376,4.5,420095.97002,5853067.993540001,0.2856,239
376,5.0,420095.77844,5853068.440560001,0.2554,239
376,5.5,420095.65072000003,5853068.951440001,0.2554,239
376,6.0,420095.58686,5853069.462320001,0.2856,239
376,6.5,420095.45914,5853069.909340001,0.4039,239
376,7.0,420095.26756,5853070.356360001,0.4039,239
377,0.0,419973.48654,5853206.69746,0.2554,11
377,0.5,419973.48654,5853207.20834,0.2554,11
377,1.0,419973.42268,5853207.719220001,0.2554,11
377,1.5,419973.42268,5853208.166240001,0.2554,11
377,2.0,419973.42268,5853208.677120001,0.2554,11
377,2.5,419973.42268,5853209.188000001,0.2554,11
377,3.0,419973.42268,5853209.698880001,0.2554,11
377,3.5,419973.42268,5853210.209760001,0.2554,11
377,4.0,419973.48654,5853210.656780001,0.2554,11
377,4.5,419973.48654,5853211.167660001,0.2554,11
377,5.0,419973.42268,5853211.678540001,0.2554,11
377,5.5,419973.42268,5853212.189420001,0.2554,11
377,6.0,419973.35882,5853212.700300001,0.2554,11
377,6.5,419973.35882,5853213.211180001,0.2554,11
377,7.0,419973.35882,5853213.6582,0.1806,11
378,0.0,420017.6138,5853196.990740001,0.1806,27
378,0.5,420017.23064,5853197.310040001,0.1806,27
378,1.0,420016.84748,5853197.62934,0.1277,27
378,1.5,420016.40046000003,5853197.884780001,0.1277,27
378,2.0,420016.0173,5853198.2040800005,0.1806,27
378,2.5,420015.63414,5853198.523380001,0.1806,27
378,3.0,420015.18712,5853198.778820001,0.1806,27
378,3.5,420014.86782,5853199.098120001,0.2856,27
378,4.0,420014.48466,5853199.417420001,0.2856,27
378,4.5,420014.1015,5853199.8005800005,0.2856,27
378,5.0,420013.7822,5853200.119880001,0.2856,27
378,5.5,420013.4629,5853200.503040001,0.2856,27
378,6.0,420013.07974,5853200.8862000005,0.2856,27
378,6.5,420012.69658,5853201.205500001,0.2856,27
378,7.0,420012.31342,5853201.524800001,0.1806,27
379,0.0,420025.02156,5853025.3989200005,0.7663,375
379,0.5,420025.02156,5853025.9098000005,0.6386,375
379,1.0,420024.9577,5853026.42068,0.5109,375
379,1.5,420024.9577,5853026.867700001,0.5109,375
379,2.0,420024.9577,5853027.378580001,0.6386,375
379,2.5,420024.89384000003,5853027.889460001,0.5109,375
379,3.0,420024.89384000003,5853028.400340001,0.5109,375
379,3.5,420024.89384000003,5853028.911220001,0.5109,375
379,4.0,420024.89384000003,5853029.358240001,0.5109,375
379,4.5,420024.89384000003,5853029.869120001,0.6386,375
379,5.0,420024.89384000003,5853030.380000001,0.6386,375
379,5.5,420024.89384000003,5853030.890880001,0.6386,375
379,6.0,420024.89384000003,5853031.401760001,0.6386,375
379,6.5,420024.89384000003,5853031.912640001,0.6386,375
379,7.0,420024.82998,5853032.359660001,0.6386,375
380,0.0,420181.79786,5853062.565440001,0.2856,194
380,0.5,420181.54242,5853063.012460001,0.2856,194
380,1.0,420181.35084,5853063.459480001,0.2554,194
380,1.5,420181.0954,5853063.9065000005,0.2856,194
380,2.0,420180.83996,5853064.289660001,0.3612,194
380,2.5,420180.58452000003,5853064.736680001,0.2856,194
380,3.0,420180.39294,5853065.183700001,0.3612,194
380,3.5,420180.1375,5853065.630720001,0.2856,194
380,4.0,420179.94592,5853066.077740001,0.2856,194
380,4.5,420179.69048,5853066.52476,0.2856,194
380,5.0,420179.43504,5853066.971780001,0.2856,194
380,5.5,420179.17960000003,5853067.354940001,0.3612,194
380,6.0,420178.8603,5853067.801960001,0.3612,194
380,6.5,420178.66872,5853068.248980001,0.3612,194
380,7.0,420178.41328,5853068.696,0.3612,194
381,0.0,420176.43362,5853107.906040001,0.2554,191
381,0.5,420176.24204,5853108.353060001,0.2856,191
381,1.0,420175.9866,5853108.80008,0.2856,191
381,1.5,420175.79502,5853109.247100001,0.2554,191
381,2.0,420175.60344000004,5853109.694120001,0.2554,191
381,2.5,420175.41186,5853110.205000001,0.2554,191
381,3.0,420175.15642,5853110.588160001,0.4039,191
381,3.5,420174.90098000003,5853111.035180001,0.4039,191
381,4.0,420174.7094,5853111.4822,0.4039,191
381,4.5,420174.45396,5853111.929220001,0.2856,191
381,5.0,420174.32624,5853112.440100001,0.3832,191
381,5.5,420174.13466,5853112.887120001,0.4039,191
381,6.0,420173.94308,5853113.334140001,0.4039,191
381,6.5,420173.7515,5853113.781160001,0.4039,191
381,7.0,420173.49606000003,5853114.228180001,0.4605,191
382,0.0,420121.19472,5852982.165700001,0.6386,306
382,0.5,420120.93928,5852982.612720001,0.5266,306
382,1.0,420120.68384,5852983.05974,0.2856,306
382,1.5,420120.42840000003,5852983.442900001,0.1277,306
382,2.0,420120.04524,5852983.762200001,0.4039,306
382,2.5,420119.72594000003,5852984.081500001,0.8078,306
382,3.0,420119.40664,5852984.528520001,0.8568,306
382,3.5,420119.1512,5852984.911680001,0.7447,306
382,4.0,420118.89576,5852985.358700001,0.8178,306
382,4.5,420118.64032,5852985.8057200005,0.7447,306
382,5.0,420118.32102000003,5852986.188880001,0.7447,306
382,5.5,420118.06558,5852986.635900001,0.8178,306
382,6.0,420117.81014,5852987.019060001,0.8178,306
382,6.5,420117.49084,5852987.466080001,0.7447,306
382,7.0,420117.2354,5852987.849240001,0.7447,306
383,0.0,420129.24108,5853092.643500001,0.2554,546
383,0.5,420129.0495,5853093.090520001,0.2554,546
383,1.0,420128.79406,5853093.537540001,0.2554,546
383,1.5,420128.53862,5853093.984560001,0.2554,546
383,2.0,420128.28318,5853094.36772,0.1806,546
383,2.5,420128.0916,5853094.814740001,0.2554,546
383,3.0,420127.7723,5853095.261760001,0.2554,546
383,3.5,420127.51686000003,5853095.708780001,0.2554,546
383,4.0,420127.26142,5853096.091940001,0.1806,546
383,4.5,420127.06984,5853096.602820001,0.3612,546
383,5.0,420126.81440000003,5853096.985980001,0.1806,546
383,5.5,420126.62282,5853097.496860001,0.2554,546
383,6.0,420126.43124,5853097.943880001,0.2554,546
383,6.5,420126.23966,5853098.390900001,0.2554,546
383,7.0,420126.04808,5853098.837920001,0.2856,546
384,0.0,420014.7401,5852996.151040001,0.2856,400
384,0.5,420014.67624,5852996.661920001,0.3612,400
384,1.0,420014.48466,5852997.108940001,0.3612,400
384,1.5,420014.29308000003,5852997.5559600005,0.3612,400
384,2.0,420014.03764,5852998.002980001,0.2856,400
384,2.5,420013.84606,5852998.450000001,0.2856,400
384,3.0,420013.65448,5852998.960880001,0.4039,400
384,3.5,420013.4629,5852999.407900001,0.4039,400
384,4.0,420013.27132,5852999.854920001,0.4039,400
384,4.5,420013.07974,5853000.301940001,0.4039,400
384,5.0,420012.8243,5853000.74896,0.3612,400
384,5.5,420012.63272,5853001.195980001,0.4605,400
384,6.0,420012.44114,5853001.643000001,0.4605,400
384,6.5,420012.18570000003,5853002.090020001,0.5266,400
384,7.0,420011.99412,5853002.537040001,0.4605,400
385,0.0,419817.15726,5853093.090520001,0.3612,127
385,0.5,419816.90182,5853093.537540001,0.2856,127
385,1.0,419816.58252,5853093.920700001,0.3612,127
385,1.5,419816.32708,5853094.36772,0.3612,127
385,2.0,419816.07164,5853094.750880001,0.3612,127
385,2.5,419815.75234,5853095.197900001,0.3612,127
385,3.0,419815.4969,5853095.581060001,0.3612,127
385,3.5,419815.24146,5853096.028080001,0.3612,127
385,4.0,419814.98602,5853096.4751,0.3612,127
385,4.5,419814.73058000003,5853096.858260001,0.3612,127
385,5.0,419814.47514,5853097.305280001,0.3612,127
385,5.5,419814.2197,5853097.752300001,0.3612,127
385,6.0,419813.96426,5853098.1354600005,0.3612,127
385,6.5,419813.70882,5853098.582480001,0.3612,127
385,7.0,419813.45338,5853099.029500001,0.3612,127
386,0.0,419987.9189,5853173.617980001,0.1806,600
386,0.5,419987.53574,5853173.873420001,0.2856,600
386,1.0,419987.08872,5853174.192720001,0.2554,600
386,1.5,419986.70556000003,5853174.512020001,0.1806,600
386,2.0,419986.25854,5853174.767460001,0.1806,600
386,2.5,419985.87538,5853175.022900001,0.1806,600
386,3.0,419985.42836,5853175.214480001,0.1806,600
386,3.5,419984.98134,5853175.469920001,0.1806,600
386,4.0,419984.53432000004,5853175.7253600005,0.1277,600
386,4.5,419984.0873,5853175.980800001,0.1806,600
386,5.0,419983.64028,5853176.108520001,0.1806,600
386,5.5,419983.19326000003,5853176.363960001,0.1277,600
386,6.0,419982.74624,5853176.555540001,0.2554,600
386,6.5,419982.29922,5853176.8109800005,0.1806,600
386,7.0,419981.8522,5853177.002560001,0.1806,600
387,0.0,419877.50496,5853067.163360001,0.3832,154
387,0.5,419877.37724,5853067.674240001,0.4605,154
387,1.0,419877.24952,5853068.12126,0.4039,154
387,1.5,419877.05794,5853068.568280001,0.4039,154
387,2.0,419876.86636,5853069.079160001,0.4039,154
387,2.5,419876.67478,5853069.526180001,0.4039,154
387,3.0,419876.54706,5853069.973200001,0.4605,154
387,3.5,419876.35548,5853070.484080001,0.4605,154
387,4.0,419876.1639,5853070.931100001,0.5266,154
387,4.5,419875.97232,5853071.3781200005,0.5266,154
387,5.0,419875.78074,5853071.825140001,0.5266,154
387,5.5,419875.58916000003,5853072.272160001,0.4605,154
387,6.0,419875.33372,5853072.783040001,0.5266,154
387,6.5,419875.14214,5853073.230060001,0.5266,154
387,7.0,419874.88670000003,5853073.613220001,0.5266,154
388,0.0,420069.72356,5853077.700260001,0.1806,245
388,0.5,420069.40426,5853078.083420001,0.2554,245
388,1.0,420069.08496,5853078.466580001,0.2856,245
388,1.5,420068.7018,5853078.84974,0.3612,245
388,2.0,420068.3825,5853079.232900001,0.2856,245
388,2.5,420068.06320000003,5853079.616060001,0.2856,245
388,3.0,420067.7439,5853079.999220001,0.2856,245
388,3.5,420067.4246,5853080.318520001,0.2856,245
388,4.0,420067.04144,5853080.701680001,0.1806,245
388,4.5,420066.72214,5853081.084840001,0.1806,245
388,5.0,420066.4667,5853081.468000001,0.2554,245
388,5.5,420066.1474,5853081.851160001,0.2856,245
388,6.0,420065.8281,5853082.234320001,0.2856,245
388,6.5,420065.5088,5853082.6174800005,0.3612,245
388,7.0,420065.1895,5853083.000640001,0.3612,245
389,0.0,419964.41842,5853071.569700001,0.1806,178
389,0.5,419964.2907,5853072.080580001,0.5109,178
389,1.0,419964.35456,5853072.527600001,0.5109,178
389,1.5,419964.41842,5853073.038480001,0.5109,178
389,2.0,419964.48228,5853073.5493600005,0.5109,178
389,2.5,419964.54614,5853074.0602400005,0.5109,178
389,3.0,419964.54614,5853074.57112,0.5109,178
389,3.5,419964.61,5853075.018140001,0.5109,178
389,4.0,419964.67386,5853075.529020001,0.5266,178
389,4.5,419964.73772000003,5853076.039900001,0.5266,178
389,5.0,419964.80158,5853076.550780001,0.5712,178
389,5.5,419964.80158,5853076.997800001,0.5109,178
389,6.0,419964.86544,5853077.508680001,0.5109,178
389,6.5,419964.99316,5853078.019560001,0.6386,178
389,7.0,419965.05702,5853078.466580001,0.6386,178
390,0.0,420044.24342,5853097.496860001,0.2856,75
390,0.5,420043.86026,5853097.880020001,0.1806,75
390,1.0,420043.54096,5853098.199320001,0.1806,75
390,1.5,420043.1578,5853098.582480001,0.1806,75
390,2.0,420042.8385,5853098.901780001,0.1806,75
390,2.5,420042.45534,5853099.284940001,0.2856,75
390,3.0,420042.13604,5853099.604240001,0.2856,75
390,3.5,420041.75288,5853099.987400001,0.1806,75
390,4.0,420041.36972,5853100.306700001,0.2554,75
390,4.5,420041.05042,5853100.626000001,0.2856,75
390,5.0,420040.66726,5853101.009160001,0.2856,75
390,5.5,420040.34796,5853101.32846,0.2554,75
390,6.0,420039.9648,5853101.647760001,0.2856,75
390,6.5,420039.58164,5853102.030920001,0.2856,75
390,7.0,420039.26234,5853102.35022,0.2856,75
391,0.0,420060.91088,5853047.3029000005,0.1277,337
391,0.5,420060.46386,5853047.558340001,0.1806,337
391,1.0,420060.14456,5853047.877640001,0.1806,337
391,1.5,420059.69754,5853048.196940001,0.1806,337
391,2.0,420059.31438,5853048.516240001,0.2554,337
391,2.5,420058.99508,5853048.835540001,0.2856,337
391,3.0,420058.61192,5853049.154840001,0.2856,337
391,3.5,420058.22876,5853049.538000001,0.2856,337
391,4.0,420057.8456,5853049.857300001,0.2856,337
391,4.5,420057.5263,5853050.176600001,0.2856,337
391,5.0,420057.14314,5853050.559760001,0.2856,337
391,5.5,420056.75998000003,5853050.879060001,0.3612,337
391,6.0,420056.37682,5853051.262220001,0.3612,337
391,6.5,420056.05752000003,5853051.5815200005,0.3612,337
391,7.0,420055.6105,5853051.836960001,0.1806,337
392,0.0,420138.05376,5853125.40368,0.2554,535
392,0.5,420137.60674,5853125.659120001,0.1806,535
392,1.0,420137.22358,5853125.9784200005,0.1806,535
392,1.5,420136.77656,5853126.233860001,0.1806,535
392,2.0,420136.3934,5853126.4893000005,0.1806,535
392,2.5,420135.94638,5853126.744740001,0.2554,535
392,3.0,420135.49936,5853127.00018,0.1806,535
392,3.5,420135.1162,5853127.319480001,0.2856,535
392,4.0,420134.73304,5853127.5749200005,0.2554,535
392,4.5,420134.28602,5853127.830360001,0.1806,535
392,5.0,420133.839,5853128.0858000005,0.2856,535
392,5.5,420133.45584,5853128.405100001,0.1806,535
392,6.0,420133.07268,5853128.724400001,0.1806,535
392,6.5,420132.68952,5853129.043700001,0.1806,535
392,7.0,420132.37022,5853129.363000001,0.1806,535
393,0.0,419878.7183,5853067.03564,0.7663,152
393,0.5,419878.84602,5853067.546520001,0.6386,152
393,1.0,419878.90988,5853067.993540001,0.6386,152
393,1.5,419878.97374,5853068.504420001,0.5712,152
393,2.0,419879.0376,5853069.015300001,0.5109,152
393,2.5,419879.10146000003,5853069.526180001,0.4039,152
393,3.0,419879.22918,5853069.973200001,0.4039,152
393,3.5,419879.29304,5853070.484080001,0.3612,152
393,4.0,419879.42076,5853070.994960001,0.2856,152
393,4.5,419879.54848,5853071.441980001,0.3612,152
393,5.0,419879.74006,5853071.889,0.4605,152
393,5.5,419879.80392000003,5853072.39988,0.5109,152
393,6.0,419879.93164,5853072.910760001,0.5712,152
393,6.5,419880.05936,5853073.357780001,0.5109,152
393,7.0,419880.12322,5853073.868660001,0.5109,152
394,0.0,419990.09014,5853073.038480001,0.4039,183
394,0.5,419989.70698,5853073.357780001,0.4605,183
394,1.0,419989.32382,5853073.677080001,0.4605,183
394,1.5,419988.8768,5853073.932520001,0.4039,183
394,2.0,419988.49364,5853074.251820001,0.4605,183
394,2.5,419988.11048000003,5853074.57112,0.3612,183
394,3.0,419987.72732,5853074.890420001,0.3612,183
394,3.5,419987.2803,5853075.1458600005,0.4605,183
394,4.0,419986.89714,5853075.465160001,0.4605,183
394,4.5,419986.51398,5853075.784460001,0.4039,183
394,5.0,419986.13082,5853076.039900001,0.4605,183
394,5.5,419985.74766,5853076.359200001,0.5419,183
394,6.0,419985.3645,5853076.6785,0.5419,183
394,6.5,419984.91748,5853076.997800001,0.5712,183
394,7.0,419984.53432000004,5853077.317100001,0.4605,183
395,0.0,420120.81156,5853057.712080001,0.3612,233
395,0.5,420120.68384,5853058.222960001,0.3612,233
395,1.0,420120.55612,5853058.669980001,0.3612,233
395,1.5,420120.36454,5853059.117000001,0.3832,233
395,2.0,420120.17296,5853059.6278800005,0.2856,233
395,2.5,420120.04524,5853060.074900001,0.4605,233
395,3.0,420119.85366,5853060.521920001,0.4605,233
395,3.5,420119.66208,5853061.032800001,0.4605,233
395,4.0,420119.4705,5853061.479820001,0.4605,233
395,4.5,420119.27892,5853061.926840001,0.5109,233
395,5.0,420119.08734,5853062.373860001,0.3832,233
395,5.5,420118.89576,5853062.884740001,0.3612,233
395,6.0,420118.76804,5853063.33176,0.3832,233
395,6.5,420118.64032,5853063.84264,0.3832,233
395,7.0,420118.5126,5853064.289660001,0.2856,233
396,0.0,419882.99692,5853096.922120001,0.5109,134
396,0.5,419882.80534,5853097.369140001,0.3832,134
396,1.0,419882.67762000003,5853097.880020001,0.3832,134
396,1.5,419882.5499,5853098.327040001,0.3612,134
396,2.0,419882.35832,5853098.837920001,0.4039,134
396,2.5,419882.16674,5853099.284940001,0.3612,134
396,3.0,419882.03902,5853099.795820001,0.4039,134
396,3.5,419881.9113,5853100.24284,0.3832,134
396,4.0,419881.71972,5853100.689860001,0.3832,134
396,4.5,419881.592,5853101.200740001,0.4039,134
396,5.0,419881.40042,5853101.647760001,0.3832,134
396,5.5,419881.27270000003,5853102.158640001,0.4039,134
396,6.0,419881.14498,5853102.605660001,0.3832,134
396,6.5,419880.9534,5853103.052680001,0.4039,134
396,7.0,419880.76182,5853103.563560001,0.4605,134
397,0.0,420198.40146,5853055.221540001,0.1806,1121
397,0.5,420198.20988,5853055.668560001,0.1806,1121
397,1.0,420198.0183,5853056.115580001,0.1806,1121
397,1.5,420197.89058,5853056.626460001,0.2554,1121
397,2.0,420197.699,5853057.073480001,0.3612,1121
397,2.5,420197.50742,5853057.584360001,0.5712,1121
397,3.0,420197.25198,5853057.96752,0.6386,1121
397,3.5,420196.99654,5853058.414540001,0.5712,1121
397,4.0,420196.67724,5853058.797700001,0.6386,1121
397,4.5,420196.35794,5853059.180860001,0.5712,1121
397,5.0,420196.1025,5853059.6278800005,0.6386,1121
397,5.5,420195.84706,5853060.011040001,0.6386,1121
397,6.0,420195.52776,5853060.458060001,0.6386,1121
397,6.5,420195.27232,5853060.841220001,0.8078,1121
397,7.0,420195.01688,5853061.288240001,0.7225,1121
398,0.0,420033.38722000003,5853036.446700001,0.2554,367
398,0.5,420033.13178,5853036.893720001,0.3612,367
398,1.0,420033.00406,5853037.340740001,0.3612,367
398,1.5,420032.87634,5853037.851620001,0.3612,367
398,2.0,420032.74862,5853038.298640001,0.2856,367
398,2.5,420032.55704,5853038.809520001,0.2856,367
398,3.0,420032.42932,5853039.25654,0.2856,367
398,3.5,420032.3016,5853039.76742,0.2856,367
398,4.0,420032.17388,5853040.214440001,0.2554,367
398,4.5,420032.04616,5853040.725320001,0.2554,367
398,5.0,420031.91844,5853041.236200001,0.2554,367
398,5.5,420031.79072,5853041.683220001,0.1806,367
398,6.0,420031.59914,5853042.130240001,0.2554,367
398,6.5,420031.40756,5853042.641120001,0.2554,367
398,7.0,420031.21598,5853043.088140001,0.2554,367
399,0.0,420067.23302,5853058.797700001,0.1277,333
399,0.5,420066.84986,5853059.117000001,0.1806,333
399,1.0,420066.4667,5853059.436300001,0.1277,333
399,1.5,420066.08354,5853059.755600001,0.1277,333
399,2.0,420065.70038,5853060.074900001,0.1806,333
399,2.5,420065.31722,5853060.458060001,0.1806,333
399,3.0,420064.99792,5853060.777360001,0.1806,333
399,3.5,420064.61476,5853061.16052,0.1806,333
399,4.0,420064.29546,5853061.479820001,0.1806,333
399,4.5,420063.9123,5853061.862980001,0.1806,333
399,5.0,420063.593,5853062.182280001,0.1806,333
399,5.5,420063.20984,5853062.565440001,0.2856,333
399,6.0,420062.89054,5853062.884740001,0.2856,333
399,6.5,420062.50738,5853063.204040001,0.2856,333
399,7.0,420062.12422,5853063.523340001,0.2856,333
400,0.0,420129.11336,5853067.482660001,0.3612,211
400,0.5,420128.98564,5853067.993540001,0.2554,211
400,1.0,420128.85792,5853068.440560001,0.2554,211
400,1.5,420128.7302,5853068.951440001,0.2554,211
400,2.0,420128.53862,5853069.398460001,0.1806,211
400,2.5,420128.4109,5853069.909340001,0.2554,211
400,3.0,420128.28318,5853070.356360001,0.2554,211
400,3.5,420128.15546,5853070.8672400005,0.2554,211
400,4.0,420128.02774,5853071.31426,0.2554,211
400,4.5,420127.90002,5853071.825140001,0.1806,211
400,5.0,420127.70844,5853072.272160001,0.2554,211
400,5.5,420127.58072,5853072.783040001,0.1806,211
400,6.0,420127.38914,5853073.230060001,0.2554,211
400,6.5,420127.19756,5853073.677080001,0.1806,211
400,7.0,420127.00598,5853074.124100001,0.1277,211
401,0.0,420304.40906000003,5853340.867320001,0.1277,610
401,0.5,420304.08976,5853341.250480001,0.4039,610
401,1.0,420303.89818,5853341.697500001,0.4039,610
401,1.5,420303.64274,5853342.144520001,0.2856,610
401,2.0,420303.45116,5853342.59154,0.2856,610
401,2.5,420303.25958,5853343.038560001,0.4039,610
401,3.0,420303.00414000003,5853343.485580001,0.4605,610
401,3.5,420302.7487,5853343.932600001,0.5266,610
401,4.0,420302.49326,5853344.379620001,0.5266,610
401,4.5,420302.30168000003,5853344.826640001,0.4605,610
401,5.0,420302.04624,5853345.27366,0.4605,610
401,5.5,420301.85466,5853345.720680001,0.4039,610
401,6.0,420301.59922000003,5853346.103840001,0.5266,610
401,6.5,420301.34378,5853346.550860001,0.5419,610
402,0.0,419913.33042,5853025.590500001,0.2554,163
402,0.5,419913.33042,5853026.101380001,0.5109,163
402,1.0,419913.2027,5853026.548400001,0.5109,163
402,1.5,419913.07498000003,5853027.059280001,0.5109,163
402,2.0,419912.94726,5853027.5063000005,0.5266,163
402,2.5,419912.81954,5853028.01718,0.5712,163
402,3.0,419912.69182,5853028.52806,0.5712,163
402,3.5,419912.5641,5853028.975080001,0.6386,163
402,4.0,419912.43638,5853029.485960001,0.6386,163
402,4.5,419912.30866,5853029.932980001,0.6512,163
402,5.0,419912.18094,5853030.443860001,0.6512,163
402,5.5,419912.05322,5853030.890880001,0.6878,163
402,6.0,419911.9255,5853031.401760001,0.7447,163
402,6.5,419911.79778,5853031.912640001,0.7447,163
403,0.0,420133.58356,5853147.754680001,0.1806,524
403,0.5,420133.13654,5853148.010120001,0.1806,524
403,1.0,420132.75338,5853148.329420001,0.1806,524
403,1.5,420132.37022,5853148.584860001,0.1277,524
403,2.0,420131.9232,5853148.90416,0.2856,524
403,2.5,420131.47618,5853149.159600001,0.3612,524
403,3.0,420131.02916000003,5853149.351180001,0.4039,524
403,3.5,420130.58214,5853149.4789,0.3612,524
403,4.0,420130.13512,5853149.670480001,0.3612,524
403,4.5,420129.62424000003,5853149.862060001,0.2856,524
403,5.0,420129.17722,5853150.0536400005,0.2856,524
403,5.5,420128.7302,5853150.309080001,0.3612,524
403,6.0,420128.28318,5853150.50066,0.2856,524
403,6.5,420127.7723,5853150.628380001,0.3832,524
404,0.0,420098.77986,5853086.640660001,0.3832,431
404,0.5,420098.26898,5853086.768380001,0.3832,431
404,1.0,420097.82196000003,5853086.8961000005,0.2856,431
404,1.5,420097.31108,5853087.023820001,0.2554,431
404,2.0,420096.86406,5853087.087680001,0.3832,431
404,2.5,420096.41704000003,5853087.343120001,0.2856,431
404,3.0,420095.97002,5853087.534700001,0.2856,431
404,3.5,420095.523,5853087.726280001,0.2856,431
404,4.0,420095.01212,5853087.91786,0.2856,431
404,4.5,420094.5651,5853088.173300001,0.2554,431
404,5.0,420094.11808,5853088.301020001,0.2554,431
404,5.5,420093.6072,5853088.428740001,0.4039,431
404,6.0,420093.16018,5853088.620320001,0.4039,431
404,6.5,420092.71316,5853088.811900001,0.4039,431
405,0.0,420091.3721,5853051.5815200005,0.1277,248
405,0.5,420091.3721,5853052.0924,0.2554,248
405,1.0,420091.30824,5853052.60328,0.2554,248
405,1.5,420091.24438,5853053.050300001,0.2554,248
405,2.0,420091.11666,5853053.561180001,0.2554,248
405,2.5,420091.0528,5853054.072060001,0.2856,248
405,3.0,420090.92508,5853054.519080001,0.3612,248
405,3.5,420090.73350000003,5853054.966100001,0.3612,248
405,4.0,420090.60578,5853055.476980001,0.3832,248
405,4.5,420090.47806,5853055.987860001,0.4039,248
405,5.0,420090.35034,5853056.434880001,0.3832,248
405,5.5,420090.22262,5853056.9457600005,0.4039,248
405,6.0,420090.0949,5853057.392780001,0.4039,248
405,6.5,420089.96718,5853057.903660001,0.4039,248
406,0.0,420060.97474000003,5853185.81524,0.1277,51
406,0.5,420060.7193,5853186.198400001,0.1806,51
406,1.0,420060.33614,5853186.581560001,0.1806,51
406,1.5,420060.0807,5853187.028580001,0.1806,51
406,2.0,420059.82526,5853187.411740001,0.2554,51
406,2.5,420059.50596,5853187.858760001,0.2554,51
406,3.0,420059.25052,5853188.241920001,0.2554,51
406,3.5,420058.93122,5853188.625080001,0.2554,51
406,4.0,420058.67578,5853189.0721,0.2554,51
406,4.5,420058.35648,5853189.455260001,0.1806,51
406,5.0,420058.10104,5853189.902280001,0.2554,51
406,5.5,420057.78174,5853190.285440001,0.1806,51
406,6.0,420057.5263,5853190.732460001,0.2856,51
406,6.5,420057.27086,5853191.115620001,0.2856,51
407,0.0,420085.6247,5853093.920700001,0.1277,55
407,0.5,420085.43312,5853094.36772,0.2554,55
407,1.0,420085.24154,5853094.814740001,0.2554,55
407,1.5,420085.04996000003,5853095.325620001,0.2856,55
407,2.0,420084.92224,5853095.772640001,0.2554,55
407,2.5,420084.6668,5853096.219660001,0.2554,55
407,3.0,420084.47522,5853096.666680001,0.3612,55
407,3.5,420084.21978,5853097.113700001,0.2856,55
407,4.0,420084.0282,5853097.56072,0.3612,55
407,4.5,420083.90048,5853098.0716,0.3612,55
407,5.0,420083.7089,5853098.518620001,0.3612,55
407,5.5,420083.45346,5853098.965640001,0.3612,55
407,6.0,420083.26188,5853099.412660001,0.4039,55
407,6.5,420083.00644,5853099.859680001,0.3612,55
408,0.0,420345.98192,5853347.317180001,0.3612,715
408,0.5,420345.79034,5853347.764200001,0.2856,715
408,1.0,420345.59876,5853348.211220001,0.2856,715
408,1.5,420345.40718,5853348.722100001,0.3612,715
408,2.0,420345.27946,5853349.169120001,0.3612,715
408,2.5,420345.02402,5853349.6161400005,0.3612,715
408,3.0,420344.83244,5853350.06316,0.4039,715
408,3.5,420344.64086,5853350.574040001,0.4605,715
408,4.0,420344.38542,5853350.957200001,0.4039,715
408,4.5,420344.19384,5853351.468080001,0.4605,715
408,5.0,420344.00226,5853351.915100001,0.4605,715
408,5.5,420343.81068,5853352.362120001,0.4605,715
408,6.0,420343.55524,5853352.8091400005,0.4039,715
408,6.5,420343.36366000003,5853353.256160001,0.4605,715
409,0.0,420140.73588,5853006.04934,0.1277,266
409,0.5,420140.60816,5853006.496360001,0.1806,266
409,1.0,420140.35272,5853007.007240001,0.4039,266
409,1.5,420140.22500000003,5853007.454260001,0.5109,266
409,2.0,420139.96956,5853007.901280001,0.6386,266
409,2.5,420139.71412,5853008.284440001,0.6386,266
409,3.0,420139.45868,5853008.73146,0.6386,266
409,3.5,420139.13938,5853009.114620001,0.5266,266
409,4.0,420138.88394,5853009.561640001,0.5712,266
409,4.5,420138.6285,5853009.944800001,0.5712,266
409,5.0,420138.3092,5853010.3918200005,0.5266,266
409,5.5,420138.05376,5853010.838840001,0.5419,266
409,6.0,420137.79832,5853011.222000001,0.5419,266
409,6.5,420137.54288,5853011.669020001,0.5712,266
410,0.0,420031.79072,5853080.254660001,0.5109,587
410,0.5,420031.53528,5853080.701680001,0.6386,587
410,1.0,420031.27984000003,5853081.148700001,0.6386,587
410,1.5,420031.0244,5853081.53186,0.5712,587
410,2.0,420030.76896,5853081.978880001,0.5419,587
410,2.5,420030.51352,5853082.425900001,0.4605,587
410,3.0,420030.25808,5853082.809060001,0.4605,587
410,3.5,420030.00264,5853083.256080001,0.4605,587
410,4.0,420029.7472,5853083.7031000005,0.4605,587
410,4.5,420029.49176,5853084.150120001,0.4605,587
410,5.0,420029.23632,5853084.533280001,0.4039,587
410,5.5,420029.04474,5853084.980300001,0.4039,587
410,6.0,420028.72544,5853085.427320001,0.3612,587
410,6.5,420028.47000000003,5853085.81048,0.2856,587
411,0.0,420073.68288,5853020.54556,0.1806,320
411,0.5,420073.23586,5853020.737140001,0.2554,320
411,1.0,420072.91656,5853021.1203000005,0.5109,320
411,1.5,420072.78884,5853021.56732,0.4039,320
411,2.0,420072.59726,5853022.078200001,0.4039,320
411,2.5,420072.34182000003,5853022.525220001,0.3612,320
411,3.0,420072.15024,5853022.972240001,0.3612,320
411,3.5,420071.95866,5853023.419260001,0.3612,320
411,4.0,420071.76708,5853023.866280001,0.3612,320
411,4.5,420071.51164,5853024.3133000005,0.4039,320
411,5.0,420071.32006,5853024.760320001,0.4039,320
411,5.5,420071.06462,5853025.207340001,0.4605,320
411,6.0,420070.80918,5853025.654360001,0.4605,320
411,6.5,420070.6176,5853026.101380001,0.4039,320
412,0.0,420064.93406,5853195.777400001,0.2554,37
412,0.5,420064.80634,5853196.288280001,0.2856,37
412,1.0,420064.61476,5853196.735300001,0.2856,37
412,1.5,420064.42318,5853197.182320001,0.2856,37
412,2.0,420064.2316,5853197.62934,0.2856,37
412,2.5,420064.04002,5853198.076360001,0.2554,37
412,3.0,420063.84844000003,5853198.587240001,0.2856,37
412,3.5,420063.65686,5853199.034260001,0.2856,37
412,4.0,420063.46528,5853199.481280001,0.2554,37
412,4.5,420063.2737,5853199.928300001,0.2554,37
412,5.0,420063.08212,5853200.439180001,0.2856,37
412,5.5,420062.89054,5853200.8862000005,0.2856,37
412,6.0,420062.69896,5853201.33322,0.3612,37
412,6.5,420062.50738,5853201.780240001,0.3612,37
413,0.0,420374.2719,5853176.938700001,0.6386,782
413,0.5,420374.08032,5853177.385720001,0.5712,782
413,1.0,420373.82488000003,5853177.83274,0.5266,782
413,1.5,420373.6333,5853178.279760001,0.5266,782
413,2.0,420373.44172,5853178.726780001,0.5712,782
413,2.5,420373.18628,5853179.173800001,0.5712,782
413,3.0,420372.9947,5853179.620820001,0.5712,782
413,3.5,420372.6754,5853180.067840001,0.5266,782
413,4.0,420372.48382,5853180.51486,0.4605,782
413,4.5,420372.22838,5853180.898020001,0.4605,782
413,5.0,420371.97294,5853181.345040001,0.4039,782
413,5.5,420371.7175,5853181.792060001,0.3612,782
413,6.0,420371.3982,5853182.175220001,0.2856,782
413,6.5,420371.14276,5853182.62224,0.4605,782
414,0.0,420020.67908000003,5853193.542300001,0.1277,27
414,0.5,420020.29592,5853193.8616,0.2856,27
414,1.0,420019.91276,5853194.180900001,0.2554,27
414,1.5,420019.5296,5853194.564060001,0.1806,27
414,2.0,420019.21030000004,5853194.883360001,0.1806,27
414,2.5,420018.82714,5853195.202660001,0.1806,27
414,3.0,420018.44398,5853195.5219600005,0.3612,27
414,3.5,420018.06082,5853195.841260001,0.2856,27
414,4.0,420017.6138,5853196.096700001,0.2554,27
414,4.5,420017.23064,5853196.416000001,0.2856,27
414,5.0,420016.84748,5853196.735300001,0.2856,27
414,5.5,420016.46432,5853197.0546,0.2856,27
414,6.0,420016.08116,5853197.373900001,0.2554,27
414,6.5,420015.69800000003,5853197.757060001,0.2856,27
415,0.0,419926.80488,5853101.83934,0.5712,106
415,0.5,419926.6133,5853102.286360001,0.5266,106
415,1.0,419926.35786,5853102.733380001,0.4605,106
415,1.5,419926.10242,5853103.180400001,0.4039,106
415,2.0,419925.91084,5853103.627420001,0.4605,106
415,2.5,419925.71926,5853104.074440001,0.5109,106
415,3.0,419925.52768,5853104.52146,0.3832,106
415,3.5,419925.46382,5853105.03234,0.4605,106
415,4.0,419925.3361,5853105.543220001,0.4605,106
415,4.5,419925.14452000003,5853105.990240001,0.5266,106
415,5.0,419925.0168,5853106.501120001,0.5712,106
415,5.5,419924.82522,5853106.948140001,0.5266,106
415,6.0,419924.6975,5853107.395160001,0.5712,106
415,6.5,419924.50592,5853107.906040001,0.6386,106
416,0.0,420035.87776,5853026.93156,0.4039,367
416,0.5,420035.75004,5853027.378580001,0.4039,367
416,1.0,420035.62232,5853027.889460001,0.4039,367
416,1.5,420035.49460000003,5853028.400340001,0.3832,367
416,2.0,420035.36688,5853028.847360001,0.3832,367
416,2.5,420035.23916,5853029.358240001,0.3832,367
416,3.0,420035.11144,5853029.805260001,0.3832,367
416,3.5,420034.98372,5853030.316140001,0.3832,367
416,4.0,420034.856,5853030.763160001,0.3832,367
416,4.5,420034.66442,5853031.2740400005,0.2554,367
416,5.0,420034.60056,5853031.7849200005,0.3612,367
416,5.5,420034.47284,5853032.231940001,0.3832,367
416,6.0,420034.34512,5853032.742820001,0.3612,367
416,6.5,420034.2174,5853033.189840001,0.2856,367
417,0.0,419899.91982,5853042.385680001,0.2856,162
417,0.5,419899.72824,5853042.832700001,0.2856,162
417,1.0,419899.53666,5853043.279720001,0.2856,162
417,1.5,419899.34508,5853043.790600001,0.3612,162
417,2.0,419899.1535,5853044.237620001,0.4039,162
417,2.5,419898.96192000003,5853044.684640001,0.4039,162
417,3.0,419898.77034,5853045.13166,0.3832,162
417,3.5,419898.57876,5853045.64254,0.2554,162
417,4.0,419898.45104,5853046.089560001,0.2554,162
417,4.5,419898.32332,5853046.600440001,0.2554,162
417,5.0,419898.1956,5853047.047460001,0.2856,162
417,5.5,419898.00402,5853047.558340001,0.2856,162
417,6.0,419897.8763,5853048.005360001,0.3832,162
417,6.5,419897.68472,5853048.452380001,0.3612,162
418,0.0,420301.1522,5853265.0655000005,0.5712,731
418,0.5,420300.96062,5853265.512520001,0.6386,731
418,1.0,420300.76904,5853265.959540001,0.6386,731
418,1.5,420300.64132,5853266.470420001,0.5712,731
418,2.0,420300.44974,5853266.917440001,0.6386,731
418,2.5,420300.25816,5853267.364460001,0.6512,731
418,3.0,420300.06658,5853267.875340001,0.6386,731
418,3.5,420299.875,5853268.322360001,0.5712,731
418,4.0,420299.74728,5853268.76938,0.6386,731
418,4.5,420299.5557,5853269.28026,0.6386,731
418,5.0,420299.42798,5853269.727280001,0.5712,731
418,5.5,420299.2364,5853270.238160001,0.6386,731
418,6.0,420299.04482,5853270.685180001,0.5266,731
418,6.5,420298.9171,5853271.132200001,0.5712,731
419,0.0,420018.76328,5853196.799160001,0.2856,104
419,0.5,420018.38012,5853197.1184600005,0.2856,104
419,1.0,420017.99696,5853197.437760001,0.1806,104
419,1.5,420017.6138,5853197.757060001,0.2554,104
419,2.0,420017.23064,5853198.076360001,0.2856,104
419,2.5,420016.84748,5853198.395660001,0.2856,104
419,3.0,420016.46432,5853198.7149600005,0.2856,104
419,3.5,420016.08116,5853199.034260001,0.2856,104
419,4.0,420015.69800000003,5853199.353560001,0.2856,104
419,4.5,420015.31484,5853199.672860001,0.1806,104
419,5.0,420014.93168,5853200.056020001,0.2856,104
419,5.5,420014.61238,5853200.375320001,0.2856,104
419,6.0,420014.22922,5853200.758480001,0.3612,104
419,6.5,420013.90992,5853201.077780001,0.2554,104
420,0.0,420090.03104000003,5853167.231980001,0.1806,57
420,0.5,420089.64788,5853167.615140001,0.1806,57
420,1.0,420089.32858000003,5853167.934440001,0.1806,57
420,1.5,420088.94542,5853168.253740001,0.1806,57
420,2.0,420088.56226000004,5853168.636900001,0.2856,57
420,2.5,420088.24296,5853168.956200001,0.2856,57
420,3.0,420087.85980000003,5853169.339360001,0.2856,57
420,3.5,420087.5405,5853169.658660001,0.1806,57
420,4.0,420087.15734000003,5853169.977960001,0.2856,57
420,4.5,420086.77418,5853170.3611200005,0.2856,57
420,5.0,420086.39102,5853170.680420001,0.2856,57
420,5.5,420086.00786,5853170.999720001,0.2554,57
420,6.0,420085.6247,5853171.319020001,0.2554,57
420,6.5,420085.24154,5853171.638320001,0.2856,57
421,0.0,419983.51256,5853071.761280001,0.2856,181
421,0.5,419984.02344,5853071.825140001,0.3612,181
421,1.0,419984.47046,5853071.889,0.2856,181
421,1.5,419984.98134,5853072.016720001,0.2554,181
421,2.0,419985.49222,5853072.080580001,0.2554,181
421,2.5,419986.00310000003,5853072.144440001,0.2554,181
421,3.0,419986.45012,5853072.208300001,0.2554,181
421,3.5,419986.961,5853072.272160001,0.3612,181
421,4.0,419987.47188,5853072.336020001,0.3832,181
421,4.5,419987.98276,5853072.39988,0.3832,181
421,5.0,419988.42978,5853072.4637400005,0.3832,181
421,5.5,419988.94066,5853072.527600001,0.3832,181
421,6.0,419989.45154,5853072.655320001,0.2554,181
421,6.5,419989.96242,5853072.719180001,0.2554,181
422,0.0,419818.56218,5853150.947680001,0.2856,121
422,0.5,419818.24288000003,5853151.330840001,0.3832,121
422,1.0,419817.98744,5853151.714000001,0.2554,121
422,1.5,419817.79586,5853152.224880001,0.1806,121
422,2.0,419817.47656,5853152.608040001,0.1806,121
422,2.5,419817.22112,5853153.055060001,0.3612,121
422,3.0,419816.96568,5853153.438220001,0.4039,121
422,3.5,419816.71024,5853153.885240001,0.4039,121
422,4.0,419816.39094,5853154.2684,0.4605,121
422,4.5,419816.13550000003,5853154.715420001,0.5266,121
422,5.0,419815.88006,5853155.162440001,0.4605,121
422,5.5,419815.56076,5853155.545600001,0.4605,121
422,6.0,419815.30532,5853155.992620001,0.4605,121
422,6.5,419814.98602,5853156.375780001,0.5419,121
423,0.0,420111.1687,5852963.454720001,0.3832,299
423,0.5,420111.10484,5852963.965600001,0.3832,299
423,1.0,420110.97712,5852964.412620001,0.3832,299
423,1.5,420110.91326,5852964.9235000005,0.5266,299
423,2.0,420110.78554,5852965.43438,0.5109,299
423,2.5,420110.72168,5852965.881400001,0.5266,299
423,3.0,420110.59396,5852966.392280001,0.5712,299
423,3.5,420110.53010000003,5852966.903160001,0.5109,299
423,4.0,420110.40238,5852967.350180001,0.5712,299
423,4.5,420110.33852,5852967.861060001,0.5266,299
423,5.0,420110.2108,5852968.371940001,0.6386,299
423,5.5,420110.08308,5852968.818960001,0.5109,299
423,6.0,420110.01922,5852969.329840001,0.6386,299
423,6.5,420109.82764000003,5852969.776860001,0.3832,299
424,0.0,419989.25996,5853011.669020001,0.1806,901
424,0.5,419989.00452,5853012.116040001,0.2554,901
424,1.0,419988.74908,5853012.563060001,0.2554,901
424,1.5,419988.49364,5853012.946220001,0.2856,901
424,2.0,419988.2382,5853013.393240001,0.1806,901
424,2.5,419987.9189,5853013.776400001,0.2856,901
424,3.0,419987.5996,5853014.1595600005,0.2856,901
424,3.5,419987.2803,5853014.542720001,0.2856,901
424,4.0,419987.02486,5853014.989740001,0.3612,901
424,4.5,419986.70556000003,5853015.372900001,0.3612,901
424,5.0,419986.38626,5853015.7560600005,0.3612,901
424,5.5,419986.06696,5853016.139220001,0.3612,901
424,6.0,419985.74766,5853016.522380001,0.4039,901
424,6.5,419985.42836,5853016.905540001,0.3612,901
425,0.0,420086.5826,5853092.962800001,0.2554,56
425,0.5,420086.51874,5853093.473680001,0.2554,56
425,1.0,420086.39102,5853093.920700001,0.2554,56
425,1.5,420086.2633,5853094.431580001,0.2856,56
425,2.0,420086.13558,5853094.9424600005,0.2554,56
425,2.5,420086.07172,5853095.38948,0.2554,56
425,3.0,420086.00786,5853095.900360001,0.2554,56
425,3.5,420085.81628,5853096.347380001,0.2856,56
425,4.0,420085.6247,5853096.858260001,0.2554,56
425,4.5,420085.43312,5853097.305280001,0.2856,56
425,5.0,420085.24154,5853097.752300001,0.2856,56
425,5.5,420084.9861,5853098.199320001,0.1806,56
425,6.0,420084.73066,5853098.582480001,0.2554,56
425,6.5,420084.53908,5853099.093360001,0.2554,56
426,0.0,420020.93452,5853087.854000001,0.3832,91
426,0.5,420020.74294,5853088.301020001,0.2856,91
426,1.0,420020.55136,5853088.811900001,0.2856,91
426,1.5,420020.35978,5853089.258920001,0.2554,91
426,2.0,420020.23206,5853089.705940001,0.2856,91
426,2.5,420020.10434,5853090.216820001,0.2856,91
426,3.0,420019.91276,5853090.6638400005,0.3612,91
426,3.5,420019.78504,5853091.11086,0.3612,91
426,4.0,420019.59346,5853091.621740001,0.3832,91
426,4.5,420019.40188,5853092.068760001,0.2856,91
426,5.0,420019.27416000003,5853092.579640001,0.3612,91
426,5.5,420019.08258,5853093.026660001,0.3612,91
426,6.0,420018.891,5853093.473680001,0.2856,91
426,6.5,420018.76328,5853093.984560001,0.2554,91
427,0.0,420052.86452,5853082.425900001,0.3612,83
427,0.5,420052.54522,5853082.809060001,0.2856,83
427,1.0,420052.22592,5853083.192220001,0.1806,83
427,1.5,420051.84276,5853083.575380001,0.2856,83
427,2.0,420051.52346,5853083.894680001,0.2856,83
427,2.5,420051.20416,5853084.277840001,0.1806,83
427,3.0,420050.821,5853084.661000001,0.2856,83
427,3.5,420050.5017,5853084.980300001,0.2856,83
427,4.0,420050.11854,5853085.363460001,0.1806,83
427,4.5,420049.79924,5853085.746620001,0.1806,83
427,5.0,420049.47994,5853086.065920001,0.2856,83
427,5.5,420049.09678,5853086.449080001,0.2856,83
427,6.0,420048.77748,5853086.768380001,0.1806,83
427,6.5,420048.45818,5853087.151540001,0.1806,83
428,0.0,419957.84084,5853211.678540001,0.1277,1015
428,0.5,419957.45768,5853211.997840001,0.2554,1015
428,1.0,419957.07452,5853212.317140001,0.2856,1015
428,1.5,419956.75522,5853212.6364400005,0.1806,1015
428,2.0,419956.49978,5853213.083460001,0.2554,1015
428,2.5,419956.18048,5853213.466620001,0.2856,1015
428,3.0,419955.73346,5853213.785920001,0.2554,1015
428,3.5,419955.28644,5853213.977500001,0.2856,1015
428,4.0,419954.90328,5853214.2329400005,0.2856,1015
428,4.5,419954.45626,5853214.552240001,0.3612,1015
428,5.0,419954.0731,5853214.807680001,0.3612,1015
428,5.5,419953.62608,5853215.063120001,0.3612,1015
428,6.0,419953.17906,5853215.3185600005,0.3612,1015
428,6.5,419952.85976,5853215.637860001,0.1277,1015
429,0.0,419997.05088,5853025.079620001,0.1277,383
429,0.5,419996.92316,5853025.590500001,0.2554,383
429,1.0,419996.73158,5853026.037520001,0.3612,383
429,1.5,419996.41228,5853026.42068,0.4605,383
429,2.0,419996.09298,5853026.803840001,0.4039,383
429,2.5,419995.83754,5853027.250860001,0.4605,383
429,3.0,419995.5821,5853027.634020001,0.4039,383
429,3.5,419995.2628,5853028.081040001,0.4605,383
429,4.0,419995.00736,5853028.464200001,0.4039,383
429,4.5,419994.68806,5853028.847360001,0.3612,383
429,5.0,419994.36876,5853029.294380001,0.3612,383
429,5.5,419994.11332,5853029.6775400005,0.3612,383
429,6.0,419993.85788,5853030.12456,0.3612,383
429,6.5,419993.53858,5853030.507720001,0.3612,383
430,0.0,420033.19564,5853043.088140001,0.2856,365
430,0.5,420032.81248,5853043.471300001,0.2856,365
430,1.0,420032.49318,5853043.790600001,0.2856,365
430,1.5,420032.11002,5853044.173760001,0.2856,365
430,2.0,420031.79072,5853044.493060001,0.2856,365
430,2.5,420031.40756,5853044.876220001,0.3612,365
430,3.0,420031.08826,5853045.1955200005,0.3612,365
430,3.5,420030.64124,5853045.514820001,0.2856,365
430,4.0,420030.25808,5853045.770260001,0.2856,365
430,4.5,420029.81106,5853046.025700001,0.2856,365
430,5.0,420029.4279,5853046.345000001,0.2856,365
430,5.5,420029.04474,5853046.664300001,0.1806,365
430,6.0,420028.66158,5853046.983600001,0.1806,365
430,6.5,420028.27842,5853047.3029000005,0.1806,365
431,0.0,420130.77372,5853145.008700001,0.2554,529
431,0.5,420130.51828,5853145.455720001,0.1806,529
431,1.0,420130.19898,5853145.838880001,0.2554,529
431,1.5,420129.94354,5853146.2859000005,0.2856,529
431,2.0,420129.6881,5853146.669060001,0.2856,529
431,2.5,420129.43266,5853147.116080001,0.2856,529
431,3.0,420129.11336,5853147.499240001,0.2554,529
431,3.5,420128.85792,5853147.946260001,0.2856,529
431,4.0,420128.60248,5853148.329420001,0.2856,529
431,4.5,420128.28318,5853148.776440001,0.2856,529
431,5.0,420128.02774,5853149.159600001,0.3612,529
431,5.5,420127.7723,5853149.606620001,0.3612,529
431,6.0,420127.453,5853149.98978,0.3612,529
431,6.5,420127.1337,5853150.436800001,0.3612,529
432,0.0,420126.04808,5853139.963760001,0.2554,1030
432,0.5,420126.04808,5853140.474640001,0.2554,1030
432,1.0,420126.11194000003,5853140.985520001,0.3832,1030
432,1.5,420126.11194000003,5853141.43254,0.3832,1030
432,2.0,420126.04808,5853141.94342,0.2554,1030
432,2.5,420126.04808,5853142.454300001,0.2554,1030
432,3.0,420126.04808,5853142.965180001,0.2554,1030
432,3.5,420126.04808,5853143.476060001,0.2554,1030
432,4.0,420126.04808,5853143.986940001,0.2554,1030
432,4.5,420126.04808,5853144.433960001,0.2554,1030
432,5.0,420126.11194000003,5853144.944840001,0.2554,1030
432,5.5,420126.11194000003,5853145.455720001,0.2554,1030
432,6.0,420126.11194000003,5853145.966600001,0.2554,1030
432,6.5,420126.11194000003,5853146.477480001,0.2554,1030
433,0.0,419912.75568,5853077.508680001,0.4039,143
433,0.5,419912.2448,5853077.636400001,0.4039,143
433,1.0,419911.79778,5853077.700260001,0.3832,143
433,1.5,419911.2869,5853077.891840001,0.4039,143
433,2.0,419910.83988,5853078.019560001,0.4039,143
433,2.5,419910.329,5853078.147280001,0.4039,143
433,3.0,419909.88198,5853078.275,0.4039,143
433,3.5,419909.3711,5853078.466580001,0.4605,143
433,4.0,419908.92408,5853078.594300001,0.5109,143
433,4.5,419908.4132,5853078.722020001,0.4605,143
433,5.0,419907.96618,5853078.913600001,0.5109,143
433,5.5,419907.51916,5853079.105180001,0.4039,143
433,6.0,419907.00828,5853079.169040001,0.5109,143
433,6.5,419906.4974,5853079.296760001,0.6386,143
434,0.0,419852.02482,5853149.4789,0.4605,114
434,0.5,419851.96096,5853149.98978,0.5109,114
434,1.0,419851.8971,5853150.50066,0.5109,114
434,1.5,419851.83324,5853150.947680001,0.4605,114
434,2.0,419851.76938,5853151.458560001,0.3832,114
434,2.5,419851.70552,5853151.969440001,0.3832,114
434,3.0,419851.64166,5853152.480320001,0.3612,114
434,3.5,419851.5778,5853152.927340001,0.2856,114
434,4.0,419851.45008,5853153.438220001,0.3832,114
434,4.5,419851.32236,5853153.949100001,0.2554,114
434,5.0,419851.2585,5853154.396120001,0.2554,114
434,5.5,419851.19464,5853154.907000001,0.2554,114
434,6.0,419851.13078,5853155.417880001,0.2554,114
434,6.5,419851.13078,5853155.9287600005,0.3832,114
435,0.0,419885.7429,5853073.038480001,0.2856,153
435,0.5,419885.35974,5853073.357780001,0.2856,153
435,1.0,419884.97658,5853073.740940001,0.2856,153
435,1.5,419884.65728,5853074.0602400005,0.2856,153
435,2.0,419884.27412,5853074.443400001,0.2856,153
435,2.5,419883.95482,5853074.762700001,0.1806,153
435,3.0,419883.57166,5853075.1458600005,0.2554,153
435,3.5,419883.1885,5853075.465160001,0.2856,153
435,4.0,419882.8692,5853075.784460001,0.2856,153
435,4.5,419882.48604,5853076.16762,0.3612,153
435,5.0,419882.16674,5853076.486920001,0.3612,153
435,5.5,419881.78358,5853076.806220001,0.3612,153
435,6.0,419881.40042,5853077.189380001,0.3612,153
435,6.5,419881.01726,5853077.508680001,0.3612,153
436,0.0,420040.47568000003,5853158.419300001,0.1806,586
436,0.5,420040.41182,5853158.930180001,0.2554,586
436,1.0,420040.2841,5853159.377200001,0.2554,586
436,1.5,420040.09252,5853159.888080001,0.1806,586
436,2.0,420039.90094,5853160.335100001,0.1277,586
436,2.5,420039.77322000003,5853160.845980001,0.1806,586
436,3.0,420039.70936,5853161.2930000005,0.2554,586
436,3.5,420039.58164,5853161.8038800005,0.2554,586
436,4.0,420039.45392,5853162.250900001,0.2554,586
436,4.5,420039.3262,5853162.761780001,0.2554,586
436,5.0,420039.13462,5853163.208800001,0.1806,586
436,5.5,420039.0069,5853163.719680001,0.2554,586
436,6.0,420038.87918,5853164.166700001,0.2554,586
436,6.5,420038.75146,5853164.677580001,0.2554,586
437,0.0,420124.19614,5853071.761280001,0.4039,213
437,0.5,420123.9407,5853072.208300001,0.4039,213
437,1.0,420123.68526,5853072.655320001,0.4039,213
437,1.5,420123.42982,5853073.038480001,0.4039,213
437,2.0,420123.17438,5853073.4855,0.4039,213
437,2.5,420122.91894,5853073.932520001,0.4605,213
437,3.0,420122.72736,5853074.379540001,0.4605,213
437,3.5,420122.47192,5853074.826560001,0.4039,213
437,4.0,420122.28034,5853075.273580001,0.4605,213
437,4.5,420122.08876,5853075.720600001,0.4039,213
437,5.0,420121.83332000003,5853076.16762,0.4605,213
437,5.5,420121.64174,5853076.614640001,0.4605,213
437,6.0,420121.3863,5853077.061660001,0.4039,213
438,0.0,420019.14644,5853061.288240001,0.4039,362
438,0.5,420018.69942,5853061.543680001,0.3612,362
438,1.0,420018.31626,5853061.799120001,0.4039,362
438,1.5,420017.86924,5853062.054560001,0.3612,362
438,2.0,420017.42222,5853062.3100000005,0.3612,362
438,2.5,420017.03906,5853062.565440001,0.3612,362
438,3.0,420016.59204,5853062.8208800005,0.3612,362
438,3.5,420016.14502,5853063.076320001,0.3612,362
438,4.0,420015.69800000003,5853063.33176,0.2856,362
438,4.5,420015.31484,5853063.587200001,0.3612,362
438,5.0,420014.86782,5853063.84264,0.2856,362
438,5.5,420014.4208,5853064.098080001,0.2856,362
438,6.0,420013.97378,5853064.353520001,0.2554,362
439,0.0,420103.5055,5853039.959000001,0.1277,249
439,0.5,420103.5055,5853040.469880001,0.2856,249
439,1.0,420103.37778,5853040.980760001,0.3832,249
439,1.5,420103.31392,5853041.4277800005,0.3832,249
439,2.0,420103.12234,5853041.93866,0.3832,249
439,2.5,420102.99462,5853042.385680001,0.3612,249
439,3.0,420102.80304,5853042.832700001,0.2856,249
439,3.5,420102.67532,5853043.343580001,0.2856,249
439,4.0,420102.48374,5853043.790600001,0.2856,249
439,4.5,420102.29216,5853044.237620001,0.2554,249
439,5.0,420102.16444,5853044.748500001,0.3612,249
439,5.5,420101.97286,5853045.1955200005,0.3832,249
439,6.0,420101.78128,5853045.64254,0.3612,249
440,0.0,420282.76052,5853119.784000001,0.2856,450
440,0.5,420282.37736,5853120.167160001,0.3612,450
440,1.0,420282.05806,5853120.486460001,0.3612,450
440,1.5,420281.6749,5853120.869620001,0.3612,450
440,2.0,420281.3556,5853121.188920001,0.3612,450
440,2.5,420280.97244,5853121.572080001,0.3612,450
440,3.0,420280.65314,5853121.891380001,0.2856,450
440,3.5,420280.33384,5853122.274540001,0.3612,450
440,4.0,420279.95068,5853122.657700001,0.3612,450
440,4.5,420279.63138000004,5853122.977000001,0.3612,450
440,5.0,420279.24822,5853123.360160001,0.3612,450
440,5.5,420278.92892000003,5853123.743320001,0.3612,450
440,6.0,420278.60962,5853124.062620001,0.3612,450
441,0.0,420053.95014000003,5853147.818540001,0.1277,426
441,0.5,420053.88628000004,5853148.329420001,0.1806,426
441,1.0,420053.75856,5853148.776440001,0.2554,426
441,1.5,420053.6947,5853149.287320001,0.1806,426
441,2.0,420053.56698,5853149.798200001,0.1806,426
441,2.5,420053.50312,5853150.245220001,0.2554,426
441,3.0,420053.3754,5853150.756100001,0.2554,426
441,3.5,420053.18382000003,5853151.203120001,0.1277,426
441,4.0,420053.0561,5853151.714000001,0.2554,426
441,4.5,420052.86452,5853152.16102,0.1277,426
441,5.0,420052.7368,5853152.6719,0.1277,426
441,5.5,420052.67294,5853153.118920001,0.1277,426
441,6.0,420052.54522,5853153.629800001,0.1277,426
442,0.0,420104.91042000003,5852983.05974,0.4605,302
442,0.5,420104.71884,5852983.506760001,0.4605,302
442,1.0,420104.52726,5852983.953780001,0.4605,302
442,1.5,420104.33568,5852984.464660001,0.3832,302
442,2.0,420104.14410000003,5852984.911680001,0.3832,302
442,2.5,420103.88866,5852985.358700001,0.5266,302
442,3.0,420103.69708,5852985.8057200005,0.5266,302
442,3.5,420103.5055,5852986.25274,0.5266,302
442,4.0,420103.31392,5852986.699760001,0.5266,302
442,4.5,420103.05848,5852987.146780001,0.4039,302
442,5.0,420102.8669,5852987.593800001,0.3832,302
442,5.5,420102.67532,5852988.104680001,0.4605,302
442,6.0,420102.48374,5852988.551700001,0.5266,302
443,0.0,420349.43036,5853337.865900001,0.1277,715
443,0.5,420349.3665,5853338.3767800005,0.3612,715
443,1.0,420349.23878,5853338.8238,0.2856,715
443,1.5,420349.04720000003,5853339.334680001,0.3832,715
443,2.0,420348.91948,5853339.781700001,0.3612,715
443,2.5,420348.85562,5853340.292580001,0.3612,715
443,3.0,420348.7279,5853340.739600001,0.4039,715
443,3.5,420348.47246,5853341.186620001,0.4039,715
443,4.0,420348.21702,5853341.633640001,0.4039,715
443,4.5,420347.96158,5853342.08066,0.4039,715
443,5.0,420347.70614,5853342.463820001,0.3612,715
443,5.5,420347.4507,5853342.910840001,0.3612,715
443,6.0,420347.25912,5853343.421720001,0.4605,715
444,0.0,419878.84602,5853112.184660001,0.2554,415
444,0.5,419878.59058,5853112.631680001,0.3612,415
444,1.0,419878.39900000003,5853113.0787,0.2856,415
444,1.5,419878.20742,5853113.525720001,0.2856,415
444,2.0,419878.01584,5853113.972740001,0.2554,415
444,2.5,419877.82426,5853114.483620001,0.2856,415
444,3.0,419877.63268,5853114.930640001,0.2856,415
444,3.5,419877.4411,5853115.377660001,0.2856,415
444,4.0,419877.24952,5853115.824680001,0.2856,415
444,4.5,419876.99408000003,5853116.2717,0.2554,415
444,5.0,419876.8025,5853116.782580001,0.2856,415
444,5.5,419876.61092,5853117.229600001,0.2856,415
444,6.0,419876.35548,5853117.676620001,0.2554,415
445,0.0,420072.98042,5853181.02574,0.6386,556
445,0.5,420072.8527,5853181.53662,0.5109,556
445,1.0,420072.72498,5853181.983640001,0.4605,556
445,1.5,420072.5334,5853182.430660001,0.4605,556
445,2.0,420072.27796,5853182.877680001,0.2856,556
445,2.5,420072.08638,5853183.324700001,0.2856,556
445,3.0,420071.8948,5853183.835580001,0.4605,556
445,3.5,420071.63936000003,5853184.21874,0.4039,556
445,4.0,420071.44778,5853184.729620001,0.5266,556
445,4.5,420071.19234,5853185.112780001,0.5266,556
445,5.0,420071.00076,5853185.623660001,0.6386,556
445,5.5,420070.74532,5853186.006820001,0.5266,556
445,6.0,420070.55374,5853186.517700001,0.6386,556
446,0.0,420109.2529,5852949.724820001,0.2554,294
446,0.5,420109.2529,5852950.235700001,0.2554,294
446,1.0,420109.18904,5852950.746580001,0.2554,294
446,1.5,420109.18904,5852951.193600001,0.2554,294
446,2.0,420109.18904,5852951.704480001,0.3832,294
446,2.5,420109.12518000003,5852952.215360001,0.3832,294
446,3.0,420109.12518000003,5852952.726240001,0.3832,294
446,3.5,420109.12518000003,5852953.237120001,0.3832,294
446,4.0,420109.06132,5852953.6841400005,0.3832,294
446,4.5,420109.06132,5852954.19502,0.3832,294
446,5.0,420109.06132,5852954.7059,0.3832,294
446,5.5,420109.06132,5852955.21678,0.3832,294
446,6.0,420108.99746,5852955.727660001,0.3832,294
447,0.0,420353.5174,5853308.490300001,0.3612,722
447,0.5,420353.1981,5853308.87346,0.4039,722
447,1.0,420352.94266,5853309.256620001,0.3612,722
447,1.5,420352.62336,5853309.703640001,0.2856,722
447,2.0,420352.30406,5853310.086800001,0.2856,722
447,2.5,420351.98476,5853310.46996,0.3612,722
447,3.0,420351.66546,5853310.853120001,0.2856,722
447,3.5,420351.34616,5853311.236280001,0.2856,722
447,4.0,420351.02686,5853311.6194400005,0.2856,722
447,4.5,420350.70756,5853312.002600001,0.4039,722
447,5.0,420350.38826,5853312.385760001,0.5266,722
447,5.5,420350.13282,5853312.832780001,0.5712,722
447,6.0,420349.81352,5853313.2159400005,0.4605,722
448,0.0,419896.47138,5853021.375740001,0.1277,160
448,0.5,419896.47138,5853021.886620001,0.1806,160
448,1.0,419896.5991,5853022.333640001,0.2856,160
448,1.5,419896.66296,5853022.844520001,0.2554,160
448,2.0,419896.79068000003,5853023.355400001,0.3832,160
448,2.5,419896.85454000003,5853023.866280001,0.3832,160
448,3.0,419896.9184,5853024.3133000005,0.4605,160
448,3.5,419896.98226,5853024.82418,0.4039,160
448,4.0,419897.04612,5853025.33506,0.3832,160
448,4.5,419897.17384,5853025.782080001,0.5109,160
448,5.0,419897.2377,5853026.292960001,0.3832,160
448,5.5,419897.36542,5853026.803840001,0.5109,160
448,6.0,419897.42928,5853027.250860001,0.4039,160
449,0.0,420034.72828,5853022.7168000005,0.3832,373
449,0.5,420034.66442,5853023.2276800005,0.5109,373
449,1.0,420034.60056,5853023.73856,0.3832,373
449,1.5,420034.60056,5853024.185580001,0.3832,373
449,2.0,420034.60056,5853024.696460001,0.3832,373
449,2.5,420034.5367,5853025.207340001,0.3832,373
449,3.0,420034.5367,5853025.718220001,0.3832,373
449,3.5,420034.5367,5853026.229100001,0.3832,373
449,4.0,420034.47284,5853026.676120001,0.3832,373
449,4.5,420034.47284,5853027.187000001,0.4605,373
449,5.0,420034.40898,5853027.697880001,0.5109,373
449,5.5,420034.40898,5853028.208760001,0.5109,373
449,6.0,420034.34512,5853028.719640001,0.5109,373
450,0.0,420036.51636,5853211.5508200005,0.1277,39
450,0.5,420036.1332,5853211.933980001,0.2554,39
450,1.0,420035.8139,5853212.253280001,0.2554,39
450,1.5,420035.43074,5853212.57258,0.1806,39
450,2.0,420035.11144,5853212.955740001,0.2856,39
450,2.5,420034.72828,5853213.338900001,0.2856,39
450,3.0,420034.40898,5853213.6582,0.1806,39
450,3.5,420034.02582,5853214.041360001,0.2856,39
450,4.0,420033.70652,5853214.360660001,0.1806,39
450,4.5,420033.32336,5853214.679960001,0.1806,39
450,5.0,420032.9402,5853215.063120001,0.2554,39
450,5.5,420032.6209,5853215.382420001,0.2856,39
450,6.0,420032.23774,5853215.765580001,0.2856,39
451,0.0,420060.0807,5853240.096240001,0.2554,553
451,0.5,420059.7614,5853240.479400001,0.3612,553
451,1.0,420059.4421,5853240.862560001,0.2856,553
451,1.5,420059.1228,5853241.245720001,0.2856,553
451,2.0,420058.73964,5853241.628880001,0.2856,553
451,2.5,420058.42034,5853241.948180001,0.1277,553
451,3.0,420058.16490000003,5853242.395200001,0.1806,553
451,3.5,420057.90946,5853242.842220001,0.1806,553
451,4.0,420057.71788,5853243.289240001,0.1806,553
451,4.5,420057.46244000003,5853243.736260001,0.2554,553
451,5.0,420057.207,5853244.119420001,0.2856,553
451,5.5,420056.95156,5853244.566440001,0.2856,553
451,6.0,420056.63226,5853244.949600001,0.2856,553
452,0.0,420041.81674,5853220.235780001,0.1806,32
452,0.5,420041.43358,5853220.555080001,0.2554,32
452,1.0,420041.05042,5853220.874380001,0.2554,32
452,1.5,420040.66726,5853221.1936800005,0.2856,32
452,2.0,420040.2841,5853221.512980001,0.1277,32
452,2.5,420039.83708,5853221.768420001,0.2856,32
452,3.0,420039.45392,5853222.087720001,0.2856,32
452,3.5,420039.07076000003,5853222.407020001,0.2554,32
452,4.0,420038.75146,5853222.72632,0.2856,32
452,4.5,420038.36830000003,5853223.109480001,0.2856,32
452,5.0,420037.98514,5853223.428780001,0.2856,32
452,5.5,420037.66584000003,5853223.748080001,0.2856,32
452,6.0,420037.28268,5853224.131240001,0.2856,32
453,0.0,420099.29074,5853101.775480001,0.2554,521
453,0.5,420099.16302,5853102.286360001,0.2554,521
453,1.0,420099.0353,5853102.733380001,0.2554,521
453,1.5,420098.97144,5853103.244260001,0.2554,521
453,2.0,420098.90758,5853103.755140001,0.2856,521
453,2.5,420098.77986,5853104.202160001,0.2554,521
453,3.0,420098.716,5853104.713040001,0.3612,521
453,3.5,420098.58828,5853105.223920001,0.2856,521
453,4.0,420098.52442000003,5853105.670940001,0.3832,521
453,4.5,420098.3967,5853106.1818200005,0.3612,521
453,5.0,420098.33284,5853106.6927000005,0.3832,521
453,5.5,420098.26898,5853107.139720001,0.3832,521
453,6.0,420098.14126,5853107.650600001,0.4039,521
454,0.0,419925.0168,5853102.35022,0.3832,106
454,0.5,419924.88908,5853102.861100001,0.2856,106
454,1.0,419924.6975,5853103.308120001,0.2856,106
454,1.5,419924.50592,5853103.755140001,0.5109,106
454,2.0,419924.3782,5853104.266020001,0.4039,106
454,2.5,419924.25048,5853104.713040001,0.3832,106
454,3.0,419924.12276,5853105.223920001,0.3832,106
454,3.5,419924.0589,5853105.670940001,0.5109,106
454,4.0,419923.99504,5853106.1818200005,0.3832,106
454,4.5,419923.93118,5853106.6927000005,0.3832,106
454,5.0,419923.93118,5853107.20358,0.3832,106
454,5.5,419923.86732,5853107.71446,0.3832,106
454,6.0,419923.86732,5853108.161480001,0.3832,106
455,0.0,420007.46006,5853105.287780001,0.3612,86
455,0.5,420007.26848,5853105.734800001,0.3612,86
455,1.0,420007.0769,5853106.1818200005,0.3832,86
455,1.5,420006.82146,5853106.62884,0.2856,86
455,2.0,420006.62988,5853107.075860001,0.3612,86
455,2.5,420006.4383,5853107.586740001,0.3612,86
455,3.0,420006.18286,5853108.033760001,0.3612,86
455,3.5,420005.99128,5853108.480780001,0.4039,86
455,4.0,420005.79970000003,5853108.927800001,0.3612,86
455,4.5,420005.54426,5853109.3748200005,0.3612,86
455,5.0,420005.35268,5853109.821840001,0.4039,86
455,5.5,420005.09724000003,5853110.268860001,0.4605,86
455,6.0,420004.8418,5853110.715880001,0.4605,86
456,0.0,419991.81436,5853097.113700001,0.4605,100
456,0.5,419991.55892,5853097.496860001,0.3612,100
456,1.0,419991.17576,5853097.880020001,0.3612,100
456,1.5,419990.85646,5853098.263180001,0.4605,100
456,2.0,419990.4733,5853098.64634,0.3612,100
456,2.5,419990.154,5853098.965640001,0.3612,100
456,3.0,419989.8347,5853099.348800001,0.3612,100
456,3.5,419989.45154,5853099.7319600005,0.3612,100
456,4.0,419989.13224,5853100.051260001,0.3612,100
456,4.5,419988.81294000003,5853100.434420001,0.3612,100
456,5.0,419988.49364,5853100.8175800005,0.3612,100
456,5.5,419988.17434,5853101.200740001,0.3612,100
456,6.0,419987.85504,5853101.583900001,0.2554,100
457,0.0,420087.09348,5853077.636400001,0.1277,63
457,0.5,420086.64646,5853077.891840001,0.1277,63
457,1.0,420086.2633,5853078.147280001,0.1806,63
457,1.5,420085.88014,5853078.466580001,0.1806,63
457,2.0,420085.43312,5853078.722020001,0.2554,63
457,2.5,420084.9861,5853078.977460001,0.1806,63
457,3.0,420084.60294,5853079.232900001,0.2554,63
457,3.5,420084.15592,5853079.552200001,0.2554,63
457,4.0,420083.77276,5853079.871500001,0.1806,63
457,4.5,420083.3896,5853080.126940001,0.2856,63
457,5.0,420083.00644,5853080.44624,0.2856,63
457,5.5,420082.62328,5853080.765540001,0.3612,63
457,6.0,420082.24012000003,5853081.084840001,0.2856,63
458,0.0,419828.52434,5853172.851660001,0.2856,118
458,0.5,419828.2689,5853173.298680001,0.2554,118
458,1.0,419827.9496,5853173.681840001,0.2554,118
458,1.5,419827.69416,5853174.1288600005,0.2856,118
458,2.0,419827.43872000003,5853174.512020001,0.2856,118
458,2.5,419827.11942,5853174.895180001,0.2554,118
458,3.0,419826.86398,5853175.342200001,0.2856,118
458,3.5,419826.54468,5853175.7253600005,0.3612,118
458,4.0,419826.22538,5853176.108520001,0.3612,118
458,4.5,419825.96994,5853176.555540001,0.3612,118
458,5.0,419825.65064,5853176.938700001,0.3612,118
458,5.5,419825.3952,5853177.3218600005,0.3612,118
458,6.0,419825.0759,5853177.768880001,0.3612,118
459,0.0,420147.31346000003,5852913.196900001,0.4605,281
459,0.5,420147.69662,5852913.5162,0.3612,281
459,1.0,420148.07978000003,5852913.899360001,0.4039,281
459,1.5,420148.39908,5852914.218660001,0.4605,281
459,2.0,420148.71838000003,5852914.60182,0.3612,281
459,2.5,420149.10154,5852914.984980001,0.4605,281
459,3.0,420149.42084000004,5852915.304280001,0.3612,281
459,3.5,420149.74014,5852915.6874400005,0.4605,281
459,4.0,420150.05944,5852916.070600001,0.4605,281
459,4.5,420150.37874,5852916.453760001,0.3612,281
459,5.0,420150.7619,5852916.836920001,0.4605,281
459,5.5,420151.0812,5852917.220080001,0.3612,281
459,6.0,420151.4005,5852917.539380001,0.4605,281
460,0.0,420039.51778,5852971.501080001,0.5712,402
460,0.5,420039.19848,5852971.8842400005,0.5266,402
460,1.0,420038.94304,5852972.331260001,0.5419,402
460,1.5,420038.62374,5852972.714420001,0.5419,402
460,2.0,420038.36830000003,5852973.097580001,0.5419,402
460,2.5,420038.049,5852973.544600001,0.5419,402
460,3.0,420037.7297,5852973.927760001,0.5419,402
460,3.5,420037.4104,5852974.310920001,0.6386,402
460,4.0,420037.0911,5852974.694080001,0.6878,402
460,4.5,420036.83566,5852975.0772400005,0.6386,402
460,5.0,420036.51636,5852975.460400001,0.5712,402
460,5.5,420036.19706000003,5852975.907420001,0.5266,402
460,6.0,420035.94162,5852976.290580001,0.5266,402
461,0.0,420308.1768,5853342.016800001,0.5109,702
461,0.5,420308.11294,5853342.527680001,0.5109,702
461,1.0,420308.04908,5853343.038560001,0.5109,702
461,1.5,420307.98522000003,5853343.485580001,0.5109,702
461,2.0,420307.98522000003,5853343.996460001,0.5109,702
461,2.5,420307.92136,5853344.507340001,0.6386,702
461,3.0,420307.8575,5853345.018220001,0.5266,702
461,3.5,420307.79364,5853345.465240001,0.5109,702
461,4.0,420307.79364,5853345.976120001,0.5712,702
461,4.5,420307.66592,5853346.487000001,0.5109,702
461,5.0,420307.66592,5853346.997880001,0.5712,702
461,5.5,420307.60206,5853347.508760001,0.5109,702
461,6.0,420307.5382,5853347.95578,0.5109,702
462,0.0,420163.72548,5853140.219200001,0.4039,449
462,0.5,420163.27846,5853140.474640001,0.3612,449
462,1.0,420162.89530000003,5853140.730080001,0.2856,449
462,1.5,420162.44828,5853141.049380001,0.3612,449
462,2.0,420162.06512,5853141.304820001,0.3612,449
462,2.5,420161.68196,5853141.624120001,0.3612,449
462,3.0,420161.23494,5853141.94342,0.2856,449
462,3.5,420160.85178,5853142.198860001,0.3612,449
462,4.0,420160.40476,5853142.454300001,0.2554,449
462,4.5,420160.0216,5853142.773600001,0.2856,449
462,5.0,420159.57458,5853143.02904,0.2856,449
462,5.5,420159.19142,5853143.284480001,0.2554,449
462,6.0,420158.7444,5853143.539920001,0.1806,449
463,0.0,420087.92366000003,5853015.628340001,0.3612,319
463,0.5,420087.5405,5853016.011500001,0.3612,319
463,1.0,420087.2212,5853016.330800001,0.2856,319
463,1.5,420086.83804,5853016.650100001,0.2856,319
463,2.0,420086.45488000003,5853017.033260001,0.2856,319
463,2.5,420086.13558,5853017.3525600005,0.2856,319
463,3.0,420085.75242000003,5853017.671860001,0.2856,319
463,3.5,420085.36926,5853017.991160001,0.2856,319
463,4.0,420084.9861,5853018.310460001,0.2856,319
463,4.5,420084.60294,5853018.629760001,0.2856,319
463,5.0,420084.21978,5853018.9490600005,0.1806,319
463,5.5,420083.83662,5853019.332220001,0.3612,319
463,6.0,420083.45346,5853019.587660001,0.3612,319
464,0.0,420124.26,5853047.558340001,0.1277,233
464,0.5,420124.06842,5853048.005360001,0.1277,233
464,1.0,420123.87684,5853048.516240001,0.2554,233
464,1.5,420123.74912,5853048.963260001,0.2554,233
464,2.0,420123.6214,5853049.4741400005,0.2554,233
464,2.5,420123.49368,5853049.92116,0.2856,233
464,3.0,420123.30210000003,5853050.368180001,0.2856,233
464,3.5,420123.11052,5853050.879060001,0.3612,233
464,4.0,420122.85508,5853051.326080001,0.2856,233
464,4.5,420122.72736,5853051.773100001,0.2856,233
464,5.0,420122.53578000003,5853052.220120001,0.2554,233
464,5.5,420122.53578000003,5853052.731000001,0.3832,233
464,6.0,420122.47192,5853053.241880001,0.2554,233
465,0.0,419849.08726,5853106.884280001,0.3612,130
465,0.5,419848.83182,5853107.267440001,0.3612,130
465,1.0,419848.44866,5853107.650600001,0.2856,130
465,1.5,419848.12936,5853108.033760001,0.2856,130
465,2.0,419847.81006,5853108.416920001,0.2856,130
465,2.5,419847.4269,5853108.80008,0.2856,130
465,3.0,419847.1076,5853109.119380001,0.3612,130
465,3.5,419846.72444,5853109.502540001,0.3612,130
465,4.0,419846.40514,5853109.821840001,0.3612,130
465,4.5,419846.08584,5853110.205000001,0.3612,130
465,5.0,419845.70268,5853110.588160001,0.3612,130
465,5.5,419845.38338,5853110.90746,0.3612,130
465,6.0,419845.06408,5853111.290620001,0.3612,130
466,0.0,420018.95486,5853030.763160001,0.2554,374
466,0.5,420018.69942,5853031.146320001,0.5712,374
466,1.0,420018.38012,5853031.529480001,0.5419,374
466,1.5,420017.99696,5853031.912640001,0.6386,374
466,2.0,420017.6138,5853032.2958,0.5419,374
466,2.5,420017.2945,5853032.615100001,0.5712,374
466,3.0,420016.91134,5853032.998260001,0.5419,374
466,3.5,420016.59204,5853033.317560001,0.5419,374
466,4.0,420016.20888,5853033.700720001,0.6386,374
466,4.5,420015.88958,5853034.083880001,0.5419,374
466,5.0,420015.57028,5853034.40318,0.6386,374
466,5.5,420015.25098,5853034.786340001,0.6386,374
466,6.0,420014.86782,5853035.105640001,0.4605,374
467,0.0,420027.25666,5853208.804840001,0.1277,30
467,0.5,420026.93736,5853209.188000001,0.1806,30
467,1.0,420026.61806,5853209.571160001,0.1806,30
467,1.5,420026.42648,5853210.018180001,0.2856,30
467,2.0,420026.17104,5853210.4652,0.2856,30
467,2.5,420025.9156,5853210.912220001,0.2554,30
467,3.0,420025.72402,5853211.359240001,0.2856,30
467,3.5,420025.46858,5853211.806260001,0.2856,30
467,4.0,420025.21314,5853212.253280001,0.2856,30
467,4.5,420024.9577,5853212.6364400005,0.2856,30
467,5.0,420024.76612,5853213.083460001,0.2856,30
467,5.5,420024.51068,5853213.530480001,0.3612,30
467,6.0,420024.25524,5853213.977500001,0.2856,30
468,0.0,420298.98096,5853273.1118600005,0.1277,728
468,0.5,420298.5978,5853273.495020001,0.2554,728
468,1.0,420298.2785,5853273.814320001,0.3612,728
468,1.5,420297.83148,5853274.069760001,0.1806,728
468,2.0,420297.44832,5853274.389060001,0.1806,728
468,2.5,420297.06516,5853274.7083600005,0.2554,728
468,3.0,420296.68200000003,5853275.027660001,0.1806,728
468,3.5,420296.29884,5853275.346960001,0.2554,728
468,4.0,420295.85182,5853275.602400001,0.2856,728
468,4.5,420295.46866,5853275.921700001,0.2856,728
468,5.0,420295.14936,5853276.3048600005,0.1806,728
468,5.5,420294.7662,5853276.624160001,0.1806,728
468,6.0,420294.38304,5853276.943460001,0.2856,728
469,0.0,420046.92554,5853038.17092,0.1277,352
469,0.5,420046.73396,5853038.617940001,0.1806,352
469,1.0,420046.54238,5853039.064960001,0.2554,352
469,1.5,420046.22308,5853039.511980001,0.2554,352
469,2.0,420046.0315,5853039.959000001,0.2554,352
469,2.5,420045.77606,5853040.406020001,0.2554,352
469,3.0,420045.52062,5853040.85304,0.2856,352
469,3.5,420045.32904,5853041.236200001,0.2554,352
469,4.0,420045.00974,5853041.683220001,0.3612,352
469,4.5,420044.69044000003,5853042.066380001,0.3612,352
469,5.0,420044.37114,5853042.44954,0.3612,352
469,5.5,420044.05184000003,5853042.768840001,0.3612,352
469,6.0,420043.73254,5853043.152000001,0.3612,352
470,0.0,419921.24906,5853074.762700001,0.3832,148
470,0.5,419921.1852,5853075.273580001,0.4605,148
470,1.0,419921.05748,5853075.720600001,0.5109,148
470,1.5,419920.86590000003,5853076.231480001,0.3832,148
470,2.0,419920.80204,5853076.6785,0.5109,148
470,2.5,419920.67432,5853077.189380001,0.5266,148
470,3.0,419920.5466,5853077.700260001,0.5266,148
470,3.5,419920.41888,5853078.147280001,0.5266,148
470,4.0,419920.29116,5853078.658160001,0.5266,148
470,4.5,419920.16344000003,5853079.105180001,0.5266,148
470,5.0,419920.03572,5853079.616060001,0.6386,148
470,5.5,419919.84414,5853080.063080001,0.5109,148
470,6.0,419919.65256,5853080.510100001,0.3832,148
471,0.0,420384.04248,5853169.530940001,0.1277,789
471,0.5,420384.10634,5853170.041820001,0.3832,789
471,1.0,420384.10634,5853170.552700001,0.5109,789
471,1.5,420383.97862,5853170.999720001,0.5109,789
471,2.0,420383.8509,5853171.510600001,0.5109,789
471,2.5,420383.72318000003,5853171.9576200005,0.4039,789
471,3.0,420383.65932000004,5853172.4685,0.5109,789
471,3.5,420383.5316,5853172.97938,0.5109,789
471,4.0,420383.40388,5853173.426400001,0.5109,789
471,4.5,420383.27616,5853173.937280001,0.5266,789
471,5.0,420383.14844,5853174.384300001,0.6386,789
471,5.5,420382.95686000003,5853174.895180001,0.5712,789
471,6.0,420382.893,5853175.342200001,0.6386,789
472,0.0,420040.9227,5853219.5971800005,0.1806,32
472,0.5,420040.6034,5853219.980340001,0.2856,32
472,1.0,420040.2841,5853220.363500001,0.1806,32
472,1.5,420039.9648,5853220.746660001,0.1806,32
472,2.0,420039.6455,5853221.12982,0.1806,32
472,2.5,420039.26234,5853221.512980001,0.1806,32
472,3.0,420038.94304,5853221.832280001,0.1806,32
472,3.5,420038.55988,5853222.151580001,0.1806,32
472,4.0,420038.17672,5853222.534740001,0.1806,32
472,4.5,420037.85742,5853222.854040001,0.1806,32
472,5.0,420037.53812,5853223.237200001,0.2856,32
472,5.5,420037.21882,5853223.620360001,0.2554,32
472,6.0,420036.89952,5853224.067380001,0.2554,32
473,0.0,420354.02828,5853277.454340001,0.2554,741
473,0.5,420353.70898,5853277.8375,0.4039,741
473,1.0,420353.38968,5853278.220660001,0.4605,741
473,1.5,420353.07038,5853278.603820001,0.4605,741
473,2.0,420352.68722,5853278.9869800005,0.4605,741
473,2.5,420352.36792,5853279.306280001,0.4605,741
473,3.0,420352.04862,5853279.689440001,0.4039,741
473,3.5,420351.72932,5853280.072600001,0.4605,741
473,4.0,420351.34616,5853280.391900001,0.5419,741
473,4.5,420351.02686,5853280.775060001,0.4605,741
473,5.0,420350.6437,5853281.158220001,0.4039,741
473,5.5,420350.26054,5853281.477520001,0.4605,741
473,6.0,420349.87738,5853281.796820001,0.5712,741
474,0.0,420353.90056,5853258.871080001,0.5266,750
474,0.5,420353.77284,5853259.381960001,0.5712,750
474,1.0,420353.58126,5853259.828980001,0.4039,750
474,1.5,420353.45354,5853260.276000001,0.3832,750
474,2.0,420353.38968,5853260.7868800005,0.5266,750
474,2.5,420353.32582,5853261.29776,0.6386,750
474,3.0,420353.1981,5853261.744780001,0.6878,750
474,3.5,420353.00652,5853262.255660001,0.7447,750
474,4.0,420352.8788,5853262.702680001,0.7769,750
474,4.5,420352.75108,5853263.213560001,0.7447,750
474,5.0,420352.62336,5853263.660580001,0.6386,750
474,5.5,420352.55950000003,5853264.171460001,0.6512,750
474,6.0,420352.43178,5853264.682340001,0.7769,750
475,0.0,419986.57784,5853102.861100001,0.3612,100
475,0.5,419986.19468,5853103.244260001,0.4039,100
475,1.0,419985.87538,5853103.563560001,0.3612,100
475,1.5,419985.55608,5853103.946720001,0.3612,100
475,2.0,419985.23678,5853104.329880001,0.3612,100
475,2.5,419984.85362,5853104.713040001,0.4605,100
475,3.0,419984.53432000004,5853105.03234,0.4605,100
475,3.5,419984.15116,5853105.415500001,0.5419,100
475,4.0,419983.83186000003,5853105.798660001,0.4605,100
475,4.5,419983.51256,5853106.11796,0.5419,100
475,5.0,419983.12940000003,5853106.501120001,0.6386,100
475,5.5,419982.8101,5853106.820420001,0.6386,100
475,6.0,419982.42694000003,5853107.20358,0.6386,100
476,0.0,420069.59584,5853095.772640001,0.3832,58
476,0.5,420069.21268,5853096.155800001,0.3612,58
476,1.0,420068.89338,5853096.4751,0.3612,58
476,1.5,420068.51022,5853096.858260001,0.3612,58
476,2.0,420068.19092,5853097.177560001,0.4605,58
476,2.5,420067.87162,5853097.56072,0.4605,58
476,3.0,420067.55232,5853097.943880001,0.4039,58
476,3.5,420067.16916,5853098.327040001,0.4605,58
476,4.0,420066.84986,5853098.64634,0.3612,58
476,4.5,420066.4667,5853099.029500001,0.3612,58
476,5.0,420066.1474,5853099.412660001,0.4605,58
476,5.5,420065.8281,5853099.7319600005,0.5419,58
476,6.0,420065.44494,5853100.115120001,0.5712,58
477,0.0,420116.91610000003,5853110.141140001,0.1806,538
477,0.5,420116.5968,5853110.524300001,0.1806,538
477,1.0,420116.21364000003,5853110.90746,0.2554,538
477,1.5,420115.89434,5853111.290620001,0.2856,538
477,2.0,420115.57504,5853111.673780001,0.2856,538
477,2.5,420115.25574,5853112.0569400005,0.2554,538
477,3.0,420114.93644,5853112.440100001,0.1806,538
477,3.5,420114.61714,5853112.823260001,0.2856,538
477,4.0,420114.3617,5853113.206420001,0.3612,538
477,4.5,420114.04240000003,5853113.58958,0.3612,538
477,5.0,420113.7231,5853113.972740001,0.4605,538
477,5.5,420113.40380000003,5853114.355900001,0.4605,538
477,6.0,420113.14836,5853114.802920001,0.3612,538
478,0.0,419959.75664,5853032.8705400005,0.4605,170
478,0.5,419959.56506,5853033.317560001,0.4039,170
478,1.0,419959.30962,5853033.764580001,0.4605,170
478,1.5,419959.05418,5853034.211600001,0.4605,170
478,2.0,419958.8626,5853034.658620001,0.4605,170
478,2.5,419958.60716,5853035.105640001,0.5109,170
478,3.0,419958.41558000003,5853035.5526600005,0.4605,170
478,3.5,419958.16014,5853035.999680001,0.4605,170
478,4.0,419957.96856,5853036.446700001,0.4605,170
478,4.5,419957.71312000003,5853036.829860001,0.4605,170
478,5.0,419957.52154,5853037.340740001,0.4605,170
478,5.5,419957.2661,5853037.723900001,0.5712,170
479,0.0,420075.53482,5853027.953320001,0.2856,315
479,0.5,420075.15166000003,5853028.272620001,0.2856,315
479,1.0,420074.7685,5853028.5919200005,0.2856,315
479,1.5,420074.38534,5853028.975080001,0.3612,315
479,2.0,420074.06604,5853029.294380001,0.2856,315
479,2.5,420073.74674000003,5853029.6775400005,0.3612,315
479,3.0,420073.36358,5853030.060700001,0.3612,315
479,3.5,420073.04428000003,5853030.380000001,0.3612,315
479,4.0,420072.72498,5853030.763160001,0.3612,315
479,4.5,420072.40568,5853031.146320001,0.3612,315
479,5.0,420072.15024,5853031.593340001,0.2856,315
479,5.5,420071.8948,5853032.040360001,0.2856,315
480,0.0,420362.33008,5853257.721600001,0.3832,747
480,0.5,420362.33008,5853258.232480001,0.4039,747
480,1.0,420362.26622,5853258.743360001,0.3832,747
480,1.5,420362.26622,5853259.1903800005,0.3832,747
480,2.0,420362.26622,5853259.7012600005,0.3832,747
480,2.5,420362.26622,5853260.21214,0.3832,747
480,3.0,420362.26622,5853260.72302,0.3832,747
480,3.5,420362.26622,5853261.233900001,0.3832,747
480,4.0,420362.26622,5853261.744780001,0.3832,747
480,4.5,420362.26622,5853262.191800001,0.3832,747
480,5.0,420362.20236,5853262.702680001,0.2554,747
480,5.5,420362.20236,5853263.213560001,0.2554,747
481,0.0,420361.11674,5853263.596720001,0.3832,743
481,0.5,420361.05288000003,5853264.107600001,0.3832,743
481,1.0,420361.05288000003,5853264.618480001,0.3832,743
481,1.5,420361.05288000003,5853265.0655000005,0.3832,743
481,2.0,420361.05288000003,5853265.57638,0.3832,743
481,2.5,420361.05288000003,5853266.08726,0.3832,743
481,3.0,420361.05288000003,5853266.59814,0.3832,743
481,3.5,420361.05288000003,5853267.109020001,0.3832,743
481,4.0,420361.05288000003,5853267.619900001,0.3832,743
481,4.5,420361.05288000003,5853268.066920001,0.2856,743
481,5.0,420360.98902,5853268.577800001,0.2554,743
481,5.5,420360.98902,5853269.088680001,0.3832,743
482,0.0,420060.4,5853111.290620001,0.1806,5
482,0.5,420060.4,5853111.801500001,0.2554,5
482,1.0,420060.33614,5853112.312380001,0.2554,5
482,1.5,420060.33614,5853112.759400001,0.2554,5
482,2.0,420060.27228000003,5853113.270280001,0.2554,5
482,2.5,420060.20842,5853113.781160001,0.2554,5
482,3.0,420060.20842,5853114.292040001,0.2554,5
482,3.5,420060.20842,5853114.802920001,0.3612,5
482,4.0,420060.14456,5853115.2499400005,0.2554,5
482,4.5,420060.14456,5853115.76082,0.2554,5
482,5.0,420060.14456,5853116.2717,0.2554,5
482,5.5,420060.20842,5853116.782580001,0.2554,5
483,0.0,419983.19326000003,5853181.472760001,0.4039,98
483,0.5,419983.00168,5853181.919780001,0.4039,98
483,1.0,419982.8101,5853182.366800001,0.3832,98
483,1.5,419982.61852,5853182.877680001,0.4605,98
483,2.0,419982.42694000003,5853183.324700001,0.4039,98
483,2.5,419982.1715,5853183.771720001,0.4605,98
483,3.0,419981.91606,5853184.154880001,0.4039,98
483,3.5,419981.72448000003,5853184.665760001,0.4039,98
483,4.0,419981.46904,5853185.048920001,0.4605,98
483,4.5,419981.27746,5853185.559800001,0.3612,98
483,5.0,419981.08588,5853186.006820001,0.4605,98
483,5.5,419980.83044,5853186.453840001,0.3612,98
484,0.0,419972.20934,5853207.463780001,0.1277,11
484,0.5,419972.2732,5853207.974660001,0.2554,11
484,1.0,419972.2732,5853208.485540001,0.2554,11
484,1.5,419972.2732,5853208.932560001,0.2554,11
484,2.0,419972.33706,5853209.4434400005,0.2554,11
484,2.5,419972.33706,5853209.9543200005,0.2554,11
484,3.0,419972.33706,5853210.4652,0.2554,11
484,3.5,419972.33706,5853210.97608,0.2554,11
484,4.0,419972.33706,5853211.423100001,0.2554,11
484,4.5,419972.33706,5853211.933980001,0.2554,11
484,5.0,419972.33706,5853212.444860001,0.2554,11
484,5.5,419972.40092,5853212.955740001,0.2554,11
485,0.0,420282.6328,5853128.0858000005,0.4605,451
485,0.5,420282.3135,5853128.468960001,0.5712,451
485,1.0,420281.9942,5853128.852120001,0.5266,451
485,1.5,420281.73876,5853129.299140001,0.5419,451
485,2.0,420281.48332,5853129.6823,0.5266,451
485,2.5,420281.16402,5853130.065460001,0.5419,451
485,3.0,420280.78086,5853130.448620001,0.5712,451
485,3.5,420280.52542,5853130.895640001,0.5712,451
485,4.0,420280.26998,5853131.2788,0.5712,451
485,4.5,420280.01454,5853131.725820001,0.5419,451
485,5.0,420279.69524000003,5853132.108980001,0.6512,451
485,5.5,420279.4398,5853132.556000001,0.5712,451
486,0.0,419902.3465,5853094.303860001,0.2554,135
486,0.5,419902.0272,5853094.687020001,0.2554,135
486,1.0,419901.77176000003,5853095.134040001,0.1806,135
486,1.5,419901.51632,5853095.517200001,0.2856,135
486,2.0,419901.26088,5853095.96422,0.2856,135
486,2.5,419901.00544,5853096.411240001,0.2856,135
486,3.0,419900.68614,5853096.794400001,0.3612,135
486,3.5,419900.36684000003,5853097.177560001,0.2554,135
486,4.0,419900.17526,5853097.6245800005,0.2856,135
486,4.5,419899.91982,5853098.0716,0.2856,135
486,5.0,419899.72824,5853098.518620001,0.2856,135
486,5.5,419899.4728,5853098.965640001,0.2856,135
487,0.0,420060.52772,5853117.804340001,0.5109,5
487,0.5,420060.46386,5853118.315220001,0.3832,5
487,1.0,420060.46386,5853118.826100001,0.3832,5
487,1.5,420060.4,5853119.273120001,0.3832,5
487,2.0,420060.33614,5853119.784000001,0.3832,5
487,2.5,420060.33614,5853120.294880001,0.3832,5
487,3.0,420060.27228000003,5853120.805760001,0.3832,5
487,3.5,420060.27228000003,5853121.316640001,0.3832,5
487,4.0,420060.20842,5853121.763660001,0.3832,5
487,4.5,420060.14456,5853122.274540001,0.3832,5
487,5.0,420060.14456,5853122.785420001,0.3832,5
487,5.5,420060.0807,5853123.2963000005,0.3832,5
488,0.0,420047.69186,5853020.928720001,0.2856,368
488,0.5,420047.43642,5853021.311880001,0.2856,368
488,1.0,420047.11712,5853021.695040001,0.2856,368
488,1.5,420046.79782,5853022.14206,0.1806,368
488,2.0,420046.54238,5853022.525220001,0.2554,368
488,2.5,420046.22308,5853022.972240001,0.2554,368
488,3.0,420046.0315,5853023.419260001,0.1806,368
488,3.5,420045.7122,5853023.802420001,0.2554,368
488,4.0,420045.45676000003,5853024.24944,0.2554,368
488,4.5,420045.20132,5853024.696460001,0.1806,368
488,5.0,420044.94588,5853025.079620001,0.2554,368
488,5.5,420044.69044000003,5853025.526640001,0.1806,368
489,0.0,420163.15074,5853071.825140001,0.1277,196
489,0.5,420163.15074,5853072.336020001,0.2856,196
489,1.0,420163.08688,5853072.783040001,0.4605,196
489,1.5,420162.89530000003,5853073.293920001,0.5266,196
489,2.0,420162.70372,5853073.740940001,0.5712,196
489,2.5,420162.51214,5853074.187960001,0.6386,196
489,3.0,420162.2567,5853074.634980001,0.6386,196
489,3.5,420162.06512,5853075.082,0.6386,196
489,4.0,420161.87354,5853075.529020001,0.6878,196
489,4.5,420161.68196,5853075.976040001,0.6878,196
489,5.0,420161.42652,5853076.423060001,0.6386,196
489,5.5,420161.23494,5853076.870080001,0.6878,196
490,0.0,419933.25474,5853106.501120001,0.3832,107
490,0.5,419933.12702,5853107.012000001,0.4039,107
490,1.0,419932.9993,5853107.459020001,0.3832,107
490,1.5,419932.74386,5853107.906040001,0.4039,107
490,2.0,419932.55228,5853108.353060001,0.4039,107
490,2.5,419932.3607,5853108.8639400005,0.4605,107
490,3.0,419932.16912000004,5853109.31096,0.4605,107
490,3.5,419932.0414,5853109.757980001,0.5266,107
490,4.0,419931.84982,5853110.205000001,0.5266,107
490,4.5,419931.65824,5853110.715880001,0.5712,107
490,5.0,419931.46666000003,5853111.162900001,0.5266,107
490,5.5,419931.33894,5853111.609920001,0.5266,107
491,0.0,420045.58448,5853019.523800001,0.3612,369
491,0.5,420045.32904,5853019.906960001,0.3612,369
491,1.0,420045.00974,5853020.290120001,0.3612,369
491,1.5,420044.69044000003,5853020.737140001,0.2856,369
491,2.0,420044.37114,5853021.1203000005,0.2856,369
491,2.5,420044.05184000003,5853021.503460001,0.2856,369
491,3.0,420043.73254,5853021.886620001,0.2856,369
491,3.5,420043.4771,5853022.333640001,0.2554,369
491,4.0,420043.22166,5853022.7168000005,0.2856,369
491,4.5,420042.90236,5853023.16382,0.2856,369
491,5.0,420042.64692,5853023.546980001,0.2856,369
491,5.5,420042.39148,5853023.994000001,0.2856,369
492,0.0,420112.82906,5852966.200700001,0.4039,300
492,0.5,420112.70134,5852966.711580001,0.4605,300
492,1.0,420112.57362,5852967.158600001,0.3832,300
492,1.5,420112.31818,5852967.6056200005,0.2856,300
492,2.0,420112.19046,5852968.052640001,0.3832,300
492,2.5,420111.99888,5852968.563520001,0.3612,300
492,3.0,420111.8073,5852969.010540001,0.2856,300
492,3.5,420111.67958,5852969.521420001,0.4039,300
492,4.0,420111.488,5852969.968440001,0.3832,300
492,4.5,420111.36028,5852970.415460001,0.4605,300
492,5.0,420111.10484,5852970.926340001,0.4605,300
492,5.5,420110.91326,5852971.373360001,0.5266,300
493,0.0,420011.35552,5853201.780240001,0.7769,27
493,0.5,420010.9085,5853202.035680001,0.6386,27
493,1.0,420010.5892,5853202.41884,0.3612,27
493,1.5,420010.20604,5853202.738140001,0.3612,27
493,2.0,420009.82288,5853203.057440001,0.4605,27
493,2.5,420009.50358,5853203.376740001,0.4039,27
493,3.0,420009.12042,5853203.759900001,0.3612,27
493,3.5,420008.80112,5853204.0792000005,0.3612,27
493,4.0,420008.41796,5853204.462360001,0.2856,27
493,4.5,420008.0348,5853204.781660001,0.2856,27
493,5.0,420007.65164,5853205.10096,0.3612,27
493,5.5,420007.26848,5853205.484120001,0.3612,27
494,0.0,420020.87066,5853052.922580001,0.5109,363
494,0.5,420020.87066,5853053.433460001,0.5109,363
494,1.0,420020.87066,5853053.944340001,0.5109,363
494,1.5,420020.8068,5853054.391360001,0.5109,363
494,2.0,420020.8068,5853054.902240001,0.4605,363
494,2.5,420020.74294,5853055.413120001,0.5109,363
494,3.0,420020.67908000003,5853055.924000001,0.3832,363
494,3.5,420020.67908000003,5853056.434880001,0.5109,363
494,4.0,420020.61522,5853056.8819,0.3832,363
494,4.5,420020.61522,5853057.392780001,0.5109,363
494,5.0,420020.55136,5853057.903660001,0.4605,363
494,5.5,420020.4875,5853058.414540001,0.3832,363
495,0.0,420047.81958,5853206.058860001,0.3832,38
495,0.5,420047.69186,5853206.569740001,0.4605,38
495,1.0,420047.50028,5853207.016760001,0.4605,38
495,1.5,420047.3087,5853207.463780001,0.4605,38
495,2.0,420047.11712,5853207.910800001,0.4605,38
495,2.5,420046.92554,5853208.421680001,0.4039,38
495,3.0,420046.73396,5853208.8687,0.4039,38
495,3.5,420046.54238,5853209.315720001,0.4039,38
495,4.0,420046.3508,5853209.762740001,0.2856,38
495,4.5,420046.22308,5853210.273620001,0.3612,38
495,5.0,420046.09536,5853210.720640001,0.3612,38
495,5.5,420045.96764,5853211.231520001,0.3832,38
496,0.0,420148.78224000003,5853074.890420001,0.1277,205
496,0.5,420148.5268,5853075.337440001,0.1806,205
496,1.0,420148.33522,5853075.784460001,0.2554,205
496,1.5,420148.07978000003,5853076.231480001,0.1806,205
496,2.0,420147.8882,5853076.6785,0.2554,205
496,2.5,420147.63276,5853077.125520001,0.2554,205
496,3.0,420147.37732,5853077.572540001,0.2554,205
496,3.5,420147.12188,5853077.955700001,0.2554,205
496,4.0,420146.9303,5853078.402720001,0.1806,205
496,4.5,420146.73872,5853078.913600001,0.1806,205
496,5.0,420146.54714,5853079.36062,0.1806,205
496,5.5,420146.35556,5853079.807640001,0.1806,205
497,0.0,420141.24676,5853127.958080001,0.1277,537
497,0.5,420140.79974,5853128.0858000005,0.2856,537
497,1.0,420140.35272,5853128.341240001,0.2856,537
497,1.5,420139.9057,5853128.532820001,0.3612,537
497,2.0,420139.39482,5853128.724400001,0.2856,537
497,2.5,420138.9478,5853128.915980001,0.2554,537
497,3.0,420138.50078,5853129.043700001,0.2856,537
497,3.5,420137.9899,5853129.235280001,0.2856,537
497,4.0,420137.47902,5853129.363000001,0.3832,537
497,4.5,420137.032,5853129.490720001,0.3832,537
497,5.0,420136.52112,5853129.618440001,0.3832,537
497,5.5,420136.0741,5853129.746160001,0.3832,537
498,0.0,420050.88486,5853197.182320001,0.4039,38
498,0.5,420050.69328,5853197.62934,0.4039,38
498,1.0,420050.5017,5853198.076360001,0.4605,38
498,1.5,420050.31012,5853198.587240001,0.5109,38
498,2.0,420050.11854,5853199.034260001,0.4605,38
498,2.5,420049.99082,5853199.481280001,0.4039,38
498,3.0,420049.79924,5853199.992160001,0.2856,38
498,3.5,420049.67152000003,5853200.439180001,0.2856,38
498,4.0,420049.5438,5853200.950060001,0.3832,38
498,4.5,420049.41608,5853201.3970800005,0.3832,38
498,5.0,420049.28836,5853201.90796,0.3832,38
498,5.5,420049.09678,5853202.354980001,0.2856,38
499,0.0,420315.71228,5853375.224,0.5109,607
499,0.5,420315.45684,5853375.671020001,0.4605,607
499,1.0,420315.13754,5853376.054180001,0.5266,607
499,1.5,420314.8821,5853376.501200001,0.5266,607
499,2.0,420314.62666,5853376.8843600005,0.5266,607
499,2.5,420314.30736000004,5853377.331380001,0.4605,607
499,3.0,420314.11578,5853377.714540001,0.4605,607
499,3.5,420313.86034,5853378.161560001,0.3612,607
499,4.0,420313.54104,5853378.608580001,0.4605,607
499,4.5,420313.2856,5853378.99174,0.4605,607
499,5.0,420312.96630000003,5853379.374900001,0.4605,607
499,5.5,420312.71086,5853379.821920001,0.5266,607
500,0.0,420153.18858,5853143.284480001,0.2856,438
500,0.5,420152.93314,5853143.731500001,0.2554,438
500,1.0,420152.61384,5853144.11466,0.2554,438
500,1.5,420152.3584,5853144.561680001,0.2856,438
500,2.0,420152.10296,5853144.944840001,0.2856,438
500,2.5,420151.78366,5853145.391860001,0.2554,438
500,3.0,420151.52822,5853145.7750200005,0.2856,438
500,3.5,420151.20892,5853146.158180001,0.2856,438
500,4.0,420150.88962000003,5853146.541340001,0.2554,438
500,4.5,420150.63418,5853146.988360001,0.1806,438
500,5.0,420150.31488,5853147.3715200005,0.2554,438
500,5.5,420150.05944,5853147.818540001,0.2856,438
501,0.0,420075.0878,5852998.705440001,0.2554,311
501,0.5,420074.83236,5852999.1524600005,0.1806,311
501,1.0,420074.57692,5852999.535620001,0.1806,311
501,1.5,420074.38534,5852999.982640001,0.1806,311
501,2.0,420074.1299,5853000.429660001,0.2554,311
501,2.5,420074.00218,5853000.940540001,0.2554,311
501,3.0,420073.8106,5853001.387560001,0.1806,311
501,3.5,420073.4913,5853001.77072,0.2856,311
501,4.0,420073.23586,5853002.217740001,0.2554,311
501,4.5,420073.04428000003,5853002.664760001,0.2554,311
501,5.0,420072.78884,5853003.111780001,0.1806,311
501,5.5,420072.46954,5853003.494940001,0.2554,311
502,0.0,420142.4601,5853077.125520001,0.1277,202
502,0.5,420142.52396,5853077.636400001,0.2554,202
502,1.0,420142.65168,5853078.083420001,0.2554,202
502,1.5,420142.71554,5853078.594300001,0.2554,202
502,2.0,420142.84326,5853079.105180001,0.2856,202
502,2.5,420142.90712,5853079.552200001,0.2554,202
502,3.0,420143.03484,5853080.063080001,0.2554,202
502,3.5,420143.16256,5853080.573960001,0.2554,202
502,4.0,420143.16256,5853081.0209800005,0.3832,202
502,4.5,420143.22642,5853081.53186,0.3832,202
502,5.0,420143.29028,5853082.04274,0.3832,202
502,5.5,420143.35414,5853082.55362,0.3832,202
503,0.0,420090.60578,5853108.927800001,0.1277,430
503,0.5,420090.54192,5853109.438680001,0.3832,430
503,1.0,420090.4142,5853109.8857,0.4605,430
503,1.5,420090.22262,5853110.39658,0.3832,430
503,2.0,420090.15876,5853110.843600001,0.4039,430
503,2.5,420090.03104000003,5853111.354480001,0.4039,430
503,3.0,420089.90332,5853111.865360001,0.4039,430
503,3.5,420089.71174,5853112.312380001,0.3612,430
503,4.0,420089.52016,5853112.759400001,0.3612,430
503,4.5,420089.39244,5853113.270280001,0.3612,430
503,5.0,420089.20086,5853113.717300001,0.4039,430
503,5.5,420089.00928,5853114.16432,0.5109,430
504,0.0,420368.97152,5853185.240500001,0.2554,782
504,0.5,420368.58836,5853185.559800001,0.4605,782
504,1.0,420368.26906,5853185.942960001,0.4605,782
504,1.5,420367.94976,5853186.326120001,0.4605,782
504,2.0,420367.63046,5853186.709280001,0.4605,782
504,2.5,420367.31116,5853187.092440001,0.4605,782
504,3.0,420366.99186,5853187.4756000005,0.4605,782
504,3.5,420366.67256,5853187.858760001,0.4605,782
504,4.0,420366.35326,5853188.241920001,0.4605,782
504,4.5,420366.03396000003,5853188.625080001,0.5266,782
504,5.0,420365.71466,5853189.008240001,0.5419,782
504,5.5,420365.39536,5853189.391400001,0.5419,782
505,0.0,419996.92316,5853029.741400001,0.3832,384
505,0.5,419996.8593,5853030.252280001,0.5109,384
505,1.0,419996.79544,5853030.6993,0.5109,384
505,1.5,419996.66772,5853031.21018,0.5266,384
505,2.0,419996.60386000003,5853031.721060001,0.5109,384
505,2.5,419996.47614,5853032.168080001,0.5712,384
505,3.0,419996.34842,5853032.678960001,0.5109,384
505,3.5,419996.2207,5853033.189840001,0.5109,384
505,4.0,419996.09298,5853033.636860001,0.5266,384
505,4.5,419995.90140000003,5853034.083880001,0.4605,384
505,5.0,419995.77368,5853034.594760001,0.4605,384
505,5.5,419995.5821,5853035.041780001,0.5109,384
506,0.0,420054.71646,5853203.312880001,0.2856,42
506,0.5,420054.26944,5853203.568320001,0.1806,42
506,1.0,420053.88628000004,5853203.887620001,0.2856,42
506,1.5,420053.50312,5853204.206920001,0.1806,42
506,2.0,420053.0561,5853204.462360001,0.2856,42
506,2.5,420052.67294,5853204.717800001,0.2554,42
506,3.0,420052.22592,5853205.037100001,0.2554,42
506,3.5,420051.84276,5853205.292540001,0.1806,42
506,4.0,420051.39574,5853205.547980001,0.1806,42
506,4.5,420051.01258,5853205.867280001,0.2554,42
506,5.0,420050.56556,5853206.122720001,0.2856,42
506,5.5,420050.1824,5853206.378160001,0.2856,42
507,0.0,420058.67578,5853120.55032,0.2554,5
507,0.5,420058.73964,5853121.061200001,0.1806,5
507,1.0,420058.8035,5853121.508220001,0.1277,5
507,1.5,420058.93122,5853122.019100001,0.2554,5
507,2.0,420058.99508,5853122.529980001,0.2554,5
507,2.5,420059.1228,5853123.040860001,0.1277,5
507,3.0,420059.18666,5853123.487880001,0.1806,5
507,3.5,420059.18666,5853123.998760001,0.2554,5
507,4.0,420059.25052,5853124.509640001,0.2554,5
507,4.5,420059.25052,5853125.020520001,0.2554,5
507,5.0,420059.31438,5853125.467540001,0.2554,5
507,5.5,420059.31438,5853125.9784200005,0.2554,5
508,0.0,420031.27984000003,5853229.431620001,0.2554,32
508,0.5,420030.96054,5853229.814780001,0.3612,32
508,1.0,420030.57738000003,5853230.197940001,0.3612,32
508,1.5,420030.25808,5853230.517240001,0.3612,32
508,2.0,420029.87492000003,5853230.900400001,0.3612,32
508,2.5,420029.55562,5853231.219700001,0.3612,32
508,3.0,420029.17246000003,5853231.539000001,0.3612,32
508,3.5,420028.7893,5853231.922160001,0.3612,32
508,4.0,420028.47000000003,5853232.241460001,0.3612,32
508,4.5,420028.08684,5853232.560760001,0.3612,32
508,5.0,420027.76754000003,5853232.94392,0.3612,32
508,5.5,420027.38438,5853233.327080001,0.3612,32
509,0.0,419825.84222,5853153.310500001,0.5266,119
509,0.5,419825.65064,5853153.75752,0.5266,119
509,1.0,419825.52292,5853154.2684,0.6386,119
509,1.5,419825.3952,5853154.715420001,0.6386,119
509,2.0,419825.20362,5853155.226300001,0.5266,119
509,2.5,419825.0759,5853155.673320001,0.5712,119
509,3.0,419824.94818,5853156.184200001,0.6386,119
509,3.5,419824.82046,5853156.631220001,0.5712,119
509,4.0,419824.69274,5853157.142100001,0.6386,119
509,4.5,419824.56502,5853157.589120001,0.6512,119
509,5.0,419824.4373,5853158.100000001,0.6878,119
509,5.5,419824.24572,5853158.54702,0.6512,119
510,0.0,419922.90942,5853069.143020001,0.2554,148
510,0.5,419922.71784,5853069.590040001,0.2856,148
510,1.0,419922.52626,5853070.037060001,0.2554,148
510,1.5,419922.39854,5853070.547940001,0.3832,148
510,2.0,419922.27082000003,5853070.994960001,0.3832,148
510,2.5,419922.07924,5853071.505840001,0.2856,148
510,3.0,419922.01538,5853072.016720001,0.3832,148
510,3.5,419921.88766,5853072.4637400005,0.3832,148
510,4.0,419921.75994,5853072.97462,0.3832,148
510,4.5,419921.63222,5853073.421640001,0.4039,148
510,5.0,419921.5045,5853073.932520001,0.4605,148
510,5.5,419921.37678,5853074.443400001,0.4605,148
511,0.0,420336.53064,5853230.900400001,0.5109,758
511,0.5,420336.46678,5853231.411280001,0.5109,758
511,1.0,420336.33906,5853231.8583,0.5712,758
511,1.5,420336.27520000003,5853232.36918,0.6386,758
511,2.0,420336.21134,5853232.880060001,0.5712,758
511,2.5,420336.08362,5853233.327080001,0.5266,758
511,3.0,420335.9559,5853233.837960001,0.6386,758
511,3.5,420335.82818,5853234.348840001,0.5712,758
511,4.0,420335.76432,5853234.795860001,0.5266,758
511,4.5,420335.6366,5853235.306740001,0.6386,758
511,5.0,420335.50888,5853235.753760001,0.6386,758
511,5.5,420335.38116,5853236.264640001,0.6386,758
512,0.0,420338.44644,5853223.556500001,0.1277,758
512,0.5,420338.38258000003,5853224.067380001,0.1806,758
512,1.0,420338.191,5853224.514400001,0.2856,758
512,1.5,420338.06328,5853224.9614200005,0.2856,758
512,2.0,420337.8717,5853225.4723000005,0.2554,758
512,2.5,420337.68012000003,5853225.919320001,0.1806,758
512,3.0,420337.5524,5853226.366340001,0.3832,758
512,3.5,420337.48854,5853226.877220001,0.3832,758
512,4.0,420337.36082,5853227.388100001,0.3832,758
512,4.5,420337.29696,5853227.898980001,0.5109,758
512,5.0,420337.16924,5853228.346000001,0.4039,758
512,5.5,420337.10538,5853228.856880001,0.4039,758
513,0.0,420347.77,5853243.033800001,0.3612,761
513,0.5,420348.21702,5853243.289240001,0.4039,761
513,1.0,420348.60018,5853243.60854,0.4605,761
513,1.5,420349.04720000003,5853243.863980001,0.5266,761
513,2.0,420349.43036,5853244.119420001,0.4605,761
513,2.5,420349.87738,5853244.374860001,0.5109,761
513,3.0,420350.3244,5853244.630300001,0.5266,761
513,3.5,420350.70756,5853244.885740001,0.5419,761
513,4.0,420351.15458000003,5853245.20504,0.5266,761
513,4.5,420351.53774,5853245.460480001,0.5266,761
513,5.0,420351.98476,5853245.715920001,0.5266,761
513,5.5,420352.36792,5853246.035220001,0.6878,761
514,0.0,420036.83566,5853083.511520001,0.1806,412
514,0.5,420036.51636,5853083.894680001,0.2856,412
514,1.0,420036.26092000003,5853084.341700001,0.2856,412
514,1.5,420036.00548,5853084.72486,0.2856,412
514,2.0,420035.68618,5853085.171880001,0.3612,412
514,2.5,420035.43074,5853085.555040001,0.3612,412
514,3.0,420035.1753,5853086.002060001,0.3612,412
514,3.5,420034.91986,5853086.449080001,0.2856,412
514,4.0,420034.60056,5853086.83224,0.3612,412
514,4.5,420034.34512,5853087.279260001,0.3612,412
514,5.0,420034.08968000003,5853087.662420001,0.3612,412
514,5.5,420033.77038,5853088.109440001,0.3612,412
515,0.0,420133.64742,5853125.659120001,0.1806,536
515,0.5,420133.26426,5853126.042280001,0.1806,536
515,1.0,420132.94496,5853126.361580001,0.2856,536
515,1.5,420132.62566,5853126.744740001,0.2856,536
515,2.0,420132.30636,5853127.127900001,0.2856,536
515,2.5,420131.98706,5853127.51106,0.2856,536
515,3.0,420131.66776,5853127.894220001,0.2856,536
515,3.5,420131.34846,5853128.277380001,0.1806,536
515,4.0,420130.9653,5853128.660540001,0.1806,536
515,4.5,420130.646,5853129.043700001,0.1806,536
515,5.0,420130.32670000003,5853129.426860001,0.1806,536
515,5.5,420130.0074,5853129.810020001,0.1277,536
516,0.0,420361.56376,5853264.043740001,0.3832,743
516,0.5,420361.62762,5853264.5546200005,0.3832,743
516,1.0,420361.62762,5853265.0655000005,0.3832,743
516,1.5,420361.62762,5853265.512520001,0.3832,743
516,2.0,420361.62762,5853266.023400001,0.5109,743
516,2.5,420361.56376,5853266.534280001,0.5109,743
516,3.0,420361.56376,5853267.045160001,0.5109,743
516,3.5,420361.4999,5853267.556040001,0.3832,743
516,4.0,420361.43604,5853268.003060001,0.3832,743
516,4.5,420361.43604,5853268.513940001,0.3832,743
516,5.0,420361.37218,5853269.024820001,0.3832,743
516,5.5,420361.30832,5853269.535700001,0.5712,743
517,0.0,420036.06934,5853192.009660001,0.4039,69
517,0.5,420035.8139,5853192.456680001,0.2856,69
517,1.0,420035.55846000003,5853192.903700001,0.2856,69
517,1.5,420035.36688,5853193.35072,0.3612,69
517,2.0,420035.1753,5853193.797740001,0.3612,69
517,2.5,420034.98372,5853194.244760001,0.2856,69
517,3.0,420034.72828,5853194.691780001,0.2856,69
517,3.5,420034.5367,5853195.138800001,0.2856,69
517,4.0,420034.28126,5853195.585820001,0.3612,69
517,4.5,420034.02582,5853196.03284,0.2856,69
517,5.0,420033.83424,5853196.479860001,0.3612,69
518,0.0,420025.85174,5853214.935400001,0.3612,30
518,0.5,420025.46858,5853215.3185600005,0.3612,30
518,1.0,420025.14928,5853215.637860001,0.3612,30
518,1.5,420024.76612,5853216.021020001,0.3612,30
518,2.0,420024.44682,5853216.404180001,0.2856,30
518,2.5,420024.12752,5853216.787340001,0.2856,30
518,3.0,420023.80822,5853217.170500001,0.2856,30
518,3.5,420023.55278,5853217.553660001,0.2856,30
518,4.0,420023.23348,5853217.93682,0.2856,30
518,4.5,420022.91418,5853218.319980001,0.2856,30
518,5.0,420022.65874,5853218.767000001,0.4039,30
519,0.0,419958.8626,5853032.231940001,0.2856,171
519,0.5,419958.73488,5853032.678960001,0.5419,171
519,1.0,419958.47944,5853033.125980001,0.5419,171
519,1.5,419958.224,5853033.573000001,0.5266,171
519,2.0,419957.96856,5853034.020020001,0.4605,171
519,2.5,419957.71312000003,5853034.40318,0.5266,171
519,3.0,419957.45768,5853034.850200001,0.4605,171
519,3.5,419957.20224,5853035.297220001,0.4605,171
519,4.0,419956.94680000003,5853035.744240001,0.4039,171
519,4.5,419956.6275,5853036.127400001,0.4039,171
519,5.0,419956.37206,5853036.57442,0.4039,171
520,0.0,420306.261,5853303.5730800005,0.1277,710
520,0.5,420306.261,5853304.08396,0.2554,710
520,1.0,420306.261,5853304.59484,0.4605,710
520,1.5,420306.261,5853305.041860001,0.5109,710
520,2.0,420306.13328,5853305.552740001,0.5109,710
520,2.5,420306.00556,5853306.063620001,0.5109,710
520,3.0,420305.9417,5853306.510640001,0.5109,710
520,3.5,420305.81398,5853307.021520001,0.4039,710
520,4.0,420305.75012,5853307.532400001,0.5109,710
520,4.5,420305.68626,5853308.043280001,0.5109,710
520,5.0,420305.6224,5853308.490300001,0.5109,710
521,0.0,419972.97566,5853215.637860001,0.3832,11
521,0.5,419972.97566,5853216.148740001,0.3832,11
521,1.0,419972.9118,5853216.659620001,0.2554,11
521,1.5,419972.9118,5853217.106640001,0.2554,11
521,2.0,419972.9118,5853217.617520001,0.3832,11
521,2.5,419972.84794,5853218.128400001,0.3832,11
521,3.0,419972.84794,5853218.639280001,0.3832,11
521,3.5,419972.84794,5853219.150160001,0.3832,11
521,4.0,419972.78408,5853219.5971800005,0.3832,11
521,4.5,419972.78408,5853220.10806,0.3832,11
521,5.0,419972.78408,5853220.61894,0.3832,11
522,0.0,420024.51068,5853024.696460001,0.2554,375
522,0.5,420024.12752,5853025.079620001,0.1806,374
522,1.0,420023.80822,5853025.3989200005,0.2856,374
522,1.5,420023.48892000003,5853025.782080001,0.2856,374
522,2.0,420023.16962,5853026.165240001,0.2856,374
522,2.5,420022.85032,5853026.548400001,0.2856,374
522,3.0,420022.46716,5853026.93156,0.3612,374
522,3.5,420022.14786,5853027.314720001,0.3612,374
522,4.0,420021.82856,5853027.634020001,0.3612,374
522,4.5,420021.50926,5853028.01718,0.4605,374
522,5.0,420021.18996,5853028.400340001,0.4605,374
523,0.0,420161.80968,5853045.387100001,0.2554,221
523,0.5,420161.49038000003,5853045.770260001,0.1806,221
523,1.0,420161.23494,5853046.21728,0.2554,221
523,1.5,420160.91564,5853046.600440001,0.2554,221
523,2.0,420160.6602,5853046.983600001,0.2856,221
523,2.5,420160.3409,5853047.430620001,0.2554,221
523,3.0,420160.08546000003,5853047.81378,0.2554,221
523,3.5,420159.83002,5853048.260800001,0.2856,221
523,4.0,420159.51072,5853048.643960001,0.1806,221
523,4.5,420159.25528,5853049.090980001,0.2554,221
523,5.0,420158.99984,5853049.4741400005,0.2856,221
524,0.0,420124.8986,5852996.087180001,0.1277,259
524,0.5,420124.83474,5852996.598060001,0.4605,259
524,1.0,420124.70702000003,5852997.045080001,0.5712,259
524,1.5,420124.45158,5852997.4921,0.5712,259
524,2.0,420124.26,5852997.939120001,0.6386,259
524,2.5,420124.06842,5852998.386140001,0.5712,259
524,3.0,420123.81298,5852998.833160001,0.6386,259
524,3.5,420123.6214,5852999.280180001,0.6512,259
524,4.0,420123.36596,5852999.727200001,0.6386,259
524,4.5,420123.17438,5853000.17422,0.6878,259
524,5.0,420122.9828,5853000.685100001,0.6386,259
525,0.0,419884.27412,5853095.261760001,0.1277,137
525,0.5,419884.1464,5853095.772640001,0.1806,137
525,1.0,419884.01868,5853096.219660001,0.2554,137
525,1.5,419883.89096,5853096.730540001,0.2554,137
525,2.0,419883.76324,5853097.177560001,0.2856,137
525,2.5,419883.63552,5853097.688440001,0.3612,137
525,3.0,419883.5078,5853098.1354600005,0.3832,137
525,3.5,419883.38008000003,5853098.64634,0.3612,137
525,4.0,419883.25236,5853099.15722,0.3612,137
525,4.5,419883.1885,5853099.604240001,0.3832,137
525,5.0,419883.12464,5853100.115120001,0.5109,137
526,0.0,419981.08588,5853174.57588,0.3612,99
526,0.5,419980.575,5853174.703600001,0.3612,99
526,1.0,419980.12798,5853174.703600001,0.3832,99
526,1.5,419979.61710000003,5853174.767460001,0.5109,99
526,2.0,419979.10622,5853174.895180001,0.4605,99
526,2.5,419978.6592,5853175.022900001,0.3832,99
526,3.0,419978.14832,5853175.086760001,0.5109,99
526,3.5,419977.63744,5853175.214480001,0.4605,99
526,4.0,419977.19042,5853175.342200001,0.4039,99
526,4.5,419976.67954,5853175.406060001,0.5109,99
526,5.0,419976.23252,5853175.533780001,0.5266,99
527,0.0,420326.76006,5853228.601440001,0.3612,753
527,0.5,420326.50462,5853229.048460001,0.2856,753
527,1.0,420326.24918,5853229.431620001,0.3612,753
527,1.5,420325.92988,5853229.814780001,0.4605,753
527,2.0,420325.61058,5853230.2618,0.4605,753
527,2.5,420325.35514,5853230.644960001,0.4605,753
527,3.0,420325.0997,5853231.091980001,0.4039,753
527,3.5,420324.84426,5853231.475140001,0.4039,753
527,4.0,420324.52496,5853231.922160001,0.4039,753
527,4.5,420324.20566,5853232.305320001,0.4039,753
527,5.0,420323.95022,5853232.752340001,0.4605,753
528,0.0,420122.59964000003,5853153.118920001,0.2554,526
528,0.5,420123.11052,5853153.2466400005,0.2856,526
528,1.0,420123.55754,5853153.438220001,0.3832,526
528,1.5,420124.00456000003,5853153.565940001,0.2856,526
528,2.0,420124.51544,5853153.75752,0.2554,526
528,2.5,420124.8986,5853154.012960001,0.2554,526
528,3.0,420125.34562,5853154.2684,0.2856,526
528,3.5,420125.79264,5853154.523840001,0.1277,526
528,4.0,420126.23966,5853154.651560001,0.1277,526
528,4.5,420126.68668,5853154.907000001,0.1806,526
528,5.0,420127.1337,5853155.098580001,0.2554,526
529,0.0,419917.80062,5853101.456180001,0.3612,403
529,0.5,419917.54518,5853101.9032000005,0.4039,403
529,1.0,419917.28974,5853102.35022,0.3832,403
529,1.5,419917.09816,5853102.797240001,0.4039,403
529,2.0,419916.90658,5853103.244260001,0.4039,403
529,2.5,419916.65114000003,5853103.691280001,0.4039,403
529,3.0,419916.45956,5853104.138300001,0.4039,403
529,3.5,419916.20412,5853104.585320001,0.4039,403
529,4.0,419916.01254,5853105.03234,0.4039,403
529,4.5,419915.82096,5853105.479360001,0.4039,403
529,5.0,419915.56552,5853105.926380001,0.4039,403
530,0.0,420335.25344,5853223.492640001,0.5109,756
530,0.5,420335.25344,5853224.003520001,0.5109,756
530,1.0,420335.18958,5853224.514400001,0.3832,756
530,1.5,420335.18958,5853224.9614200005,0.3832,756
530,2.0,420335.12572,5853225.4723000005,0.3832,756
530,2.5,420334.998,5853225.98318,0.5109,756
530,3.0,420334.93414,5853226.430200001,0.5109,756
530,3.5,420334.87028000003,5853226.941080001,0.5109,756
530,4.0,420334.80642,5853227.451960001,0.5109,756
530,4.5,420334.6787,5853227.962840001,0.5266,756
530,5.0,420334.61484,5853228.409860001,0.5712,756
531,0.0,420036.64408,5853224.514400001,0.4605,32
531,0.5,420036.26092000003,5853224.833700001,0.4039,32
531,1.0,420035.87776,5853225.089140001,0.2856,32
531,1.5,420035.49460000003,5853225.4723000005,0.3612,32
531,2.0,420035.11144,5853225.791600001,0.3612,32
531,2.5,420034.72828,5853226.110900001,0.3612,32
531,3.0,420034.34512,5853226.430200001,0.3612,32
531,3.5,420033.96196,5853226.813360001,0.4605,32
531,4.0,420033.64266,5853227.132660001,0.3612,32
531,4.5,420033.2595,5853227.451960001,0.3612,32
531,5.0,420032.87634,5853227.771260001,0.3612,32
532,0.0,420186.97052000003,5853206.889040001,0.1277,448
532,0.5,420186.8428,5853207.399920001,0.3832,448
532,1.0,420186.77894,5853207.846940001,0.5109,448
532,1.5,420186.77894,5853208.3578200005,0.5109,448
532,2.0,420186.77894,5853208.8687,0.5109,448
532,2.5,420186.8428,5853209.37958,0.5109,448
532,3.0,420186.8428,5853209.826600001,0.5109,448
532,3.5,420186.90666,5853210.337480001,0.5109,448
532,4.0,420186.90666,5853210.848360001,0.5109,448
532,4.5,420186.97052000003,5853211.359240001,0.5712,448
532,5.0,420186.97052000003,5853211.870120001,0.6386,448
533,0.0,419923.99504,5853108.608500001,0.7663,106
533,0.5,419923.93118,5853109.119380001,0.7447,106
533,1.0,419923.73960000003,5853109.566400001,0.6386,106
533,1.5,419923.54802,5853110.013420001,0.5266,106
533,2.0,419923.4203,5853110.524300001,0.5712,106
533,2.5,419923.22872,5853110.9713200005,0.5712,106
533,3.0,419923.03714000003,5853111.418340001,0.5712,106
533,3.5,419922.84556,5853111.865360001,0.5266,106
533,4.0,419922.59012,5853112.376240001,0.5712,106
533,4.5,419922.39854,5853112.823260001,0.5109,106
533,5.0,419922.20696,5853113.270280001,0.4039,106
534,0.0,420059.05894,5853208.613260001,0.2554,43
534,0.5,420058.99508,5853209.124140001,0.3832,43
534,1.0,420058.93122,5853209.635020001,0.2856,43
534,1.5,420058.93122,5853210.082040001,0.3832,43
534,2.0,420058.86736000003,5853210.592920001,0.3832,43
534,2.5,420058.8035,5853211.103800001,0.2554,43
534,3.0,420058.61192,5853211.5508200005,0.2554,43
534,3.5,420058.54806,5853212.0617,0.2554,43
534,4.0,420058.54806,5853212.57258,0.2554,43
534,4.5,420058.4842,5853213.019600001,0.2554,43
534,5.0,420058.35648,5853213.530480001,0.1277,43
535,0.0,420326.50462,5853233.199360001,0.1277,755
535,0.5,420326.37690000003,5853233.710240001,0.3612,755
535,1.0,420326.24918,5853234.157260001,0.5266,755
535,1.5,420326.0576,5853234.668140001,0.6386,755
535,2.0,420325.86602,5853235.1151600005,0.6878,755
535,2.5,420325.61058,5853235.562180001,0.6386,755
535,3.0,420325.419,5853235.945340001,0.6386,755
535,3.5,420325.22742,5853236.392360001,0.6878,755
535,4.0,420324.97198000003,5853236.839380001,0.6878,755
535,4.5,420324.7804,5853237.286400001,0.6878,755
535,5.0,420324.52496,5853237.73342,0.6878,755
536,0.0,420335.82818,5853253.3152600005,0.1277,736
536,0.5,420336.27520000003,5853253.506840001,0.3832,736
536,1.0,420336.78608,5853253.698420001,0.6386,736
536,1.5,420337.2331,5853253.76228,0.7447,736
536,2.0,420337.74398,5853253.8261400005,0.7663,736
536,2.5,420338.25486,5853253.8261400005,0.7663,736
536,3.0,420338.76574,5853253.8261400005,0.7663,736
536,3.5,420339.27662,5853253.8261400005,0.7663,736
536,4.0,420339.72364,5853253.8261400005,0.7663,736
536,4.5,420340.23452,5853253.890000001,0.7663,736
536,5.0,420340.7454,5853253.890000001,0.8568,736
537,0.0,420051.90662,5853198.778820001,0.2856,45
537,0.5,420051.77890000003,5853199.289700001,0.2554,45
537,1.0,420051.65118,5853199.73672,0.2554,45
537,1.5,420051.4596,5853200.247600001,0.2554,45
537,2.0,420051.26802,5853200.694620001,0.1806,45
537,2.5,420051.1403,5853201.141640001,0.2554,45
537,3.0,420051.01258,5853201.652520001,0.2554,45
537,3.5,420050.821,5853202.099540001,0.2856,45
537,4.0,420050.69328,5853202.546560001,0.3612,45
537,4.5,420050.5017,5853203.057440001,0.3612,45
537,5.0,420050.37398000003,5853203.50446,0.3832,45
538,0.0,419938.23582,5853080.829400001,0.2856,175
538,0.5,419937.7888,5853080.95712,0.5419,175
538,1.0,419937.40564,5853081.276420001,0.5712,175
538,1.5,419937.02248,5853081.659580001,0.6386,175
538,2.0,419936.63932,5853081.915020001,0.6386,175
538,2.5,419936.25616,5853082.298180001,0.6386,175
538,3.0,419935.873,5853082.6174800005,0.7225,175
538,3.5,419935.48984,5853082.936780001,0.7225,175
538,4.0,419935.17054,5853083.256080001,0.7447,175
538,4.5,419934.78738,5853083.63924,0.8178,175
538,5.0,419934.40422,5853083.958540001,0.8078,175
539,0.0,420058.61192,5853034.275460001,0.3612,347
539,0.5,420058.22876,5853034.658620001,0.3612,347
539,1.0,420057.90946,5853034.97792,0.3612,347
539,1.5,420057.59016,5853035.361080001,0.3612,347
539,2.0,420057.27086,5853035.744240001,0.3612,347
539,2.5,420056.95156,5853036.127400001,0.2856,347
539,3.0,420056.69612,5853036.57442,0.2856,347
539,3.5,420056.37682,5853036.957580001,0.2856,347
539,4.0,420055.99366,5853037.340740001,0.2856,347
539,4.5,420055.67436,5853037.66004,0.2856,347
539,5.0,420055.35506000003,5853038.043200001,0.2856,347
540,0.0,420038.30444,5853029.932980001,0.4605,369
540,0.5,420037.98514,5853030.316140001,0.4605,369
540,1.0,420037.66584000003,5853030.6993,0.4039,369
540,1.5,420037.4104,5853031.146320001,0.4605,369
540,2.0,420037.0911,5853031.529480001,0.4605,369
540,2.5,420036.83566,5853031.912640001,0.4605,369
540,3.0,420036.51636,5853032.359660001,0.4605,369
540,3.5,420036.19706000003,5853032.742820001,0.4039,369
540,4.0,420035.94162,5853033.125980001,0.4605,369
540,4.5,420035.62232,5853033.573000001,0.4605,369
540,5.0,420035.30302,5853033.9561600005,0.4605,369
541,0.0,419908.15776000003,5853074.0602400005,0.1277,145
541,0.5,419907.83846,5853074.443400001,0.2856,145
541,1.0,419907.45530000003,5853074.826560001,0.2856,145
541,1.5,419907.136,5853075.1458600005,0.2856,145
541,2.0,419906.75284000003,5853075.465160001,0.2856,145
541,2.5,419906.36968,5853075.784460001,0.2856,145
541,3.0,419905.98652000003,5853076.103760001,0.2856,145
541,3.5,419905.60336,5853076.423060001,0.1806,145
541,4.0,419905.15634,5853076.6785,0.1806,145
541,4.5,419904.77318,5853076.997800001,0.2856,145
541,5.0,419904.39002,5853077.317100001,0.2856,145
542,0.0,420347.25912,5853337.80204,0.1277,713
542,0.5,420347.00368,5853338.249060001,0.1806,713
542,1.0,420346.8121,5853338.696080001,0.2856,713
542,1.5,420346.62052,5853339.143100001,0.3612,713
542,2.0,420346.42894,5853339.590120001,0.3832,713
542,2.5,420346.23736,5853340.101000001,0.3832,713
542,3.0,420346.04578,5853340.548020001,0.4039,713
542,3.5,420345.8542,5853340.99504,0.4039,713
542,4.0,420345.66262,5853341.442060001,0.4605,713
542,4.5,420345.40718,5853341.889080001,0.4039,713
542,5.0,420345.2156,5853342.336100001,0.3612,713
543,0.0,420062.3158,5853023.610840001,0.2856,323
543,0.5,420061.93264,5853023.994000001,0.2856,323
543,1.0,420061.61334,5853024.3133000005,0.3612,323
543,1.5,420061.29404,5853024.696460001,0.2856,323
543,2.0,420060.91088,5853025.079620001,0.2856,323
543,2.5,420060.59158,5853025.3989200005,0.3612,323
543,3.0,420060.20842,5853025.782080001,0.3612,323
543,3.5,420059.88912,5853026.101380001,0.3612,323
543,4.0,420059.50596,5853026.484540001,0.3612,323
543,4.5,420059.1228,5853026.803840001,0.3612,323
543,5.0,420058.73964,5853027.123140001,0.2856,323
544,0.0,419886.63694,5853086.449080001,0.2554,137
544,0.5,419886.44536,5853086.8961000005,0.3832,137
544,1.0,419886.3815,5853087.40698,0.3832,137
544,1.5,419886.31764,5853087.91786,0.3612,137
544,2.0,419886.18992000003,5853088.364880001,0.3832,137
544,2.5,419886.0622,5853088.875760001,0.2856,137
544,3.0,419885.93448,5853089.386640001,0.3612,137
544,3.5,419885.87062,5853089.833660001,0.4039,137
544,4.0,419885.7429,5853090.344540001,0.3612,137
544,4.5,419885.55132,5853090.791560001,0.2554,137
544,5.0,419885.4236,5853091.302440001,0.1277,137
545,0.0,420045.96764,5853020.864860001,0.1277,368
545,0.5,420045.7122,5853021.311880001,0.1806,368
545,1.0,420045.45676000003,5853021.758900001,0.1277,368
545,1.5,420045.32904,5853022.205920001,0.1806,368
545,2.0,420045.13746,5853022.65294,0.2554,368
545,2.5,420044.88202,5853023.099960001,0.1806,368
545,3.0,420044.69044000003,5853023.546980001,0.2554,368
545,3.5,420044.56272,5853024.057860001,0.2856,368
545,4.0,420044.37114,5853024.504880001,0.2554,368
545,4.5,420044.24342,5853025.015760001,0.3612,368
545,5.0,420044.05184000003,5853025.462780001,0.3612,368
546,0.0,420002.28740000003,5853040.533740001,0.5712,190
546,0.5,420002.09582,5853040.980760001,0.5109,190
546,1.0,420001.9681,5853041.491640001,0.5266,190
546,1.5,420001.77652,5853041.93866,0.4605,190
546,2.0,420001.6488,5853042.44954,0.5109,190
546,2.5,420001.52108000003,5853042.896560001,0.4605,190
546,3.0,420001.3295,5853043.343580001,0.3832,190
546,3.5,420001.20178,5853043.854460001,0.4039,190
546,4.0,420001.0102,5853044.301480001,0.2856,190
546,4.5,420000.88248000003,5853044.812360001,0.3612,190
546,5.0,420000.6909,5853045.259380001,0.2554,190
547,0.0,420367.18344,5853283.904200001,0.3612,742
547,0.5,420367.05572,5853284.415080001,0.3832,742
547,1.0,420366.99186,5853284.8621000005,0.3832,742
547,1.5,420366.86414,5853285.37298,0.3832,742
547,2.0,420366.73642000003,5853285.88386,0.3832,742
547,2.5,420366.6087,5853286.330880001,0.3612,742
547,3.0,420366.48098,5853286.841760001,0.3612,742
547,3.5,420366.41712,5853287.288780001,0.4039,742
547,4.0,420366.2894,5853287.799660001,0.3832,742
547,4.5,420366.22554,5853288.310540001,0.4039,742
547,5.0,420366.16168,5853288.757560001,0.3832,742
548,0.0,420305.43082,5853357.343200001,0.5109,701
548,0.5,420305.36696,5853357.854080001,0.5109,701
548,1.0,420305.3031,5853358.301100001,0.5109,701
548,1.5,420305.23924,5853358.811980001,0.5712,701
548,2.0,420305.11152000003,5853359.322860001,0.5109,701
548,2.5,420305.11152000003,5853359.833740001,0.5712,701
548,3.0,420305.04766,5853360.344620001,0.5266,701
548,3.5,420304.9838,5853360.79164,0.5109,701
548,4.0,420304.91994,5853361.30252,0.5109,701
548,4.5,420304.85608,5853361.813400001,0.5109,701
548,5.0,420304.85608,5853362.324280001,0.5109,701
549,0.0,420180.71224,5853107.012000001,0.4605,192
549,0.5,420180.32908,5853107.331300001,0.4605,192
549,1.0,420179.94592,5853107.71446,0.4605,192
549,1.5,420179.62662,5853108.033760001,0.4605,192
549,2.0,420179.24346,5853108.353060001,0.4605,192
549,2.5,420178.8603,5853108.736220001,0.4605,192
549,3.0,420178.47714000003,5853109.055520001,0.3612,192
549,3.5,420178.15784,5853109.3748200005,0.4605,192
549,4.0,420177.77468000003,5853109.757980001,0.3612,192
549,4.5,420177.39152,5853110.077280001,0.3612,192
549,5.0,420177.00836,5853110.39658,0.4039,192
550,0.0,419962.75806,5853062.629300001,0.2554,178
550,0.5,419962.88578,5853063.140180001,0.3832,178
550,1.0,419963.0135,5853063.587200001,0.4039,178
550,1.5,419963.14122,5853064.098080001,0.3832,178
550,2.0,419963.20508,5853064.545100001,0.3832,178
550,2.5,419963.26894,5853065.055980001,0.3832,178
550,3.0,419963.39666,5853065.566860001,0.5109,178
550,3.5,419963.46052,5853066.077740001,0.5109,178
550,4.0,419963.52438,5853066.52476,0.6386,178
550,4.5,419963.58824,5853067.03564,0.6386,178
550,5.0,419963.71596,5853067.546520001,0.5109,178
551,0.0,420024.19138000003,5853054.072060001,0.2554,364
551,0.5,420024.25524,5853054.582940001,0.5109,364
551,1.0,420024.12752,5853055.029960001,0.5109,364
551,1.5,420023.9998,5853055.540840001,0.4039,364
551,2.0,420023.93594,5853056.051720001,0.5109,364
551,2.5,420023.87208,5853056.498740001,0.4605,364
551,3.0,420023.74436,5853057.009620001,0.4039,364
551,3.5,420023.6805,5853057.520500001,0.5109,364
551,4.0,420023.61664,5853058.0313800005,0.5266,364
551,4.5,420023.55278,5853058.4784,0.5712,364
551,5.0,420023.42506,5853058.989280001,0.5109,364
552,0.0,419872.52388,5853126.872460001,0.3832,113
552,0.5,419872.3323,5853127.319480001,0.2856,113
552,1.0,419872.14072,5853127.766500001,0.3612,113
552,1.5,419871.94914,5853128.277380001,0.3612,113
552,2.0,419871.6937,5853128.660540001,0.4039,113
552,2.5,419871.43826,5853129.10756,0.4039,113
552,3.0,419871.24668,5853129.554580001,0.4605,113
552,3.5,419871.0551,5853130.065460001,0.3832,113
552,4.0,419870.79966,5853130.448620001,0.4605,113
552,4.5,419870.60808000003,5853130.959500001,0.4039,113
553,0.0,420061.29404,5853112.695540001,0.2554,5
553,0.5,420061.23018,5853113.206420001,0.2554,5
553,1.0,420061.16632,5853113.6534400005,0.2554,5
553,1.5,420061.10246,5853114.16432,0.2856,5
553,2.0,420060.97474000003,5853114.6752,0.1806,5
553,2.5,420060.97474000003,5853115.18608,0.2856,5
553,3.0,420060.91088,5853115.696960001,0.3832,5
553,3.5,420060.84702,5853116.143980001,0.3832,5
553,4.0,420060.78316,5853116.654860001,0.3612,5
553,4.5,420060.7193,5853117.165740001,0.2554,5
554,0.0,420195.84706,5853172.213060001,0.2554,440
554,0.5,420195.84706,5853172.723940001,0.2554,440
554,1.0,420195.7832,5853173.234820001,0.2554,440
554,1.5,420195.71934,5853173.681840001,0.3612,440
554,2.0,420195.65548,5853174.192720001,0.2554,440
554,2.5,420195.65548,5853174.703600001,0.3832,440
554,3.0,420195.59162,5853175.214480001,0.2554,440
554,3.5,420195.52776,5853175.6615,0.2554,440
554,4.0,420195.46390000003,5853176.172380001,0.2554,440
554,4.5,420195.40004,5853176.683260001,0.2856,440
555,0.0,420335.82818,5853340.48416,0.2554,712
555,0.5,420335.76432,5853340.99504,0.2554,712
555,1.0,420335.70046,5853341.442060001,0.3832,712
555,1.5,420335.50888,5853341.952940001,0.3612,712
555,2.0,420335.38116,5853342.399960001,0.2856,712
555,2.5,420335.25344,5853342.910840001,0.2856,712
555,3.0,420335.12572,5853343.421720001,0.2554,712
555,3.5,420334.998,5853343.868740001,0.2554,712
555,4.0,420334.87028000003,5853344.379620001,0.2554,712
555,4.5,420334.80642,5853344.826640001,0.3832,712
556,0.0,420027.44824,5853064.608960001,0.2554,357
556,0.5,420027.44824,5853065.119840001,0.2554,357
556,1.0,420027.5121,5853065.630720001,0.3832,357
556,1.5,420027.5121,5853066.077740001,0.3832,357
556,2.0,420027.5121,5853066.5886200005,0.3832,357
556,2.5,420027.5121,5853067.0995000005,0.3832,357
556,3.0,420027.5121,5853067.61038,0.3832,357
556,3.5,420027.5121,5853068.12126,0.3832,357
556,4.0,420027.57596,5853068.568280001,0.5109,357
556,4.5,420027.57596,5853069.079160001,0.5109,357
557,0.0,420068.44636,5853087.279260001,0.2554,64
557,0.5,420068.31864,5853087.790140001,0.2856,64
557,1.0,420068.19092,5853088.237160001,0.3612,64
557,1.5,420068.06320000003,5853088.748040001,0.3612,64
557,2.0,420067.93548,5853089.195060001,0.3612,64
557,2.5,420067.7439,5853089.705940001,0.2554,64
557,3.0,420067.68004,5853090.152960001,0.2856,64
557,3.5,420067.55232,5853090.6638400005,0.2554,64
557,4.0,420067.36074000003,5853091.11086,0.3612,64
557,4.5,420067.23302,5853091.621740001,0.3832,64
558,0.0,420078.98326,5853090.472260001,0.4605,60
558,0.5,420078.72782000003,5853090.919280001,0.3612,60
558,1.0,420078.40852,5853091.302440001,0.4605,60
558,1.5,420078.08922,5853091.621740001,0.4605,60
558,2.0,420077.70606,5853092.004900001,0.4605,60
558,2.5,420077.38676,5853092.324200001,0.4605,60
558,3.0,420077.0036,5853092.707360001,0.4605,60
558,3.5,420076.6843,5853093.090520001,0.4605,60
558,4.0,420076.30114,5853093.473680001,0.4605,60
558,4.5,420075.98184,5853093.79298,0.4605,60
559,0.0,420057.90946,5853047.430620001,0.1277,338
559,0.5,420057.65402,5853047.877640001,0.1806,338
559,1.0,420057.33472,5853048.260800001,0.2554,338
559,1.5,420057.14314,5853048.707820001,0.2554,338
559,2.0,420056.8877,5853049.154840001,0.2554,338
559,2.5,420056.5684,5853049.538000001,0.2554,338
559,3.0,420056.31296,5853049.9850200005,0.2554,338
559,3.5,420056.05752000003,5853050.432040001,0.2554,338
559,4.0,420055.80208,5853050.815200001,0.1806,338
559,4.5,420055.54664,5853051.262220001,0.1806,338
560,0.0,420036.64408,5852971.82038,0.1277,402
560,0.5,420036.51636,5852972.267400001,0.2856,402
560,1.0,420036.32478,5852972.778280001,0.4039,402
560,1.5,420036.1332,5852973.225300001,0.5266,402
560,2.0,420035.94162,5852973.672320001,0.6512,402
560,2.5,420035.75004,5852974.183200001,0.5712,402
560,3.0,420035.62232,5852974.630220001,0.5266,402
560,3.5,420035.49460000003,5852975.141100001,0.5266,402
560,4.0,420035.36688,5852975.58812,0.5109,402
560,4.5,420035.23916,5852976.099,0.5109,402
561,0.0,420120.30068,5853153.629800001,0.2856,525
561,0.5,420120.7477,5853153.75752,0.2856,525
561,1.0,420121.25858,5853153.949100001,0.2856,525
561,1.5,420121.7056,5853154.076820001,0.2554,525
561,2.0,420122.21648,5853154.2684,0.2856,525
561,2.5,420122.6635,5853154.396120001,0.2856,525
561,3.0,420123.17438,5853154.587700001,0.2554,525
561,3.5,420123.6214,5853154.715420001,0.2554,525
561,4.0,420124.13228,5853154.8431400005,0.2856,525
561,4.5,420124.5793,5853154.970860001,0.2856,525
562,0.0,420100.24864,5853051.0706400005,0.1277,239
562,0.5,420100.18478,5853051.5815200005,0.2554,239
562,1.0,420100.05706,5853052.028540001,0.2554,239
562,1.5,420099.86548,5853052.475560001,0.2856,239
562,2.0,420099.6739,5853052.922580001,0.2856,239
562,2.5,420099.48232,5853053.433460001,0.2554,239
562,3.0,420099.3546,5853053.880480001,0.2554,239
562,3.5,420099.29074,5853054.391360001,0.3612,239
562,4.0,420099.16302,5853054.902240001,0.2554,239
562,4.5,420099.0353,5853055.3492600005,0.2554,239
563,0.0,420067.23302,5853019.651520001,0.1806,322
563,0.5,420066.97758,5853020.098540001,0.2554,322
563,1.0,420066.786,5853020.54556,0.2554,322
563,1.5,420066.59442,5853020.992580001,0.3612,322
563,2.0,420066.40284,5853021.439600001,0.3832,322
563,2.5,420066.1474,5853021.886620001,0.3612,322
563,3.0,420065.89196,5853022.333640001,0.3612,322
563,3.5,420065.63652,5853022.780660001,0.2856,322
563,4.0,420065.38108,5853023.16382,0.2856,322
563,4.5,420065.12564,5853023.610840001,0.2856,322
564,0.0,420031.72686,5853061.671400001,0.2554,358
564,0.5,420031.3437,5853061.926840001,0.2856,358
564,1.0,420030.89668,5853062.24614,0.2856,358
564,1.5,420030.51352,5853062.501580001,0.2554,358
564,2.0,420030.0665,5853062.75702,0.2554,358
564,2.5,420029.61948,5853062.948600001,0.3612,358
564,3.0,420029.17246000003,5853063.204040001,0.3612,358
564,3.5,420028.72544,5853063.459480001,0.2856,358
564,4.0,420028.34228,5853063.714920001,0.3612,358
564,4.5,420027.89526,5853063.970360001,0.2856,358
565,0.0,419906.1781,5853072.39988,0.3612,141
565,0.5,419905.98652000003,5853072.846900001,0.3612,141
565,1.0,419905.79494,5853073.293920001,0.3612,141
565,1.5,419905.60336,5853073.804800001,0.2554,141
565,2.0,419905.34792000003,5853074.187960001,0.3612,141
565,2.5,419905.09248,5853074.634980001,0.2856,141
565,3.0,419904.9009,5853075.082,0.3612,141
565,3.5,419904.70932,5853075.529020001,0.2856,141
565,4.0,419904.51774,5853076.039900001,0.3612,141
565,4.5,419904.32616,5853076.486920001,0.2856,141
566,0.0,420006.88532,5853029.932980001,0.5419,380
566,0.5,420006.56602,5853030.316140001,0.5419,380
566,1.0,420006.24672,5853030.6993,0.5419,380
566,1.5,420005.92742,5853031.082460001,0.5419,380
566,2.0,420005.60812,5853031.465620001,0.5419,380
566,2.5,420005.28882,5853031.848780001,0.5419,380
566,3.0,420004.96952,5853032.231940001,0.5419,380
566,3.5,420004.65022,5853032.615100001,0.5419,380
566,4.0,420004.33092,5853032.998260001,0.5266,380
566,4.5,420004.01162,5853033.38142,0.4605,380
567,0.0,420038.36830000003,5853011.030420001,0.1277,370
567,0.5,420038.30444,5853011.541300001,0.2554,370
567,1.0,420038.30444,5853012.052180001,0.2554,370
567,1.5,420038.30444,5853012.4992,0.2554,370
567,2.0,420038.30444,5853013.01008,0.2554,370
567,2.5,420038.30444,5853013.520960001,0.2554,370
567,3.0,420038.36830000003,5853014.031840001,0.2554,370
567,3.5,420038.36830000003,5853014.542720001,0.2554,370
567,4.0,420038.43216,5853014.989740001,0.3832,370
567,4.5,420038.36830000003,5853015.500620001,0.2554,370
568,0.0,420007.0769,5853008.667600001,0.3832,399
568,0.5,420006.94918,5853009.178480001,0.3832,399
568,1.0,420006.7576,5853009.625500001,0.4039,399
568,1.5,420006.56602,5853010.072520001,0.3832,399
568,2.0,420006.37444,5853010.519540001,0.3612,399
568,2.5,420006.18286,5853011.030420001,0.3832,399
568,3.0,420005.99128,5853011.4774400005,0.3612,399
568,3.5,420005.79970000003,5853011.924460001,0.3832,399
568,4.0,420005.60812,5853012.371480001,0.3832,399
568,4.5,420005.4804,5853012.882360001,0.4039,399
569,0.0,420130.70986,5853144.753260001,0.2554,28
569,0.5,420130.26284,5853144.880980001,0.2554,28
569,1.0,420129.75196,5853145.072560001,0.2554,28
569,1.5,420129.30494,5853145.264140001,0.2554,28
569,2.0,420128.85792,5853145.519580001,0.2554,28
569,2.5,420128.4109,5853145.7750200005,0.2554,28
569,3.0,420128.02774,5853145.966600001,0.2554,28
569,3.5,420127.58072,5853146.22204,0.2554,28
569,4.0,420127.1337,5853146.477480001,0.1277,28
569,4.5,420126.62282,5853146.669060001,0.1806,28
570,0.0,420079.04712,5853026.803840001,0.3612,316
570,0.5,420078.72782000003,5853027.187000001,0.2856,316
570,1.0,420078.34466,5853027.570160001,0.2856,316
570,1.5,420078.02536,5853027.889460001,0.2856,316
570,2.0,420077.70606,5853028.272620001,0.2856,316
570,2.5,420077.38676,5853028.655780001,0.1806,316
570,3.0,420077.0036,5853029.038940001,0.2856,316
570,3.5,420076.6843,5853029.422100001,0.3612,316
570,4.0,420076.42886,5853029.805260001,0.2856,316
570,4.5,420076.10956,5853030.1884200005,0.2554,316
571,0.0,420358.49848,5853272.409400001,0.1277,741
571,0.5,420358.17918,5853272.792560001,0.2856,741
571,1.0,420357.85988,5853273.175720001,0.2856,741
571,1.5,420357.47672000004,5853273.55888,0.2856,741
571,2.0,420357.15742,5853273.878180001,0.3612,741
571,2.5,420356.83812000003,5853274.261340001,0.3612,741
571,3.0,420356.51882,5853274.6445,0.3612,741
571,3.5,420356.13566,5853275.027660001,0.3612,741
571,4.0,420355.81636,5853275.410820001,0.3612,741
571,4.5,420355.49706,5853275.73012,0.3612,741
572,0.0,420062.6351,5853017.86344,0.1277,321
572,0.5,420062.25194,5853018.246600001,0.1806,321
572,1.0,420061.93264,5853018.565900001,0.1806,321
572,1.5,420061.54948,5853018.8852,0.2554,321
572,2.0,420061.16632,5853019.204500001,0.2554,321
572,2.5,420060.7193,5853019.396080001,0.2856,321
572,3.0,420060.27228000003,5853019.651520001,0.2554,321
572,3.5,420059.82526,5853019.906960001,0.1806,321
572,4.0,420059.4421,5853020.162400001,0.2856,321
572,4.5,420058.99508,5853020.481700001,0.3612,321
573,0.0,419853.55746,5853144.561680001,0.3832,114
573,0.5,419853.36588,5853145.008700001,0.3612,114
573,1.0,419853.1743,5853145.455720001,0.3612,114
573,1.5,419852.98272,5853145.966600001,0.3832,114
573,2.0,419852.855,5853146.413620001,0.2856,114
573,2.5,419852.66342,5853146.860640001,0.2554,114
573,3.0,419852.5357,5853147.3715200005,0.3612,114
573,3.5,419852.40798,5853147.8824000005,0.3832,114
573,4.0,419852.34412,5853148.329420001,0.3832,114
573,4.5,419852.21640000003,5853148.840300001,0.4039,114
574,0.0,420037.79356,5853182.494520001,0.1806,594
574,0.5,420037.4104,5853182.813820001,0.1806,594
574,1.0,420037.02724,5853183.13312,0.2856,594
574,1.5,420036.64408,5853183.452420001,0.1806,594
574,2.0,420036.26092000003,5853183.771720001,0.1806,594
574,2.5,420035.8139,5853184.027160001,0.1806,594
574,3.0,420035.43074,5853184.2826000005,0.1806,594
574,3.5,420034.98372,5853184.601900001,0.2554,594
574,4.0,420034.5367,5853184.857340001,0.2856,594
574,4.5,420034.15354,5853185.048920001,0.1806,594
575,0.0,420051.07644000003,5853099.15722,0.2554,77
575,0.5,420050.88486,5853099.604240001,0.4039,77
575,1.0,420050.75714,5853100.115120001,0.4039,77
575,1.5,420050.56556,5853100.562140001,0.4039,77
575,2.0,420050.43784,5853101.009160001,0.4605,77
575,2.5,420050.24626,5853101.520040001,0.4039,77
575,3.0,420050.11854,5853102.030920001,0.5109,77
575,3.5,420049.99082,5853102.477940001,0.5266,77
575,4.0,420049.8631,5853102.988820001,0.5712,77
575,4.5,420049.73538,5853103.43584,0.6386,77
576,0.0,419999.22212,5853113.6534400005,0.1277,93
576,0.5,419998.96668,5853114.100460001,0.3612,93
576,1.0,419998.7751,5853114.547480001,0.4039,93
576,1.5,419998.64738,5853114.994500001,0.4039,93
576,2.0,419998.51966,5853115.505380001,0.4605,93
576,2.5,419998.39194,5853115.952400001,0.4605,93
576,3.0,419998.26422,5853116.463280001,0.4039,93
576,3.5,419998.1365,5853116.974160001,0.4605,93
576,4.0,419997.94492,5853117.4211800005,0.3832,93
576,4.5,419997.8172,5853117.8682,0.4039,93
577,0.0,420089.52016,5853058.925420001,0.2554,242
577,0.5,420089.00928,5853058.989280001,0.3832,242
577,1.0,420088.56226000004,5853059.117000001,0.4039,242
577,1.5,420088.05138,5853059.308580001,0.4605,242
577,2.0,420087.60436,5853059.436300001,0.4605,242
577,2.5,420087.09348,5853059.6278800005,0.4039,242
577,3.0,420086.64646,5853059.755600001,0.4605,242
577,3.5,420086.19944,5853059.883320001,0.4039,242
577,4.0,420085.68856,5853060.074900001,0.2554,242
577,4.5,420085.17768,5853060.1387600005,0.1277,242
578,0.0,420056.8877,5853017.416420001,0.2554,346
578,0.5,420056.82384,5853017.927300001,0.1806,346
578,1.0,420056.69612,5853018.37432,0.1806,346
578,1.5,420056.50454,5853018.8852,0.2554,346
578,2.0,420056.37682,5853019.332220001,0.2554,346
578,2.5,420056.2491,5853019.843100001,0.2554,346
578,3.0,420056.18524,5853020.290120001,0.2856,346
578,3.5,420056.05752000003,5853020.801000001,0.2554,346
578,4.0,420055.86594,5853021.248020001,0.2554,346
578,4.5,420055.73822,5853021.758900001,0.2856,346
579,0.0,420014.86782,5853198.331800001,0.4605,27
579,0.5,420014.48466,5853198.587240001,0.2856,27
579,1.0,420014.1015,5853198.970400001,0.2856,27
579,1.5,420013.71834,5853199.353560001,0.3612,27
579,2.0,420013.39904,5853199.672860001,0.3612,27
579,2.5,420013.01588,5853199.992160001,0.3612,27
579,3.0,420012.63272,5853200.375320001,0.4605,27
579,3.5,420012.31342,5853200.694620001,0.5419,27
579,4.0,420011.93026,5853201.077780001,0.5419,27
579,4.5,420011.61096,5853201.460940001,0.4605,27
580,0.0,420001.52108000003,5853105.351640001,0.2554,93
580,0.5,420001.45722,5853105.862520001,0.2554,93
580,1.0,420001.39336,5853106.373400001,0.2554,93
580,1.5,420001.3295,5853106.820420001,0.2554,93
580,2.0,420001.26564,5853107.331300001,0.2554,93
580,2.5,420001.20178,5853107.842180001,0.2856,93
580,3.0,420001.07406,5853108.353060001,0.2554,93
580,3.5,420001.0102,5853108.80008,0.2856,93
580,4.0,420000.88248000003,5853109.31096,0.3832,93
580,4.5,420000.75476,5853109.757980001,0.3832,93
581,0.0,419891.61802,5853110.9713200005,0.4039,135
581,0.5,419891.36258,5853111.418340001,0.3612,135
581,1.0,419891.04328,5853111.801500001,0.3612,135
581,1.5,419890.78784,5853112.248520001,0.3612,135
581,2.0,419890.5324,5853112.631680001,0.3612,135
581,2.5,419890.2131,5853113.0787,0.3612,135
581,3.0,419889.95766,5853113.461860001,0.3612,135
581,3.5,419889.70222,5853113.908880001,0.3612,135
581,4.0,419889.38292,5853114.292040001,0.4039,135
581,4.5,419889.12748,5853114.7390600005,0.4605,135
582,0.0,420061.42176,5853184.729620001,0.2554,548
582,0.5,420060.91088,5853184.857340001,0.2856,548
582,1.0,420060.46386,5853184.985060001,0.3612,548
582,1.5,420059.95298,5853185.112780001,0.3832,548
582,2.0,420059.50596,5853185.240500001,0.3612,548
582,2.5,420058.99508,5853185.30436,0.4039,548
582,3.0,420058.4842,5853185.432080001,0.3832,548
582,3.5,420058.03718,5853185.495940001,0.3832,548
582,4.0,420057.5263,5853185.559800001,0.3832,548
582,4.5,420057.01542,5853185.751380001,0.2554,548
583,0.0,420052.7368,5853086.3852200005,0.1277,84
583,0.5,420052.35364,5853086.704520001,0.1806,84
583,1.0,420051.97048,5853087.023820001,0.1806,84
583,1.5,420051.58732,5853087.40698,0.2856,84
583,2.0,420051.20416,5853087.662420001,0.2554,84
583,2.5,420050.821,5853087.9817200005,0.3612,84
583,3.0,420050.37398000003,5853088.237160001,0.2856,84
583,3.5,420049.92696,5853088.364880001,0.2554,84
583,4.0,420049.5438,5853088.684180001,0.2856,84
583,4.5,420049.16064,5853089.00348,0.1277,84
584,0.0,419874.18424000003,5853164.805300001,0.1806,124
584,0.5,419873.9288,5853165.252320001,0.4039,124
584,1.0,419873.73722,5853165.699340001,0.3832,124
584,1.5,419873.6095,5853166.210220001,0.3612,124
584,2.0,419873.48178000003,5853166.657240001,0.3612,124
584,2.5,419873.35406,5853167.1681200005,0.3832,124
584,3.0,419873.22634,5853167.615140001,0.3832,124
584,3.5,419873.09862,5853168.126020001,0.3832,124
584,4.0,419872.90704,5853168.573040001,0.3612,124
584,4.5,419872.77932000003,5853169.083920001,0.3612,124
585,0.0,420065.12564,5853060.202620001,0.1806,333
585,0.5,420064.74248,5853060.521920001,0.1806,333
585,1.0,420064.35932,5853060.905080001,0.1806,333
585,1.5,420064.04002,5853061.2243800005,0.1806,333
585,2.0,420063.65686,5853061.607540001,0.1806,333
585,2.5,420063.33756,5853061.926840001,0.1806,333
585,3.0,420062.9544,5853062.3100000005,0.1806,333
585,3.5,420062.6351,5853062.629300001,0.1806,333
585,4.0,420062.25194,5853063.012460001,0.1806,333
585,4.5,420061.93264,5853063.33176,0.1806,333
586,0.0,420024.70226,5853105.287780001,0.2554,80
586,0.5,420024.57454,5853105.734800001,0.1806,80
586,1.0,420024.38296,5853106.245680001,0.2554,80
586,1.5,420024.25524,5853106.756560001,0.2554,80
586,2.0,420024.12752,5853107.20358,0.2856,80
586,2.5,420023.9998,5853107.71446,0.2856,80
586,3.0,420023.87208,5853108.161480001,0.3612,80
586,3.5,420023.74436,5853108.672360001,0.3612,80
586,4.0,420023.61664,5853109.119380001,0.2856,80
586,4.5,420023.55278,5853109.630260001,0.4039,80
587,0.0,420038.36830000003,5853044.493060001,0.1806,353
587,0.5,420038.24058,5853045.003940001,0.1277,353
587,1.0,420038.17672,5853045.450960001,0.1806,353
587,1.5,420038.11286,5853045.961840001,0.2554,353
587,2.0,420038.049,5853046.472720001,0.1277,353
587,2.5,420037.92128,5853046.919740001,0.2554,353
587,3.0,420037.79356,5853047.430620001,0.1277,353
587,3.5,420037.7297,5853047.941500001,0.1806,353
587,4.0,420037.60198,5853048.3885200005,0.1806,353
587,4.5,420037.53812,5853048.8994,0.2554,353
588,0.0,420040.15638,5853097.177560001,0.1806,73
588,0.5,420039.9648,5853097.6245800005,0.1277,73
588,1.0,420039.90094,5853098.1354600005,0.1806,73
588,1.5,420039.77322000003,5853098.64634,0.1277,73
588,2.0,420039.6455,5853099.093360001,0.1277,73
588,2.5,420039.51778,5853099.604240001,0.1806,73
588,3.0,420039.39006,5853100.051260001,0.2554,73
588,3.5,420039.26234,5853100.562140001,0.2554,73
588,4.0,420039.07076000003,5853101.009160001,0.2554,73
588,4.5,420038.94304,5853101.520040001,0.3612,73
589,0.0,419906.88056,5853090.791560001,0.2554,142
589,0.5,419906.62512,5853091.238580001,0.4039,142
589,1.0,419906.36968,5853091.621740001,0.4605,142
589,1.5,419906.1781,5853092.132620001,0.4039,142
589,2.0,419905.92266,5853092.515780001,0.5266,142
589,2.5,419905.66722,5853092.962800001,0.5712,142
589,3.0,419905.47564,5853093.409820001,0.5712,142
589,3.5,419905.2202,5853093.8568400005,0.5712,142
589,4.0,419904.96476,5853094.303860001,0.5712,142
589,4.5,419904.70932,5853094.750880001,0.5712,142
590,0.0,420167.94024,5853055.987860001,0.4039,216
590,0.5,420167.74866,5853056.434880001,0.4605,216
590,1.0,420167.49322,5853056.8819,0.4605,216
590,1.5,420167.23778,5853057.328920001,0.4039,216
590,2.0,420166.91848,5853057.648220001,0.4605,216
590,2.5,420166.66304,5853058.095240001,0.5419,216
590,3.0,420166.40760000004,5853058.5422600005,0.5419,216
590,3.5,420166.15216,5853058.989280001,0.5419,216
590,4.0,420165.96058,5853059.436300001,0.5712,216
590,4.5,420165.70514000003,5853059.883320001,0.6386,216
591,0.0,420038.55988,5853101.647760001,0.2856,76
591,0.5,420038.17672,5853101.967060001,0.2856,76
591,1.0,420037.79356,5853102.286360001,0.3612,76
591,1.5,420037.4104,5853102.605660001,0.3612,76
591,2.0,420037.02724,5853102.92496,0.3612,76
591,2.5,420036.64408,5853103.244260001,0.3612,76
591,3.0,420036.26092000003,5853103.563560001,0.3612,76
591,3.5,420035.87776,5853103.882860001,0.2856,76
591,4.0,420035.49460000003,5853104.202160001,0.2856,76
591,4.5,420035.04758,5853104.457600001,0.3612,76
592,0.0,420078.2808,5853171.255160001,0.2554,556
592,0.5,420078.02536,5853171.702180001,0.1806,556
592,1.0,420077.83378,5853172.149200001,0.1806,556
592,1.5,420077.57834,5853172.596220001,0.2554,556
592,2.0,420077.3229,5853172.97938,0.2554,556
592,2.5,420077.13132,5853173.490260001,0.1806,556
592,3.0,420076.87588,5853173.873420001,0.2554,556
592,3.5,420076.6843,5853174.320440001,0.2554,556
592,4.0,420076.42886,5853174.767460001,0.2856,556
593,0.0,420045.96764,5853170.3611200005,0.1277,1018
593,0.5,420045.64834,5853170.744280001,0.2856,1018
593,1.0,420045.32904,5853171.127440001,0.1806,1018
593,1.5,420045.0736,5853171.574460001,0.2554,1018
593,2.0,420044.81816,5853172.021480001,0.2554,1018
593,2.5,420044.62658,5853172.4685,0.2856,1018
593,3.0,420044.37114,5853172.915520001,0.2856,1018
593,3.5,420044.1157,5853173.298680001,0.1806,1018
593,4.0,420043.92412,5853173.809560001,0.2554,1018
594,0.0,420067.93548,5853075.592880001,0.2856,246
594,0.5,420067.61618,5853075.976040001,0.2856,246
594,1.0,420067.29688,5853076.359200001,0.2856,246
594,1.5,420066.97758,5853076.7423600005,0.2856,246
594,2.0,420066.65828000003,5853077.125520001,0.2856,246
594,2.5,420066.33898,5853077.508680001,0.2856,246
594,3.0,420066.01968,5853077.891840001,0.2856,246
594,3.5,420065.70038,5853078.275,0.2856,246
594,4.0,420065.38108,5853078.658160001,0.2554,246
595,0.0,420031.59914,5853181.6004800005,0.3612,584
595,0.5,420031.3437,5853182.047500001,0.3612,584
595,1.0,420031.08826,5853182.430660001,0.3612,584
595,1.5,420030.83282,5853182.877680001,0.3612,584
595,2.0,420030.64124,5853183.324700001,0.4039,584
595,2.5,420030.3858,5853183.771720001,0.3612,584
595,3.0,420030.19422,5853184.21874,0.3612,584
595,3.5,420030.00264,5853184.729620001,0.2856,584
595,4.0,420029.81106,5853185.176640001,0.3612,584
596,0.0,420373.05856000003,5853346.487000001,0.3832,720
596,0.5,420372.93084,5853346.997880001,0.3612,720
596,1.0,420372.73926,5853347.4449000005,0.3832,720
596,1.5,420372.54768,5853347.891920001,0.3612,720
596,2.0,420372.41996,5853348.338940001,0.3832,720
596,2.5,420372.22838,5853348.849820001,0.4039,720
596,3.0,420372.0368,5853349.296840001,0.4605,720
596,3.5,420371.78136,5853349.743860001,0.4039,720
596,4.0,420371.58978,5853350.190880001,0.4605,720
597,0.0,420053.3754,5853053.625040001,0.4039,337
597,0.5,420052.99224,5853053.880480001,0.4039,337
597,1.0,420052.54522,5853054.19978,0.3612,337
597,1.5,420052.16206,5853054.519080001,0.4605,337
597,2.0,420051.77890000003,5853054.838380001,0.4039,337
597,2.5,420051.39574,5853055.093820001,0.4605,337
597,3.0,420051.01258,5853055.413120001,0.4039,337
597,3.5,420050.56556,5853055.732420001,0.4605,337
597,4.0,420050.1824,5853056.051720001,0.4605,337
598,0.0,420124.70702000003,5853049.538000001,0.1277,233
598,0.5,420124.45158,5853049.9850200005,0.1806,233
598,1.0,420124.26,5853050.432040001,0.2554,233
598,1.5,420123.9407,5853050.815200001,0.1806,233
598,2.0,420123.74912,5853051.326080001,0.2554,233
598,2.5,420123.55754,5853051.773100001,0.2554,233
598,3.0,420123.30210000003,5853052.220120001,0.2554,233
598,3.5,420123.11052,5853052.6671400005,0.2554,233
598,4.0,420122.91894,5853053.114160001,0.3612,233
599,0.0,419984.4066,5853073.102340001,0.1277,182
599,0.5,419984.34274,5853073.613220001,0.1806,182
599,1.0,419984.27888,5853074.124100001,0.2554,182
599,1.5,419984.15116,5853074.57112,0.2554,182
599,2.0,419984.0873,5853075.082,0.3612,182
599,2.5,419983.95958,5853075.529020001,0.2856,182
599,3.0,419983.83186000003,5853076.039900001,0.2856,182
599,3.5,419983.70414,5853076.486920001,0.2554,182
599,4.0,419983.57642,5853076.997800001,0.2554,182
600,0.0,420039.3262,5853188.114200001,0.1277,69
600,0.5,420039.07076000003,5853188.5612200005,0.2554,69
600,1.0,420038.81532,5853189.008240001,0.2856,69
600,1.5,420038.55988,5853189.391400001,0.2554,69
600,2.0,420038.30444,5853189.838420001,0.2856,69
600,2.5,420037.98514,5853190.221580001,0.2856,69
600,3.0,420037.66584000003,5853190.540880001,0.2856,69
600,3.5,420037.28268,5853190.924040001,0.3832,69
600,4.0,420037.02724,5853191.307200001,0.2856,69
601,0.0,420105.80446,5852931.588580001,0.2554,290
601,0.5,420105.48516,5852931.971740001,0.3612,290
601,1.0,420105.29358,5852932.418760001,0.4039,290
601,1.5,420105.03814,5852932.865780001,0.3612,290
601,2.0,420104.7827,5852933.3128,0.4039,290
601,2.5,420104.59112,5852933.759820001,0.2856,290
601,3.0,420104.27182,5852934.142980001,0.2856,290
601,3.5,420104.08024,5852934.590000001,0.3612,290
601,4.0,420103.8248,5852935.037020001,0.3612,290
602,0.0,420045.83992,5853050.687480001,0.3612,420
602,0.5,420045.52062,5853051.0706400005,0.3612,420
602,1.0,420045.13746,5853051.453800001,0.3612,420
602,1.5,420044.81816,5853051.773100001,0.3612,420
602,2.0,420044.49886,5853052.156260001,0.3612,420
602,2.5,420044.17956,5853052.539420001,0.2856,420
602,3.0,420043.7964,5853052.858720001,0.2856,420
602,3.5,420043.41324,5853053.17802,0.2856,420
602,4.0,420043.09394,5853053.561180001,0.1806,420
603,0.0,419976.36024,5853063.84264,0.2856,180
603,0.5,419976.04094000004,5853064.225800001,0.2856,180
603,1.0,419975.72164,5853064.608960001,0.2856,180
603,1.5,419975.33848000003,5853064.9921200005,0.3612,180
603,2.0,419975.01918,5853065.375280001,0.4605,180
603,2.5,419974.69988000003,5853065.758440001,0.4605,180
603,3.0,419974.38058,5853066.077740001,0.4605,180
603,3.5,419974.06128,5853066.52476,0.4605,180
603,4.0,419973.74198,5853066.844060001,0.4605,180
604,0.0,420044.94588,5853222.21544,0.3612,36
604,0.5,420044.69044000003,5853222.662460001,0.4039,36
604,1.0,420044.435,5853223.045620001,0.4039,36
604,1.5,420044.17956,5853223.492640001,0.4039,36
604,2.0,420043.92412,5853223.939660001,0.3612,36
604,2.5,420043.60482,5853224.322820001,0.4605,36
604,3.0,420043.34938,5853224.769840001,0.4605,36
604,3.5,420043.09394,5853225.153000001,0.5266,36
604,4.0,420042.8385,5853225.600020001,0.4605,36
605,0.0,420063.84844000003,5853136.64304,0.2554,429
605,0.5,420063.46528,5853136.962340001,0.1806,429
605,1.0,420063.08212,5853137.281640001,0.1806,429
605,1.5,420062.69896,5853137.6648,0.1806,429
605,2.0,420062.37966000004,5853137.984100001,0.1277,429
605,2.5,420061.9965,5853138.303400001,0.1806,429
605,3.0,420061.61334,5853138.686560001,0.1806,429
605,3.5,420061.29404,5853139.005860001,0.1277,429
605,4.0,420060.97474000003,5853139.389020001,0.1277,429
606,0.0,420044.81816,5853038.937240001,0.1277,352
606,0.5,420044.56272,5853039.384260001,0.2856,352
606,1.0,420044.37114,5853039.8312800005,0.2856,352
606,1.5,420044.24342,5853040.3421600005,0.3612,352
606,2.0,420044.1157,5853040.789180001,0.2554,352
606,2.5,420043.92412,5853041.236200001,0.2856,352
606,3.0,420043.73254,5853041.747080001,0.2856,352
606,3.5,420043.54096,5853042.194100001,0.2554,352
606,4.0,420043.41324,5853042.704980001,0.2856,352
607,0.0,420074.32148,5853063.459480001,0.2554,335
607,0.5,420074.06604,5853063.9065000005,0.2554,335
607,1.0,420073.93832,5853064.353520001,0.2856,335
607,1.5,420073.8106,5853064.864400001,0.2554,335
607,2.0,420073.55516,5853065.311420001,0.2856,335
607,2.5,420073.36358,5853065.758440001,0.1277,335
607,3.0,420073.172,5853066.205460001,0.3612,335
607,3.5,420073.04428000003,5853066.716340001,0.4039,335
607,4.0,420072.8527,5853067.163360001,0.4605,335
608,0.0,420010.84464,5852998.833160001,0.5712,399
608,0.5,420010.71692000004,5852999.344040001,0.5109,399
608,1.0,420010.5892,5852999.791060001,0.4605,399
608,1.5,420010.39762,5853000.301940001,0.4605,399
608,2.0,420010.20604,5853000.74896,0.3832,399
608,2.5,420010.07832000003,5853001.195980001,0.4605,399
608,3.0,420009.88674,5853001.643000001,0.3832,399
608,3.5,420009.69516,5853002.153880001,0.3612,399
608,4.0,420009.50358,5853002.600900001,0.3612,399
609,0.0,420081.53766000003,5852996.725780001,0.1806,309
609,0.5,420081.28222,5852997.172800001,0.4039,309
609,1.0,420081.02678,5852997.5559600005,0.6386,309
609,1.5,420080.77134,5852998.002980001,0.6386,309
609,2.0,420080.57976,5852998.513860001,0.6878,309
609,2.5,420080.38818,5852998.960880001,0.6878,309
609,3.0,420080.1966,5852999.407900001,0.6512,309
609,3.5,420080.06888000004,5852999.854920001,0.6878,309
609,4.0,420079.8773,5853000.365800001,0.6512,309
610,0.0,420039.13462,5853125.40368,0.2554,599
610,0.5,420038.62374,5853125.531400001,0.2554,599
610,1.0,420038.17672,5853125.659120001,0.1806,599
610,1.5,420037.66584000003,5853125.786840001,0.2554,599
610,2.0,420037.21882,5853125.9784200005,0.2554,599
610,2.5,420036.7718,5853126.170000001,0.2554,599
610,3.0,420036.32478,5853126.361580001,0.1806,599
610,3.5,420035.8139,5853126.553160001,0.1806,599
610,4.0,420035.36688,5853126.680880001,0.2554,599
611,0.0,420136.0741,5852950.682720001,0.3612,286
611,0.5,420135.81866,5852951.129740001,0.4039,286
611,1.0,420135.56322,5852951.576760001,0.4039,286
611,1.5,420135.30778000003,5852951.959920001,0.4039,286
611,2.0,420135.05234,5852952.406940001,0.4039,286
611,2.5,420134.86076,5852952.853960001,0.4039,286
611,3.0,420134.60532000003,5852953.300980001,0.4039,286
611,3.5,420134.34988,5852953.748000001,0.4039,286
611,4.0,420134.09444,5852954.131160001,0.3612,286
612,0.0,420069.08496,5853019.45994,0.1806,419
612,0.5,420068.95724,5853019.97082,0.2554,419
612,1.0,420068.76566000003,5853020.417840001,0.3832,419
612,1.5,420068.57408,5853020.864860001,0.3612,419
612,2.0,420068.44636,5853021.311880001,0.4605,419
612,2.5,420068.25478,5853021.822760001,0.4039,419
612,3.0,420068.06320000003,5853022.269780001,0.3832,419
612,3.5,420067.93548,5853022.780660001,0.4039,419
612,4.0,420067.7439,5853023.2276800005,0.3832,419
613,0.0,420308.87926,5853374.776980001,0.2554,606
613,0.5,420308.43224,5853375.032420001,0.4039,606
613,1.0,420307.98522000003,5853375.096280001,0.4039,606
613,1.5,420307.47434,5853375.2878600005,0.3832,606
613,2.0,420307.02732,5853375.415580001,0.3832,606
613,2.5,420306.51644,5853375.543300001,0.3832,606
613,3.0,420306.00556,5853375.607160001,0.3832,606
613,3.5,420305.55854,5853375.607160001,0.2554,606
613,4.0,420305.04766,5853375.734880001,0.2554,606
614,0.0,420024.51068,5853103.308120001,0.2856,79
614,0.5,420024.06366,5853103.563560001,0.2856,79
614,1.0,420023.6805,5853103.819000001,0.3612,79
614,1.5,420023.29734,5853104.138300001,0.2856,79
614,2.0,420022.85032,5853104.329880001,0.3612,79
614,2.5,420022.4033,5853104.585320001,0.3612,79
614,3.0,420021.95628,5853104.776900001,0.3612,79
614,3.5,420021.50926,5853105.03234,0.2856,79
614,4.0,420021.1261,5853105.287780001,0.3612,79
615,0.0,420020.4875,5853052.858720001,0.2856,365
615,0.5,420020.10434,5853053.17802,0.2856,365
615,1.0,420019.72118,5853053.497320001,0.2856,365
615,1.5,420019.33802,5853053.880480001,0.2856,365
615,2.0,420018.95486,5853054.19978,0.2856,365
615,2.5,420018.63556,5853054.519080001,0.3612,365
615,3.0,420018.2524,5853054.902240001,0.3612,365
615,3.5,420017.9331,5853055.221540001,0.3612,365
615,4.0,420017.54994,5853055.540840001,0.3612,365
616,0.0,419995.70982,5853192.967560001,0.2856,72
616,0.5,419995.51824,5853193.414580001,0.4039,72
616,1.0,419995.39052,5853193.9254600005,0.3832,72
616,1.5,419995.19894000003,5853194.37248,0.4605,72
616,2.0,419995.07122,5853194.819500001,0.4605,72
616,2.5,419994.87964,5853195.330380001,0.4039,72
616,3.0,419994.75192,5853195.777400001,0.4605,72
616,3.5,419994.56034,5853196.288280001,0.4605,72
616,4.0,419994.43262,5853196.735300001,0.5266,72
617,0.0,419871.94914,5853171.4467400005,0.2554,124
617,0.5,419871.88528,5853171.9576200005,0.4039,124
617,1.0,419871.75756,5853172.404640001,0.4039,124
617,1.5,419871.56598,5853172.915520001,0.3832,124
617,2.0,419871.43826,5853173.362540001,0.4039,124
617,2.5,419871.31054000003,5853173.873420001,0.4605,124
617,3.0,419871.18282,5853174.320440001,0.5109,124
617,3.5,419871.0551,5853174.831320001,0.5266,124
617,4.0,419870.92738,5853175.278340001,0.5712,124
618,0.0,419993.92174,5853052.0924,0.1277,189
618,0.5,419993.47472,5853052.347840001,0.2856,189
618,1.0,419993.09156000003,5853052.6671400005,0.1806,189
618,1.5,419992.7084,5853052.922580001,0.2554,189
618,2.0,419992.26138,5853053.241880001,0.2856,189
618,2.5,419991.87822,5853053.497320001,0.2856,189
618,3.0,419991.4312,5853053.7527600005,0.2856,189
618,3.5,419991.04804,5853054.072060001,0.2856,189
618,4.0,419990.60102,5853054.327500001,0.2856,189
619,0.0,420041.36972,5853025.526640001,0.4039,369
619,0.5,420041.11428,5853025.973660001,0.3612,369
619,1.0,420040.79498,5853026.356820001,0.4039,369
619,1.5,420040.53954,5853026.803840001,0.4605,369
619,2.0,420040.22024,5853027.187000001,0.4605,369
619,2.5,420039.9648,5853027.570160001,0.4605,369
619,3.0,420039.6455,5853028.01718,0.4605,369
619,3.5,420039.39006,5853028.400340001,0.4605,369
619,4.0,420039.07076000003,5853028.783500001,0.4605,369
620,0.0,420100.18478,5853068.12126,0.4605,238
620,0.5,420099.80162,5853068.440560001,0.2856,238
620,1.0,420099.41846,5853068.759860001,0.2856,238
620,1.5,420099.09916,5853069.143020001,0.1806,238
620,2.0,420098.716,5853069.526180001,0.2856,238
620,2.5,420098.3967,5853069.845480001,0.2856,238
620,3.0,420098.01354,5853070.228640001,0.2856,238
620,3.5,420097.69424,5853070.547940001,0.2856,238
620,4.0,420097.31108,5853070.8672400005,0.2856,238
621,0.0,420210.59872,5853200.119880001,0.3612,446
621,0.5,420210.21556,5853200.503040001,0.4605,446
621,1.0,420209.89626,5853200.82234,0.4605,446
621,1.5,420209.5131,5853201.141640001,0.4605,446
621,2.0,420209.12994,5853201.524800001,0.4605,446
621,2.5,420208.81064,5853201.844100001,0.4605,446
621,3.0,420208.42748,5853202.163400001,0.4605,446
621,3.5,420208.04432,5853202.4827000005,0.4605,446
621,4.0,420207.66116,5853202.865860001,0.5419,446
622,0.0,420081.4738,5853219.980340001,0.4039,554
622,0.5,420081.21836,5853220.427360001,0.3612,554
622,1.0,420080.89906,5853220.810520001,0.3612,554
622,1.5,420080.64362,5853221.257540001,0.3612,554
622,2.0,420080.38818,5853221.640700001,0.3612,554
622,2.5,420080.06888000004,5853222.087720001,0.2856,554
622,3.0,420079.8773,5853222.470880001,0.3612,554
622,3.5,420079.62186,5853222.981760001,0.3612,554
622,4.0,420079.43028000003,5853223.364920001,0.3612,554
623,0.0,420020.10434,5853142.901320001,0.2856,95
623,0.5,420019.91276,5853143.348340001,0.4605,95
623,1.0,420019.5296,5853143.731500001,0.4605,95
623,1.5,420019.21030000004,5853144.050800001,0.4605,95
623,2.0,420018.82714,5853144.433960001,0.4605,95
623,2.5,420018.50784000003,5853144.753260001,0.3612,95
623,3.0,420018.12468,5853145.136420001,0.3612,95
623,3.5,420017.80538000003,5853145.455720001,0.3612,95
623,4.0,420017.42222,5853145.838880001,0.4605,95
624,0.0,420067.29688,5853115.888540001,0.7769,572
624,0.5,420067.1053,5853116.3355600005,0.8078,572
624,1.0,420066.91372,5853116.782580001,0.7769,572
624,1.5,420066.72214,5853117.293460001,0.7769,572
624,2.0,420066.53056,5853117.740480001,0.7447,572
624,2.5,420066.40284,5853118.187500001,0.7769,572
624,3.0,420066.21126,5853118.698380001,0.7769,572
624,3.5,420066.01968,5853119.145400001,0.7769,572
624,4.0,420065.8281,5853119.592420001,0.7447,572
625,0.0,420056.95156,5853165.763200001,0.3612,428
625,0.5,420056.69612,5853166.210220001,0.4039,428
625,1.0,420056.37682,5853166.59338,0.3612,428
625,1.5,420056.12138,5853167.040400001,0.3612,428
625,2.0,420055.80208,5853167.423560001,0.4039,428
625,2.5,420055.54664,5853167.806720001,0.4039,428
625,3.0,420055.22734,5853168.253740001,0.4039,428
625,3.5,420054.9719,5853168.636900001,0.4605,428
625,4.0,420054.71646,5853169.083920001,0.3612,428
626,0.0,419852.98272,5853153.438220001,0.2554,114
626,0.5,419852.91886000003,5853153.949100001,0.3612,114
626,1.0,419852.855,5853154.396120001,0.3612,114
626,1.5,419852.66342,5853154.907000001,0.2856,114
626,2.0,419852.5357,5853155.417880001,0.3612,114
626,2.5,419852.40798,5853155.8649,0.2554,114
626,3.0,419852.21640000003,5853156.311920001,0.1806,114
626,3.5,419852.08868,5853156.822800001,0.2554,114
626,4.0,419851.96096,5853157.269820001,0.2856,114
627,0.0,420141.62992,5853067.865820001,0.1277,207
627,0.5,420141.62992,5853068.376700001,0.2554,207
627,1.0,420141.62992,5853068.887580001,0.2554,207
627,1.5,420141.69378000003,5853069.334600001,0.2554,207
627,2.0,420141.8215,5853069.845480001,0.2554,207
627,2.5,420141.8215,5853070.356360001,0.2554,207
627,3.0,420141.88536,5853070.8672400005,0.2554,207
627,3.5,420141.94922,5853071.31426,0.2554,207
627,4.0,420141.94922,5853071.825140001,0.2554,207
628,0.0,420395.53728,5853232.94392,0.2554,773
628,0.5,420395.02640000003,5853233.071640001,0.3612,773
628,1.0,420394.57938,5853233.199360001,0.5109,773
628,1.5,420394.0685,5853233.327080001,0.5712,773
628,2.0,420393.62148000003,5853233.390940001,0.5109,773
628,2.5,420393.1106,5853233.4548,0.4039,773
628,3.0,420392.59972,5853233.582520001,0.5109,773
628,3.5,420392.08884,5853233.646380001,0.5109,773
628,4.0,420391.64182,5853233.646380001,0.5109,773
629,0.0,420169.6006,5853223.428780001,0.1806,452
629,0.5,420169.21744,5853223.748080001,0.2554,452
629,1.0,420168.77042,5853224.003520001,0.3612,452
629,1.5,420168.38726,5853224.322820001,0.2856,452
629,2.0,420168.0041,5853224.642120001,0.2856,452
629,2.5,420167.6848,5853224.9614200005,0.3612,452
629,3.0,420167.23778,5853225.280720001,0.2856,452
629,3.5,420166.85462,5853225.600020001,0.2856,452
629,4.0,420166.53532,5853225.919320001,0.3612,452
630,0.0,420351.66546,5853207.463780001,0.6386,781
630,0.5,420351.2823,5853207.78308,0.6386,781
630,1.0,420350.83528,5853208.038520001,0.6386,781
630,1.5,420350.45212000003,5853208.29396,0.6878,781
630,2.0,420350.0051,5853208.549400001,0.6878,781
630,2.5,420349.55808,5853208.804840001,0.6878,781
630,3.0,420349.11106,5853209.060280001,0.7225,781
630,3.5,420348.7279,5853209.37958,0.6878,781
630,4.0,420348.28088000003,5853209.571160001,0.6878,781
631,0.0,420089.39244,5853163.975120001,0.2856,591
631,0.5,420089.00928,5853164.358280001,0.1806,591
631,1.0,420088.68998,5853164.677580001,0.1806,591
631,1.5,420088.30682,5853164.99688,0.1806,591
631,2.0,420087.92366000003,5853165.380040001,0.1806,591
631,2.5,420087.60436,5853165.699340001,0.1806,591
631,3.0,420087.2212,5853166.01864,0.1806,591
631,3.5,420086.77418,5853166.274080001,0.2856,591
631,4.0,420086.39102,5853166.59338,0.1806,591
632,0.0,420056.75998000003,5853112.695540001,0.1806,569
632,0.5,420056.69612,5853113.206420001,0.2554,569
632,1.0,420056.5684,5853113.6534400005,0.3832,569
632,1.5,420056.50454,5853114.16432,0.3832,569
632,2.0,420056.37682,5853114.6752,0.4039,569
632,2.5,420056.31296,5853115.122220001,0.3832,569
632,3.0,420056.18524,5853115.633100001,0.3832,569
632,3.5,420056.05752000003,5853116.143980001,0.4039,569
632,4.0,420055.9298,5853116.591000001,0.3612,569
633,0.0,420170.11148,5853073.804800001,0.2554,195
633,0.5,420169.9199,5853074.251820001,0.2856,195
633,1.0,420169.72832,5853074.698840001,0.3612,195
633,1.5,420169.53674,5853075.209720001,0.3832,195
633,2.0,420169.34516,5853075.6567400005,0.4039,195
633,2.5,420169.15358,5853076.103760001,0.4039,195
633,3.0,420168.962,5853076.550780001,0.4605,195
633,3.5,420168.70656,5853076.997800001,0.3612,195
633,4.0,420168.51498,5853077.444820001,0.2856,195
634,0.0,420031.08826,5853083.000640001,0.1277,587
634,0.5,420030.83282,5853083.447660001,0.1806,587
634,1.0,420030.57738000003,5853083.830820001,0.2856,587
634,1.5,420030.25808,5853084.277840001,0.3612,587
634,2.0,420030.00264,5853084.661000001,0.2856,587
634,2.5,420029.68334,5853085.044160001,0.3612,587
634,3.0,420029.36404,5853085.427320001,0.2856,587
634,3.5,420029.04474,5853085.874340001,0.3612,587
634,4.0,420028.72544,5853086.257500001,0.3612,587
635,0.0,420344.51314,5853241.820460001,0.1277,759
635,0.5,420344.51314,5853242.331340001,0.3612,759
635,1.0,420344.51314,5853242.842220001,0.5109,759
635,1.5,420344.38542,5853243.289240001,0.5109,759
635,2.0,420344.32156,5853243.800120001,0.5109,759
635,2.5,420344.19384,5853244.311000001,0.5712,759
635,3.0,420344.06612000003,5853244.7580200005,0.5109,759
635,3.5,420343.9384,5853245.2689000005,0.5266,759
635,4.0,420343.81068,5853245.715920001,0.5266,759
636,0.0,420320.11862,5853198.267940001,0.2554,780
636,0.5,420319.99090000003,5853198.7149600005,0.3832,780
636,1.0,420319.86318,5853199.22584,0.4605,780
636,1.5,420319.73546,5853199.73672,0.4039,780
636,2.0,420319.6716,5853200.183740001,0.4039,780
636,2.5,420319.54388,5853200.694620001,0.4605,780
636,3.0,420319.41616,5853201.141640001,0.4039,780
636,3.5,420319.28844000003,5853201.652520001,0.3832,780
636,4.0,420319.22458,5853202.163400001,0.4039,780
637,0.0,419900.30298,5853013.712540001,0.3612,1120
637,0.5,419900.62228,5853014.0957,0.4039,1120
637,1.0,419900.94158,5853014.478860001,0.4605,1120
637,1.5,419901.26088,5853014.862020001,0.5266,1120
637,2.0,419901.51632,5853015.309040001,0.3612,1120
637,2.5,419901.83562,5853015.6922,0.4605,1120
637,3.0,419902.15492,5853016.075360001,0.3612,1120
637,3.5,419902.41036,5853016.522380001,0.3612,1120
637,4.0,419902.6658,5853016.905540001,0.3612,1120
638,0.0,420041.62516,5853076.103760001,0.2554,412
638,0.5,420041.36972,5853076.550780001,0.2554,412
638,1.0,420041.11428,5853076.933940001,0.2856,412
638,1.5,420040.79498,5853077.380960001,0.2856,412
638,2.0,420040.53954,5853077.76412,0.2856,412
638,2.5,420040.2841,5853078.211140001,0.2554,412
638,3.0,420039.9648,5853078.594300001,0.3612,412
638,3.5,420039.70936,5853079.041320001,0.3612,412
638,4.0,420039.39006,5853079.4244800005,0.3612,412
639,0.0,420108.80588,5852959.176100001,0.1277,294
639,0.5,420108.80588,5852959.686980001,0.2554,294
639,1.0,420108.86974,5852960.197860001,0.3832,294
639,1.5,420108.86974,5852960.6448800005,0.3832,294
639,2.0,420108.80588,5852961.15576,0.3832,294
639,2.5,420108.80588,5852961.66664,0.3832,294
639,3.0,420108.80588,5852962.17752,0.5109,294
639,3.5,420108.80588,5852962.688400001,0.5109,294
639,4.0,420108.74202,5852963.135420001,0.5109,294
640,0.0,420104.33568,5853038.873380001,0.5109,250
640,0.5,420104.33568,5853039.384260001,0.5109,250
640,1.0,420104.33568,5853039.895140001,0.5109,250
640,1.5,420104.33568,5853040.3421600005,0.5109,250
640,2.0,420104.33568,5853040.85304,0.5109,250
640,2.5,420104.33568,5853041.36392,0.6386,250
640,3.0,420104.33568,5853041.874800001,0.6386,250
640,3.5,420104.33568,5853042.385680001,0.6386,250
640,4.0,420104.39954,5853042.896560001,0.5109,250
641,0.0,419942.8976,5853208.677120001,0.1277,12
641,0.5,419942.8976,5853209.188000001,0.3832,12
641,1.0,419942.76988,5853209.635020001,0.4039,12
641,1.5,419942.64216,5853210.145900001,0.4605,12
641,2.0,419942.45058,5853210.592920001,0.5266,12
641,2.5,419942.259,5853211.0399400005,0.5109,12
641,3.0,419942.13128000003,5853211.5508200005,0.5266,12
641,3.5,419941.9397,5853211.997840001,0.4605,12
641,4.0,419941.81198,5853212.508720001,0.6512,12
642,0.0,420351.34616,5853242.5867800005,0.4605,765
642,0.5,420351.85704000003,5853242.5867800005,0.3832,765
642,1.0,420352.36792,5853242.650640001,0.3832,765
642,1.5,420352.81494,5853242.714500001,0.3832,765
642,2.0,420353.32582,5853242.842220001,0.3612,765
642,2.5,420353.8367,5853242.906080001,0.3832,765
642,3.0,420354.34758,5853242.969940001,0.3832,765
642,3.5,420354.7946,5853243.033800001,0.3832,765
642,4.0,420355.30548,5853243.161520001,0.3612,765
643,0.0,419985.42836,5853061.352100001,0.4605,187
643,0.5,419985.0452,5853061.73526,0.4605,187
643,1.0,419984.66204,5853062.054560001,0.4605,187
643,1.5,419984.34274,5853062.373860001,0.4605,187
643,2.0,419983.95958,5853062.693160001,0.4605,187
643,2.5,419983.57642,5853063.012460001,0.4605,187
643,3.0,419983.19326000003,5853063.33176,0.5266,187
643,3.5,419982.8101,5853063.651060001,0.5419,187
644,0.0,419996.2207,5853122.913140001,0.6386,93
644,0.5,419996.09298,5853123.424020001,0.6386,93
644,1.0,419995.96526,5853123.871040001,0.6512,93
644,1.5,419995.83754,5853124.381920001,0.6512,93
644,2.0,419995.70982,5853124.82894,0.6512,93
644,2.5,419995.51824,5853125.339820001,0.6512,93
644,3.0,419995.39052,5853125.786840001,0.6878,93
644,3.5,419995.2628,5853126.297720001,0.7447,93
645,0.0,420309.64558,5853327.712160001,0.4039,705
645,0.5,420309.51786,5853328.223040001,0.4039,705
645,1.0,420309.32628,5853328.67006,0.4039,705
645,1.5,420309.00698,5853329.053220001,0.4039,705
645,2.0,420308.8154,5853329.500240001,0.4605,705
645,2.5,420308.55996,5853329.947260001,0.4605,705
645,3.0,420308.30452,5853330.394280001,0.4605,705
645,3.5,420308.11294,5853330.8413,0.3612,705
646,0.0,420355.81636,5853271.579220001,0.1806,740
646,0.5,420355.68864,5853272.090100001,0.2554,740
646,1.0,420355.49706,5853272.53712,0.3612,740
646,1.5,420355.24162,5853272.920280001,0.4039,740
646,2.0,420354.98618,5853273.367300001,0.3612,740
646,2.5,420354.73074,5853273.814320001,0.3612,740
646,3.0,420354.4753,5853274.261340001,0.2856,740
646,3.5,420354.21986,5853274.6445,0.2856,740
647,0.0,420162.19284000003,5853009.753220001,0.2554,269
647,0.5,420161.9374,5853010.200240001,0.4039,269
647,1.0,420161.74582,5853010.647260001,0.4039,269
647,1.5,420161.49038000003,5853011.094280001,0.4039,269
647,2.0,420161.2988,5853011.541300001,0.4605,269
647,2.5,420161.04336,5853011.9883200005,0.5109,269
647,3.0,420160.85178,5853012.435340001,0.4605,269
647,3.5,420160.59634,5853012.882360001,0.4039,269
648,0.0,420146.9303,5852934.142980001,0.2554,285
648,0.5,420146.86644,5852934.653860001,0.5266,285
648,1.0,420146.67486,5852935.100880001,0.4605,285
648,1.5,420146.41942,5852935.547900001,0.4605,285
648,2.0,420146.16398,5852935.931060001,0.5266,285
648,2.5,420145.9724,5852936.441940001,0.4605,285
648,3.0,420145.71696,5852936.825100001,0.4605,285
648,3.5,420145.52538,5852937.335980001,0.4039,285
649,0.0,420173.04904,5853068.696,0.1277,195
649,0.5,420172.66588,5853069.015300001,0.2856,195
649,1.0,420172.34658,5853069.398460001,0.5266,195
649,1.5,420172.09114000003,5853069.7816200005,0.5419,195
649,2.0,420171.8357,5853070.228640001,0.5712,195
649,2.5,420171.58026,5853070.675660001,0.5712,195
649,3.0,420171.32482,5853071.122680001,0.5109,195
649,3.5,420171.13324,5853071.569700001,0.3612,195
650,0.0,420081.4738,5853086.3852200005,0.2554,61
650,0.5,420081.21836,5853086.83224,0.2554,61
650,1.0,420081.02678,5853087.279260001,0.2554,61
650,1.5,420080.77134,5853087.726280001,0.2554,61
650,2.0,420080.5159,5853088.109440001,0.2554,61
650,2.5,420080.32432,5853088.556460001,0.2856,61
650,3.0,420080.00502,5853089.00348,0.3612,61
650,3.5,420079.68572,5853089.386640001,0.2856,61
651,0.0,419920.86590000003,5853094.750880001,0.2856,403
651,0.5,419920.61046,5853095.197900001,0.2554,403
651,1.0,419920.41888,5853095.644920001,0.2554,403
651,1.5,419920.2273,5853096.091940001,0.2856,403
651,2.0,419920.03572,5853096.5389600005,0.2856,403
651,2.5,419919.84414,5853097.04984,0.2554,403
651,3.0,419919.65256,5853097.496860001,0.2856,403
651,3.5,419919.46098000003,5853097.943880001,0.2856,403
652,0.0,420407.41524,5853226.749500001,0.5266,774
652,0.5,420407.22366,5853227.196520001,0.5266,774
652,1.0,420407.03208000003,5853227.643540001,0.5712,774
652,1.5,420406.8405,5853228.1544200005,0.5266,774
652,2.0,420406.64892,5853228.601440001,0.5712,774
652,2.5,420406.45734,5853229.048460001,0.5712,774
652,3.0,420406.2019,5853229.495480001,0.4605,774
652,3.5,420406.01032,5853229.942500001,0.4039,774
653,0.0,420030.7051,5853060.458060001,0.1806,358
653,0.5,420030.32194,5853060.777360001,0.2554,358
653,1.0,420029.93878,5853061.096660001,0.2554,358
653,1.5,420029.55562,5853061.415960001,0.2856,358
653,2.0,420029.17246000003,5853061.73526,0.2856,358
653,2.5,420028.7893,5853062.054560001,0.2856,358
653,3.0,420028.34228,5853062.3100000005,0.2856,358
653,3.5,420027.95912,5853062.629300001,0.2856,358
654,0.0,420038.62374,5853030.252280001,0.3832,370
654,0.5,420038.62374,5853030.763160001,0.2554,370
654,1.0,420038.62374,5853031.2740400005,0.2554,370
654,1.5,420038.62374,5853031.721060001,0.2554,370
654,2.0,420038.62374,5853032.231940001,0.2554,370
654,2.5,420038.81532,5853032.742820001,0.2554,370
654,3.0,420038.87918,5853033.189840001,0.2554,370
654,3.5,420038.87918,5853033.700720001,0.2554,370
655,0.0,420033.70652,5853076.16762,0.1277,587
655,0.5,420033.51494,5853076.614640001,0.2554,587
655,1.0,420033.32336,5853077.061660001,0.3612,587
655,1.5,420033.2595,5853077.572540001,0.3612,587
655,2.0,420033.00406,5853078.019560001,0.2554,587
655,2.5,420032.81248,5853078.466580001,0.1806,587
655,3.0,420032.6209,5853078.977460001,0.1806,587
655,3.5,420032.49318,5853079.4244800005,0.2554,587
656,0.0,420125.60106,5853088.684180001,0.2554,543
656,0.5,420125.34562,5853089.131200001,0.2554,543
656,1.0,420125.09018,5853089.51436,0.2856,543
656,1.5,420124.83474,5853089.961380001,0.2554,543
656,2.0,420124.5793,5853090.408400001,0.1806,543
656,2.5,420124.26,5853090.791560001,0.2856,543
656,3.0,420124.00456000003,5853091.238580001,0.2856,543
656,3.5,420123.74912,5853091.621740001,0.2856,543
657,0.0,420018.06082,5853194.883360001,0.2856,27
657,0.5,420017.67766,5853195.202660001,0.2856,27
657,1.0,420017.2945,5853195.585820001,0.3612,27
657,1.5,420016.9752,5853195.905120001,0.2856,27
657,2.0,420016.59204,5853196.288280001,0.2856,27
657,2.5,420016.27274,5853196.671440001,0.2856,27
657,3.0,420015.95344,5853196.990740001,0.2856,27
657,3.5,420015.63414,5853197.373900001,0.2856,27
658,0.0,419994.24104,5853153.75752,0.3612,568
658,0.5,419993.9856,5853154.204540001,0.2856,568
658,1.0,419993.73016,5853154.651560001,0.3832,568
658,1.5,419993.347,5853154.907000001,0.2856,568
658,2.0,419992.96384,5853155.290160001,0.2856,568
658,2.5,419992.64454,5853155.609460001,0.3612,568
658,3.0,419992.26138,5853155.992620001,0.3612,568
658,3.5,419991.94208,5853156.375780001,0.3612,568
659,0.0,420171.06938,5853050.815200001,0.4039,216
659,0.5,420170.81394,5853051.198360001,0.3612,216
659,1.0,420170.43078,5853051.5815200005,0.4039,216
659,1.5,420170.17534,5853052.028540001,0.4605,216
659,2.0,420169.9199,5853052.411700001,0.4605,216
659,2.5,420169.66446,5853052.858720001,0.3612,216
659,3.0,420169.40902,5853053.305740001,0.2856,216
659,3.5,420169.15358,5853053.6889,0.2856,216
660,0.0,419985.30064000003,5853073.868660001,0.3832,182
660,0.5,419985.0452,5853074.315680001,0.5109,182
660,1.0,419984.85362,5853074.762700001,0.5109,182
660,1.5,419984.7259,5853075.209720001,0.5266,182
660,2.0,419984.53432000004,5853075.720600001,0.5109,182
660,2.5,419984.34274,5853076.16762,0.4039,182
660,3.0,419984.21502,5853076.614640001,0.4605,182
660,3.5,419984.02344,5853077.125520001,0.4039,182
661,0.0,420041.62516,5853166.721100001,0.1277,87
661,0.5,420041.36972,5853167.1681200005,0.2856,87
661,1.0,420041.242,5853167.615140001,0.2856,87
661,1.5,420041.05042,5853168.062160001,0.2856,87
661,2.0,420040.85884,5853168.509180001,0.3612,87
661,2.5,420040.66726,5853169.020060001,0.3612,87
661,3.0,420040.41182,5853169.467080001,0.2554,87
661,3.5,420040.22024,5853169.914100001,0.2554,87
662,0.0,420058.73964,5853042.896560001,0.3612,341
662,0.5,420058.42034,5853043.279720001,0.3612,341
662,1.0,420058.10104,5853043.662880001,0.3612,341
662,1.5,420057.78174,5853044.04604,0.3612,341
662,2.0,420057.39858,5853044.429200001,0.2856,341
662,2.5,420057.07928,5853044.748500001,0.2856,341
662,3.0,420056.75998000003,5853045.13166,0.2856,341
662,3.5,420056.50454,5853045.578680001,0.1806,341
663,0.0,420385.63898,5853236.009200001,0.2554,771
663,0.5,420386.086,5853236.264640001,0.1277,771
663,1.0,420386.46916,5853236.520080001,0.1277,771
663,1.5,420386.91618,5853236.775520001,0.1277,771
663,2.0,420387.3632,5853236.967100001,0.2554,771
663,2.5,420387.87408,5853237.158680001,0.2554,771
663,3.0,420388.3211,5853237.350260001,0.2554,771
663,3.5,420388.76812,5853237.605700001,0.1806,771
664,0.0,420129.75196,5853138.111820001,0.1277,531
664,0.5,420129.30494,5853138.367260001,0.1806,531
664,1.0,420128.85792,5853138.558840001,0.2554,531
664,1.5,420128.4109,5853138.75042,0.2554,531
664,2.0,420127.90002,5853138.878140001,0.2554,531
664,2.5,420127.453,5853139.069720001,0.2554,531
664,3.0,420127.00598,5853139.197440001,0.2554,531
664,3.5,420126.55896,5853139.452880001,0.1806,531
665,0.0,420014.16536,5853095.836500001,0.3832,589
665,0.5,420013.97378,5853096.283520001,0.2856,589
665,1.0,420013.84606,5853096.794400001,0.3832,589
665,1.5,420013.65448,5853097.241420001,0.3832,589
665,2.0,420013.52676,5853097.688440001,0.3832,589
665,2.5,420013.33518,5853098.199320001,0.4039,589
665,3.0,420013.1436,5853098.64634,0.4039,589
665,3.5,420013.01588,5853099.15722,0.4605,589
666,0.0,420024.12752,5853020.226260001,0.3832,375
666,0.5,420024.19138000003,5853020.737140001,0.3832,375
666,1.0,420024.19138000003,5853021.248020001,0.3832,375
666,1.5,420024.25524,5853021.695040001,0.3832,375
666,2.0,420024.25524,5853022.205920001,0.3832,375
666,2.5,420024.25524,5853022.7168000005,0.3832,375
666,3.0,420024.3191,5853023.2276800005,0.3612,375
666,3.5,420024.44682,5853023.674700001,0.3832,375
667,0.0,420364.75676,5853217.42594,0.3612,769
667,0.5,420364.50132,5853217.872960001,0.2554,769
667,1.0,420364.30974,5853218.319980001,0.2554,769
667,1.5,420364.11816,5853218.767000001,0.2554,769
667,2.0,420363.99044,5853219.277880001,0.2856,769
667,2.5,420363.86272000003,5853219.724900001,0.2856,769
667,3.0,420363.735,5853220.235780001,0.3612,769
667,3.5,420363.60728,5853220.746660001,0.3832,769
668,0.0,420034.2174,5853126.936320001,0.3832,599
668,0.5,420033.77038,5853127.127900001,0.3612,599
668,1.0,420033.38722000003,5853127.51106,0.3612,599
668,1.5,420033.06792,5853127.830360001,0.3612,599
668,2.0,420032.68476000003,5853128.149660001,0.3612,599
668,2.5,420032.3016,5853128.532820001,0.3612,599
668,3.0,420031.91844,5853128.852120001,0.3612,599
668,3.5,420031.53528,5853129.10756,0.2856,599
669,0.0,419897.49314000004,5853125.9784200005,0.5109,109
669,0.5,419897.55700000003,5853126.4893000005,0.5109,109
669,1.0,419897.55700000003,5853127.00018,0.5109,109
669,1.5,419897.62086,5853127.447200001,0.5109,109
669,2.0,419897.62086,5853127.958080001,0.5109,109
669,2.5,419897.68472,5853128.468960001,0.5109,109
669,3.0,419897.74858,5853128.979840001,0.6386,109
669,3.5,419897.81244,5853129.426860001,0.6386,109
670,0.0,420040.02866,5853046.089560001,0.1277,353
670,0.5,420039.70936,5853046.472720001,0.2554,353
670,1.0,420039.45392,5853046.855880001,0.1806,353
670,1.5,420039.13462,5853047.3029000005,0.1806,353
670,2.0,420038.81532,5853047.686060001,0.2856,353
670,2.5,420038.49602,5853048.069220001,0.2554,353
670,3.0,420038.24058,5853048.516240001,0.2554,353
670,3.5,420037.92128,5853048.8994,0.2856,353
671,0.0,420107.84798,5852976.1628600005,0.2554,302
671,0.5,420107.6564,5852976.609880001,0.4605,302
671,1.0,420107.52868,5852977.120760001,0.4605,302
671,1.5,420107.3371,5852977.567780001,0.5712,302
671,2.0,420107.14552,5852978.014800001,0.4605,302
671,2.5,420106.95394,5852978.461820001,0.4039,302
671,3.0,420106.76236,5852978.972700001,0.4039,302
671,3.5,420106.57078,5852979.419720001,0.4039,302
672,0.0,420178.8603,5853044.493060001,0.2554,219
672,0.5,420178.47714000003,5853044.876220001,0.4605,219
672,1.0,420178.15784,5853045.1955200005,0.5419,219
672,1.5,420177.83854,5853045.578680001,0.4605,219
672,2.0,420177.5831,5853046.025700001,0.5266,219
672,2.5,420177.2638,5853046.408860001,0.5419,219
672,3.0,420176.9445,5853046.7920200005,0.5266,219
672,3.5,420176.6252,5853047.175180001,0.4605,219
673,0.0,420069.72356,5853137.281640001,0.3832,9
673,0.5,420069.53198,5853137.7286600005,0.3612,9
673,1.0,420069.3404,5853138.175680001,0.3612,9
673,1.5,420069.08496,5853138.622700001,0.2856,9
673,2.0,420068.89338,5853139.069720001,0.3612,9
673,2.5,420068.7018,5853139.580600001,0.4039,9
673,3.0,420068.51022,5853140.027620001,0.4039,9
673,3.5,420068.31864,5853140.474640001,0.4039,9
674,0.0,420003.50074,5853045.961840001,0.1277,188
674,0.5,420003.05372,5853046.21728,0.1277,188
674,1.0,420002.67056,5853046.472720001,0.1806,188
674,1.5,420002.22354,5853046.7920200005,0.1277,188
674,2.0,420001.84038,5853047.047460001,0.1806,188
674,2.5,420001.39336,5853047.3029000005,0.2554,188
674,3.0,420001.0102,5853047.622200001,0.1806,188
674,3.5,420000.56318,5853047.877640001,0.1806,188
675,0.0,420388.38496,5853190.604740001,0.6878,786
675,0.5,420388.12952,5853191.051760001,0.6386,786
675,1.0,420387.81022,5853191.434920001,0.5712,786
675,1.5,420387.55478,5853191.881940001,0.5712,786
675,2.0,420387.29934,5853192.2651,0.5266,786
675,2.5,420386.98004,5853192.712120001,0.4605,786
675,3.0,420386.7246,5853193.095280001,0.3612,786
675,3.5,420386.4053,5853193.478440001,0.2856,786
676,0.0,419993.79402000003,5853008.22058,0.1806,393
676,0.5,419993.47472,5853008.603740001,0.4039,393
676,1.0,419993.02770000004,5853008.859180001,0.3612,393
676,1.5,419992.64454,5853009.178480001,0.3612,393
676,2.0,419992.19752,5853009.433920001,0.2856,393
676,2.5,419991.81436,5853009.689360001,0.1806,393
676,3.0,419991.36734,5853010.008660001,0.2856,393
676,3.5,419990.98418,5853010.264100001,0.2554,393
677,0.0,419897.74858,5853009.8809400005,0.3612,1120
677,0.5,419898.06788,5853010.264100001,0.3612,1120
677,1.0,419898.38718,5853010.647260001,0.3612,1120
677,1.5,419898.70648,5853011.030420001,0.3612,1120
677,2.0,419899.02578,5853011.41358,0.3612,1120
677,2.5,419899.28122,5853011.860600001,0.4039,1120
677,3.0,419899.53666,5853012.307620001,0.3612,1120
677,3.5,419899.7921,5853012.690780001,0.2554,1120
678,0.0,419852.66342,5853152.863480001,0.1277,114
678,0.5,419852.59956,5853153.374360001,0.2554,114
678,1.0,419852.47184,5853153.821380001,0.2554,114
678,1.5,419852.34412,5853154.3322600005,0.2554,114
678,2.0,419852.21640000003,5853154.77928,0.2554,114
678,2.5,419852.02482,5853155.290160001,0.2554,114
678,3.0,419851.8971,5853155.737180001,0.2554,114
678,3.5,419851.76938,5853156.248060001,0.2554,114
679,0.0,420088.11524,5853078.211140001,0.1277,63
679,0.5,420087.66822,5853078.402720001,0.1277,63
679,1.0,420087.2212,5853078.594300001,0.1277,63
679,1.5,420086.77418,5853078.84974,0.1806,63
679,2.0,420086.39102,5853079.169040001,0.2554,63
679,2.5,420086.00786,5853079.488340001,0.2856,63
679,3.0,420085.56084,5853079.743780001,0.2554,63
679,3.5,420085.11382,5853079.999220001,0.2554,63
680,0.0,420018.38012,5853189.58298,0.1277,1115
680,0.5,420018.31626,5853190.09386,0.2554,1115
680,1.0,420018.2524,5853190.540880001,0.2554,1115
680,1.5,420018.12468,5853191.051760001,0.2554,1115
680,2.0,420018.06082,5853191.562640001,0.2554,1115
680,2.5,420017.99696,5853192.073520001,0.2554,1115
680,3.0,420017.9331,5853192.520540001,0.2554,1115
680,3.5,420017.99696,5853193.031420001,0.2554,1115
681,0.0,419997.94492,5853025.015760001,0.3832,384
681,0.5,419997.88106,5853025.526640001,0.3832,384
681,1.0,419997.75334,5853025.973660001,0.3832,384
681,1.5,419997.68948,5853026.484540001,0.4605,384
681,2.0,419997.56176,5853026.9954200005,0.4039,384
681,2.5,419997.43404,5853027.44244,0.3832,384
681,3.0,419997.30632000003,5853027.953320001,0.4039,384
681,3.5,419997.24246,5853028.400340001,0.3612,384
682,0.0,419896.5991,5853081.212560001,0.2554,138
682,0.5,419896.53524,5853081.723440001,0.2554,138
682,1.0,419896.40752,5853082.170460001,0.2554,138
682,1.5,419896.34366,5853082.681340001,0.2554,138
682,2.0,419896.21594,5853083.192220001,0.2554,138
682,2.5,419896.15208,5853083.63924,0.2554,138
682,3.0,419896.02436,5853084.150120001,0.2554,138
682,3.5,419895.89664,5853084.661000001,0.2554,138
683,0.0,420005.1611,5853207.463780001,0.1806,27
683,0.5,420004.90566,5853207.846940001,0.2856,27
683,1.0,420004.5225,5853208.230100001,0.2856,27
683,1.5,420004.13934,5853208.613260001,0.2856,27
683,2.0,420003.82004,5853208.932560001,0.2856,27
683,2.5,420003.43688,5853209.315720001,0.2856,27
683,3.0,420003.11758,5853209.635020001,0.2856,27
683,3.5,420002.73442,5853209.9543200005,0.2856,27
684,0.0,420003.30916,5853142.454300001,0.9031,597
684,0.5,420003.05372,5853142.901320001,0.7447,597
684,1.0,420002.79828,5853143.284480001,0.6386,597
684,1.5,420002.47898,5853143.731500001,0.5419,597
684,2.0,420002.22354,5853144.11466,0.4605,597
684,2.5,420001.90424,5853144.497820001,0.4605,597
684,3.0,420001.58494000003,5853144.880980001,0.4039,597
684,3.5,420001.26564,5853145.264140001,0.3612,597
685,0.0,420060.78316,5853188.880520001,0.2856,50
685,0.5,420060.4,5853189.263680001,0.2856,50
685,1.0,420060.0807,5853189.58298,0.2856,50
685,1.5,420059.69754,5853189.966140001,0.2856,50
685,2.0,420059.37824,5853190.285440001,0.2856,50
685,2.5,420059.05894,5853190.6686,0.1806,50
685,3.0,420058.67578,5853191.051760001,0.1806,50
685,3.5,420058.29262,5853191.371060001,0.2856,50
686,0.0,419966.01492,5853203.823760001,0.2856,547
686,0.5,419965.8872,5853204.334640001,0.2856,547
686,1.0,419965.82334,5853204.781660001,0.3612,547
686,1.5,419965.63176,5853205.292540001,0.2554,547
686,2.0,419965.5679,5853205.739560001,0.3612,547
686,2.5,419965.44018000003,5853206.250440001,0.2856,547
686,3.0,419965.31246,5853206.7613200005,0.2856,547
686,3.5,419965.2486,5853207.20834,0.3832,547
687,0.0,420049.41608,5853098.710200001,0.1277,67
687,0.5,420049.09678,5853099.093360001,0.1806,67
687,1.0,420048.9052,5853099.540380001,0.2554,67
687,1.5,420048.71362,5853100.051260001,0.1806,67
687,2.0,420048.52204,5853100.498280001,0.1277,67
687,2.5,420048.26660000003,5853100.881440001,0.1806,67
687,3.0,420048.01116,5853101.32846,0.2554,67
687,3.5,420047.69186,5853101.711620001,0.2856,67
688,0.0,420306.261,5853257.338440001,0.2554,734
688,0.5,420306.00556,5853257.785460001,0.5109,734
688,1.0,420305.75012,5853258.168620001,0.5419,734
688,1.5,420305.43082,5853258.551780001,0.5419,734
688,2.0,420305.11152000003,5853258.998800001,0.5266,734
688,2.5,420304.85608,5853259.381960001,0.5266,734
688,3.0,420304.53678,5853259.765120001,0.4039,734
688,3.5,420304.21748,5853260.21214,0.2554,734
689,0.0,420020.8068,5853103.308120001,0.2856,79
689,0.5,420020.42364,5853103.627420001,0.2856,79
689,1.0,420020.04048,5853103.946720001,0.2856,79
689,1.5,420019.65732,5853104.329880001,0.3612,79
689,2.0,420019.33802,5853104.649180001,0.3612,79
689,2.5,420018.95486,5853104.968480001,0.3612,79
689,3.0,420018.57170000003,5853105.287780001,0.4605,79
689,3.5,420018.2524,5853105.670940001,0.3612,79
690,0.0,420124.26,5853136.770760001,0.3612,533
690,0.5,420123.9407,5853137.15392,0.3612,533
690,1.0,420123.55754,5853137.537080001,0.3612,533
690,1.5,420123.23824000004,5853137.856380001,0.3612,533
690,2.0,420122.85508,5853138.23954,0.3612,533
690,2.5,420122.53578000003,5853138.558840001,0.3612,533
690,3.0,420122.15262,5853138.942000001,0.3612,533
690,3.5,420121.83332000003,5853139.2613,0.4605,533
691,0.0,419883.8271,5853093.154380001,0.5109,134
691,0.5,419883.69938,5853093.601400001,0.3832,134
691,1.0,419883.57166,5853094.112280001,0.2554,134
691,1.5,419883.5078,5853094.623160001,0.2554,134
691,2.0,419883.38008000003,5853095.070180001,0.2856,134
691,2.5,419883.25236,5853095.581060001,0.2856,134
691,3.0,419883.12464,5853096.028080001,0.2554,134
691,3.5,419882.99692,5853096.5389600005,0.2856,134
692,0.0,420001.07406,5853026.9954200005,0.4039,385
692,0.5,420000.62704,5853027.250860001,0.3612,385
692,1.0,420000.24388,5853027.5063000005,0.2856,385
692,1.5,419999.79686,5853027.761740001,0.2554,385
692,2.0,419999.34984,5853028.01718,0.1806,385
692,2.5,419998.90282,5853028.272620001,0.1806,385
692,3.0,419998.4558,5853028.464200001,0.1806,385
692,3.5,419998.07264,5853028.719640001,0.2554,385
693,0.0,420045.45676000003,5853091.302440001,0.2856,84
693,0.5,420045.0736,5853091.621740001,0.2554,84
693,1.0,420044.69044000003,5853091.941040001,0.2856,84
693,1.5,420044.24342,5853092.19648,0.1806,84
693,2.0,420043.86026,5853092.515780001,0.2856,84
693,2.5,420043.4771,5853092.835080001,0.2856,84
693,3.0,420043.09394,5853093.154380001,0.2856,84
693,3.5,420042.64692,5853093.409820001,0.2856,84
694,0.0,419885.48746000003,5853096.028080001,0.4605,414
694,0.5,419885.35974,5853096.5389600005,0.3612,414
694,1.0,419885.29588,5853096.985980001,0.3832,414
694,1.5,419885.23202,5853097.496860001,0.3832,414
694,2.0,419885.23202,5853098.007740001,0.3832,414
694,2.5,419885.23202,5853098.518620001,0.3832,414
694,3.0,419885.23202,5853099.029500001,0.3832,414
694,3.5,419885.16816,5853099.476520001,0.3612,414
695,0.0,419902.21878,5853019.332220001,0.1277,157
695,0.5,419902.28264,5853019.843100001,0.4039,157
695,1.0,419902.47422000003,5853020.290120001,0.5712,157
695,1.5,419902.72966,5853020.737140001,0.5266,157
695,2.0,419902.9851,5853021.1203000005,0.5266,157
695,2.5,419903.24054,5853021.56732,0.4605,157
695,3.0,419903.49598,5853021.950480001,0.4605,157
695,3.5,419903.75142,5853022.397500001,0.3832,157
696,0.0,420038.55988,5853169.530940001,0.1277,575
696,0.5,420038.30444,5853169.977960001,0.1806,575
696,1.0,420037.98514,5853170.3611200005,0.2856,575
696,1.5,420037.66584000003,5853170.680420001,0.2856,575
696,2.0,420037.28268,5853171.063580001,0.2856,575
696,2.5,420036.89952,5853171.38288,0.2554,575
696,3.0,420036.58022,5853171.766040001,0.2856,575
696,3.5,420036.26092000003,5853172.085340001,0.2856,575
697,0.0,420347.4507,5853336.397120001,0.4039,714
697,0.5,420347.19526,5853336.844140001,0.4605,714
697,1.0,420346.93982,5853337.2911600005,0.4605,714
697,1.5,420346.74824,5853337.738180001,0.4605,714
697,2.0,420346.4928,5853338.185200001,0.4039,714
697,2.5,420346.23736,5853338.568360001,0.2554,714
697,3.0,420345.91806,5853338.951520001,0.2554,714
697,3.5,420345.59876,5853339.334680001,0.1806,714
698,0.0,420039.51778,5853095.644920001,0.1806,84
698,0.5,420039.13462,5853096.028080001,0.1806,84
698,1.0,420038.81532,5853096.347380001,0.1806,84
698,1.5,420038.36830000003,5853096.602820001,0.2856,84
698,2.0,420037.92128,5853096.858260001,0.2554,84
698,2.5,420037.53812,5853097.113700001,0.2856,84
698,3.0,420037.0911,5853097.433000001,0.3612,84
698,3.5,420036.70794,5853097.688440001,0.2554,84
699,0.0,420115.70276,5853152.16102,0.1277,525
699,0.5,420116.21364000003,5853152.288740001,0.2554,525
699,1.0,420116.66066,5853152.416460001,0.2554,525
699,1.5,420117.17154,5853152.544180001,0.2554,525
699,2.0,420117.61856000003,5853152.6719,0.2554,525
699,2.5,420118.06558,5853152.863480001,0.2856,525
699,3.0,420118.57646,5853153.055060001,0.2554,525
699,3.5,420119.02348000003,5853153.18278,0.2856,525
700,0.0,420004.90566,5853036.829860001,0.1277,190
700,0.5,420004.65022,5853037.276880001,0.1806,190
700,1.0,420004.39478000003,5853037.66004,0.2856,190
700,1.5,420004.13934,5853038.107060001,0.3612,190
700,2.0,420003.94776,5853038.554080001,0.3612,190
700,2.5,420003.69232000003,5853039.001100001,0.2856,190
700,3.0,420003.50074,5853039.448120001,0.4039,190
700,3.5,420003.18144,5853039.895140001,0.3612,190
701,0.0,420300.5136,5853263.40514,0.1277,730
701,0.5,420300.13044,5853263.724440001,0.4605,730
701,1.0,420299.875,5853264.171460001,0.4605,730
701,1.5,420299.5557,5853264.5546200005,0.3612,730
701,2.0,420299.36412,5853265.00164,0.4039,730
701,2.5,420299.10868,5853265.448660001,0.4605,730
701,3.0,420298.85324,5853265.895680001,0.5109,730
701,3.5,420298.66166,5853266.342700001,0.2856,730
702,0.0,420156.63702,5853019.587660001,0.4039,269
702,0.5,420156.38158,5853020.0346800005,0.4605,269
702,1.0,420156.12614,5853020.481700001,0.4039,269
702,1.5,420155.93456,5853020.928720001,0.4605,269
702,2.0,420155.67912,5853021.375740001,0.4039,269
702,2.5,420155.48754,5853021.822760001,0.4605,269
702,3.0,420155.2321,5853022.205920001,0.5266,269
703,0.0,420376.31542,5853232.113740001,0.5109,770
703,0.5,420375.99612,5853232.496900001,0.5419,770
703,1.0,420375.74068,5853232.94392,0.5419,770
703,1.5,420375.42138,5853233.263220001,0.5712,770
703,2.0,420375.03822,5853233.646380001,0.5419,770
703,2.5,420374.71892,5853234.0295400005,0.5712,770
703,3.0,420374.46348000003,5853234.476560001,0.6386,770
704,0.0,420053.43926,5853204.973240001,0.2554,541
704,0.5,420053.24768000003,5853205.420260001,0.2554,541
704,1.0,420052.99224,5853205.867280001,0.2856,541
704,1.5,420052.80066,5853206.314300001,0.2554,541
704,2.0,420052.54522,5853206.7613200005,0.2856,541
704,2.5,420052.35364,5853207.20834,0.3612,541
704,3.0,420052.0982,5853207.655360001,0.2856,541
705,0.0,420075.27938,5853177.130280001,0.4605,556
705,0.5,420075.02394,5853177.577300001,0.4039,556
705,1.0,420074.83236,5853178.024320001,0.4039,556
705,1.5,420074.57692,5853178.471340001,0.3612,556
705,2.0,420074.32148,5853178.8545,0.2856,556
705,2.5,420074.1299,5853179.365380001,0.2856,556
705,3.0,420073.93832,5853179.812400001,0.1806,556
706,0.0,420027.32052,5853059.180860001,0.1806,357
706,0.5,420027.25666,5853059.691740001,0.3832,357
706,1.0,420027.25666,5853060.202620001,0.3832,357
706,1.5,420027.25666,5853060.64964,0.3832,357
706,2.0,420027.25666,5853061.16052,0.3832,357
706,2.5,420027.25666,5853061.671400001,0.2554,357
706,3.0,420027.25666,5853062.182280001,0.2554,357
707,0.0,419925.0168,5853072.527600001,0.2554,143
707,0.5,419924.56978,5853072.719180001,0.2856,143
707,1.0,419924.12276,5853072.97462,0.2856,143
707,1.5,419923.67574000004,5853073.230060001,0.2554,143
707,2.0,419923.22872,5853073.421640001,0.2554,143
707,2.5,419922.7817,5853073.677080001,0.2856,143
707,3.0,419922.39854,5853073.932520001,0.2856,143
708,0.0,420027.57596,5853211.933980001,0.4605,31
708,0.5,420027.1928,5853212.253280001,0.4605,31
708,1.0,420026.80964,5853212.57258,0.1806,31
708,1.5,420026.36262,5853212.828020001,0.2856,31
708,2.0,420025.97946,5853213.14732,0.3612,31
708,2.5,420025.59630000003,5853213.402760001,0.3612,31
708,3.0,420025.21314,5853213.7220600005,0.2856,31
709,0.0,420064.80634,5853187.603320001,0.2856,46
709,0.5,420064.48704,5853187.98648,0.2856,46
709,1.0,420064.16774,5853188.369640001,0.1806,46
709,1.5,420063.84844000003,5853188.752800001,0.1806,46
709,2.0,420063.593,5853189.199820001,0.1277,46
709,2.5,420063.2737,5853189.58298,0.1277,46
709,3.0,420062.9544,5853189.966140001,0.1806,46
710,0.0,420068.51022,5853191.945800001,0.4605,47
710,0.5,420068.12706,5853192.2651,0.2856,47
710,1.0,420067.7439,5853192.584400001,0.3612,47
710,1.5,420067.36074000003,5853192.903700001,0.2856,47
710,2.0,420066.91372,5853193.159140001,0.2856,47
710,2.5,420066.53056,5853193.478440001,0.3612,47
710,3.0,420066.1474,5853193.797740001,0.4605,47
711,0.0,419967.93072,5853062.437720001,0.4605,179
711,0.5,419967.803,5853062.948600001,0.5266,179
711,1.0,419967.61142000003,5853063.395620001,0.5266,179
711,1.5,419967.41984,5853063.84264,0.5109,179
711,2.0,419967.1644,5853064.289660001,0.5266,179
711,2.5,419966.97282,5853064.736680001,0.5266,179
711,3.0,419966.78124,5853065.183700001,0.5266,179
712,0.0,419879.42076,5853111.865360001,0.4039,113
712,0.5,419879.22918,5853112.312380001,0.3612,113
712,1.0,419878.97374,5853112.759400001,0.2554,113
712,1.5,419878.78216,5853113.206420001,0.2554,113
712,2.0,419878.59058,5853113.6534400005,0.2554,113
712,2.5,419878.39900000003,5853114.16432,0.2554,113
712,3.0,419878.20742,5853114.611340001,0.1806,113
713,0.0,420107.20938,5852949.277800001,0.2554,298
713,0.5,420107.20938,5852949.788680001,0.2554,298
713,1.0,420107.20938,5852950.299560001,0.2554,298
713,1.5,420107.14552,5852950.746580001,0.2554,298
713,2.0,420107.08166,5852951.257460001,0.2554,298
713,2.5,420107.01780000003,5852951.768340001,0.2554,298
713,3.0,420106.95394,5852952.279220001,0.2554,298
714,0.0,420010.39762,5853099.093360001,0.1806,86
714,0.5,420010.14218,5853099.540380001,0.1806,86
714,1.0,420009.88674,5853099.923540001,0.2554,86
714,1.5,420009.6313,5853100.370560001,0.2554,86
714,2.0,420009.37586000003,5853100.8175800005,0.1806,86
714,2.5,420009.24814,5853101.264600001,0.2856,86
714,3.0,420009.12042,5853101.775480001,0.2554,86
715,0.0,420121.7056,5853047.877640001,0.1806,416
715,0.5,420121.45016,5853048.260800001,0.2856,416
715,1.0,420121.13086000003,5853048.643960001,0.3612,416
715,1.5,420120.81156,5853049.090980001,0.2856,416
715,2.0,420120.49226,5853049.4741400005,0.3612,416
715,2.5,420120.17296,5853049.857300001,0.2554,416
715,3.0,420119.91752,5853050.304320001,0.1806,416
716,0.0,420126.11194000003,5853136.004440001,0.1277,1030
716,0.5,420126.11194000003,5853136.515320001,0.2554,1030
716,1.0,420126.11194000003,5853137.026200001,0.2554,1030
716,1.5,420126.04808,5853137.473220001,0.1277,1030
716,2.0,420126.04808,5853137.984100001,0.1277,1030
716,2.5,420126.04808,5853138.494980001,0.2554,1030
716,3.0,420126.04808,5853139.005860001,0.2554,1030
717,0.0,420030.44966,5853194.564060001,0.5266,578
717,0.5,420030.19422,5853195.011080001,0.4605,578
717,1.0,420029.93878,5853195.4581,0.3612,578
717,1.5,420029.68334,5853195.841260001,0.2856,578
717,2.0,420029.4279,5853196.288280001,0.2856,578
717,2.5,420029.17246000003,5853196.671440001,0.3612,578
717,3.0,420028.85316,5853197.1184600005,0.2856,578
718,0.0,420372.41996,5853230.070220001,0.4605,771
718,0.5,420372.86698,5853230.2618,0.4605,771
718,1.0,420373.314,5853230.453380001,0.4605,771
718,1.5,420373.82488000003,5853230.644960001,0.4039,771
718,2.0,420374.2719,5853230.8365400005,0.4605,771
718,2.5,420374.71892,5853231.028120001,0.4605,771
718,3.0,420375.16594,5853231.219700001,0.2856,771
719,0.0,420041.43358,5853079.105180001,0.2856,417
719,0.5,420041.17814000003,5853079.552200001,0.3612,417
719,1.0,420040.98656,5853079.999220001,0.3612,417
719,1.5,420040.73112,5853080.44624,0.3612,417
719,2.0,420040.47568000003,5853080.893260001,0.3612,417
719,2.5,420040.2841,5853081.340280001,0.4039,417
719,3.0,420040.09252,5853081.787300001,0.4039,417
720,0.0,420062.37966000004,5853035.105640001,0.3612,342
720,0.5,420062.18808,5853035.5526600005,0.3612,342
720,1.0,420061.9965,5853035.999680001,0.3612,342
720,1.5,420061.80492,5853036.510560001,0.4039,342
720,2.0,420061.61334,5853036.957580001,0.3612,342
720,2.5,420061.29404,5853037.340740001,0.3612,342
720,3.0,420061.10246,5853037.851620001,0.4605,342
721,0.0,420383.91476,5853197.246180001,0.1277,786
721,0.5,420383.78704,5853197.757060001,0.5419,786
721,1.0,420383.59546,5853198.2040800005,0.6386,786
721,1.5,420383.27616,5853198.587240001,0.6878,786
721,2.0,420382.95686000003,5853198.970400001,0.7447,786
721,2.5,420382.63756,5853199.353560001,0.7225,786
721,3.0,420382.31826000003,5853199.73672,0.7225,786
722,0.0,419965.5679,5853245.013460001,0.4605,1009
722,0.5,419965.18474,5853245.332760001,0.3612,1009
722,1.0,419964.80158,5853245.652060001,0.3612,1009
722,1.5,419964.41842,5853246.035220001,0.3612,1009
722,2.0,419964.03526000003,5853246.3545200005,0.4039,1009
722,2.5,419963.6521,5853246.609960001,0.4039,1009
722,3.0,419963.26894,5853246.929260001,0.4039,1009
723,0.0,420048.9052,5853200.056020001,0.3612,1118
723,0.5,420048.52204,5853200.375320001,0.3612,1118
723,1.0,420048.13888,5853200.694620001,0.3612,1118
723,1.5,420047.75572,5853201.077780001,0.4605,1118
723,2.0,420047.43642,5853201.3970800005,0.3612,1118
723,2.5,420046.9894,5853201.652520001,0.2856,1118
723,3.0,420046.60624,5853201.971820001,0.3612,1118
724,0.0,420127.1337,5853062.884740001,0.2554,236
724,0.5,420126.87826,5853063.33176,0.2856,236
724,1.0,420126.62282,5853063.714920001,0.2856,236
724,1.5,420126.36738,5853064.161940001,0.2856,236
724,2.0,420126.11194000003,5853064.608960001,0.2856,236
724,2.5,420125.8565,5853064.9921200005,0.3612,236
724,3.0,420125.60106,5853065.43914,0.3612,236
725,0.0,420156.25386,5853044.237620001,0.5266,223
725,0.5,420155.8707,5853044.556920001,0.4605,223
725,1.0,420155.48754,5853044.876220001,0.5419,223
725,1.5,420155.10438000003,5853045.259380001,0.6386,223
725,2.0,420154.78508,5853045.578680001,0.6386,223
725,2.5,420154.40192000003,5853045.897980001,0.6386,223
725,3.0,420154.08262,5853046.281140001,0.5419,223
726,0.0,420078.15308,5853025.079620001,0.2554,409
726,0.5,420077.76992,5853025.3989200005,0.2856,409
726,1.0,420077.38676,5853025.782080001,0.3612,409
726,1.5,420077.06746,5853026.101380001,0.2856,409
726,2.0,420076.6843,5853026.42068,0.2856,409
726,2.5,420076.30114,5853026.739980001,0.2856,409
726,3.0,420075.98184,5853027.123140001,0.1806,409
727,0.0,419922.97328000003,5853206.18658,0.1277,1007
727,0.5,419922.84556,5853206.69746,0.1806,1007
727,1.0,419922.65398,5853207.144480001,0.2856,1007
727,1.5,419922.52626,5853207.591500001,0.2856,1007
727,2.0,419922.33468,5853208.102380001,0.3612,1007
727,2.5,419922.20696,5853208.549400001,0.3832,1007
727,3.0,419922.01538,5853208.996420001,0.4039,1007
728,0.0,419832.99454,5853084.533280001,0.1277,156
728,0.5,419832.80296,5853084.980300001,0.2554,156
728,1.0,419832.54752,5853085.427320001,0.2554,156
728,1.5,419832.35594,5853085.874340001,0.2554,156
728,2.0,419832.16436,5853086.3852200005,0.2554,156
728,2.5,419831.97278,5853086.83224,0.2554,156
728,3.0,419831.7812,5853087.279260001,0.2554,156
729,0.0,420125.60106,5853147.052220001,0.1806,28
729,0.5,420125.09018,5853147.179940001,0.2554,28
729,1.0,420124.64316,5853147.30766,0.1806,28
729,1.5,420124.19614,5853147.499240001,0.2554,28
729,2.0,420123.68526,5853147.690820001,0.2554,28
729,2.5,420123.23824000004,5853147.8824000005,0.1806,28
729,3.0,420122.79122,5853148.073980001,0.1277,28
730,0.0,420104.4634,5852948.958500001,0.3832,292
730,0.5,420104.4634,5852949.469380001,0.3832,292
730,1.0,420104.39954,5852949.980260001,0.3832,292
730,1.5,420104.33568,5852950.42728,0.3832,292
730,2.0,420104.33568,5852950.93816,0.3832,292
730,2.5,420104.27182,5852951.449040001,0.3832,292
730,3.0,420104.20796,5852951.959920001,0.3832,292
731,0.0,420090.92508,5853019.45994,0.1806,318
731,0.5,420090.66964,5853019.906960001,0.1806,318
731,1.0,420090.4142,5853020.290120001,0.1806,318
731,1.5,420090.15876,5853020.737140001,0.1806,318
731,2.0,420089.90332,5853021.184160001,0.1806,318
731,2.5,420089.58402,5853021.56732,0.1806,318
731,3.0,420089.32858000003,5853022.014340001,0.2856,318
732,0.0,420061.0386,5853189.0721,0.2856,549
732,0.5,420060.7193,5853189.455260001,0.2856,549
732,1.0,420060.4,5853189.838420001,0.2856,549
732,1.5,420060.0807,5853190.221580001,0.3612,549
732,2.0,420059.7614,5853190.604740001,0.3612,549
732,2.5,420059.4421,5853190.987900001,0.2856,549
732,3.0,420059.18666,5853191.434920001,0.4039,549
733,0.0,420037.79356,5853169.211640001,0.1806,575
733,0.5,420037.53812,5853169.658660001,0.1277,575
733,1.0,420037.34654,5853170.105680001,0.1806,575
733,1.5,420037.02724,5853170.488840001,0.1806,575
733,2.0,420036.7718,5853170.935860001,0.1806,575
733,2.5,420036.4525,5853171.319020001,0.1806,575
733,3.0,420036.1332,5853171.702180001,0.1806,575
734,0.0,420126.87826,5853150.947680001,0.2856,524
734,0.5,420126.36738,5853151.0754,0.3612,524
734,1.0,420125.92036,5853151.203120001,0.3612,524
734,1.5,420125.40948000003,5853151.330840001,0.3612,524
734,2.0,420124.96246,5853151.522420001,0.3612,524
734,2.5,420124.51544,5853151.714000001,0.2554,524
734,3.0,420124.06842,5853151.905580001,0.1806,524
735,0.0,420129.62424000003,5853059.244720001,0.2856,236
735,0.5,420129.30494,5853059.6278800005,0.3612,236
735,1.0,420129.0495,5853060.074900001,0.4039,236
735,1.5,420128.79406,5853060.458060001,0.4605,236
735,2.0,420128.47476,5853060.905080001,0.3612,236
735,2.5,420128.21932000003,5853061.288240001,0.2856,236
735,3.0,420127.96388,5853061.73526,0.4039,236
736,0.0,420335.76432,5853219.788760001,0.2554,756
736,0.5,420335.76432,5853220.299640001,0.3832,756
736,1.0,420335.70046,5853220.810520001,0.3832,756
736,1.5,420335.6366,5853221.257540001,0.3832,756
736,2.0,420335.57274000003,5853221.768420001,0.3832,756
736,2.5,420335.44502,5853222.2793000005,0.5109,756
736,3.0,420335.3173,5853222.72632,0.5266,756
737,0.0,420076.30114,5853227.324240001,0.1277,554
737,0.5,420076.17342,5853227.771260001,0.4039,554
737,1.0,420075.85412000003,5853228.218280001,0.4039,554
737,1.5,420075.59868,5853228.601440001,0.4039,554
737,2.0,420075.27938,5853229.048460001,0.4605,554
737,2.5,420075.02394,5853229.431620001,0.4605,554
737,3.0,420074.70464,5853229.814780001,0.2856,554
738,0.0,420037.66584000003,5853124.573500001,0.3612,599
738,0.5,420037.28268,5853124.82894,0.2856,599
738,1.0,420036.83566,5853125.148240001,0.2856,599
738,1.5,420036.4525,5853125.467540001,0.2856,599
738,2.0,420036.06934,5853125.722980001,0.2856,599
738,2.5,420035.62232,5853126.042280001,0.2856,599
738,3.0,420035.23916,5853126.297720001,0.2554,599
739,0.0,419943.02532,5853118.95382,0.1277,404
739,0.5,419942.5783,5853119.209260001,0.4605,404
739,1.0,419942.259,5853119.5285600005,0.5419,404
739,1.5,419941.87584,5853119.911720001,0.5419,404
739,2.0,419941.55654,5853120.231020001,0.6386,404
739,2.5,419941.17338,5853120.6141800005,0.5419,404
739,3.0,419940.85408,5853120.997340001,0.5712,404
740,0.0,420349.87738,5853282.69086,0.4605,740
740,0.5,420349.62194,5853283.137880001,0.4039,740
740,1.0,420349.43036,5853283.584900001,0.4605,740
740,1.5,420349.23878,5853284.031920001,0.4605,740
740,2.0,420349.04720000003,5853284.478940001,0.4605,740
740,2.5,420348.7279,5853284.925960001,0.5266,740
740,3.0,420348.47246,5853285.37298,0.5419,740
741,0.0,420039.90094,5853056.754180001,0.1277,355
741,0.5,420039.83708,5853057.265060001,0.1806,355
741,1.0,420039.70936,5853057.712080001,0.2554,355
741,1.5,420039.51778,5853058.222960001,0.2554,355
741,2.0,420039.39006,5853058.669980001,0.2554,355
741,2.5,420039.26234,5853059.180860001,0.2554,355
741,3.0,420039.13462,5853059.6278800005,0.2856,355
742,0.0,420114.93644,5853106.437260001,0.6386,41
742,0.5,420114.80872000003,5853106.884280001,0.5266,41
742,1.0,420114.55328,5853107.395160001,0.4039,41
742,1.5,420114.3617,5853107.842180001,0.3612,41
742,2.0,420114.17012,5853108.2892,0.3612,41
742,2.5,420113.97854,5853108.736220001,0.3612,41
742,3.0,420113.7231,5853109.183240001,0.3612,41
743,0.0,420037.60198,5853049.218700001,0.3832,353
743,0.5,420037.4104,5853049.665720001,0.2554,353
743,1.0,420037.15496,5853050.112740001,0.2554,353
743,1.5,420036.89952,5853050.559760001,0.2554,353
743,2.0,420036.70794,5853051.00678,0.2554,353
743,2.5,420036.4525,5853051.453800001,0.2856,353
743,3.0,420036.19706000003,5853051.900820001,0.2856,353
744,0.0,419964.48228,5853164.677580001,0.2554,567
744,0.5,419964.41842,5853165.188460001,0.2554,567
744,1.0,419964.2907,5853165.635480001,0.2554,567
744,1.5,419964.09912,5853166.146360001,0.2554,567
744,2.0,419964.03526000003,5853166.59338,0.3832,567
744,2.5,419963.90754,5853167.10426,0.2554,567
744,3.0,419963.77982,5853167.615140001,0.2554,567
745,0.0,420060.7193,5853137.984100001,0.1277,1002
745,0.5,420060.59158,5853138.494980001,0.1277,1002
745,1.0,420060.52772,5853138.942000001,0.1277,1002
745,1.5,420060.4,5853139.452880001,0.2554,1002
745,2.0,420060.27228000003,5853139.963760001,0.2554,1002
745,2.5,420060.14456,5853140.4107800005,0.2554,1002
745,3.0,420060.01684,5853140.92166,0.2554,1002
746,0.0,419994.9435,5853035.424940001,0.2856,425
746,0.5,419994.68806,5853035.871960001,0.2856,425
746,1.0,419994.36876,5853036.255120001,0.3612,425
746,1.5,419994.11332,5853036.702140001,0.3612,425
746,2.0,419993.85788,5853037.0853,0.3612,425
746,2.5,419993.53858,5853037.532320001,0.3612,425
746,3.0,419993.28314,5853037.915480001,0.2856,425
747,0.0,420028.27842,5853198.012500001,0.2856,578
747,0.5,420028.02298,5853198.459520001,0.2856,578
747,1.0,420027.70368000004,5853198.842680001,0.2554,578
747,1.5,420027.44824,5853199.289700001,0.2856,578
747,2.0,420027.1928,5853199.672860001,0.2856,578
747,2.5,420026.8735,5853200.119880001,0.3612,578
747,3.0,420026.61806,5853200.503040001,0.3612,578
748,0.0,420036.58022,5853023.546980001,0.2554,367
748,0.5,420036.51636,5853024.057860001,0.2554,367
748,1.0,420036.4525,5853024.504880001,0.1806,367
748,1.5,420036.32478,5853025.015760001,0.2554,367
748,2.0,420036.19706000003,5853025.526640001,0.2554,367
748,2.5,420036.06934,5853025.973660001,0.2554,367
748,3.0,420035.87776,5853026.484540001,0.2554,367
749,0.0,420078.40852,5853025.462780001,0.3612,408
749,0.5,420078.08922,5853025.84594,0.4605,408
749,1.0,420077.76992,5853026.229100001,0.4039,408
749,1.5,420077.38676,5853026.612260001,0.4605,408
749,2.0,420077.06746,5853026.93156,0.5419,408
749,2.5,420076.74816,5853027.314720001,0.5419,408
749,3.0,420076.365,5853027.697880001,0.5419,408
750,0.0,420020.74294,5853192.328960001,0.1277,27
750,0.5,420020.35978,5853192.648260001,0.2856,27
750,1.0,420019.97662000003,5853193.031420001,0.2856,27
750,1.5,420019.65732,5853193.35072,0.2856,27
750,2.0,420019.27416000003,5853193.733880001,0.2856,27
750,2.5,420018.95486,5853194.053180001,0.2856,27
750,3.0,420018.57170000003,5853194.4363400005,0.2856,27
751,0.0,420163.78934,5853059.947180001,0.2856,203
751,0.5,420163.47004,5853060.330340001,0.2856,203
751,1.0,420163.15074,5853060.713500001,0.1806,203
751,1.5,420162.89530000003,5853061.16052,0.2856,203
751,2.0,420162.576,5853061.543680001,0.2856,203
751,2.5,420162.2567,5853061.862980001,0.2856,203
751,3.0,420161.87354,5853062.24614,0.2554,203
752,0.0,420110.01922,5852975.204960001,0.1277,300
752,0.5,420109.63606,5852975.58812,0.4605,300
752,1.0,420109.38062,5852975.971280001,0.5266,300
752,1.5,420109.2529,5852976.418300001,0.5266,300
752,2.0,420109.06132,5852976.929180001,0.5109,300
752,2.5,420108.86974,5852977.376200001,0.4605,300
752,3.0,420108.74202,5852977.823220001,0.5266,300
753,0.0,420293.80830000003,5853277.709780001,0.2856,729
753,0.5,420293.61672,5853278.156800001,0.2554,729
753,1.0,420293.489,5853278.667680001,0.2856,729
753,1.5,420293.36128,5853279.114700001,0.2856,729
753,2.0,420293.23356,5853279.625580001,0.2554,729
753,2.5,420293.10584000003,5853280.072600001,0.2554,729
753,3.0,420292.91426,5853280.5834800005,0.2554,729
754,0.0,420085.88014,5853049.665720001,0.2554,327
754,0.5,420085.88014,5853050.176600001,0.2554,327
754,1.0,420085.88014,5853050.687480001,0.2554,327
754,1.5,420085.88014,5853051.134500001,0.2554,327
754,2.0,420085.88014,5853051.645380001,0.2554,327
754,2.5,420085.88014,5853052.156260001,0.2554,327
754,3.0,420085.88014,5853052.6671400005,0.3832,327
755,0.0,420024.12752,5853214.488380001,0.3612,31
755,0.5,420023.74436,5853214.807680001,0.2856,31
755,1.0,420023.29734,5853215.063120001,0.3612,31
755,1.5,420022.91418,5853215.382420001,0.2856,31
755,2.0,420022.53102,5853215.637860001,0.2856,31
755,2.5,420022.08400000003,5853215.957160001,0.2856,31
755,3.0,420021.70084,5853216.212600001,0.3612,31
756,0.0,420098.58828,5853057.45664,0.3612,239
756,0.5,420098.3967,5853057.903660001,0.3832,239
756,1.0,420098.33284,5853058.414540001,0.4605,239
756,1.5,420098.20512,5853058.925420001,0.4039,239
756,2.0,420098.0774,5853059.372440001,0.3832,239
756,2.5,420098.01354,5853059.883320001,0.4039,239
756,3.0,420097.88582,5853060.394200001,0.3832,239
757,0.0,419979.48938,5853167.806720001,0.3612,568
757,0.5,419979.17008,5853168.18988,0.5419,568
757,1.0,419978.78692,5853168.573040001,0.5419,568
757,1.5,419978.46762,5853168.892340001,0.5419,568
757,2.0,419978.08446,5853169.2755,0.5419,568
757,2.5,419977.7013,5853169.594800001,0.5712,568
757,3.0,419977.382,5853169.914100001,0.6386,568
758,0.0,420015.69800000003,5853081.978880001,0.1806,101
758,0.5,420015.31484,5853082.362040001,0.2554,101
758,1.0,420014.99554000003,5853082.681340001,0.1806,101
758,1.5,420014.61238,5853083.000640001,0.1806,101
758,2.0,420014.16536,5853083.256080001,0.2856,101
758,2.5,420013.7822,5853083.575380001,0.2856,101
758,3.0,420013.39904,5853083.894680001,0.2554,101
759,0.0,420004.01162,5853169.914100001,0.1277,72
759,0.5,420003.8839,5853170.3611200005,0.2554,72
759,1.0,420003.75618,5853170.872,0.1806,72
759,1.5,420003.5646,5853171.319020001,0.2554,72
759,2.0,420003.37302,5853171.829900001,0.1806,72
759,2.5,420003.18144,5853172.276920001,0.1277,72
759,3.0,420003.05372,5853172.723940001,0.1277,72
760,0.0,420306.58030000003,5853345.209800001,0.3832,701
760,0.5,420306.45258,5853345.720680001,0.2856,701
760,1.0,420306.45258,5853346.167700001,0.3832,701
760,1.5,420306.38872,5853346.678580001,0.3832,701
760,2.0,420306.32486,5853347.189460001,0.3832,701
760,2.5,420306.261,5853347.700340001,0.3832,701
760,3.0,420306.19714,5853348.211220001,0.3832,701
761,0.0,420023.3612,5853216.276460001,0.1277,30
761,0.5,420023.10576,5853216.723480001,0.5109,30
761,1.0,420022.85032,5853217.106640001,0.4605,30
761,1.5,420022.59488,5853217.553660001,0.4605,30
761,2.0,420022.33944,5853218.0006800005,0.4039,30
761,2.5,420022.14786,5853218.4477,0.4605,30
762,0.0,420098.77986,5853003.878100001,0.3612,308
762,0.5,420098.33284,5853004.069680001,0.3612,308
762,1.0,420097.88582,5853004.325120001,0.3612,308
762,1.5,420097.4388,5853004.5167000005,0.3612,308
762,2.0,420096.99178,5853004.708280001,0.3612,308
762,2.5,420096.54476,5853004.963720001,0.3612,308
763,0.0,419928.27366,5853180.51486,0.4039,561
763,0.5,419928.01822,5853180.961880001,0.4039,561
763,1.0,419927.76278,5853181.345040001,0.3612,561
763,1.5,419927.5712,5853181.855920001,0.2856,561
763,2.0,419927.31576,5853182.239080001,0.4039,561
763,2.5,419927.06032,5853182.6861000005,0.3612,561
764,0.0,420105.86832,5852949.852540001,0.1806,292
764,0.5,420105.61288000003,5852950.299560001,0.2856,292
764,1.0,420105.35744,5852950.682720001,0.3612,292
764,1.5,420105.102,5852951.129740001,0.2856,292
764,2.0,420104.7827,5852951.5129,0.2856,292
764,2.5,420104.65498,5852952.02378,0.1806,292
765,0.0,420083.90048,5853023.355400001,0.3612,317
765,0.5,420084.34750000003,5853023.546980001,0.4605,317
765,1.0,420084.79452,5853023.802420001,0.3612,317
765,1.5,420085.17768,5853024.121720001,0.3612,317
765,2.0,420085.6247,5853024.377160001,0.3612,317
765,2.5,420086.07172,5853024.568740001,0.3612,317
766,0.0,419996.41228,5853029.549820001,0.4039,385
766,0.5,419995.96526,5853029.805260001,0.4039,385
766,1.0,419995.51824,5853029.996840001,0.2856,385
766,1.5,419995.07122,5853030.252280001,0.3612,385
766,2.0,419994.68806,5853030.507720001,0.2856,385
766,2.5,419994.17718,5853030.6993,0.4039,385
767,0.0,420352.8788,5853243.991700001,0.5109,764
767,0.5,420353.38968,5853244.055560001,0.3832,764
767,1.0,420353.90056,5853244.055560001,0.3832,764
767,1.5,420354.34758,5853244.055560001,0.3832,764
767,2.0,420354.85846,5853244.119420001,0.2554,764
767,2.5,420355.36934000003,5853244.119420001,0.2554,764
768,0.0,419880.18708,5853076.16762,0.1277,151
768,0.5,419880.05936,5853076.6785,0.2856,151
768,1.0,419879.86778000003,5853077.125520001,0.2554,151
768,1.5,419879.54848,5853077.508680001,0.2554,151
768,2.0,419879.3569,5853077.955700001,0.3612,151
768,2.5,419879.10146000003,5853078.402720001,0.2856,151
769,0.0,420134.92462,5853083.894680001,0.5109,545
769,0.5,420134.7969,5853084.341700001,0.4605,545
769,1.0,420134.54146,5853084.788720001,0.4605,545
769,1.5,420134.28602,5853085.23574,0.3612,545
769,2.0,420134.09444,5853085.682760001,0.3612,545
769,2.5,420133.90286000003,5853086.129780001,0.2554,545
770,0.0,419877.88812,5853112.631680001,0.5109,134
770,0.5,419877.69654000003,5853113.0787,0.5266,134
770,1.0,419877.50496,5853113.525720001,0.5109,134
770,1.5,419877.31338,5853114.036600001,0.5109,134
770,2.0,419877.1218,5853114.483620001,0.4605,134
770,2.5,419876.93022,5853114.930640001,0.4605,134
771,0.0,420365.26764000003,5853218.4477,0.3612,769
771,0.5,420364.94834,5853218.830860001,0.4039,769
771,1.0,420364.6929,5853219.277880001,0.3612,769
771,1.5,420364.50132,5853219.724900001,0.2554,769
771,2.0,420364.30974,5853220.171920001,0.2554,769
771,2.5,420364.0543,5853220.61894,0.2856,769
772,0.0,419999.15826,5853029.869120001,0.3612,425
772,0.5,419998.7751,5853030.1884200005,0.3612,425
772,1.0,419998.4558,5853030.571580001,0.3612,425
772,1.5,419998.07264,5853030.954740001,0.3612,425
772,2.0,419997.75334,5853031.337900001,0.4605,425
772,2.5,419997.43404,5853031.657200001,0.3612,425
773,0.0,419939.12986,5853116.3355600005,0.4039,105
773,0.5,419938.81056,5853116.718720001,0.4039,105
773,1.0,419938.49126,5853117.101880001,0.3612,105
773,1.5,419938.1081,5853117.485040001,0.3612,105
773,2.0,419937.7888,5853117.804340001,0.4039,105
773,2.5,419937.4695,5853118.187500001,0.4039,105
774,0.0,420085.49698,5853053.241880001,0.2554,326
774,0.5,420085.04996000003,5853053.433460001,0.2554,326
774,1.0,420084.60294,5853053.625040001,0.2554,326
774,1.5,420084.09206,5853053.816620001,0.2554,326
774,2.0,420083.64504000003,5853054.008200001,0.2554,326
774,2.5,420083.19802,5853054.19978,0.2554,326
775,0.0,420109.38062,5852972.458980001,0.2554,302
775,0.5,420109.18904,5852972.906,0.3612,302
775,1.0,420108.99746,5852973.353020001,0.2856,302
775,1.5,420108.86974,5852973.863900001,0.3832,302
775,2.0,420108.67816,5852974.310920001,0.4039,302
775,2.5,420108.42272000003,5852974.757940001,0.3612,302
776,0.0,419999.15826,5853047.749920001,0.2856,188
776,0.5,419998.7751,5853048.133080001,0.3612,188
776,1.0,419998.4558,5853048.452380001,0.2856,188
776,1.5,419998.07264,5853048.771680001,0.2856,188
776,2.0,419997.68948,5853049.154840001,0.3612,188
776,2.5,419997.37018,5853049.4741400005,0.3612,188
777,0.0,420144.82292,5853051.453800001,0.2856,209
777,0.5,420144.50362000003,5853051.836960001,0.3612,209
777,1.0,420144.18432,5853052.220120001,0.3612,209
777,1.5,420143.92888,5853052.6671400005,0.2554,209
777,2.0,420143.60958,5853053.050300001,0.2856,209
777,2.5,420143.35414,5853053.497320001,0.2856,209
778,0.0,420387.29934,5853219.469460001,0.1277,775
778,0.5,420386.78846,5853219.53332,0.2554,775
778,1.0,420386.27758,5853219.53332,0.1277,775
778,1.5,420385.83056000003,5853219.53332,0.2554,775
778,2.0,420385.31968,5853219.53332,0.3612,775
778,2.5,420384.8088,5853219.5971800005,0.2554,775
779,0.0,420082.49556,5853019.140640001,0.1806,314
779,0.5,420082.24012000003,5853019.523800001,0.2554,314
779,1.0,420081.92082,5853019.97082,0.2554,314
779,1.5,420081.60152,5853020.353980001,0.2856,314
779,2.0,420081.28222,5853020.737140001,0.2554,314
779,2.5,420080.96292,5853021.1203000005,0.1806,314
780,0.0,420053.24768000003,5853029.869120001,0.2856,345
780,0.5,420053.0561,5853030.316140001,0.2856,345
780,1.0,420052.86452,5853030.763160001,0.2856,345
780,1.5,420052.7368,5853031.2740400005,0.2856,345
780,2.0,420052.54522,5853031.721060001,0.3832,345
780,2.5,420052.35364,5853032.231940001,0.3832,345
781,0.0,420343.36366000003,5853305.808180001,0.5712,725
781,0.5,420343.17208,5853306.2552000005,0.5266,725
781,1.0,420343.04436,5853306.76608,0.5266,725
781,1.5,420342.85278,5853307.213100001,0.5266,725
781,2.0,420342.66120000003,5853307.660120001,0.5266,725
781,2.5,420342.46962,5853308.107140001,0.5266,725
782,0.0,420078.85554,5853002.281600001,0.3832,309
782,0.5,420078.79168,5853002.792480001,0.5266,309
782,1.0,420078.6001,5853003.239500001,0.6386,309
782,1.5,420078.40852,5853003.686520001,0.6386,309
782,2.0,420078.2808,5853004.197400001,0.6386,309
782,2.5,420078.15308,5853004.644420001,0.5712,309
783,0.0,419920.67432,5853074.698840001,0.2856,143
783,0.5,419920.2273,5853074.890420001,0.3612,143
783,1.0,419919.78028,5853075.082,0.3832,143
783,1.5,419919.2694,5853075.209720001,0.2554,143
783,2.0,419918.82238,5853075.401300001,0.2554,143
783,2.5,419918.3115,5853075.529020001,0.2856,143
784,0.0,420131.15688,5853088.684180001,0.1277,546
784,0.5,420130.90144,5853089.131200001,0.2554,546
784,1.0,420130.70986,5853089.5782200005,0.2856,546
784,1.5,420130.45442,5853090.025240001,0.2856,546
784,2.0,420130.19898,5853090.472260001,0.2554,546
784,2.5,420130.0074,5853090.919280001,0.2554,546
785,0.0,420311.11436,5853324.646880001,0.1277,705
785,0.5,420310.92278,5853325.093900001,0.4605,705
785,1.0,420310.66734,5853325.5409200005,0.4039,705
785,1.5,420310.47576,5853325.98794,0.4039,705
785,2.0,420310.28418,5853326.434960001,0.4039,705
785,2.5,420310.09260000003,5853326.881980001,0.4039,705
786,0.0,420077.38676,5853068.1851200005,0.2856,245
786,0.5,420077.06746,5853068.568280001,0.1806,245
786,1.0,420076.74816,5853068.951440001,0.1806,245
786,1.5,420076.49272,5853069.398460001,0.1806,245
786,2.0,420076.17342,5853069.7816200005,0.1806,245
786,2.5,420075.85412000003,5853070.100920001,0.2856,245
787,0.0,420096.35318000003,5853071.697420001,0.3832,238
787,0.5,420095.90616,5853071.952860001,0.2856,238
787,1.0,420095.58686,5853072.272160001,0.2856,238
787,1.5,420095.2037,5853072.655320001,0.3612,238
787,2.0,420094.8844,5853072.97462,0.3612,238
787,2.5,420094.50124,5853073.357780001,0.3612,238
788,0.0,419997.37018,5853119.209260001,0.2554,93
788,0.5,419997.30632000003,5853119.720140001,0.3832,93
788,1.0,419997.11474,5853120.167160001,0.5109,93
788,1.5,419996.98702,5853120.6141800005,0.5109,93
788,2.0,419996.79544,5853121.12506,0.6386,93
788,2.5,419996.60386000003,5853121.572080001,0.5266,93
789,0.0,420055.48278,5853149.351180001,0.1277,426
789,0.5,420055.22734,5853149.798200001,0.1806,426
789,1.0,420054.9719,5853150.181360001,0.2856,426
789,1.5,420054.65260000003,5853150.628380001,0.2554,426
789,2.0,420054.39716,5853151.011540001,0.1806,426
789,2.5,420054.14172,5853151.458560001,0.2856,426
790,0.0,419902.92124,5853078.722020001,0.2856,145
790,0.5,419902.53808,5853078.977460001,0.2856,145
790,1.0,419902.15492,5853079.296760001,0.3612,145
790,1.5,419901.77176000003,5853079.616060001,0.3612,145
790,2.0,419901.3886,5853079.999220001,0.2856,145
790,2.5,419901.00544,5853080.382380001,0.3612,145
791,0.0,420146.03626,5853085.044160001,0.3612,199
791,0.5,420145.71696,5853085.427320001,0.2856,199
791,1.0,420145.3338,5853085.81048,0.2856,199
791,1.5,420145.0145,5853086.129780001,0.2856,199
791,2.0,420144.6952,5853086.512940001,0.1806,199
791,2.5,420144.3759,5853086.8961000005,0.2856,199
792,0.0,420294.57462,5853274.580640001,0.4039,730
792,0.5,420294.31918,5853275.027660001,0.4605,730
792,1.0,420294.1276,5853275.474680001,0.4039,730
792,1.5,420293.87216,5853275.921700001,0.3612,730
792,2.0,420293.61672,5853276.3048600005,0.3612,730
792,2.5,420293.36128,5853276.751880001,0.2856,730
793,0.0,420076.23728,5853089.5782200005,0.4605,58
793,0.5,420075.85412000003,5853089.961380001,0.4605,58
793,1.0,420075.53482,5853090.280680001,0.3612,58
793,1.5,420075.15166000003,5853090.59998,0.4605,58
793,2.0,420074.7685,5853090.983140001,0.4605,58
793,2.5,420074.44920000003,5853091.302440001,0.4039,58
794,0.0,420061.67720000003,5853063.778780001,0.3612,333
794,0.5,420061.29404,5853064.098080001,0.3612,333
794,1.0,420060.91088,5853064.481240001,0.3612,333
794,1.5,420060.59158,5853064.800540001,0.3612,333
794,2.0,420060.20842,5853065.119840001,0.2856,333
794,2.5,420059.82526,5853065.5030000005,0.2856,333
795,0.0,420149.1654,5852966.328420001,0.4605,262
795,0.5,420148.8461,5852966.711580001,0.4605,262
795,1.0,420148.5268,5852967.094740001,0.4605,262
795,1.5,420148.14364,5852967.477900001,0.5419,262
795,2.0,420147.82434,5852967.797200001,0.4605,262
795,2.5,420147.44118,5852968.180360001,0.5712,262
796,0.0,420059.31438,5853093.409820001,0.2554,66
796,0.5,420059.18666,5853093.8568400005,0.3832,66
796,1.0,420058.99508,5853094.36772,0.4039,66
796,1.5,420058.86736000003,5853094.8786,0.3832,66
796,2.0,420058.73964,5853095.325620001,0.3832,66
796,2.5,420058.4842,5853095.772640001,0.3612,66
797,0.0,420117.68242,5853148.840300001,0.3612,527
797,0.5,420118.06558,5853149.159600001,0.3612,527
797,1.0,420118.44874,5853149.4789,0.3612,527
797,1.5,420118.89576,5853149.734340001,0.4039,527
797,2.0,420119.34278,5853149.98978,0.3832,527
797,2.5,420119.72594000003,5853150.181360001,0.3612,527
798,0.0,419862.7533,5853148.457140001,0.3832,411
798,0.5,419863.26418,5853148.521000001,0.3832,411
798,1.0,419863.77506,5853148.584860001,0.3832,411
798,1.5,419864.22208,5853148.584860001,0.3832,411
798,2.0,419864.73296,5853148.712580001,0.3612,411
798,2.5,419865.24384,5853148.840300001,0.1806,411
799,0.0,419857.13362,5853101.520040001,0.1277,132
799,0.5,419857.13362,5853102.030920001,0.2554,132
799,1.0,419857.06976,5853102.541800001,0.2554,132
799,1.5,419857.0059,5853102.988820001,0.2554,132
799,2.0,419856.87818,5853103.4997000005,0.2554,132
799,2.5,419856.75046,5853104.0105800005,0.2554,132
800,0.0,420365.52308,5853243.416960001,0.2554,768
800,0.5,420365.26764000003,5853243.863980001,0.5712,768
800,1.0,420365.20378,5853244.374860001,0.5109,768
800,1.5,420365.07606,5853244.821880001,0.5109,768
800,2.0,420365.0122,5853245.332760001,0.5109,768
800,2.5,420364.94834,5853245.843640001,0.5109,768
801,0.0,420056.18524,5853150.0536400005,0.2554,426
801,0.5,420055.9298,5853150.436800001,0.2856,426
801,1.0,420055.54664,5853150.819960001,0.2554,426
801,1.5,420055.16348,5853151.203120001,0.1806,426
801,2.0,420054.84418,5853151.522420001,0.1806,426
801,2.5,420054.46102,5853151.841720001,0.2554,426
802,0.0,420309.07084,5853327.776020001,0.4039,706
802,0.5,420308.62382,5853328.031460001,0.3612,706
802,1.0,420308.24066,5853328.350760001,0.4605,706
802,1.5,420307.79364,5853328.606200001,0.4605,706
802,2.0,420307.41048,5853328.861640001,0.4605,706
802,2.5,420306.96346,5853329.180940001,0.5266,706
803,0.0,419999.92458,5853048.963260001,0.5712,190
803,0.5,419999.79686,5853049.41028,0.6386,190
803,1.0,419999.60528,5853049.92116,0.6386,190
803,1.5,419999.47756,5853050.432040001,0.7447,190
803,2.0,419999.34984,5853050.879060001,0.7769,190
803,2.5,419999.22212,5853051.389940001,0.8568,190
804,0.0,420231.28936,5853162.442480001,0.2554,436
804,0.5,420231.41708,5853162.953360001,0.2856,436
804,1.0,420231.48094,5853163.4003800005,0.3612,436
804,1.5,420231.54480000003,5853163.91126,0.3612,436
804,2.0,420231.60866,5853164.42214,0.3832,436
804,2.5,420231.73638,5853164.933020001,0.4039,436
805,0.0,420059.88912,5853123.871040001,0.5266,5
805,0.5,420059.82526,5853124.381920001,0.2554,5
805,1.0,420059.82526,5853124.8928000005,0.2554,5
805,1.5,420059.7614,5853125.339820001,0.2554,5
805,2.0,420059.7614,5853125.850700001,0.2554,5
805,2.5,420059.69754,5853126.361580001,0.2554,5
806,0.0,420387.3632,5853218.639280001,0.2554,775
806,0.5,420386.85232,5853218.767000001,0.3612,775
806,1.0,420386.4053,5853218.894720001,0.3832,775
806,1.5,420385.89442,5853219.02244,0.3832,775
806,2.0,420385.4474,5853219.086300001,0.2554,775
806,2.5,420384.93652,5853219.150160001,0.3612,775
807,0.0,419894.87488,5853106.054100001,0.2856,135
807,0.5,419894.61944,5853106.501120001,0.3612,135
807,1.0,419894.364,5853106.884280001,0.3612,135
807,1.5,419894.0447,5853107.331300001,0.4605,135
807,2.0,419893.78926,5853107.71446,0.4605,135
807,2.5,419893.46996,5853108.097620001,0.2856,135
808,0.0,420116.72452,5853103.627420001,0.2554,41
808,0.5,420116.53294,5853104.074440001,0.1806,41
808,1.0,420116.2775,5853104.52146,0.2856,41
808,1.5,420116.02206,5853104.968480001,0.2856,41
808,2.0,420115.76662,5853105.415500001,0.2856,41
808,2.5,420115.51118000003,5853105.798660001,0.2554,41
809,0.0,419999.54142,5853048.580100001,0.2856,188
809,0.5,419999.0944,5853048.835540001,0.1806,188
809,1.0,419998.71124000003,5853049.154840001,0.2856,188
809,1.5,419998.32808,5853049.41028,0.2856,188
809,2.0,419997.88106,5853049.729580001,0.2554,188
809,2.5,419997.4979,5853049.9850200005,0.2554,188
810,0.0,420024.82998,5853065.247560001,0.4605,358
810,0.5,420024.38296,5853065.5030000005,0.4605,358
810,1.0,420023.9998,5853065.822300001,0.4605,358
810,1.5,420023.61664,5853066.141600001,0.4605,358
810,2.0,420023.23348,5853066.460900001,0.4605,358
810,2.5,420022.78646000003,5853066.716340001,0.5266,358
811,0.0,420126.11194000003,5853147.179940001,0.2554,1030
811,0.5,420126.11194000003,5853147.690820001,0.2554,1030
811,1.0,420125.98422,5853148.201700001,0.2554,1030
811,1.5,420125.92036,5853148.648720001,0.2554,1030
811,2.0,420125.8565,5853149.159600001,0.2554,1030
811,2.5,420125.72878,5853149.670480001,0.1806,1030
812,0.0,419977.25428,5853123.743320001,0.3612,603
812,0.5,419976.99884,5853124.190340001,0.2856,603
812,1.0,419976.67954,5853124.573500001,0.3612,603
812,1.5,419976.36024,5853124.956660001,0.2856,603
812,2.0,419976.10480000003,5853125.40368,0.3612,603
812,2.5,419975.84936,5853125.786840001,0.2856,603
813,0.0,420086.9019,5853100.434420001,0.2554,53
813,0.5,420086.9019,5853100.945300001,0.2554,53
813,1.0,420086.9019,5853101.456180001,0.2554,53
813,1.5,420086.96576,5853101.9032000005,0.3832,53
813,2.0,420086.96576,5853102.4140800005,0.3832,53
813,2.5,420087.02962,5853102.92496,0.2554,53
814,0.0,420000.11616000003,5853107.71446,0.3832,93
814,0.5,420000.11616000003,5853108.225340001,0.3832,93
814,1.0,420000.11616000003,5853108.736220001,0.3832,93
814,1.5,420000.11616000003,5853109.183240001,0.3832,93
814,2.0,420000.11616000003,5853109.694120001,0.3832,93
814,2.5,420000.11616000003,5853110.205000001,0.3832,93
815,0.0,420084.47522,5853080.318520001,0.1806,63
815,0.5,420084.0282,5853080.573960001,0.1806,63
815,1.0,420083.58118,5853080.829400001,0.1806,63
815,1.5,420083.13416,5853081.0209800005,0.2856,63
815,2.0,420082.68714,5853081.276420001,0.2856,63
815,2.5,420082.30398,5853081.53186,0.1806,63
816,0.0,419930.70034,5853055.2854,0.2554,167
816,0.5,419930.50876,5853055.732420001,0.4605,167
816,1.0,419930.31718,5853056.243300001,0.4039,167
816,1.5,419930.18946,5853056.690320001,0.4039,167
816,2.0,419930.06174000003,5853057.201200001,0.4605,167
817,0.0,420103.5055,5852932.865780001,0.4605,289
817,0.5,420103.25006,5852933.3128,0.5266,289
817,1.0,420103.05848,5852933.759820001,0.5419,289
817,1.5,420102.80304,5852934.206840001,0.4605,289
817,2.0,420102.61146,5852934.653860001,0.5266,289
818,0.0,420124.32386,5853089.386640001,0.2554,543
818,0.5,420124.06842,5853089.833660001,0.2554,543
818,1.0,420123.81298,5853090.280680001,0.1277,543
818,1.5,420123.6214,5853090.727700001,0.1277,543
818,2.0,420123.49368,5853091.1747200005,0.2554,543
819,0.0,420407.09594,5853231.028120001,0.2554,773
819,0.5,420406.58506,5853231.091980001,0.2554,773
819,1.0,420406.07418,5853231.155840001,0.3612,773
819,1.5,420405.62716000003,5853231.219700001,0.3612,773
819,2.0,420405.11628,5853231.3474200005,0.2554,773
820,0.0,419954.20082,5853132.045120001,0.1806,406
820,0.5,419953.81766,5853132.300560001,0.3612,406
820,1.0,419953.43450000003,5853132.619860001,0.3612,406
820,1.5,419952.98748,5853132.9391600005,0.3612,406
820,2.0,419952.66818,5853133.322320001,0.3612,406
821,0.0,420122.53578000003,5853053.625040001,0.3832,233
821,0.5,420122.47192,5853054.135920001,0.2554,233
821,1.0,420122.21648,5853054.519080001,0.2554,233
821,1.5,420122.0249,5853055.029960001,0.2554,233
821,2.0,420121.76946,5853055.413120001,0.2856,233
822,0.0,420031.663,5853207.463780001,0.1277,31
822,0.5,420031.3437,5853207.846940001,0.1277,31
822,1.0,420031.08826,5853208.29396,0.1277,31
822,1.5,420030.76896,5853208.677120001,0.1806,31
822,2.0,420030.51352,5853209.124140001,0.1277,31
823,0.0,420005.60812,5853140.4107800005,0.4605,597
823,0.5,420005.22496,5853140.730080001,0.4605,597
823,1.0,420004.90566,5853141.113240001,0.4605,597
823,1.5,420004.58636,5853141.4964000005,0.5712,597
823,2.0,420004.2032,5853141.815700001,0.5419,597
824,0.0,419945.57972,5853115.888540001,0.5266,404
824,0.5,419945.26042,5853116.2717,0.5419,404
824,1.0,419944.94112000003,5853116.654860001,0.5266,404
824,1.5,419944.62182,5853117.038020001,0.4605,404
824,2.0,419944.23866000003,5853117.4211800005,0.5419,404
825,0.0,420060.91088,5853029.485960001,0.1277,322
825,0.5,420060.65544,5853029.932980001,0.2554,322
825,1.0,420060.4,5853030.316140001,0.2856,322
825,1.5,420060.0807,5853030.763160001,0.3612,322
825,2.0,420059.82526,5853031.146320001,0.3612,322
826,0.0,420138.50078,5853068.759860001,0.4039,208
826,0.5,420138.43692,5853069.2707400005,0.6386,208
826,1.0,420138.24534,5853069.71776,0.6512,208
826,1.5,420138.05376,5853070.164780001,0.6386,208
826,2.0,420137.86218,5853070.611800001,0.5266,208
827,0.0,420344.12998,5853306.127480001,0.5109,726
827,0.5,420344.00226,5853306.638360001,0.5109,726
827,1.0,420343.81068,5853307.085380001,0.5712,726
827,1.5,420343.6191,5853307.532400001,0.6386,726
827,2.0,420343.42752,5853307.979420001,0.5712,726
828,0.0,420118.89576,5853153.693660001,0.3832,524
828,0.5,420118.38488,5853153.821380001,0.3832,524
828,1.0,420117.93786,5853154.012960001,0.4605,524
828,1.5,420117.49084,5853154.204540001,0.5266,524
828,2.0,420117.04382,5853154.396120001,0.5712,524
829,0.0,419992.00594,5853008.22058,0.2554,392
829,0.5,419991.7505,5853008.603740001,0.1806,392
829,1.0,419991.4312,5853008.986900001,0.1806,392
829,1.5,419991.1119,5853009.433920001,0.2554,392
829,2.0,419990.7926,5853009.81708,0.2856,392
830,0.0,420115.38346,5853113.58958,0.3832,538
830,0.5,420115.06416,5853113.972740001,0.4605,538
830,1.0,420114.74486000004,5853114.355900001,0.4605,538
830,1.5,420114.29784,5853114.611340001,0.3612,538
830,2.0,420113.91468,5853114.930640001,0.2856,538
831,0.0,420087.79594,5853162.187040001,0.1806,559
831,0.5,420087.34892,5853162.442480001,0.1806,559
831,1.0,420086.96576,5853162.697920001,0.1806,559
831,1.5,420086.45488000003,5853162.8895000005,0.1806,559
831,2.0,420086.00786,5853163.081080001,0.1806,559
832,0.0,420022.21172,5853100.689860001,0.3832,78
832,0.5,420022.08400000003,5853101.200740001,0.2554,78
832,1.0,420021.89242,5853101.647760001,0.2554,78
832,1.5,420021.70084,5853102.094780001,0.2554,78
832,2.0,420021.50926,5853102.541800001,0.2554,78
833,0.0,420334.6787,5853223.237200001,0.2554,760
833,0.5,420334.29554,5853223.492640001,0.2856,760
833,1.0,420333.91238,5853223.81194,0.2856,760
833,1.5,420333.59308,5853224.258960001,0.1806,760
833,2.0,420333.27378,5853224.578260001,0.2856,760
834,0.0,420040.66726,5853102.222500001,0.2856,574
834,0.5,420040.2841,5853102.477940001,0.2554,574
834,1.0,420039.90094,5853102.797240001,0.2856,574
834,1.5,420039.45392,5853103.116540001,0.1806,574
834,2.0,420039.13462,5853103.43584,0.2856,574
835,0.0,419995.83754,5853011.924460001,0.1277,396
835,0.5,419995.51824,5853012.307620001,0.4039,396
835,1.0,419995.19894000003,5853012.690780001,0.5266,396
835,1.5,419995.00736,5853013.137800001,0.5266,396
835,2.0,419994.81578,5853013.648680001,0.5266,396
836,0.0,419918.05606000003,5853052.411700001,0.2856,166
836,0.5,419917.6729,5853052.794860001,0.2856,166
836,1.0,419917.28974,5853053.114160001,0.2856,166
836,1.5,419916.97044,5853053.433460001,0.2856,166
836,2.0,419916.58728,5853053.816620001,0.3612,166
837,0.0,420067.4246,5853043.854460001,0.1277,418
837,0.5,420067.16916,5853044.301480001,0.2856,418
837,1.0,420066.91372,5853044.684640001,0.2856,418
837,1.5,420066.59442,5853045.13166,0.2856,418
837,2.0,420066.27512,5853045.514820001,0.2856,418
838,0.0,419928.2098,5853025.3989200005,0.5109,165
838,0.5,419928.14594,5853025.9098000005,0.5109,165
838,1.0,419928.14594,5853026.42068,0.5109,165
838,1.5,419928.14594,5853026.867700001,0.5109,165
838,2.0,419928.2098,5853027.378580001,0.5109,165
839,0.0,420344.8963,5853306.638360001,0.2554,727
839,0.5,420344.76858000003,5853307.149240001,0.2554,727
839,1.0,420344.64086,5853307.596260001,0.1806,727
839,1.5,420344.38542,5853308.043280001,0.2554,727
839,2.0,420344.19384,5853308.490300001,0.2856,727
840,0.0,420067.36074000003,5853189.455260001,0.2554,37
840,0.5,420067.23302,5853189.966140001,0.2554,37
840,1.0,420067.04144,5853190.413160001,0.2856,37
840,1.5,420066.84986,5853190.860180001,0.2554,37
840,2.0,420066.65828000003,5853191.307200001,0.1806,37
841,0.0,420137.92604,5852947.362000001,0.3612,287
841,0.5,420137.6706,5852947.8090200005,0.3612,287
841,1.0,420137.3513,5852948.192180001,0.4605,287
841,1.5,420137.032,5852948.575340001,0.3612,287
841,2.0,420136.77656,5852948.958500001,0.4605,287
842,0.0,420047.81958,5853074.507260001,0.2554,330
842,0.5,420047.50028,5853074.890420001,0.3612,330
842,1.0,420047.18098,5853075.273580001,0.3612,330
842,1.5,420046.92554,5853075.720600001,0.3612,330
842,2.0,420046.60624,5853076.103760001,0.3612,330
843,0.0,420077.83378,5853173.490260001,0.2856,556
843,0.5,420077.51448,5853173.873420001,0.2856,556
843,1.0,420077.19518,5853174.256580001,0.1806,556
843,1.5,420076.93974,5853174.703600001,0.1277,556
843,2.0,420076.62044,5853175.086760001,0.1806,556
844,0.0,419980.63886,5853071.441980001,0.3832,181
844,0.5,419981.14974,5853071.441980001,0.3832,181
844,1.0,419981.66062,5853071.441980001,0.3832,181
844,1.5,419982.10764,5853071.505840001,0.3832,181
844,2.0,419982.61852,5853071.569700001,0.3832,181
845,0.0,420026.8735,5853063.459480001,0.2856,358
845,0.5,420026.49034,5853063.714920001,0.2856,358
845,1.0,420026.04332,5853064.034220001,0.2856,358
845,1.5,420025.66016,5853064.353520001,0.2856,358
845,2.0,420025.277,5853064.672820001,0.2856,358
846,0.0,420051.90662,5853033.764580001,0.2554,335
846,0.5,420051.71504,5853034.211600001,0.3832,335
846,1.0,420051.58732,5853034.722480001,0.3612,335
846,1.5,420051.39574,5853035.169500001,0.3612,335
846,2.0,420051.20416,5853035.616520001,0.3612,335
847,0.0,420156.19,5853068.632140001,0.3612,203
847,0.5,420155.93456,5853069.015300001,0.2856,203
847,1.0,420155.5514,5853069.398460001,0.3612,203
847,1.5,420155.2321,5853069.7816200005,0.2856,203
847,2.0,420154.84894,5853070.100920001,0.2856,203
848,0.0,420078.08922,5853087.023820001,0.2856,58
848,0.5,420077.76992,5853087.40698,0.3612,58
848,1.0,420077.45062,5853087.790140001,0.2856,58
848,1.5,420077.13132,5853088.173300001,0.2856,58
848,2.0,420076.81202,5853088.556460001,0.1806,58
849,0.0,419962.11946,5853130.576340001,0.4039,604
849,0.5,419961.80016,5853130.959500001,0.4605,604
849,1.0,419961.417,5853131.2788,0.4605,604
849,1.5,419961.03384,5853131.661960001,0.5419,604
849,2.0,419960.71454,5853131.981260001,0.4605,604
850,0.0,420108.80588,5853056.434880001,0.3832,230
850,0.5,420108.6143,5853056.8819,0.4039,230
850,1.0,420108.48658,5853057.392780001,0.4039,230
850,1.5,420108.42272000003,5853057.839800001,0.3832,230
850,2.0,420108.23114,5853058.350680001,0.3832,230
851,0.0,420138.18148,5852967.797200001,0.3832,264
851,0.5,420138.11762000003,5852968.308080001,0.5109,264
851,1.0,420137.9899,5852968.755100001,0.5109,264
851,1.5,420137.79832,5852969.265980001,0.5266,264
851,2.0,420137.60674,5852969.713,0.5109,264
852,0.0,420325.54672,5853231.411280001,0.1806,753
852,0.5,420325.29128,5853231.8583,0.2554,753
852,1.0,420324.97198000003,5853232.241460001,0.2856,753
852,1.5,420324.65268,5853232.624620001,0.2856,753
852,2.0,420324.33338,5853233.007780001,0.3612,753
853,0.0,420035.75004,5853153.75752,0.2554,74
853,0.5,420035.62232,5853154.2684,0.2554,74
853,1.0,420035.49460000003,5853154.715420001,0.2856,74
853,1.5,420035.36688,5853155.226300001,0.2856,74
853,2.0,420035.1753,5853155.673320001,0.1806,74
854,0.0,420133.39198,5853143.986940001,0.1277,28
854,0.5,420132.8811,5853144.11466,0.2554,28
854,1.0,420132.43408,5853144.242380001,0.2554,28
854,1.5,420131.9232,5853144.370100001,0.1806,28
854,2.0,420131.47618,5853144.561680001,0.1806,28
855,0.0,420059.05894,5853139.452880001,0.2554,1004
855,0.5,420058.99508,5853139.963760001,0.3832,1004
855,1.0,420058.93122,5853140.474640001,0.3832,1004
855,1.5,420058.86736000003,5853140.92166,0.4605,1004
855,2.0,420058.8035,5853141.43254,0.5109,1004
856,0.0,420363.54342,5853221.896140001,0.5109,769
856,0.5,420363.4157,5853222.407020001,0.5712,769
856,1.0,420363.28798,5853222.854040001,0.3832,769
856,1.5,420363.22412,5853223.364920001,0.3832,769
856,2.0,420363.0964,5853223.81194,0.2856,769
857,0.0,420020.74294,5853219.02244,0.3832,29
857,0.5,420020.74294,5853219.53332,0.3832,29
857,1.0,420020.74294,5853220.044200001,0.3832,29
857,1.5,420020.74294,5853220.491220001,0.3832,29
857,2.0,420020.74294,5853221.002100001,0.3832,29
858,0.0,420043.41324,5853073.357780001,0.1806,412
858,0.5,420043.1578,5853073.804800001,0.2856,412
858,1.0,420042.90236,5853074.187960001,0.2856,412
858,1.5,420042.58306000003,5853074.634980001,0.2856,412
858,2.0,420042.32762,5853075.018140001,0.2554,412
859,0.0,419936.00072,5853143.156760001,0.1806,407
859,0.5,419935.74528000003,5853143.539920001,0.1806,407
859,1.0,419935.36212,5853143.923080001,0.2856,407
859,1.5,419934.97896,5853144.306240001,0.1806,407
859,2.0,419934.65966,5853144.62554,0.1806,407
860,0.0,420063.46528,5853186.262260001,0.1806,50
860,0.5,420063.08212,5853186.581560001,0.2856,50
860,1.0,420062.69896,5853186.9647200005,0.2856,50
860,1.5,420062.37966000004,5853187.284020001,0.2856,50
860,2.0,420062.06036,5853187.667180001,0.1806,50
861,0.0,420021.1261,5853214.2329400005,0.2554,29
861,0.5,420021.1261,5853214.74382,0.2554,29
861,1.0,420021.1261,5853215.2547,0.2554,29
861,1.5,420021.1261,5853215.701720001,0.2554,29
861,2.0,420021.06224,5853216.212600001,0.2554,29
862,0.0,419884.33798,5853094.36772,0.2554,134
862,0.5,419884.21026,5853094.814740001,0.2554,134
862,1.0,419883.95482,5853095.325620001,0.2856,134
862,1.5,419883.76324,5853095.772640001,0.2554,134
862,2.0,419883.5078,5853096.219660001,0.1806,134
863,0.0,420124.77088,5853068.887580001,0.2554,213
863,0.5,420124.64316,5853069.398460001,0.2554,213
863,1.0,420124.51544,5853069.845480001,0.3612,213
863,1.5,420124.45158,5853070.356360001,0.2554,213
863,2.0,420124.32386,5853070.80338,0.1806,213
864,0.0,420086.07172,5853166.784960001,0.2554,591
864,0.5,420085.68856,5853167.10426,0.1277,591
864,1.0,420085.3054,5853167.359700001,0.1806,591
864,1.5,420084.92224,5853167.742860001,0.2856,591
864,2.0,420084.53908,5853168.126020001,0.2856,591
865,0.0,420326.95164,5853344.954360001,0.2554,609
865,0.5,420326.76006,5853345.401380001,0.3832,609
865,1.0,420326.56848,5853345.8484000005,0.4039,609
865,1.5,420326.37690000003,5853346.295420001,0.4039,609
865,2.0,420326.12146,5853346.742440001,0.4039,609
866,0.0,420148.2075,5853065.311420001,0.1806,225
866,0.5,420147.8882,5853065.694580001,0.1806,225
866,1.0,420147.5689,5853066.077740001,0.1806,225
866,1.5,420147.2496,5853066.460900001,0.1806,225
866,2.0,420146.9303,5853066.844060001,0.2554,225
867,0.0,420104.84656000003,5853035.169500001,0.1277,250
867,0.5,420104.65498,5853035.616520001,0.4605,250
867,1.0,420104.59112,5853036.127400001,0.3832,250
867,1.5,420104.59112,5853036.638280001,0.3832,250
867,2.0,420104.52726,5853037.0853,0.3832,250
868,0.0,420011.5471,5852994.746120001,0.2554,399
868,0.5,420011.41938,5852995.257000001,0.2554,399
868,1.0,420011.35552,5852995.704020001,0.3612,399
868,1.5,420011.2278,5852996.214900001,0.3612,399
868,2.0,420011.10008,5852996.725780001,0.3612,399
869,0.0,419982.10764,5853174.448160001,0.1806,71
869,0.5,419981.91606,5853174.895180001,0.1277,71
869,1.0,419981.72448000003,5853175.342200001,0.1277,71
869,1.5,419981.46904,5853175.789220001,0.1277,71
869,2.0,419981.2136,5853176.23624,0.1277,71
870,0.0,420041.81674,5853025.654360001,0.4039,372
870,0.5,420041.81674,5853026.165240001,0.3832,372
870,1.0,420041.88060000003,5853026.676120001,0.3832,372
870,1.5,420041.94446,5853027.123140001,0.2856,372
870,2.0,420042.07218,5853027.634020001,0.1277,372
871,0.0,420330.46394,5853240.160100001,0.3832,757
871,0.5,420330.27236,5853240.607120001,0.3612,757
871,1.0,420330.08078,5853241.054140001,0.3612,757
871,1.5,420329.88920000003,5853241.565020001,0.4605,757
871,2.0,420329.69762,5853242.01204,0.4605,757
872,0.0,420078.6001,5853087.91786,0.2554,58
872,0.5,420078.21694,5853088.237160001,0.2856,58
872,1.0,420077.83378,5853088.556460001,0.2856,58
872,1.5,420077.45062,5853088.939620001,0.3612,58
872,2.0,420077.06746,5853089.195060001,0.2856,58
873,0.0,420125.5372,5853069.334600001,0.1277,213
873,0.5,420125.34562,5853069.7816200005,0.1277,213
873,1.0,420125.09018,5853070.228640001,0.1806,213
873,1.5,420124.83474,5853070.675660001,0.2554,213
873,2.0,420124.64316,5853071.122680001,0.2554,213
874,0.0,420029.4279,5853209.762740001,0.1806,31
874,0.5,420029.04474,5853210.082040001,0.1806,31
874,1.0,420028.66158,5853210.4652,0.2856,31
874,1.5,420028.34228,5853210.784500001,0.2856,31
874,2.0,420027.89526,5853211.0399400005,0.1806,31
875,0.0,420021.06224,5853103.4997000005,0.2856,78
875,0.5,420020.87066,5853103.946720001,0.2554,78
875,1.0,420020.61522,5853104.329880001,0.3612,78
875,1.5,420020.29592,5853104.776900001,0.2554,78
875,2.0,420020.10434,5853105.223920001,0.3612,78
876,0.0,420025.9156,5853021.05644,0.1277,375
876,0.5,420025.78788,5853021.56732,0.2554,375
876,1.0,420025.66016,5853022.014340001,0.2856,375
876,1.5,420025.59630000003,5853022.525220001,0.3832,375
876,2.0,420025.53244,5853023.036100001,0.3832,375
877,0.0,420086.00786,5853046.855880001,0.1277,327
877,0.5,420086.00786,5853047.366760001,0.2554,327
877,1.0,420085.944,5853047.877640001,0.2554,327
877,1.5,420085.944,5853048.32466,0.2554,327
877,2.0,420085.944,5853048.835540001,0.3832,327
878,0.0,420047.628,5853174.256580001,0.2554,1117
878,0.5,420047.37256,5853174.703600001,0.4039,1117
878,1.0,420047.11712,5853175.15062,0.5266,1117
878,1.5,420046.92554,5853175.597640001,0.5109,1117
878,2.0,420046.6701,5853176.044660001,0.5266,1117
879,0.0,420053.6947,5853152.416460001,0.2554,426
879,0.5,420053.43926,5853152.863480001,0.2554,426
879,1.0,420053.18382000003,5853153.310500001,0.1806,426
879,1.5,420052.92838,5853153.693660001,0.1277,426
879,2.0,420052.67294,5853154.140680001,0.2554,426
880,0.0,420032.36546,5853209.507300001,0.1806,31
880,0.5,420031.91844,5853209.762740001,0.1806,31
880,1.0,420031.53528,5853210.018180001,0.2554,31
880,1.5,420031.08826,5853210.273620001,0.2554,31
880,2.0,420030.64124,5853210.529060001,0.2554,31
881,0.0,420027.00122000003,5853064.353520001,0.3832,358
881,0.5,420026.5542,5853064.608960001,0.3612,358
881,1.0,420026.10718,5853064.800540001,0.4039,358
881,1.5,420025.66016,5853065.055980001,0.4039,358
881,2.0,420025.21314,5853065.247560001,0.4039,358
882,0.0,420166.53532,5853055.987860001,0.2856,203
882,0.5,420166.15216,5853056.37102,0.2856,203
882,1.0,420165.83286,5853056.754180001,0.2554,203
882,1.5,420165.51356,5853057.137340001,0.1806,203
883,0.0,420046.6701,5853100.498280001,0.1277,67
883,0.5,420046.6701,5853101.009160001,0.1277,67
883,1.0,420046.6701,5853101.520040001,0.1277,67
883,1.5,420046.60624,5853101.967060001,0.1277,67
884,0.0,419974.95532,5853041.4277800005,0.7447,390
884,0.5,419974.95532,5853041.93866,0.7663,390
884,1.0,419974.95532,5853042.44954,0.7663,390
884,1.5,419975.01918,5853042.896560001,0.8568,390
885,0.0,420037.34654,5853024.82418,0.1806,367
885,0.5,420037.0911,5853025.271200001,0.1806,367
885,1.0,420036.89952,5853025.718220001,0.1277,367
885,1.5,420036.64408,5853026.101380001,0.2554,367
886,0.0,420026.5542,5853133.130740001,0.4605,599
886,0.5,420026.17104,5853133.4500400005,0.4605,599
886,1.0,420025.78788,5853133.769340001,0.4039,599
886,1.5,420025.40472,5853134.088640001,0.3612,599
887,0.0,419897.17384,5853082.745200001,0.1806,138
887,0.5,419896.98226,5853083.192220001,0.1277,138
887,1.0,419896.85454000003,5853083.7031000005,0.2554,138
887,1.5,419896.66296,5853084.150120001,0.1806,138
888,0.0,420098.52442000003,5852946.340240001,0.5109,289
888,0.5,420098.26898,5852946.787260001,0.6878,289
888,1.0,420098.0774,5852947.23428,0.7447,289
888,1.5,420097.94968,5852947.681300001,0.7447,289
889,0.0,420037.15496,5853189.966140001,0.2554,69
889,0.5,420036.89952,5853190.413160001,0.2856,69
889,1.0,420036.70794,5853190.860180001,0.2554,69
889,1.5,420036.4525,5853191.307200001,0.2554,69
890,0.0,420131.34846,5853089.833660001,0.1806,542
890,0.5,420131.02916000003,5853090.216820001,0.1806,542
890,1.0,420130.70986,5853090.59998,0.1806,542
890,1.5,420130.32670000003,5853090.983140001,0.1806,542
891,0.0,419981.02202000003,5853176.619400001,0.2856,71
891,0.5,419980.63886,5853177.002560001,0.2856,71
891,1.0,419980.2557,5853177.3218600005,0.2856,71
891,1.5,419979.9364,5853177.641160001,0.3612,71
892,0.0,420059.69754,5853139.516740001,0.2554,1002
892,0.5,420059.63368,5853140.027620001,0.2554,1002
892,1.0,420059.63368,5853140.538500001,0.2554,1002
892,1.5,420059.63368,5853140.985520001,0.2554,1002
893,0.0,420121.3863,5853151.139260001,0.3612,527
893,0.5,420121.83332000003,5853151.394700001,0.3612,527
893,1.0,420122.28034,5853151.522420001,0.2856,527
893,1.5,420122.72736,5853151.714000001,0.2856,527
894,0.0,420036.64408,5853154.204540001,0.2554,74
894,0.5,420036.38864,5853154.651560001,0.1806,74
894,1.0,420036.19706000003,5853155.098580001,0.1806,74
894,1.5,420035.94162,5853155.481740001,0.2554,74
895,0.0,420029.36404,5853210.784500001,0.2554,31
895,0.5,420028.91702,5853211.0399400005,0.1806,31
895,1.0,420028.53386,5853211.359240001,0.2856,31
895,1.5,420028.1507,5853211.614680001,0.2856,31
896,0.0,419914.09674,5853075.592880001,0.2554,142
896,0.5,419913.90516,5853076.039900001,0.2554,142
896,1.0,419913.71358,5853076.550780001,0.2856,142
896,1.5,419913.522,5853076.997800001,0.3612,142
897,0.0,420100.3125,5853085.044160001,0.1806,52
897,0.5,420100.05706,5853085.491180001,0.2554,52
897,1.0,420099.73776,5853085.81048,0.2554,52
897,1.5,420099.41846,5853086.257500001,0.2554,52
898,0.0,420019.72118,5853062.118420001,0.4039,424
898,0.5,420019.65732,5853062.629300001,0.5109,424
898,1.0,420019.59346,5853063.076320001,0.5109,424
898,1.5,420019.46574,5853063.587200001,0.3832,424
899,0.0,420046.73396,5853102.797240001,0.3832,67
899,0.5,420046.60624,5853103.308120001,0.2856,67
899,1.0,420046.47852,5853103.755140001,0.2554,67
899,1.5,420046.28694,5853104.266020001,0.2554,67
900,0.0,420294.7662,5853275.027660001,0.1806,729
900,0.5,420294.63848,5853275.538540001,0.1806,729
900,1.0,420294.4469,5853275.985560001,0.2554,729
900,1.5,420294.31918,5853276.432580001,0.2554,729
901,0.0,420071.06462,5853133.897060001,0.3832,9
901,0.5,420070.87304000003,5853134.344080001,0.2856,9
901,1.0,420070.74532,5853134.854960001,0.3832,9
901,1.5,420070.6176,5853135.301980001,0.3832,9
902,0.0,419916.77886,5853076.16762,0.2856,143
902,0.5,419916.26798,5853076.295340001,0.3612,143
902,1.0,419915.82096,5853076.423060001,0.3612,143
902,1.5,419915.37394,5853076.614640001,0.3612,143
903,0.0,420046.22308,5853102.669520001,0.1277,67
903,0.5,420046.09536,5853103.180400001,0.2554,67
903,1.0,420046.0315,5853103.627420001,0.2554,67
903,1.5,420045.96764,5853104.138300001,0.2554,67
904,0.0,420165.96058,5853066.01388,0.4605,196
904,0.5,420165.83286,5853066.52476,0.4605,196
904,1.0,420165.64128,5853066.971780001,0.4605,196
904,1.5,420165.4497,5853067.418800001,0.3832,196
905,0.0,420306.45258,5853336.460980001,0.2856,610
905,0.5,420306.32486,5853336.908000001,0.2856,610
905,1.0,420306.06942,5853337.355020001,0.2856,610
905,1.5,420305.81398,5853337.80204,0.3612,610
906,0.0,419902.47422000003,5853080.382380001,0.2856,144
906,0.5,419902.0272,5853080.637820001,0.3612,144
906,1.0,419901.64404,5853080.95712,0.3612,144
906,1.5,419901.19702,5853081.212560001,0.3612,144
907,0.0,420152.80542,5853065.822300001,0.2554,227
907,0.5,420152.3584,5853066.077740001,0.1806,227
907,1.0,420151.97524,5853066.397040001,0.1806,227
907,1.5,420151.52822,5853066.652480001,0.2856,227
908,0.0,419947.17622,5853145.391860001,0.2856,405
908,0.5,419947.11236,5853145.902740001,0.3832,405
908,1.0,419947.04850000003,5853146.413620001,0.3612,405
908,1.5,419946.98464,5853146.860640001,0.4039,405
909,0.0,420020.23206,5853057.712080001,0.1277,424
909,0.5,420020.23206,5853058.222960001,0.1277,424
909,1.0,420020.1682,5853058.733840001,0.1806,424
909,1.5,420020.10434,5853059.180860001,0.2554,424
910,0.0,420095.13984,5853005.53846,0.7447,308
910,0.5,420094.75668,5853005.793900001,0.5419,308
910,1.0,420094.37352,5853006.177060001,0.5419,308
910,1.5,420093.99036,5853006.496360001,0.6386,308
911,0.0,419872.39616,5853153.310500001,0.4605,110
911,0.5,419872.90704,5853153.2466400005,0.3832,110
911,1.0,419873.41792,5853153.2466400005,0.3832,110
911,1.5,419873.86494,5853153.2466400005,0.3832,110
912,0.0,420145.07836,5853069.079160001,0.2856,225
912,0.5,420144.75906,5853069.462320001,0.2856,225
912,1.0,420144.43976,5853069.845480001,0.2856,225
912,1.5,420144.12046,5853070.228640001,0.2856,225
913,0.0,420112.06274,5853006.496360001,0.2554,257
913,0.5,420112.06274,5853007.007240001,0.2554,257
913,1.0,420112.1266,5853007.518120001,0.3832,257
913,1.5,420112.1266,5853007.965140001,0.3832,257
914,0.0,420062.25194,5853190.860180001,0.2856,46
914,0.5,420061.93264,5853191.2433400005,0.2856,46
914,1.0,420061.54948,5853191.626500001,0.2554,46
914,1.5,420061.23018,5853191.945800001,0.2856,46
915,0.0,420000.24388,5853110.4604400005,0.6386,93
915,0.5,420000.11616000003,5853110.9713200005,0.3832,93
915,1.0,419999.98844,5853111.418340001,0.2554,93
915,1.5,419999.86072,5853111.929220001,0.2554,93
916,0.0,420032.04616,5853208.677120001,0.1806,31
916,0.5,420031.663,5853208.996420001,0.1277,31
916,1.0,420031.27984000003,5853209.315720001,0.1806,31
916,1.5,420030.83282,5853209.571160001,0.1806,31
917,0.0,420114.17012,5853037.723900001,0.3832,251
917,0.5,420114.04240000003,5853038.2347800005,0.3832,251
917,1.0,420113.97854,5853038.6818,0.4039,251
917,1.5,420113.85082,5853039.192680001,0.4039,251
918,0.0,420362.1385,5853268.386220001,0.3832,743
918,0.5,420362.07464,5853268.897100001,0.4605,743
918,1.0,420361.94692,5853269.3441200005,0.3832,743
918,1.5,420361.8192,5853269.855,0.3612,743
919,0.0,420093.03246,5853039.895140001,0.1806,325
919,0.5,420092.90474,5853040.406020001,0.2554,325
919,1.0,420092.77702,5853040.85304,0.2554,325
919,1.5,420092.71316,5853041.36392,0.2554,325
920,0.0,420030.25808,5853196.224420001,0.1806,578
920,0.5,420029.87492000003,5853196.607580001,0.1806,578
920,1.0,420029.55562,5853196.926880001,0.1806,578
920,1.5,420029.17246000003,5853197.310040001,0.1806,578
921,0.0,420347.1314,5853343.741020001,0.3832,715
921,0.5,420347.06754,5853344.2519000005,0.4039,715
921,1.0,420347.00368,5853344.76278,0.3832,715
921,1.5,420346.93982,5853345.209800001,0.2856,715
922,0.0,420164.93882,5853058.222960001,0.2856,203
922,0.5,420164.68338,5853058.669980001,0.2856,203
922,1.0,420164.42794,5853059.05314,0.2856,203
922,1.5,420164.10864,5853059.436300001,0.2856,203
923,0.0,420012.505,5852994.80998,0.2554,399
923,0.5,420012.31342,5852995.257000001,0.1277,399
923,1.0,420012.18570000003,5852995.767880001,0.2554,399
923,1.5,420012.05798,5852996.214900001,0.2554,399
924,0.0,420020.93452,5853217.042780001,0.2554,29
924,0.5,420020.93452,5853217.553660001,0.2856,29
924,1.0,420020.87066,5853218.064540001,0.3832,29
924,1.5,420020.8068,5853218.5115600005,0.3832,29
925,0.0,420020.4875,5853058.861560001,0.5109,363
925,0.5,420020.4875,5853059.372440001,0.3832,363
925,1.0,420020.42364,5853059.883320001,0.5109,363
925,1.5,420020.35978,5853060.330340001,0.3832,363
926,0.0,420022.02014,5853219.214020001,0.4605,30
926,0.5,420021.7647,5853219.661040001,0.6878,30
926,1.0,420021.50926,5853220.044200001,0.6386,30
926,1.5,420021.25382,5853220.491220001,0.4605,30
927,0.0,420091.94684,5853165.316180001,0.1806,57
927,0.5,420091.56368,5853165.635480001,0.1806,57
927,1.0,420091.18052,5853166.01864,0.2856,57
927,1.5,420090.86122,5853166.337940001,0.2856,57
928,0.0,420114.87258,5853077.380960001,0.1806,550
928,0.5,420114.80872000003,5853077.891840001,0.2554,550
928,1.0,420114.74486000004,5853078.3388600005,0.2554,550
928,1.5,420114.61714,5853078.84974,0.2554,550
929,0.0,419964.16298,5853045.7064000005,0.4605,172
929,0.5,419963.71596,5853045.961840001,0.6878,172
929,1.0,419963.33280000003,5853046.281140001,0.6386,172
929,1.5,419962.94964,5853046.600440001,0.5712,172
930,0.0,420105.61288000003,5853087.534700001,0.1806,523
930,0.5,420105.35744,5853087.9817200005,0.2554,523
930,1.0,420105.102,5853088.364880001,0.2856,523
930,1.5,420104.84656000003,5853088.811900001,0.2856,523
931,0.0,420133.00882,5853085.2996000005,0.1277,546
931,0.5,420132.81724,5853085.746620001,0.1806,546
931,1.0,420132.5618,5853086.193640001,0.1806,546
931,1.5,420132.37022,5853086.640660001,0.1806,546
932,0.0,419818.49832,5853091.238580001,0.2554,126
932,0.5,419818.11516,5853091.621740001,0.4039,126
932,1.0,419817.79586,5853091.941040001,0.2856,126
932,1.5,419817.4127,5853092.2603400005,0.1806,126
933,0.0,420101.78128,5853067.0995000005,0.1277,238
933,0.5,420101.33426000003,5853067.354940001,0.1806,238
933,1.0,420100.9511,5853067.61038,0.3612,238
933,1.5,420100.56794,5853067.929680001,0.2554,238
934,0.0,420169.85604,5853046.472720001,0.1277,410
934,0.5,420169.40902,5853046.72816,0.2856,410
934,1.0,420169.02586,5853046.983600001,0.2856,410
934,1.5,420168.6427,5853047.3029000005,0.2554,410
935,0.0,420019.08258,5853197.1184600005,0.4039,103
935,0.5,420018.69942,5853197.437760001,0.3612,103
935,1.0,420018.38012,5853197.820920001,0.3612,103
935,1.5,420018.12468,5853198.267940001,0.1277,103
936,0.0,420073.23586,5853130.320900001,0.2554,432
936,0.5,420072.98042,5853130.7679200005,0.2554,432
936,1.0,420072.66112,5853131.087220001,0.2856,432
936,1.5,420072.27796,5853131.470380001,0.2554,432
937,0.0,420014.16536,5853082.489760001,0.1806,101
937,0.5,420013.84606,5853082.872920001,0.1806,101
937,1.0,420013.52676,5853083.256080001,0.1806,101
938,0.0,420351.47388,5853243.033800001,0.4039,767
938,0.5,420351.9209,5853243.289240001,0.4039,767
938,1.0,420352.36792,5853243.544680001,0.3612,767
939,0.0,420020.23206,5853217.042780001,0.3832,29
939,0.5,420020.23206,5853217.553660001,0.3832,29
939,1.0,420020.29592,5853218.064540001,0.2554,29
940,0.0,419896.9184,5853078.466580001,0.1277,139
940,0.5,419896.85454000003,5853078.977460001,0.1277,139
940,1.0,419896.85454000003,5853079.488340001,0.1806,139
941,0.0,420034.98372,5853019.012920001,0.3832,373
941,0.5,420034.98372,5853019.523800001,0.3832,373
941,1.0,420034.98372,5853020.0346800005,0.3832,373
942,0.0,420038.6876,5853058.414540001,0.2554,355
942,0.5,420038.6876,5853058.925420001,0.2554,355
942,1.0,420038.6876,5853059.436300001,0.2554,355
943,0.0,420117.29926,5853020.737140001,0.2856,251
943,0.5,420117.2354,5853021.248020001,0.2554,251
943,1.0,420117.2354,5853021.758900001,0.2554,251
944,0.0,420085.81628,5853053.369600001,0.3832,327
944,0.5,420085.81628,5853053.880480001,0.3832,327
944,1.0,420085.81628,5853054.391360001,0.3832,327
945,0.0,419928.46524,5853096.858260001,0.1806,106
945,0.5,419928.2098,5853097.305280001,0.4039,106
945,1.0,419928.01822,5853097.752300001,0.3832,106
946,0.0,420034.91986,5853042.704980001,0.1277,365
946,0.5,420034.47284,5853042.896560001,0.1277,365
946,1.0,420033.96196,5853042.896560001,0.2554,365
947,0.0,420174.26238000003,5853065.822300001,0.2554,195
947,0.5,420174.00694,5853066.269320001,0.3612,195
947,1.0,420173.7515,5853066.652480001,0.4039,195
948,0.0,420086.07172,5853161.931600001,0.1806,559
948,0.5,420085.68856,5853162.250900001,0.1806,559
948,1.0,420085.3054,5853162.506340001,0.1806,559
949,0.0,419982.55466,5853176.044660001,0.3612,71
949,0.5,419982.1715,5853176.363960001,0.1806,71
949,1.0,419981.78834,5853176.619400001,0.2554,71
950,0.0,420050.43784,5853086.129780001,0.2856,413
950,0.5,420050.11854,5853086.512940001,0.2856,413
950,1.0,420049.8631,5853086.8961000005,0.3612,413
951,0.0,419945.96288,5853199.098120001,0.2554,12
951,0.5,419945.83516,5853199.609000001,0.4039,12
951,1.0,419945.64358000003,5853200.056020001,0.4605,12
952,0.0,420011.80254,5853095.708780001,0.2554,86
952,0.5,420011.67482,5853096.219660001,0.2554,86
952,1.0,420011.48324000003,5853096.666680001,0.2554,86
953,0.0,420003.82004,5853140.857800001,0.2554,597
953,0.5,420003.62846,5853141.304820001,0.2856,597
953,1.0,420003.43688,5853141.751840001,0.4605,597
954,0.0,420094.30966,5853083.383800001,0.1277,54
954,0.5,420094.11808,5853083.830820001,0.2554,54
954,1.0,420093.9265,5853084.277840001,0.2554,54
955,0.0,420135.56322,5853082.362040001,0.1277,545
955,0.5,420135.4355,5853082.872920001,0.2554,545
955,1.0,420135.24392,5853083.319940001,0.3832,545
956,0.0,420011.93026,5852996.98122,0.3832,399
956,0.5,420011.80254,5852997.4921,0.2856,399
956,1.0,420011.61096,5852997.939120001,0.2554,399
957,0.0,420168.89814,5853045.897980001,0.1277,218
957,0.5,420168.70656,5853046.345000001,0.1277,218
957,1.0,420168.51498,5853046.7920200005,0.1277,218
958,0.0,420076.0457,5853175.6615,0.6386,556
958,0.5,420075.79026,5853176.108520001,0.5266,556
958,1.0,420075.59868,5853176.555540001,0.3612,556
959,0.0,420031.79072,5853192.967560001,0.1277,578
959,0.5,420031.53528,5853193.35072,0.1806,578
959,1.0,420031.21598,5853193.797740001,0.1806,578
960,0.0,420033.2595,5853088.939620001,0.3612,412
960,0.5,420033.00406,5853089.386640001,0.2856,412
960,1.0,420032.68476000003,5853089.769800001,0.3612,412
961,0.0,419980.575,5853177.641160001,0.2554,71
961,0.5,419980.19184,5853178.024320001,0.3612,71
961,1.0,419979.87254,5853178.34362,0.3612,71
962,0.0,419961.60858,5853059.308580001,0.4039,178
962,0.5,419961.7363,5853059.819460001,0.4039,178
962,1.0,419961.92788000003,5853060.266480001,0.3612,178
963,0.0,420325.419,5853319.282640001,0.7447,709
963,0.5,420325.22742,5853319.729660001,0.6878,709
963,1.0,420325.0997,5853320.240540001,0.7447,709
964,0.0,420020.23206,5853062.182280001,0.5109,363
964,0.5,420020.23206,5853062.693160001,0.5109,363
964,1.0,420020.1682,5853063.204040001,0.5109,363
965,0.0,420081.66538,5853081.723440001,0.4605,63
965,0.5,420081.21836,5853081.978880001,0.3612,63
965,1.0,420080.83520000003,5853082.234320001,0.3612,63
966,0.0,420352.62336,5853244.055560001,0.3832,764
966,0.5,420352.11248,5853244.055560001,0.3832,764
966,1.0,420351.6016,5853244.055560001,0.3832,764
967,0.0,420367.5666,5853346.550860001,0.2554,718
967,0.5,420367.11958,5853346.806300001,0.2856,718
967,1.0,420366.67256,5853347.061740001,0.1806,718
968,0.0,419929.10384,5853094.750880001,0.2554,106
968,0.5,419928.97612,5853095.261760001,0.3612,106
968,1.0,419928.78454,5853095.708780001,0.3612,106
969,0.0,420125.2179,5853067.163360001,0.1806,213
969,0.5,420125.09018,5853067.674240001,0.2554,213
969,1.0,420124.96246,5853068.12126,0.2856,213
970,0.0,420342.21418,5853308.681880001,0.6386,725
970,0.5,420341.89488,5853309.065040001,0.4605,725
970,1.0,420341.51172,5853309.4482,0.2856,725
971,0.0,420109.82764000003,5853029.6775400005,0.2554,252
971,0.5,420109.76378,5853030.1884200005,0.2554,252
971,1.0,420109.63606,5853030.635440001,0.1806,252
972,0.0,420031.27984000003,5853209.698880001,0.1277,31
972,0.5,420030.83282,5853209.9543200005,0.1806,31
972,1.0,420030.44966,5853210.209760001,0.1806,31
973,0.0,420352.49564,5853277.965220001,0.1806,740
973,0.5,420352.17634,5853278.348380001,0.4039,740
973,1.0,420351.9209,5853278.795400001,0.3612,740
974,0.0,420052.99224,5853056.37102,0.5109,339
974,0.5,420052.92838,5853056.8819,0.3832,339
974,1.0,420052.80066,5853057.328920001,0.4605,339
975,0.0,419887.78642,5853082.6174800005,0.2554,137
975,0.5,419887.72256,5853083.12836,0.1806,137
975,1.0,419887.59484000003,5853083.575380001,0.2554,137
976,0.0,420282.9521,5853126.361580001,0.1277,451
976,0.5,420282.82438,5853126.872460001,0.2554,451
976,1.0,420282.76052,5853127.319480001,0.3832,451
977,0.0,420367.05572,5853345.3375200005,0.1806,718
977,0.5,420366.73642000003,5853345.720680001,0.2856,718
977,1.0,420366.41712,5853346.103840001,0.3612,718
978,0.0,420305.55854,5853353.8309,0.4039,701
978,0.5,420305.49468,5853354.34178,0.3832,701
978,1.0,420305.43082,5853354.852660001,0.1806,701
979,0.0,420080.64362,5853089.00348,0.3612,60
979,0.5,420080.26046,5853089.386640001,0.3612,60
979,1.0,420079.94116,5853089.705940001,0.3612,60
980,0.0,420104.4634,5853087.790140001,0.2554,523
980,0.5,420104.39954,5853088.301020001,0.1277,523
980,1.0,420104.33568,5853088.811900001,0.3612,523
981,0.0,419983.64028,5853174.703600001,0.1277,71
981,0.5,419983.25712,5853175.086760001,0.1806,71
981,1.0,419983.00168,5853175.469920001,0.0,0
982,0.0,420020.8068,5853051.198360001,0.1277,363
982,0.5,420020.8068,5853051.709240001,0.2554,363
982,1.0,420020.87066,5853052.220120001,0.3832,363
983,0.0,420005.67198,5853137.792520001,0.4039,597
983,0.5,420005.35268,5853138.175680001,0.3612,597
983,1.0,420005.03338,5853138.558840001,0.3612,597
984,0.0,420165.25812,5853058.5422600005,0.1806,203
984,0.5,420165.00268000003,5853058.989280001,0.2554,203
984,1.0,420164.68338,5853059.372440001,0.2856,203
985,0.0,420133.32812,5853085.491180001,0.1277,546
985,0.5,420133.13654,5853085.938200001,0.1806,546
985,1.0,420132.8811,5853086.3852200005,0.1806,546
986,0.0,420068.57408,5853059.244720001,0.1277,332
986,0.5,420068.19092,5853059.56402,0.1806,332
986,1.0,420067.80776,5853059.883320001,0.1806,332
987,0.0,420129.81582,5852984.528520001,0.1277,258
987,0.5,420129.6881,5852984.975540001,0.1277,258
987,1.0,420129.49652,5852985.486420001,0.1277,258
988,0.0,420027.95912,5853209.89046,0.1277,31
988,0.5,420027.8314,5853210.401340001,0.3612,31
988,1.0,420027.70368000004,5853210.848360001,0.1806,31
989,0.0,420298.78938000003,5853262.574960001,0.6878,729
989,0.5,420298.66166,5853263.085840001,0.7447,729
989,1.0,420298.53394,5853263.532860001,0.6878,729
990,0.0,420009.6313,5853136.196020001,0.2856,597
990,0.5,420009.31200000003,5853136.579180001,0.2856,597
990,1.0,420008.92884,5853136.898480001,0.1277,597
991,0.0,420162.19284000003,5853038.043200001,0.4039,223
991,0.5,420161.74582,5853038.298640001,0.2856,223
991,1.0,420161.42652,5853038.617940001,0.3612,223
992,0.0,420353.5174,5853275.921700001,0.2856,740
992,0.5,420353.26196000003,5853276.368720001,0.3612,740
992,1.0,420353.00652,5853276.751880001,0.2856,740
993,0.0,420088.68998,5853051.645380001,0.2856,326
993,0.5,420088.24296,5853051.900820001,0.2856,326
993,1.0,420087.79594,5853052.0924,0.1277,326
994,0.0,420027.63982,5853071.825140001,0.5109,357
994,0.5,420027.63982,5853072.336020001,0.5109,357
994,1.0,420027.63982,5853072.846900001,0.5109,357
995,0.0,420002.86214,5853172.97938,0.2856,72
995,0.5,420002.6067,5853173.426400001,0.2856,72
995,1.0,420002.35126,5853173.809560001,0.2856,72
996,0.0,419872.6516,5853153.821380001,0.3832,110
996,0.5,419873.09862,5853154.076820001,0.3612,110
996,1.0,419873.54564,5853154.3322600005,0.3612,110
997,0.0,420020.10434,5853215.765580001,0.3832,29
997,0.5,420020.1682,5853216.276460001,0.3832,29
997,1.0,420020.1682,5853216.787340001,0.2554,29
998,0.0,420059.56982000003,5853122.2106800005,0.1277,5
998,0.5,420059.56982000003,5853122.72156,0.2554,5
998,1.0,420059.56982000003,5853123.23244,0.2554,5
999,0.0,420090.15876,5853163.081080001,0.1806,591
999,0.5,420089.7756,5853163.464240001,0.1806,591
999,1.0,420089.52016,5853163.847400001,0.2856,591
1000,0.0,420112.95678,5853007.13496,0.1277,257
1000,0.5,420112.89292,5853007.64584,0.3612,257
1000,1.0,420112.70134,5853008.092860001,0.4605,257
1001,0.0,420090.98894,5853163.464240001,0.1277,591
1001,0.5,420090.54192,5853163.719680001,0.1806,591
1001,1.0,420090.0949,5853163.91126,0.1277,591
1002,0.0,420012.69658,5852995.704020001,0.1806,399
1002,0.5,420012.505,5852996.151040001,0.2554,399
1002,1.0,420012.24956,5852996.598060001,0.2856,399
1003,0.0,420115.3196,5853078.147280001,0.2856,550
1003,0.5,420115.12802,5853078.594300001,0.2856,550
1003,1.0,420114.87258,5853079.041320001,0.4039,550
1004,0.0,420069.27654,5853184.857340001,0.1277,37
1004,0.5,420069.0211,5853185.30436,0.2554,37
1004,1.0,420068.82952,5853185.751380001,0.1277,37
1005,0.0,420086.83804,5853096.347380001,0.2554,53
1005,0.5,420086.83804,5853096.858260001,0.3832,53
1006,0.0,420366.99186,5853346.35928,0.2856,718
1006,0.5,420366.54484,5853346.614720001,0.2554,718
1007,0.0,419966.97282,5853188.752800001,0.5712,71
1007,0.5,419966.5258,5853189.008240001,0.5266,71
1008,0.0,420055.67436,5853021.886620001,0.2856,346
1008,0.5,420055.41892,5853022.333640001,0.2856,346
1009,0.0,420141.8215,5852976.67374,0.7225,261
1009,0.5,420141.37448,5852976.929180001,0.6386,261
1010,0.0,420118.12944,5853020.992580001,0.2554,251
1010,0.5,420117.93786,5853021.439600001,0.2554,251
1011,0.0,420111.8073,5853061.16052,0.1806,231
1011,0.5,420111.74344,5853061.671400001,0.2856,231
1012,0.0,419933.25474,5853044.301480001,0.2554,167
1012,0.5,419933.19088,5853044.812360001,0.3832,167
1013,0.0,420018.12468,5853193.478440001,0.3832,1115
1013,0.5,420018.06082,5853193.989320001,0.2554,1115
1014,0.0,420084.0282,5853168.509180001,0.4605,591
1014,0.5,420083.77276,5853168.892340001,0.2856,591
1015,0.0,420078.2808,5853066.971780001,0.2554,245
1015,0.5,420078.02536,5853067.354940001,0.1806,245
1016,0.0,420100.88724,5853066.971780001,0.2856,238
1016,0.5,420100.56794,5853067.354940001,0.2856,238
1017,0.0,420052.48136000003,5853154.396120001,0.3832,426
1017,0.5,420052.22592,5853154.77928,0.4039,426
1018,0.0,420164.8111,5853050.176600001,0.3612,410
1018,0.5,420164.42794,5853050.4959,0.3612,410
1019,0.0,420022.97804,5853099.795820001,0.2554,78
1019,0.5,420022.7226,5853100.178980001,0.2554,78
1020,0.0,420094.82054,5853167.423560001,0.2554,555
1020,0.5,420094.43738,5853167.6790000005,0.2856,555
1021,0.0,419903.49598,5853078.785880001,0.4039,141
1021,0.5,419903.3044,5853079.232900001,0.4039,141
1022,0.0,420143.60958,5852912.43058,0.4039,282
1022,0.5,420143.48186,5852912.941460001,0.3832,282
1023,0.0,420121.19472,5853152.927340001,0.3832,524
1023,0.5,420120.68384,5853153.055060001,0.3612,524
1024,0.0,419877.95198,5853065.5030000005,0.3612,152
1024,0.5,419878.14356,5853065.950020001,0.3832,152
1025,0.0,420021.4454,5853194.627920001,0.2856,103
1025,0.5,420021.06224,5853194.94722,0.2856,103
1026,0.0,419965.8872,5853044.04604,0.4039,172
1026,0.5,419965.50404,5853044.365340001,0.4605,172
1027,0.0,420008.54568,5853137.281640001,0.4605,597
1027,0.5,420008.22638,5853137.6648,0.3612,597
1028,0.0,420283.5907,5853127.255620001,0.3612,451
1028,0.5,420283.2714,5853127.638780001,0.4605,451
1029,0.0,420009.12042,5853136.0683,0.2856,597
1029,0.5,420008.86498,5853136.515320001,0.2554,597
1030,0.0,419933.9572,5853042.96042,0.2554,167
1030,0.5,419933.76562,5853043.407440001,0.1806,167
1031,0.0,420019.33802,5853105.926380001,0.2554,79
1031,0.5,420018.891,5853106.11796,0.2856,79
1032,0.0,420390.93936,5853166.784960001,0.5109,788
1032,0.5,420390.81164,5853167.295840001,0.5109,788
1033,0.0,420375.10208,5853357.854080001,0.5109,719
1033,0.5,420375.22980000003,5853358.364960001,0.3612,719
1034,0.0,420347.38684,5853242.0759000005,0.5266,762
1034,0.5,420347.25912,5853242.5867800005,0.3612,762
1035,0.0,420087.60436,5853089.131200001,0.1277,55
1035,0.5,420087.47664,5853089.642080001,0.1277,55
1036,0.0,420167.74866,5853047.941500001,0.2856,410
1036,0.5,420167.3655,5853048.260800001,0.2856,410
1037,0.0,420375.5491,5853231.3474200005,0.3612,771
1037,0.5,420375.99612,5853231.602860001,0.3612,771
1038,0.0,419921.8238,5853209.315720001,0.3612,1007
1038,0.5,419921.56836000003,5853209.762740001,0.2856,1007
1039,0.0,420020.87066,5853028.719640001,0.4039,374
1039,0.5,420020.42364,5853028.975080001,0.1806,374
1040,0.0,420285.76194,5853284.734380001,0.6386,728
1040,0.5,420285.5065,5853285.181400001,0.2856,728
1041,0.0,419944.68568,5853140.155340001,0.2856,406
1041,0.5,419944.23866000003,5853140.4107800005,0.4039,406
1042,0.0,420058.4842,5853019.523800001,0.1806,321
1042,0.5,420058.22876,5853019.97082,0.2554,321
1043,0.0,420051.77890000003,5853110.90746,0.6386,66
1043,0.5,420051.52346,5853111.354480001,0.6878,66
1044,0.0,420385.89442,5853219.980340001,0.2554,770
1044,0.5,420385.63898,5853220.427360001,0.3612,770
1045,0.0,420017.67766,5853198.14022,0.2554,1115
1045,0.5,420017.6138,5853198.6511,0.3832,1115
1046,0.0,419987.85504,5853194.94722,0.1277,25
1046,0.5,419987.79118,5853195.4581,0.2856,25
1047,0.0,420034.91986,5853016.522380001,0.2554,373
1047,0.5,420034.856,5853017.033260001,0.3832,373
1048,0.0,419944.8134,5853203.312880001,0.1277,12
1048,0.5,419944.62182,5853203.759900001,0.3612,12
1049,0.0,419879.80392000003,5853078.275,0.3612,153
1049,0.5,419879.54848,5853078.658160001,0.3612,153
1050,0.0,420155.16824,5853146.413620001,0.4039,449
1050,0.5,420154.78508,5853146.669060001,0.3612,449
1051,0.0,420131.66776,5853143.667640001,0.2856,529
1051,0.5,420131.34846,5853144.050800001,0.2554,529
1052,0.0,420398.28326,5853232.624620001,0.4605,773
1052,0.5,420397.77238,5853232.688480001,0.5109,773
1053,0.0,419851.13078,5853155.9287600005,0.3832,114
1053,0.5,419851.19464,5853156.43964,0.5109,114
1054,0.0,420063.08212,5853056.754180001,0.2856,331
1054,0.5,420062.69896,5853057.137340001,0.3612,331
1055,0.0,420086.9019,5853098.390900001,0.1277,53
1055,0.5,420086.83804,5853098.901780001,0.2554,53
1056,0.0,419887.27554,5853082.872920001,0.2554,137
1056,0.5,419887.21168,5853083.383800001,0.2554,137
1057,0.0,420008.73726,5853101.456180001,0.2554,85
1057,0.5,420008.6734,5853101.967060001,0.3612,85
1058,0.0,420117.04382,5852988.168540001,0.8078,306
1058,0.5,420116.97996,5852988.679420001,0.4039,306
1059,0.0,420085.6247,5853163.208800001,0.1277,559
1059,0.5,420085.11382,5853163.272660001,0.1806,559
1060,0.0,420384.87266,5853167.615140001,0.4039,789
1060,0.5,420384.93652,5853168.126020001,0.2554,789
1061,0.0,420070.42602,5853186.837000001,0.6386,556
1061,0.5,420070.04286,5853187.220160001,0.2856,556
1062,0.0,419883.89096,5853092.004900001,0.2554,134
1062,0.5,419883.89096,5853092.515780001,0.3832,134
1063,0.0,420006.119,5853136.706900001,0.1277,597
1063,0.5,420005.92742,5853137.15392,0.1277,597
1064,0.0,420054.58874,5853053.050300001,0.2554,338
1064,0.5,420054.39716,5853053.497320001,0.1806,338
1065,0.0,420087.2212,5853052.411700001,0.2554,326
1065,0.5,420086.77418,5853052.6671400005,0.2554,326
1066,0.0,420351.6016,5853206.378160001,0.3612,783
1066,0.5,420351.2823,5853206.7613200005,0.3612,783
1067,0.0,419817.02954,5853092.515780001,0.2856,126
1067,0.5,419816.64638,5853092.835080001,0.4605,126
1068,0.0,419897.49314000004,5853079.36062,0.1806,139
1068,0.5,419897.17384,5853079.743780001,0.2554,139
1069,0.0,420002.35126,5853026.548400001,0.1277,385
1069,0.5,420001.90424,5853026.803840001,0.2554,385
1070,0.0,419878.59058,5853065.566860001,0.3832,152
1070,0.5,419878.65444,5853066.077740001,0.3612,152
1071,0.0,419887.21168,5853084.150120001,0.4039,137
1071,0.5,419887.14782,5853084.661000001,0.3612,137
1072,0.0,419933.44632,5853042.896560001,0.2554,167
1072,0.5,419933.38246,5853043.407440001,0.2554,167
1073,0.0,420018.2524,5853192.392820001,0.1277,1115
1073,0.5,420018.2524,5853192.903700001,0.2554,1115
1074,0.0,420109.5722,5853031.401760001,0.1806,252
1074,0.5,420109.38062,5853031.848780001,0.2554,252
1075,0.0,419880.57024000003,5853078.019560001,0.3832,153
1075,0.5,419880.12322,5853078.211140001,0.3612,153
1076,0.0,420093.47948,5853041.874800001,0.1806,325
1076,0.5,420093.09632,5853042.194100001,0.4605,325
1077,0.0,420149.29312,5852965.625960001,0.1277,262
1077,0.5,420149.1654,5852966.136840001,0.3612,262
1078,0.0,420027.76754000003,5853070.8672400005,0.2554,357
1078,0.5,420027.70368000004,5853071.3781200005,0.1806,357
1079,0.0,419851.32236,5853157.078240001,0.6386,114
1079,0.5,419851.32236,5853157.589120001,0.5712,114
1080,0.0,419904.13458,5853077.508680001,0.6386,141
1080,0.5,419903.87914000003,5853077.955700001,0.4605,141
1081,0.0,420001.9681,5853026.165240001,0.1277,385
1081,0.5,420001.58494000003,5853026.484540001,0.2856,385
1082,0.0,419832.80296,5853181.53662,0.4605,123
1082,0.5,419832.41980000003,5853181.855920001,0.4605,123
1083,0.0,419974.57216,5853037.0853,0.1277,390
1083,0.5,419974.69988000003,5853037.532320001,0.3832,390
1084,0.0,420006.94918,5853138.75042,0.1277,597
1084,0.5,420006.69374,5853139.197440001,0.4605,597
1085,0.0,420027.38438,5853063.523340001,0.3832,357
1085,0.5,420027.38438,5853064.034220001,0.1277,358
1086,0.0,420071.83094,5853131.78968,0.2856,9
1086,0.5,420071.63936000003,5853132.236700001,0.2856,9
1087,0.0,419876.86636,5853117.612760001,0.4039,113
1087,0.5,419876.67478,5853118.059780001,0.4039,113
1088,0.0,420053.56698,5853054.838380001,0.2856,338
1088,0.5,420053.31154,5853055.2854,0.4039,338
1089,0.0,420130.07126,5852985.358700001,0.1277,258
1089,0.5,420129.75196,5852985.74186,0.1806,258
1090,0.0,420361.1806,5853269.727280001,0.894,743
1090,0.5,420361.1806,5853270.238160001,0.894,743
1091,0.0,419965.8872,5853044.940080001,0.1806,172
1091,0.5,419965.37632,5853045.003940001,0.3612,172
1092,0.0,420203.82956,5853245.971360001,0.4605,453
1092,0.5,420203.57412,5853246.418380001,0.1277,453
1093,0.0,420165.64128,5853057.839800001,0.1806,203
1093,0.5,420165.19426,5853058.095240001,0.1277,203
1094,0.0,420054.39716,5853067.227220001,0.7225,331
1094,0.5,420054.3333,5853067.738100001,0.2554,331
1095,0.0,419971.57074,5853100.178980001,0.4605,102
1095,0.5,419971.3153,5853100.626000001,0.1277,102
1096,0.0,420018.12468,5853105.798660001,0.3612,79
1096,0.5,420017.86924,5853106.245680001,0.4039,79
1097,0.0,420361.75534000003,5853270.174300001,0.2856,743
1097,0.5,420361.30832,5853270.4297400005,0.9031,743
1098,0.0,419919.07782,5853098.710200001,0.4039,403
1098,0.5,419919.01396,5853099.2210800005,0.1277,403
1099,0.0,419943.72778,5853241.118000001,0.4605,6
1099,0.5,419943.47234,5853241.565020001,0.1277,6
1100,0.0,420051.26802,5853111.673780001,0.6878,66
1100,0.5,420050.821,5853111.929220001,0.2554,66
1101,0.0,420137.54288,5852970.032300001,0.5712,264
1101,0.5,420137.28744,5852970.479320001,0.4605,264
1102,0.0,420013.71834,5853100.115120001,0.4039,590
1102,0.5,420013.65448,5853100.626000001,0.1277,590
1103,0.0,420382.12668,5853200.056020001,0.8178,786
1103,0.5,420381.67966,5853200.31146,0.2554,786
1104,0.0,419825.90608,5853152.799620001,0.2554,119
1104,0.5,419825.84222,5853153.310500001,0.5266,119
1105,0.0,420017.2945,5853145.966600001,0.4039,95
1105,0.5,420017.03906,5853146.413620001,0.1277,95
1106,0.0,420046.3508,5853202.227260001,0.3612,1118
1106,0.5,420045.90378,5853202.4827000005,0.3612,1118
1107,0.0,419899.02578,5853089.00348,0.3612,141
1107,0.5,419898.96192000003,5853089.51436,0.1277,141
1108,0.0,419885.16816,5853099.604240001,0.5109,414
1108,0.5,419885.4236,5853100.051260001,0.1277,414
1109,0.0,420082.87872,5853100.178980001,0.4039,55
1109,0.5,420082.81486,5853100.689860001,0.1277,55
1110,0.0,420386.27758,5853193.733880001,0.3612,786
1110,0.5,420386.21372,5853194.244760001,0.1277,786
1111,0.0,420073.55516,5853180.642580001,0.2554,556
1111,0.5,420073.10814,5853180.898020001,0.5419,556
1112,0.0,420343.2998,5853305.297300001,0.1277,725
1112,0.5,420343.36366000003,5853305.808180001,0.5712,725
1113,0.0,420135.88252,5853129.810020001,0.3832,537
1113,0.5,420135.4355,5853130.065460001,0.1277,537
1114,0.0,420078.08922,5853173.0432400005,0.4039,556
1114,0.5,420077.83378,5853173.490260001,0.2856,556
1115,0.0,419944.43024,5853204.143060001,0.5109,12
1115,0.5,419944.36638,5853204.653940001,0.3832,12
1116,0.0,419975.84936,5853175.597640001,0.5109,99
1116,0.5,419975.40234000003,5853175.853080001,0.2856,99
1117,0.0,420124.96246,5853155.098580001,0.3612,525
1117,0.5,420125.40948000003,5853155.35402,0.1277,525
1118,0.0,419964.73772000003,5853067.482660001,0.4039,177
1118,0.5,419964.48228,5853067.929680001,0.5419,177
1119,0.0,420358.81778,5853274.963800001,0.6386,746
1119,0.5,420358.56234,5853275.410820001,0.1277,746
1120,0.0,419995.39052,5853123.360160001,0.4039,92
1120,0.5,419995.32666,5853123.871040001,0.1277,92
1121,0.0,420039.07076000003,5853055.987860001,0.2856,350
1121,0.5,420038.62374,5853056.243300001,0.1277,350
1122,0.0,420390.68392,5853167.6790000005,0.4039,788
1122,0.5,420390.42848,5853168.126020001,0.4039,788
1123,0.0,420133.13654,5853071.569700001,0.5419,209
1123,0.5,420133.07268,5853072.080580001,0.2554,209
1124,0.0,420353.26196000003,5853205.356400001,0.6386,782
1124,0.5,420353.00652,5853205.803420001,0.4039,782
1125,0.0,419962.56648,5853233.327080001,0.5266,10
1125,0.5,419962.50262,5853233.837960001,0.1277,10
1126,0.0,420124.51544,5853075.6567400005,0.4039,212
1126,0.5,420124.26,5853076.103760001,0.2856,212
1127,0.0,420039.90094,5853082.1066000005,0.4605,417
1127,0.5,420039.83708,5853082.6174800005,0.1277,417
1128,0.0,420055.86594,5853116.718720001,0.3612,569
1128,0.5,420055.6105,5853117.165740001,0.1277,569
1129,0.0,420059.63368,5853065.694580001,0.2856,333
1129,0.5,420059.18666,5853065.950020001,0.1277,333
1130,0.0,420172.34658,5853222.21544,0.5712,442
1130,0.5,420172.09114000003,5853222.662460001,0.5712,442
1131,0.0,420003.62846,5853078.466580001,0.5266,361
1131,0.5,420003.37302,5853078.913600001,0.3832,361
1132,0.0,420049.92696,5853056.243300001,0.5266,337
1132,0.5,420049.41608,5853056.307160001,0.1806,337
1133,0.0,420044.49886,5853025.782080001,0.1806,368
1133,0.5,420044.05184000003,5853026.037520001,0.4039,368
1134,0.0,420133.839,5853098.837920001,0.3612,199
1134,0.5,420133.58356,5853099.284940001,0.2554,199
1135,0.0,420085.11382,5853171.702180001,0.2856,57
1135,0.5,420084.6668,5853171.9576200005,0.1277,57
1136,0.0,420152.10296,5853079.169040001,0.4605,198
1136,0.5,420151.84752,5853079.616060001,0.1277,198
1137,0.0,419966.14264000003,5853189.263680001,0.5712,71
1137,0.5,419965.63176,5853189.327540001,0.1806,71
1138,0.0,420034.15354,5853042.257960001,0.2554,365
1138,0.5,420033.70652,5853042.5134000005,0.1806,365
1139,0.0,420358.3069,5853190.1577200005,0.8078,784
1139,0.5,420357.85988,5853190.413160001,0.1277,784
1140,0.0,419880.6341,5853076.423060001,0.2554,152
1140,0.5,419880.57024000003,5853076.933940001,0.3832,152
1141,0.0,419963.71596,5853067.546520001,0.5109,178
1141,0.5,419963.9714,5853067.993540001,0.1277,178
1142,0.0,419916.33184,5853054.072060001,0.3612,166
1142,0.5,419915.88482,5853054.327500001,0.1806,166
1143,0.0,419995.64596,5853122.913140001,0.4039,92
1143,0.5,419995.39052,5853123.360160001,0.4039,92
1144,0.0,420095.39528,5853005.091440001,0.8178,308
1144,0.5,420095.13984,5853005.53846,0.7447,308
1145,0.0,419845.00022,5853111.354480001,0.3612,130
1145,0.5,419844.74478,5853111.801500001,0.1277,130
1146,0.0,420105.86832,5853024.121720001,0.1277,250
1146,0.5,420105.61288000003,5853024.568740001,0.3832,250
1147,0.0,420058.10104,5853096.411240001,0.4605,66
1147,0.5,420057.65402,5853096.666680001,0.5109,66
1148,0.0,419882.99692,5853100.498280001,0.3832,137
1148,0.5,419882.74148,5853100.945300001,0.1277,137
1149,0.0,419967.61142000003,5853187.98648,0.1277,71
1149,0.5,419967.35598,5853188.433500001,0.4605,71
1150,0.0,419991.7505,5853156.631220001,0.4605,568
1150,0.5,419991.30348,5853156.886660001,0.1277,568
1151,0.0,420023.55278,5853109.694120001,0.4605,80
1151,0.5,420023.29734,5853110.141140001,0.1277,80
1152,0.0,419946.85692,5853077.25324,0.5109,176
1152,0.5,419946.4099,5853077.508680001,0.5109,176
1153,0.0,420306.77188,5853329.308660001,0.5419,706
1153,0.5,420306.51644,5853329.75568,0.1277,706
1154,0.0,420160.40476,5853013.265520001,0.4039,269
1154,0.5,420160.3409,5853013.776400001,0.1277,269
1155,0.0,420075.59868,5853070.356360001,0.2856,245
1155,0.5,420075.15166000003,5853070.611800001,0.1277,245
1156,0.0,420113.78696,5853039.511980001,0.3832,251
1156,0.5,420113.33994000003,5853039.76742,0.1277,251
1157,0.0,419992.51682,5853031.465620001,0.3832,385
1157,0.5,419992.0698,5853031.721060001,0.3612,385
1158,0.0,420059.95298,5853141.113240001,0.1806,1002
1158,0.5,420059.69754,5853141.560260001,0.2554,1002
1159,0.0,420068.76566000003,5853191.498780001,0.1277,47
1159,0.5,420068.51022,5853191.945800001,0.4605,47
1160,0.0,420305.49468,5853353.32002,0.1277,701
1160,0.5,420305.55854,5853353.8309,0.4039,701
1161,0.0,420007.14076,5853205.61184,0.3612,27
1161,0.5,420006.69374,5853205.867280001,0.1277,27
1162,0.0,420322.48144,5853260.72302,0.4605,735
1162,0.5,420322.03442,5853260.978460001,0.1277,735
1163,0.0,420137.09586,5853026.42068,0.3612,272
1163,0.5,420137.032,5853026.93156,0.1277,272
1164,0.0,419917.9922,5853075.6567400005,0.3612,143
1164,0.5,419917.54518,5853075.912180001,0.1806,147
1165,0.0,420106.44306,5852979.675160001,0.4605,302
1165,0.5,420106.44306,5852980.186040001,0.1277,302
1166,0.0,419927.8905,5853098.199320001,0.3832,106
1166,0.5,419927.8905,5853098.710200001,0.2554,106
1167,0.0,420112.95678,5853017.735720001,0.1277,252
1167,0.5,420112.95678,5853018.246600001,0.2554,252
1168,0.0,420070.48988,5853135.685140001,0.3612,9
1168,0.5,420070.48988,5853136.196020001,0.1277,9
1169,0.0,420140.99132000003,5852977.18462,0.5266,261
1169,0.5,420140.48044,5852977.18462,0.1277,261
1170,0.0,420018.50784000003,5853106.373400001,0.2856,79
1170,0.5,420017.99696,5853106.373400001,0.4039,79
1171,0.0,420009.6313,5853112.759400001,0.6386,79
1171,0.5,420009.6313,5853113.270280001,0.1277,79
1172,0.0,419917.41746,5853075.273580001,0.3832,147
1172,0.5,419917.41746,5853075.784460001,0.5109,147
1173,0.0,420390.93936,5853166.274080001,0.3832,788
1173,0.5,420390.93936,5853166.784960001,0.5109,788
1174,0.0,420102.16444,5852946.340240001,0.1277,291
1174,0.5,420102.16444,5852946.851120001,0.3832,291
1175,0.0,420004.77794,5853110.843600001,0.4605,86
1175,0.5,420004.77794,5853111.354480001,0.1277,86
1176,0.0,420102.48374,5852935.100880001,0.3832,289
1176,0.5,420102.48374,5852935.611760001,0.1277,289
1177,0.0,420027.32052,5853233.390940001,0.3612,32
1177,0.5,420026.80964,5853233.390940001,0.1277,32
1178,0.0,419880.12322,5853073.99638,0.5266,152
1178,0.5,419880.12322,5853074.507260001,0.3832,152
1179,0.0,420065.06178,5853100.370560001,0.6386,58
1179,0.5,420064.55090000003,5853100.370560001,0.1277,58
1180,0.0,420134.7969,5853083.12836,0.2554,545
1180,0.5,420134.7969,5853083.63924,0.2554,545
1181,0.0,419892.89522,5853088.301020001,0.4039,139
1181,0.5,419892.89522,5853088.811900001,0.1277,139
1182,0.0,420000.6909,5853045.323240001,0.2554,190
1182,0.5,420000.6909,5853045.834120001,0.1277,190
1183,0.0,420062.37966000004,5853034.594760001,0.1277,342
1183,0.5,420062.37966000004,5853035.105640001,0.3612,342
1184,0.0,419922.1431,5853113.461860001,0.4039,106
1184,0.5,419922.1431,5853113.972740001,0.3832,106
1185,0.0,420053.18382000003,5853163.081080001,0.4039,1002
1185,0.5,420053.18382000003,5853163.591960001,0.3832,1002
1186,0.0,420153.57174,5853055.093820001,0.2856,220
1186,0.5,420153.57174,5853055.604700001,0.1277,220
1187,0.0,419929.93402,5853057.648220001,0.4039,167
1187,0.5,419929.93402,5853058.159100001,0.2554,167
1188,0.0,419919.65256,5853080.573960001,0.4039,148
1188,0.5,419919.65256,5853081.084840001,0.6878,148
1189,0.0,420061.61334,5853129.043700001,0.4039,1006
1189,0.5,420061.61334,5853129.554580001,0.1277,1006
1190,0.0,420181.15926,5853216.8512,0.3832,441
1190,0.5,420181.15926,5853217.362080001,0.2554,441
1191,0.0,419925.0168,5853101.83934,0.1277,106
1191,0.5,419925.0168,5853102.35022,0.3832,106
1192,0.0,419925.3361,5853191.371060001,0.1277,4
1192,0.5,419925.3361,5853191.881940001,0.5266,4
1193,0.0,420348.15316,5853209.635020001,0.6386,781
1193,0.5,420347.64228000003,5853209.635020001,0.1277,781
1194,0.0,420110.53010000003,5853025.526640001,0.2856,253
1194,0.5,420110.53010000003,5853026.037520001,0.1277,253
1195,0.0,419944.36638,5853204.653940001,0.3832,12
1195,0.5,419944.36638,5853205.1648200005,0.1277,12
1196,0.0,420329.63376,5853242.139760001,0.4605,757
1196,0.5,420329.63376,5853242.650640001,0.1277,757
1197,0.0,420092.6493,5853041.683220001,0.2856,325
1197,0.5,420092.6493,5853042.194100001,0.5109,325
1198,0.0,420112.19046,5853047.622200001,0.5266,278
1198,0.5,420112.19046,5853048.133080001,0.1277,278
1199,0.0,420038.75146,5853164.677580001,0.2554,586
1199,0.5,420038.75146,5853165.188460001,0.2554,586
1200,0.0,420145.46152,5852921.243260001,0.3612,284
1200,0.499,420145.14222,5852921.626420001,0.4605,284
1201,0.0,420111.29642,5853092.515780001,0.4039,213
1201,0.499,420110.91326,5853092.835080001,0.1277,213
1202,0.0,420083.45346,5853169.2755,0.2856,591
1202,0.499,420083.0703,5853169.594800001,0.1277,591
1203,0.0,420022.7226,5853066.780200001,0.5419,358
1203,0.499,420022.4033,5853067.163360001,0.2554,358
1204,0.0,420084.53908,5853167.6790000005,0.1806,591
1204,0.499,420084.21978,5853168.062160001,0.1277,591
1205,0.0,419923.16486,5853071.697420001,0.4605,149
1205,0.499,419922.84556,5853072.080580001,0.1277,149
1206,0.0,420079.81344,5853000.621240001,0.6512,309
1206,0.499,420079.49414,5853001.004400001,0.2554,309
1207,0.0,420127.7723,5853061.990700001,0.4605,236
1207,0.499,420127.38914,5853062.3100000005,0.1806,236
1208,0.0,419954.3924,5853203.185160001,0.4039,70
1208,0.499,419954.00924,5853203.50446,0.1277,70
1209,0.0,420029.87492000003,5853210.145900001,0.2554,31
1209,0.499,420029.55562,5853210.529060001,0.4039,31
1210,0.0,420117.74628,5853021.886620001,0.2554,251
1210,0.499,420117.42698,5853022.269780001,0.1277,251
1211,0.0,420003.37302,5853078.913600001,0.3832,361
1211,0.499,420003.05372,5853079.296760001,0.1277,361
1212,0.0,420104.14410000003,5853123.104720001,0.3612,539
1212,0.499,420103.76094,5853123.424020001,0.1277,539
1213,0.0,420112.38204,5853061.799120001,0.4039,231
1213,0.499,420112.06274,5853062.182280001,0.5266,231
1214,0.0,420385.38354,5853220.746660001,0.4039,770
1214,0.499,420385.00038,5853221.065960001,0.1277,770
1215,0.0,419985.49222,5853221.1936800005,0.2856,20
1215,0.499,419985.17292,5853221.576840001,0.1277,20
1216,0.0,420127.58072,5853155.673320001,0.1806,526
1216,0.499,420127.90002,5853156.056480001,0.1277,526
1217,0.0,420125.92036,5853099.15722,0.4039,546
1217,0.499,420125.60106,5853099.540380001,0.1277,546
1218,0.0,420139.84184,5853037.468460001,0.4039,276
1218,0.499,420139.45868,5853037.787760001,0.2856,276
1219,0.0,420094.62896,5853081.851160001,0.2856,228
1219,0.499,420094.30966,5853082.234320001,0.1277,228
1220,0.0,420138.69236,5853044.812360001,0.3612,279
1220,0.499,420138.3092,5853045.13166,0.1277,279
1221,0.0,420168.962,5853054.008200001,0.2856,216
1221,0.499,420168.57884000003,5853054.327500001,0.1277,216
1222,0.0,419920.99362,5853210.401340001,0.2856,1007
1222,0.499,419920.67432,5853210.784500001,0.2856,1007
1223,0.0,420009.37586000003,5853002.85634,0.3612,399
1223,0.499,420009.05656,5853003.239500001,0.1277,399
1224,0.0,419967.35598,5853188.433500001,0.4605,71
1224,0.499,419966.97282,5853188.752800001,0.5712,71
1225,0.0,419934.2765,5853084.086260001,0.8178,175
1225,0.499,419933.9572,5853084.469420001,0.6386,175
1226,0.0,420112.1266,5853142.901320001,0.5266,531
1226,0.499,420111.8073,5853143.284480001,0.1277,531
1227,0.0,420166.02444,5853057.520500001,0.1277,203
1227,0.499,420165.64128,5853057.839800001,0.1806,203
1228,0.0,420405.8826,5853230.325660001,0.5712,774
1228,0.499,420405.5633,5853230.708820001,0.4605,774
1229,0.0,420067.1053,5853025.590500001,0.3612,343
1229,0.499,420066.72214,5853025.9098000005,0.1277,343
1230,0.0,420108.74202,5852963.199280001,0.5109,294
1230,0.499,420108.42272000003,5852963.582440001,0.1277,294
1231,0.0,420067.68004,5853023.483120001,0.3832,419
1231,0.499,420067.36074000003,5853023.866280001,0.1277,419
1232,0.0,420385.38354,5853230.8365400005,0.5109,772
1232,0.499,420385.00038,5853231.155840001,0.1277,772
1233,0.0,420038.36830000003,5853183.835580001,0.4039,583
1233,0.499,420038.049,5853184.21874,0.6386,583
1234,0.0,420072.72498,5853067.418800001,0.4039,335
1234,0.499,420072.40568,5853067.801960001,0.1277,335
1235,0.0,420033.70652,5853042.5134000005,0.1806,365
1235,0.499,420033.38722000003,5853042.896560001,0.1277,365
1236,0.0,420201.97762,5853175.916940001,0.6386,439
1236,0.499,420201.65832,5853176.300100001,0.3832,439
1237,0.0,419851.8971,5853157.4614,0.2856,114
1237,0.499,419851.5778,5853157.844560001,0.5266,114
1238,0.0,420030.96054,5853194.117040001,0.1806,578
1238,0.499,420030.57738000003,5853194.4363400005,0.4039,578
1239,0.0,420117.81014,5853028.847360001,0.5109,255
1239,0.499,420117.49084,5853029.230520001,0.1277,255
1240,0.0,420118.32102000003,5853098.518620001,0.4605,44
1240,0.499,420117.93786,5853098.837920001,0.1277,44
1241,0.0,420164.55566,5853059.56402,0.2856,203
1241,0.499,420164.1725,5853059.883320001,0.1806,203
1242,0.0,420125.40948000003,5852993.21348,0.2554,258
1242,0.499,420125.02632,5852993.532780001,0.2856,258
1243,0.0,419896.40752,5853084.533280001,0.2856,138
1243,0.499,419896.08822000003,5853084.916440001,0.2554,138
1244,0.0,420021.57312,5853216.276460001,0.3612,31
1244,0.499,420021.25382,5853216.659620001,0.1277,31
1245,0.0,419974.95532,5853036.318980001,0.6386,390
1245,0.499,419975.33848000003,5853036.638280001,0.1277,390
1246,0.0,420352.43178,5853246.035220001,0.6878,761
1246,0.499,420352.75108,5853246.418380001,0.5712,761
1247,0.0,420038.81532,5853103.755140001,0.2856,574
1247,0.499,420038.49602,5853104.138300001,0.2856,574
1248,0.0,419924.44206000003,5853108.097620001,0.6386,106
1248,0.499,419924.12276,5853108.480780001,0.6512,106
1249,0.0,420172.09114000003,5853222.662460001,0.5712,442
1249,0.499,420171.77184,5853223.045620001,0.5712,442
1250,0.0,420032.3016,5853079.743780001,0.3612,587
1250,0.499,420031.98230000003,5853080.126940001,0.4605,587
1251,0.0,420000.6909,5853109.8857,0.4039,93
1251,0.499,420000.3716,5853110.268860001,0.4039,93
1252,0.0,420035.87776,5852976.418300001,0.5419,402
1252,0.499,420035.49460000003,5852976.737600001,0.4605,402
1253,0.0,419997.94492,5853006.943380001,0.2856,396
1253,0.499,419997.62562,5853007.326540001,0.4039,396
1254,0.0,420115.44732,5853105.926380001,0.2856,41
1254,0.499,420115.06416,5853106.245680001,0.4039,41
1255,0.0,420371.78136,5853347.95578,0.1277,717
1255,0.499,420371.3982,5853348.275080001,0.3612,717
1256,0.0,419876.03618,5853119.464700001,0.3832,113
1256,0.499,419875.71688,5853119.847860001,0.1277,113
1257,0.0,419884.33798,5853092.643500001,0.2554,134
1257,0.499,419883.95482,5853092.962800001,0.2856,134
1258,0.0,420343.23594,5853353.575460001,0.4605,715
1258,0.499,420342.91664,5853353.958620001,0.3612,715
1259,0.0,420084.92224,5853162.82564,0.1806,559
1259,0.499,420084.60294,5853163.208800001,0.2554,559
1260,0.0,419872.26844,5853153.502080001,0.5109,110
1260,0.499,419872.6516,5853153.821380001,0.3832,110
1261,0.0,420072.78884,5853092.835080001,0.3612,58
1261,0.499,420072.40568,5853093.154380001,0.3612,58
1262,0.0,420026.61806,5853226.49406,0.3612,34
1262,0.499,420026.29876000003,5853226.877220001,0.1277,34
1263,0.0,420306.38872,5853373.946800001,0.5266,608
1263,0.499,420306.06942,5853374.329960001,0.6386,608
1264,0.0,420033.64266,5853196.926880001,0.4605,69
1264,0.499,420033.32336,5853197.310040001,0.1277,69
1265,0.0,419825.01204,5853161.037560001,0.4039,120
1265,0.499,419824.69274,5853161.420720001,0.1277,120
1266,0.0,420134.54146,5853094.176140001,0.3612,200
1266,0.499,420134.1583,5853094.495440001,0.2554,200
1267,0.0,420134.86076,5853093.79298,0.4039,200
1267,0.499,420134.54146,5853094.176140001,0.3612,200
1268,0.0,419980.00026,5853239.521500001,0.3612,19
1268,0.499,419979.68096,5853239.9046600005,0.1277,19
1269,0.0,420059.56982000003,5853123.23244,0.2554,5
1269,0.486,420059.7614,5853123.679460001,0.2554,5
1270,0.0,420352.30406,5853264.810060001,0.6878,750
1270,0.486,420351.85704000003,5853265.00164,0.2554,750
1271,0.0,420095.71458,5853004.45284,0.5266,308
1271,0.486,420095.523,5853004.899860001,0.7769,308
1272,0.0,420098.90758,5852993.021900001,0.5109,301
1272,0.486,420098.46056,5852993.21348,0.1806,301
1273,0.0,420132.49794000003,5852929.800500001,0.9031,283
1273,0.486,420132.05092,5852929.992080001,0.2554,283
1274,0.0,420352.43178,5853271.132200001,0.5109,745
1274,0.486,420352.62336,5853271.579220001,0.1277,745
1275,0.0,420120.42840000003,5853150.50066,0.5109,527
1275,0.486,420120.87542,5853150.692240001,0.5419,527
1276,0.0,420345.08788,5853240.351680001,0.5266,759
1276,0.486,420344.8963,5853240.798700001,0.3832,759
1277,0.0,420057.14314,5853165.316180001,0.1277,428
1277,0.486,420056.95156,5853165.763200001,0.3612,428
1278,0.0,419995.19894000003,5853126.744740001,0.7769,93
1278,0.486,419994.75192,5853126.936320001,0.6386,93
1279,0.0,420124.70702000003,5853066.333180001,0.3612,236
1279,0.486,420124.26,5853066.52476,0.2554,236
1280,0.0,420056.50454,5853245.20504,0.3612,553
1280,0.486,420056.31296,5853245.652060001,0.1277,553
1281,0.0,420166.40760000004,5853226.047040001,0.3612,452
1281,0.486,420165.96058,5853226.238620001,0.1806,452
1282,0.0,419907.26372,5853198.2040800005,0.9031,1005
1282,0.486,419906.8167,5853198.395660001,0.2554,1005
1283,0.0,420058.8035,5853020.609420001,0.3612,321
1283,0.486,420058.35648,5853020.801000001,0.2554,321
1284,0.0,420384.74494,5853219.150160001,0.4039,775
1284,0.486,420384.29792,5853219.341740001,0.4039,775
1285,0.0,420351.21844,5853244.055560001,0.3832,764
1285,0.486,420350.77142,5853244.247140001,0.1277,764
1286,0.0,420366.16168,5853288.821420001,0.3832,742
1286,0.486,420365.97010000004,5853289.268440001,0.1277,742
1287,0.0,420113.59538,5853115.18608,0.2856,538
1287,0.486,420113.14836,5853115.377660001,0.4605,538
1288,0.0,420125.02632,5852993.532780001,0.2856,258
1288,0.486,420124.5793,5852993.724360001,0.5266,258
1289,0.0,419899.66438000003,5853038.17092,0.5109,160
1289,0.486,419899.85596,5853038.617940001,0.2554,160
1290,0.0,420181.98944000003,5853062.118420001,0.2554,194
1290,0.486,420181.79786,5853062.565440001,0.2856,194
1291,0.0,420161.74582,5853062.373860001,0.2856,203
1291,0.486,420161.55424,5853062.8208800005,0.1277,203
1292,0.0,420186.97052000003,5853212.0617,0.6386,448
1292,0.486,420187.1621,5853212.508720001,0.3832,448
1293,0.0,419832.48366,5853159.185620001,0.2554,117
1293,0.486,419832.03664,5853159.377200001,0.1277,117
1294,0.0,419965.31246,5853217.93682,0.4039,17
1294,0.486,419965.12088,5853218.383840001,0.2554,17
1295,0.0,420153.25244,5853065.630720001,0.1277,227
1295,0.486,420152.80542,5853065.822300001,0.2554,227
1296,0.0,420390.42848,5853168.126020001,0.4039,788
1296,0.486,420390.2369,5853168.573040001,0.3832,788
1297,0.0,420104.52726,5853038.426360001,0.1806,250
1297,0.486,420104.33568,5853038.873380001,0.5109,250
1298,0.0,419928.40138,5853024.951900001,0.1277,165
1298,0.486,419928.2098,5853025.3989200005,0.5109,165
1299,0.0,420116.34136,5853064.098080001,0.4605,234
1299,0.486,420116.14978,5853064.545100001,0.2856,234
1300,0.0,419876.22776,5853119.0176800005,0.3832,113
1300,0.486,419876.03618,5853119.464700001,0.3832,113
1301,0.0,420387.42706,5853188.433500001,0.3832,788
1301,0.486,420386.98004,5853188.625080001,0.1277,788
1302,0.0,420129.81582,5853069.973200001,0.2554,210
1302,0.486,420129.3688,5853070.164780001,0.1277,210
1303,0.0,420070.23444000003,5853068.248980001,0.1277,247
1303,0.486,420069.78742,5853068.440560001,0.3832,247
1304,0.0,420024.70226,5853033.253700001,0.6386,375
1304,0.486,420024.51068,5853033.700720001,0.5266,375
1305,0.0,420040.79498,5853204.845520001,0.4605,581
1305,0.486,420040.6034,5853205.292540001,0.1277,581
1306,0.0,419979.61710000003,5853186.453840001,0.3832,97
1306,0.486,419979.42552,5853186.90086,0.1277,97
1307,0.0,419847.17146,5853114.228180001,0.5109,129
1307,0.486,419846.72444,5853114.419760001,0.5266,129
1308,0.0,420165.25812,5853067.738100001,0.3832,196
1308,0.486,420164.8111,5853067.929680001,0.1277,196
1309,0.0,419899.98368,5853048.196940001,0.3832,161
1309,0.486,419899.7921,5853048.643960001,0.1277,161
1310,0.0,420024.82998,5853213.977500001,0.3612,31
1310,0.486,420024.38296,5853214.16908,0.2856,31
1311,0.0,420355.30548,5853243.161520001,0.3612,765
1311,0.486,420355.7525,5853243.353100001,0.1277,765
1312,0.0,420030.64124,5853193.8616,0.2856,578
1312,0.486,420030.44966,5853194.308620001,0.3612,578
1313,0.0,420067.68004,5853091.941040001,0.2856,64
1313,0.486,420067.23302,5853092.132620001,0.6386,64
1314,0.0,420071.57550000004,5853032.359660001,0.3612,315
1314,0.486,420071.38392,5853032.80668,0.1277,315
1315,0.0,420307.5382,5853348.083500001,0.5109,702
1315,0.486,420307.34662,5853348.5305200005,0.2554,702
1316,0.0,420154.5935,5853070.356360001,0.4605,203
1316,0.486,420154.40192000003,5853070.80338,0.1277,203
1317,0.0,420076.55658000003,5853088.811900001,0.2856,58
1317,0.486,420076.365,5853089.258920001,0.2856,58
1318,0.0,420358.49848,5853189.710700001,0.8078,784
1318,0.486,420358.3069,5853190.1577200005,0.8078,784
1319,0.0,420006.62988,5853139.3251600005,0.5419,597
1319,0.486,420006.18286,5853139.516740001,0.1277,597
1320,0.0,420366.16168,5853346.35928,0.2856,718
1320,0.486,420365.97010000004,5853346.806300001,0.4039,718
1321,0.0,420032.04616,5853215.957160001,0.2856,39
1321,0.486,420031.85458,5853216.404180001,0.1277,39
1322,0.0,419943.98322,5853117.740480001,0.5266,404
1322,0.486,419943.79164,5853118.187500001,0.1277,404
1323,0.0,419849.0234,5853170.616560001,0.5109,114
1323,0.486,419849.21498,5853171.063580001,0.2554,114
1324,0.0,419914.35218,5853223.364920001,0.7769,1007
1324,0.486,419913.90516,5853223.556500001,0.1277,1007
1325,0.0,420083.0703,5853178.662920001,0.3612,555
1325,0.486,420082.62328,5853178.8545,0.1277,555
1326,0.0,420309.51786,5853327.584440001,0.4039,706
1326,0.486,420309.07084,5853327.776020001,0.4039,706
1327,0.0,420070.48988,5853026.356820001,0.5109,320
1327,0.486,420070.68146,5853026.803840001,0.1277,320
1328,0.0,420002.86214,5853040.214440001,0.3612,190
1328,0.486,420002.41512,5853040.406020001,0.4605,190
1329,0.0,420398.73028,5853232.4330400005,0.5109,773
1329,0.486,420398.28326,5853232.624620001,0.4605,773
1330,0.0,419960.4591,5853132.236700001,0.4605,604
1330,0.486,419960.26752,5853132.683720001,0.1277,604
1331,0.0,419874.2481,5853153.310500001,0.3832,110
1331,0.486,419874.69512,5853153.502080001,0.1277,110
1332,0.0,419998.7751,5853051.836960001,0.4039,190
1332,0.486,419998.32808,5853052.028540001,0.1277,190
1333,0.0,420013.90992,5853116.910300001,0.5109,78
1333,0.486,420014.1015,5853117.35732,0.1277,78
1334,0.0,420003.8839,5853142.135000001,0.5419,597
1334,0.486,420003.43688,5853142.326580001,0.7447,597
1335,0.0,420126.55896,5852962.624540001,0.7225,287
1335,0.486,420126.11194000003,5852962.816120001,0.1277,287
1336,0.0,420367.18344,5853176.619400001,0.4605,784
1336,0.486,420366.99186,5853177.066420001,0.2554,784
1337,0.0,419851.83324,5853142.0072800005,0.2856,116
1337,0.486,419851.64166,5853142.454300001,0.4605,116
1338,0.0,420059.31438,5853033.9561600005,0.1277,347
1338,0.486,420058.86736000003,5853034.147740001,0.2554,347
1339,0.0,419947.30394,5853077.061660001,0.4605,176
1339,0.486,419946.85692,5853077.25324,0.5109,176
1340,0.0,420114.681,5853035.169500001,0.3832,251
1340,0.486,420114.48942,5853035.616520001,0.2554,251
1341,0.0,420011.93026,5853031.21018,0.6512,377
1341,0.486,420012.12184,5853031.657200001,0.1277,377
1342,0.0,420371.3982,5853221.002100001,0.4039,775
1342,0.486,420370.95118000003,5853221.1936800005,0.2554,775
1343,0.0,420360.15884,5853220.171920001,0.6878,777
1343,0.486,420359.96726,5853220.61894,0.7447,777
1344,0.0,420385.57512,5853230.389520001,0.4039,772
1344,0.486,420385.38354,5853230.8365400005,0.5109,772
1345,0.0,420058.73964,5853141.751840001,0.3832,1004
1345,0.486,420058.54806,5853142.198860001,0.1277,1004
1346,0.0,420007.0769,5853029.485960001,0.2554,380
1346,0.486,420006.88532,5853029.932980001,0.5419,380
1347,0.0,420108.74202,5853068.1851200005,0.2554,232
1347,0.486,420108.55044,5853068.632140001,0.1277,232
1348,0.0,420027.57596,5853069.526180001,0.5109,357
1348,0.486,420027.76754000003,5853069.973200001,0.2554,357
1349,0.0,420178.28556,5853194.755640001,0.6386,434
1349,0.486,420178.09398,5853195.202660001,0.5109,434
1350,0.0,420315.90386,5853267.109020001,0.5109,733
1350,0.486,420316.09544,5853267.556040001,0.1277,733
1351,0.0,419979.61710000003,5853177.960460001,0.2856,71
1351,0.486,419979.42552,5853178.4074800005,0.2856,71
1352,0.0,420353.77284,5853205.867280001,0.6386,781
1352,0.486,420353.32582,5853206.058860001,0.4039,781
1353,0.0,420059.56982000003,5853031.529480001,0.4605,322
1353,0.486,420059.1228,5853031.721060001,0.1277,322
1354,0.0,420207.53344,5853202.9935800005,0.5419,446
1354,0.486,420207.08642,5853203.185160001,0.1277,446
1355,0.0,420165.25812,5853057.520500001,0.1806,203
1355,0.486,420165.06654,5853057.96752,0.2554,203
1356,0.0,420037.7297,5853088.939620001,0.4039,328
1356,0.465,420037.60198,5853089.386640001,0.1277,328
1357,0.0,420004.90566,5853138.8142800005,0.3612,597
1357,0.465,420004.77794,5853139.2613,0.1277,597
1358,0.0,420059.31438,5853126.106140001,0.2554,5
1358,0.465,420059.4421,5853126.553160001,0.3832,5
1359,0.0,420038.87918,5853101.9032000005,0.4039,73
1359,0.465,420038.75146,5853102.35022,0.3612,73
1360,0.0,420382.893,5853175.406060001,0.6386,789
1360,0.465,420383.02072000003,5853175.853080001,0.1277,789
1361,0.0,420076.93974,5853089.258920001,0.2554,58
1361,0.465,420076.49272,5853089.386640001,0.3832,58
1362,0.0,419825.01204,5853177.896600001,0.3612,118
1362,0.465,419824.88432,5853178.34362,0.1277,118
1363,0.0,420034.60056,5853042.130240001,0.2554,365
1363,0.465,420034.15354,5853042.257960001,0.2554,365
1364,0.0,419924.12276,5853027.953320001,0.5266,164
1364,0.465,419924.25048,5853028.400340001,0.1277,164
1365,0.0,420018.891,5853099.15722,0.5419,587
1365,0.465,420018.76328,5853099.604240001,0.2554,587
1366,0.0,419982.42694000003,5853107.20358,0.6386,100
1366,0.465,419982.29922,5853107.650600001,0.2856,100
1367,0.0,419972.01776,5853184.665760001,0.5109,71
1367,0.465,419971.57074,5853184.79348,0.1277,71
1368,0.0,420365.33150000003,5853189.519120001,0.5712,782
1368,0.465,420365.20378,5853189.966140001,0.1277,782
1369,0.0,420005.4804,5853136.451460001,0.1277,94
1369,0.465,420005.03338,5853136.579180001,0.5109,94
1370,0.0,420073.68288,5853180.195560001,0.1806,556
1370,0.465,420073.55516,5853180.642580001,0.2554,556
1371,0.0,420351.72932,5853279.114700001,0.4039,740
1371,0.465,420351.6016,5853279.561720001,0.1277,740
1372,0.0,420177.07222000003,5853226.941080001,0.5109,444
1372,0.465,420176.9445,5853227.388100001,0.2554,444
1373,0.0,420104.52726,5853037.276880001,0.3832,250
1373,0.465,420104.65498,5853037.723900001,0.1277,250
1374,0.0,420150.95348,5853083.192220001,0.3612,197
1374,0.465,420150.50646,5853083.319940001,0.1277,197
1375,0.0,419974.89146,5853044.237620001,0.4039,390
1375,0.465,419974.76374,5853044.684640001,0.1277,390
1376,0.0,420085.81628,5853054.838380001,0.3832,327
1376,0.465,420085.68856,5853055.2854,0.1277,327
1377,0.0,420174.58168,5853004.580560001,0.7663,268
1377,0.465,420174.45396,5853005.02758,0.5109,268
1378,0.0,420021.1261,5853220.6828000005,0.2856,30
1378,0.465,420020.99838,5853221.12982,0.1277,30
1379,0.0,420087.34892,5853127.51106,0.2856,519
1379,0.465,420087.47664,5853127.958080001,0.1277,519
1380,0.0,420298.53394,5853263.724440001,0.5712,729
1380,0.465,420298.66166,5853264.171460001,0.1277,729
1381,0.0,420122.79122,5853152.416460001,0.2554,524
1381,0.465,420122.3442,5853152.544180001,0.3832,524
1382,0.0,420053.95014000003,5853151.714000001,0.2554,426
1382,0.465,420053.82242,5853152.16102,0.2554,426
1383,0.0,419997.94492,5853028.783500001,0.2554,385
1383,0.465,419997.4979,5853028.911220001,0.4605,385
1384,0.0,420108.99746,5852956.046960001,0.3832,294
1384,0.465,420108.86974,5852956.493980001,0.1277,294
1385,0.0,420322.03442,5853333.331840001,0.5109,707
1385,0.465,420321.9067,5853333.778860001,0.1277,707
1386,0.0,420072.02252,5853088.811900001,0.2554,62
1386,0.465,420071.57550000004,5853088.939620001,0.1277,62
1387,0.0,420119.98138,5853150.372940001,0.4039,527
1387,0.465,420120.42840000003,5853150.50066,0.5109,527
1388,0.0,419897.81244,5853129.746160001,0.6386,109
1388,0.465,419897.68472,5853130.19318,0.3832,109
1389,0.0,420013.1436,5853229.7509200005,0.1277,1119
1389,0.465,420012.69658,5853229.878640001,0.4605,1119
1390,0.0,420057.97332,5853020.290120001,0.2856,321
1390,0.465,420057.8456,5853020.737140001,0.2856,321
1391,0.0,419937.72494,5853062.501580001,0.4605,168
1391,0.465,419937.59722,5853062.948600001,0.2554,168
1392,0.0,420113.14836,5853114.802920001,0.3612,538
1392,0.465,420113.02064,5853115.2499400005,0.4605,538
1393,0.0,420023.80822,5853185.623660001,0.4605,575
1393,0.465,420023.3612,5853185.751380001,0.1277,575
1394,0.0,419994.17718,5853022.014340001,0.4605,397
1394,0.465,419994.3049,5853022.461360001,0.1277,397
1395,0.0,420060.27228000003,5853117.165740001,0.2554,5
1395,0.465,420060.4,5853117.612760001,0.3612,5
1396,0.0,419998.96668,5853098.1354600005,0.3832,101
1396,0.465,419998.83896,5853098.582480001,0.1277,101
1397,0.0,420034.34512,5853028.975080001,0.5109,373
1397,0.465,420034.47284,5853029.422100001,0.1277,373
1398,0.0,419972.78408,5853221.70456,0.2554,11
1398,0.465,419972.65636,5853222.151580001,0.3832,11
1399,0.0,420046.41466,5853076.423060001,0.4605,330
1399,0.465,420046.28694,5853076.870080001,0.1277,330
1400,0.0,420087.28506,5853096.985980001,0.2554,54
1400,0.465,420087.15734000003,5853097.433000001,0.1277,54
1401,0.0,419917.54518,5853074.826560001,0.3832,147
1401,0.465,419917.41746,5853075.273580001,0.3832,147
1402,0.0,420025.34086,5853024.441020001,0.3832,375
1402,0.465,420025.21314,5853024.888040001,0.3832,375
1403,0.0,420032.42932,5853090.0891,0.4039,412
1403,0.465,420032.3016,5853090.536120001,0.1277,412
1404,0.0,419972.2732,5853231.8583,0.5109,11
1404,0.465,419972.14548,5853232.305320001,0.3832,11
1405,0.0,420141.94922,5853072.016720001,0.2554,207
1405,0.465,420141.8215,5853072.4637400005,0.1277,207
1406,0.0,420317.94738,5853312.896640001,0.2554,708
1406,0.465,420318.0751,5853313.343660001,0.1277,708
1407,0.0,420234.48236,5853166.784960001,0.6386,435
1407,0.465,420234.35464000003,5853167.231980001,0.7663,435
1408,0.0,419973.29496,5853214.105220001,0.2554,11
1408,0.465,419973.16724,5853214.552240001,0.1277,11
1409,0.0,419981.8522,5853208.549400001,0.6512,25
1409,0.465,419981.97992,5853208.996420001,0.1277,25
1410,0.0,420078.15308,5853080.510100001,0.2856,243
1410,0.465,420078.02536,5853080.95712,0.1277,243
1411,0.0,420306.19714,5853348.211220001,0.3832,701
1411,0.465,420306.32486,5853348.658240001,0.2554,701
1412,0.0,419952.1573,5853234.795860001,0.7225,7
1412,0.465,419952.02958000003,5853235.242880001,0.4039,7
1413,0.0,420042.64692,5853225.855460001,0.5419,36
1413,0.465,420042.5192,5853226.302480001,0.2856,36
1414,0.0,419969.01634000003,5853047.175180001,0.3832,388
1414,0.465,419969.14406,5853047.622200001,0.1277,388
1415,0.0,420121.83332000003,5852981.910260001,0.1277,306
1415,0.465,420121.3863,5852982.0379800005,0.5712,306
1416,0.0,420173.55992,5853067.0995000005,0.3832,195
1416,0.465,420173.4322,5853067.546520001,0.2554,195
1417,0.0,419994.6242,5853013.967980001,0.4039,396
1417,0.465,419994.49648000003,5853014.415000001,0.4605,396
1418,0.0,420158.7444,5853049.857300001,0.3612,221
1418,0.465,420158.61668,5853050.304320001,0.1277,221
1419,0.0,420124.45158,5853088.939620001,0.1806,543
1419,0.465,420124.32386,5853089.386640001,0.2554,543
1420,0.0,419974.8276,5853035.871960001,0.6386,390
1420,0.465,419974.95532,5853036.318980001,0.6386,390
1421,0.0,420143.99274,5853037.851620001,0.1277,279
1421,0.465,420143.86502,5853038.298640001,0.1806,279
1422,0.0,420004.45864,5853152.16102,0.3832,96
1422,0.465,420004.33092,5853152.608040001,0.1277,96
1423,0.0,420366.99186,5853177.066420001,0.2554,784
1423,0.465,420366.86414,5853177.513440001,0.1277,784
1424,0.0,420138.9478,5853013.840260001,0.5109,265
1424,0.465,420139.07552,5853014.287280001,0.1277,265
1425,0.0,420026.2349,5853107.586740001,0.2856,81
1425,0.465,420026.10718,5853108.033760001,0.1277,81
1426,0.0,420133.96672,5852954.386600001,0.4605,286
1426,0.465,420133.839,5852954.833620001,0.2554,286
1427,0.0,420144.95064,5852920.860100001,0.4039,284
1427,0.465,420144.82292,5852921.307120001,0.4039,284
1428,0.0,420030.64124,5853210.529060001,0.2554,31
1428,0.465,420030.19422,5853210.656780001,0.2554,31
1429,0.0,420390.10918,5853170.041820001,0.2856,788
1429,0.465,420389.98146,5853170.488840001,0.5109,788
1430,0.0,420028.27842,5853086.065920001,0.2856,587
1430,0.465,420028.1507,5853086.512940001,0.4605,587
1431,0.0,420159.44686,5853030.443860001,0.6386,270
1431,0.465,420159.57458,5853030.890880001,0.1277,270
1432,0.0,420105.29358,5853125.339820001,0.3612,538
1432,0.465,420105.16586,5853125.786840001,0.1277,538
1433,0.0,419985.3645,5853016.969400001,0.3612,901
1433,0.465,419985.23678,5853017.416420001,0.1277,901
1434,0.0,420024.82998,5853032.80668,0.6386,375
1434,0.465,420024.70226,5853033.253700001,0.6386,375
1435,0.0,419995.5821,5853072.97462,0.5109,184
1435,0.465,419995.13508,5853073.102340001,0.1277,184
1436,0.0,419990.21786000003,5853228.346000001,0.5712,24
1436,0.465,419990.09014,5853228.793020001,0.1277,24
1437,0.0,420142.52396,5853018.246600001,0.5266,271
1437,0.465,420142.39624000003,5853018.693620001,0.4039,271
1438,0.0,420038.94304,5853034.083880001,0.3832,370
1438,0.465,420038.81532,5853034.530900001,0.1277,370
1439,0.0,420390.81164,5853165.827060001,0.1277,788
1439,0.465,420390.93936,5853166.274080001,0.3832,788
1440,0.0,420035.23916,5853034.083880001,0.4605,369
1440,0.465,420035.11144,5853034.530900001,0.1277,369
1441,0.0,420012.88816000003,5853099.412660001,0.4605,589
1441,0.465,420013.01588,5853099.859680001,0.1277,589
1442,0.0,420298.85324,5853271.323780001,0.5712,731
1442,0.465,420298.98096,5853271.770800001,0.1277,731
1443,0.0,419995.2628,5853034.658620001,0.1277,425
1443,0.465,419995.13508,5853035.105640001,0.2554,425
1444,0.0,420027.38438,5853193.35072,0.3612,577
1444,0.465,420027.25666,5853193.797740001,0.2554,577
1445,0.0,419994.36876,5853028.464200001,0.2856,387
1445,0.465,419994.24104,5853028.911220001,0.1277,387
1446,0.0,420047.81958,5853063.012460001,0.3612,338
1446,0.465,420047.69186,5853063.459480001,0.1277,338
1447,0.0,419987.2803,5853057.265060001,0.2856,186
1447,0.465,419987.40802000003,5853057.712080001,0.1277,186
1448,0.0,420086.2633,5853049.346420001,0.3832,325
1448,0.465,420086.13558,5853049.793440001,0.1277,325
1449,0.0,420020.87066,5853105.415500001,0.2856,79
1449,0.465,420020.42364,5853105.543220001,0.3612,79
1450,0.0,419873.54564,5853154.3322600005,0.3612,110
1450,0.465,419873.99266,5853154.459980001,0.3612,110
1451,0.0,419974.8276,5853038.809520001,0.6386,390
1451,0.465,419974.95532,5853039.25654,0.894,390
1452,0.0,420080.06888000004,5853003.175640001,0.3832,310
1452,0.465,420080.1966,5853003.622660001,0.1277,310
1453,0.0,419997.75334,5853118.059780001,0.3832,93
1453,0.465,419997.88106,5853118.506800001,0.1277,93
1454,0.0,420007.90708000003,5853137.984100001,0.4039,597
1454,0.461,420007.52392,5853138.23954,0.1277,597
1455,0.0,420108.16728,5853058.669980001,0.3832,230
1455,0.461,420107.91184,5853059.05314,0.1277,230
1456,0.0,420076.49272,5853080.701680001,0.3612,244
1456,0.461,420076.23728,5853081.084840001,0.1277,244
1457,0.0,420343.23594,5853308.36258,0.5712,726
1457,0.461,420342.9805,5853308.745740001,0.6386,726
1458,0.0,419975.21076,5853039.511980001,0.6386,390
1458,0.461,419975.4662,5853039.895140001,0.1277,390
1459,0.0,420003.69232000003,5853081.595720001,0.4605,359
1459,0.461,420003.43688,5853081.978880001,0.1277,359
1460,0.0,420125.09018,5853066.077740001,0.4039,236
1460,0.461,420124.70702000003,5853066.333180001,0.3612,236
1461,0.0,419986.25854,5853017.799580001,0.2856,392
1461,0.461,419985.87538,5853018.055020001,0.2856,392
1462,0.0,420148.33522,5853023.036100001,0.1277,276
1462,0.461,420148.07978000003,5853023.419260001,0.1806,276
1463,0.0,419897.36542,5853009.625500001,0.1806,1120
1463,0.461,419897.74858,5853009.8809400005,0.3612,1120
1464,0.0,419994.04946,5853213.7220600005,0.2856,26
1464,0.461,419993.6663,5853213.977500001,0.1277,26
1465,0.0,420017.35836,5853055.732420001,0.3612,365
1465,0.461,420017.10292000003,5853056.115580001,0.1277,365
1466,0.0,420058.35648,5853096.028080001,0.4039,66
1466,0.461,420058.10104,5853096.411240001,0.4605,66
1467,0.0,420305.49468,5853308.9373200005,0.4039,710
1467,0.461,420305.23924,5853309.320480001,0.1277,710
1468,0.0,419973.29496,5853222.21544,0.3832,1008
1468,0.461,419973.03952,5853222.598600001,0.1277,1008
1469,0.0,420148.07978000003,5853022.908380001,0.1277,276
1469,0.461,420147.82434,5853023.291540001,0.2856,276
1470,0.0,420109.82764000003,5852969.904580001,0.4605,299
1470,0.461,420109.5722,5852970.2877400005,0.1277,299
1471,0.0,420161.2988,5853038.7456600005,0.3612,223
1471,0.461,420161.04336,5853039.128820001,0.2554,223
1472,0.0,420095.97002,5853004.069680001,0.4605,308
1472,0.461,420095.71458,5853004.45284,0.5266,308
1473,0.0,420348.66404,5853351.340360001,0.6386,716
1473,0.461,420348.28088000003,5853351.595800001,0.1277,716
1474,0.0,419999.15826,5853051.5815200005,0.7769,190
1474,0.461,419998.7751,5853051.836960001,0.4039,190
1475,0.0,420121.7056,5853139.389020001,0.4605,533
1475,0.461,420121.45016,5853139.772180001,0.2554,533
1476,0.0,420387.6825,5853188.050340001,0.4605,788
1476,0.461,420387.42706,5853188.433500001,0.3832,788
1477,0.0,420028.66158,5853086.32136,0.3612,587
1477,0.461,420028.27842,5853086.576800001,0.5109,587
1478,0.0,420048.39432,5853087.215400001,0.1806,83
1478,0.461,420048.01116,5853087.470840001,0.1277,83
1479,0.0,420057.71788,5853095.644920001,0.1806,66
1479,0.461,420057.46244000003,5853096.028080001,0.5266,66
1480,0.0,419992.45296,5853096.666680001,0.2856,100
1480,0.461,419992.0698,5853096.922120001,0.4605,100
1481,0.0,420193.03722,5853193.670020001,0.3832,440
1481,0.461,420192.78178,5853194.053180001,0.1277,440
1482,0.0,420012.24956,5853074.507260001,0.3612,358
1482,0.461,420011.99412,5853074.890420001,0.1277,358
1483,0.0,420103.63322,5852935.292460001,0.3612,290
1483,0.461,420103.25006,5852935.547900001,0.1277,290
1484,0.0,420144.18432,5853087.151540001,0.2856,199
1484,0.461,420143.80116000003,5853087.40698,0.1277,199
1485,0.0,420104.7827,5853088.939620001,0.2554,523
1485,0.461,420104.39954,5853089.195060001,0.3612,523
1486,0.0,420065.44494,5853100.115120001,0.5712,58
1486,0.461,420065.06178,5853100.370560001,0.6386,58
1487,0.0,420051.1403,5853196.799160001,0.2554,38
1487,0.461,420050.88486,5853197.182320001,0.4039,38
1488,0.0,419901.3886,5853029.61368,0.3832,159
1488,0.461,419901.64404,5853029.996840001,0.1277,159
1489,0.0,420023.42506,5853058.989280001,0.5109,364
1489,0.461,420023.16962,5853059.372440001,0.1277,364
1490,0.0,420340.93698,5853253.890000001,0.7663,736
1490,0.461,420341.32014,5853254.145440001,0.3832,736
1491,0.0,420061.54948,5853172.660080001,0.4605,588
1491,0.461,420061.16632,5853172.915520001,0.1277,588
1492,0.0,420031.21598,5853043.152000001,0.2856,367
1492,0.461,420030.96054,5853043.53516,0.1277,367
1493,0.0,420039.90094,5853195.074940001,0.6386,582
1493,0.461,420040.15638,5853195.4581,0.1277,582
1494,0.0,420002.54284,5853210.082040001,0.1806,27
1494,0.461,420002.15968,5853210.337480001,0.1277,27
1495,0.0,420357.47672000004,5853352.298260001,0.4605,718
1495,0.461,420357.22128,5853352.681420001,0.1277,718
1496,0.0,420355.30548,5853275.921700001,0.3612,741
1496,0.461,420354.92232,5853276.177140001,0.1277,741
1497,0.0,419851.70552,5853156.503500001,0.2554,114
1497,0.461,419851.45008,5853156.886660001,0.4039,114
1498,0.0,420166.21602,5853065.630720001,0.5712,196
1498,0.461,420165.96058,5853066.01388,0.4605,196
1499,0.0,420405.5633,5853230.708820001,0.4605,774
1499,0.461,420405.18014,5853230.964260001,0.1277,774
1500,0.0,420039.70936,5853195.011080001,0.7663,582
1500,0.461,420039.3262,5853195.266520001,0.1277,582
1501,0.0,420042.58306000003,5853093.473680001,0.3612,84
1501,0.461,420042.32762,5853093.8568400005,0.1277,84
1502,0.0,420165.70514000003,5853059.883320001,0.6386,216
1502,0.461,420165.32198,5853060.1387600005,0.1277,216
1503,0.0,420024.76612,5853118.059780001,0.4605,574
1503,0.461,420024.38296,5853118.315220001,0.4039,574
1504,0.0,420054.26944,5853152.033300001,0.2856,426
1504,0.461,420053.88628000004,5853152.288740001,0.2554,426
1505,0.0,419962.0556,5853060.64964,0.3832,178
1505,0.461,419962.31104,5853061.032800001,0.1277,178
1506,0.0,420055.22734,5853038.17092,0.2856,347
1506,0.461,420054.84418,5853038.426360001,0.1277,347
1507,0.0,420051.26802,5853157.0143800005,0.2554,426
1507,0.461,420051.01258,5853157.397540001,0.2856,426
1508,0.0,419846.72444,5853114.419760001,0.5266,129
1508,0.461,419846.469,5853114.802920001,0.1277,129
1509,0.0,420109.38062,5853017.3525600005,0.4605,257
1509,0.461,420109.12518000003,5853017.735720001,0.1277,257
1510,0.0,420030.25808,5853209.89046,0.2856,31
1510,0.461,420029.87492000003,5853210.145900001,0.2554,31
1511,0.0,420042.26376,5853024.185580001,0.2856,369
1511,0.461,420041.88060000003,5853024.441020001,0.4605,372
1512,0.0,419919.33326,5853098.327040001,0.2856,403
1512,0.461,419919.07782,5853098.710200001,0.4039,403
1513,0.0,419955.41416,5853219.980340001,0.4039,14
1513,0.461,419955.15872,5853220.363500001,0.1277,14
1514,0.0,420049.16064,5853199.672860001,0.1806,1118
1514,0.461,420048.9052,5853200.056020001,0.3612,1118
1515,0.0,420140.5443,5853057.96752,0.3612,209
1515,0.461,420140.28886000003,5853058.350680001,0.2856,209
1516,0.0,419814.92216,5853156.43964,0.5419,121
1516,0.461,419814.539,5853156.695080001,0.2554,121
1517,0.0,420292.8504,5853280.711200001,0.2554,729
1517,0.461,420292.59496,5853281.09436,0.1277,729
1518,0.0,419979.04236,5853231.475140001,0.3612,20
1518,0.461,419978.6592,5853231.730580001,0.1277,20
1519,0.0,419884.59342,5853092.2603400005,0.1277,134
1519,0.461,419884.33798,5853092.643500001,0.2554,134
1520,0.0,420327.90954,5853353.511600001,0.5712,711
1520,0.461,420327.52638,5853353.767040001,0.1277,711
1521,0.0,420124.64316,5853136.515320001,0.1277,533
1521,0.461,420124.26,5853136.770760001,0.3612,533
1522,0.0,420036.7718,5853191.562640001,0.2856,69
1522,0.461,420036.38864,5853191.818080001,0.2856,69
1523,0.0,419975.21076,5853041.044620001,0.3832,390
1523,0.461,419974.95532,5853041.4277800005,0.7447,390
1524,0.0,420144.3759,5853038.17092,0.3612,279
1524,0.461,420143.99274,5853038.426360001,0.3612,279
1525,0.0,420020.35978,5853218.5115600005,0.2856,29
1525,0.461,420020.61522,5853218.894720001,0.2554,29
1526,0.0,420078.21694,5853127.51106,0.2554,1017
1526,0.461,420077.83378,5853127.766500001,0.1277,1017
1527,0.0,419984.47046,5853077.380960001,0.3832,183
1527,0.461,419984.21502,5853077.76412,0.1277,183
1528,0.0,420095.26756,5853080.637820001,0.5109,237
1528,0.461,420095.01212,5853081.0209800005,0.2554,237
1529,0.0,419968.18616,5853062.054560001,0.2554,179
1529,0.461,419967.93072,5853062.437720001,0.4605,179
1530,0.0,419982.42694000003,5853063.970360001,0.5419,187
1530,0.461,419982.1715,5853064.353520001,0.2554,187
1531,0.0,420283.01596,5853119.400840001,0.2856,450
1531,0.461,420282.76052,5853119.784000001,0.2856,450
1532,0.0,420006.24672,5853137.409360001,0.1806,597
1532,0.461,420005.86356,5853137.6648,0.2554,597
1533,0.0,420058.67578,5853027.187000001,0.2856,323
1533,0.461,420058.29262,5853027.44244,0.1277,323
1534,0.0,420045.90378,5853211.423100001,0.3612,38
1534,0.461,420045.64834,5853211.806260001,0.1277,38
1535,0.0,420081.4738,5853013.01008,0.2554,313
1535,0.461,420081.21836,5853013.393240001,0.1277,313
1536,0.0,420138.3092,5852947.106560001,0.1806,287
1536,0.461,420137.92604,5852947.362000001,0.3612,287
1537,0.0,420035.04758,5853104.457600001,0.3612,76
1537,0.461,420034.79214000003,5853104.840760001,0.1277,76
1538,0.0,419988.94066,5853021.503460001,0.5266,394
1538,0.452,419988.62136,5853021.822760001,0.1277,394
1539,0.0,420077.19518,5853163.464240001,0.3612,90
1539,0.452,420076.87588,5853163.783540001,0.1277,90
1540,0.0,420121.3863,5853001.195980001,0.5109,258
1540,0.452,420121.067,5853001.515280001,0.1277,258
1541,0.0,419990.7926,5853022.269780001,0.5712,395
1541,0.452,419990.85646,5853022.7168000005,0.1277,395
1542,0.0,420390.2369,5853168.573040001,0.3832,788
1542,0.452,420390.30076,5853169.020060001,0.1277,788
1543,0.0,419997.88106,5853024.568740001,0.2554,384
1543,0.452,419997.94492,5853025.015760001,0.3832,384
1544,0.0,419916.77886,5853076.16762,0.2856,143
1544,0.452,419917.22588,5853076.231480001,0.1806,147
1545,0.0,420149.804,5853054.519080001,0.2554,222
1545,0.452,420149.86786,5853054.966100001,0.1277,222
1546,0.0,420154.46578,5853022.525220001,0.1277,269
1546,0.452,420154.9128,5853022.589080001,0.4039,269
1547,0.0,420098.14126,5853107.906040001,0.3612,521
1547,0.452,420098.20512,5853108.353060001,0.1277,521
1548,0.0,420145.3338,5852937.719140001,0.4039,285
1548,0.452,420145.26994,5852938.1661600005,0.1277,285
1549,0.0,420173.4322,5853067.546520001,0.2554,195
1549,0.452,420173.36834,5853067.993540001,0.1277,195
1550,0.0,420344.06612000003,5853308.87346,0.3832,727
1550,0.452,420343.74682,5853309.192760001,0.1277,727
1551,0.0,420305.75012,5853374.521540001,0.3832,608
1551,0.452,420305.3031,5853374.585400001,0.1277,608
1552,0.0,419956.18048,5853036.957580001,0.3832,171
1552,0.452,419956.11662,5853037.404600001,0.1277,171
1553,0.0,419889.06362000003,5853114.802920001,0.5266,135
1553,0.452,419888.74432,5853115.122220001,0.4039,135
1554,0.0,420029.17246000003,5853076.550780001,0.3832,356
1554,0.452,420029.23632,5853076.997800001,0.1277,356
1555,0.0,420041.75288,5853118.315220001,0.4039,67
1555,0.452,420041.81674,5853118.762240001,0.1277,67
1556,0.0,420334.61484,5853228.6653,0.4039,756
1556,0.452,420334.6787,5853229.112320001,0.1277,756
1557,0.0,419975.01918,5853043.407440001,0.7663,390
1557,0.452,419975.08304,5853043.854460001,0.894,390
1558,0.0,420181.54242,5853077.700260001,0.6386,193
1558,0.452,420181.22312,5853078.019560001,0.2554,193
1559,0.0,420112.70134,5853008.092860001,0.4605,257
1559,0.452,420112.38204,5853008.412160001,0.3832,257
1560,0.0,420119.59822,5853032.487380001,0.1277,278
1560,0.452,420119.53436,5853032.934400001,0.4039,278
1561,0.0,419994.3049,5853126.872460001,0.1277,93
1561,0.452,419994.75192,5853126.936320001,0.6386,93
1562,0.0,420095.07598,5853070.80338,0.3832,239
1562,0.452,420095.13984,5853071.250400001,0.1277,239
1563,0.0,420008.60954000003,5853102.35022,0.2554,85
1563,0.452,420008.6734,5853102.797240001,0.2554,85
1564,0.0,420057.46244000003,5853096.028080001,0.5266,66
1564,0.452,420057.39858,5853096.4751,0.5266,66
1565,0.0,420123.74912,5853152.033300001,0.2554,524
1565,0.452,420123.30210000003,5853152.097160001,0.4605,524
1566,0.0,419926.9326,5853183.13312,0.3832,561
1566,0.452,419926.86874,5853183.580140001,0.4039,561
1567,0.0,420049.03292,5853202.546560001,0.2856,38
1567,0.452,420049.09678,5853202.9935800005,0.1277,38
1568,0.0,420093.79878,5853084.72486,0.2554,54
1568,0.452,420093.47948,5853085.044160001,0.1277,54
1569,0.0,420233.84376,5853157.844560001,0.1806,435
1569,0.452,420233.7799,5853158.291580001,0.3832,435
1570,0.0,420149.99558,5853147.946260001,0.2856,438
1570,0.452,420149.93172,5853148.39328,0.1277,438
1571,0.0,420194.95302,5853061.352100001,0.6386,1121
1571,0.452,420194.88916,5853061.799120001,0.1277,1121
1572,0.0,420178.09398,5853195.202660001,0.5109,434
1572,0.452,420177.77468000003,5853195.5219600005,0.1277,434
1573,0.0,420047.11712,5853027.825600001,0.2856,321
1573,0.452,420046.6701,5853027.889460001,0.1277,321
1574,0.0,419872.77932000003,5853169.147780001,0.2856,124
1574,0.452,419872.84318,5853169.594800001,0.1277,124
1575,0.0,419880.69796,5853103.627420001,0.3832,134
1575,0.452,419880.76182,5853104.074440001,0.1277,134
1576,0.0,420073.10814,5853180.323280001,0.5109,556
1576,0.452,420073.04428000003,5853180.770300001,0.5266,556
1577,0.0,420147.2496,5852968.371940001,0.3832,262
1577,0.452,420147.18574,5852968.818960001,0.1277,262
1578,0.0,419966.58966,5853065.566860001,0.5266,179
1578,0.452,419966.27036,5853065.886160001,0.1277,179
1579,0.0,420020.10434,5853063.587200001,0.3832,363
1579,0.452,420020.1682,5853064.034220001,0.3832,363
1580,0.0,419933.9572,5853084.469420001,0.6386,175
1580,0.452,419933.89334,5853084.916440001,0.1277,175
1581,0.0,419922.01538,5853074.187960001,0.3612,143
1581,0.452,419921.69608,5853074.507260001,0.1277,143
1582,0.0,419994.36876,5853196.990740001,0.5712,72
1582,0.452,419994.04946,5853197.310040001,0.1277,72
1583,0.0,419883.44394,5853096.411240001,0.2554,134
1583,0.452,419883.12464,5853096.730540001,0.2856,134
1584,0.0,419950.36922,5853171.893760001,0.5266,565
1584,0.452,419950.43308,5853172.340780001,0.2554,565
1585,0.0,420331.93272,5853356.704600001,0.5712,712
1585,0.452,420331.61342,5853357.0239,0.1277,712
1586,0.0,420039.58164,5852971.054060001,0.1806,402
1586,0.452,420039.51778,5852971.501080001,0.5712,402
1587,0.0,419919.46098000003,5853081.404140001,0.6386,148
1587,0.452,419919.14168,5853081.723440001,0.1277,148
1588,0.0,420132.75338,5853086.576800001,0.1806,546
1588,0.452,420132.43408,5853086.8961000005,0.1806,546
1589,0.0,419996.60386000003,5853009.8809400005,0.5266,396
1589,0.452,419996.66772,5853010.32796,0.1277,396
1590,0.0,419879.74006,5853111.546060001,0.1277,113
1590,0.452,419879.42076,5853111.865360001,0.4039,113
1591,0.0,420024.51068,5853033.700720001,0.5266,375
1591,0.452,420024.19138000003,5853034.020020001,0.1277,375
1592,0.0,420109.31676,5853032.168080001,0.2554,252
1592,0.452,420109.38062,5853032.615100001,0.1277,252
1593,0.0,420086.45488000003,5853024.82418,0.4039,317
1593,0.452,420086.9019,5853024.888040001,0.1277,317
1594,0.0,420045.00974,5853049.218700001,0.1806,350
1594,0.452,420044.69044000003,5853049.538000001,0.1806,350
1595,0.0,419987.08872,5853137.473220001,0.5712,92
1595,0.452,419987.15258,5853137.920240001,0.1277,92
1596,0.0,419874.43968,5853154.396120001,0.1277,110
1596,0.452,419873.99266,5853154.459980001,0.3612,110
1597,0.0,419960.58682,5853193.095280001,0.2554,70
1597,0.452,419960.52296000003,5853193.542300001,0.1277,70
1598,0.0,420125.40948000003,5853065.758440001,0.3612,236
1598,0.452,420125.09018,5853066.077740001,0.4039,236
1599,0.0,419796.78592,5853125.850700001,0.5266,125
1599,0.452,419796.84978,5853126.297720001,0.1277,125
1600,0.0,420332.31588,5853319.346500001,0.6878,724
1600,0.452,420332.37974,5853319.793520001,0.1277,724
1601,0.0,420122.85508,5853001.068260001,0.5712,259
1601,0.452,420122.91894,5853001.515280001,0.1277,259
1602,0.0,420121.067,5853150.819960001,0.3612,527
1602,0.452,420121.3863,5853151.139260001,0.3612,527
1603,0.0,420104.20796,5853105.160060001,0.4039,48
1603,0.452,420104.14410000003,5853105.60708,0.1277,48
1604,0.0,419880.57024000003,5853076.933940001,0.3832,152
1604,0.452,419880.6341,5853077.380960001,0.3832,152
1605,0.0,420118.1933,5853020.54556,0.1806,251
1605,0.452,420118.12944,5853020.992580001,0.2554,251
1606,0.0,420095.65072000003,5853005.091440001,0.5266,308
1606,0.452,420096.09774,5853005.155300001,0.2554,308
1607,0.0,420352.94266,5853276.879600001,0.3612,740
1607,0.452,420352.8788,5853277.32662,0.1277,740
1608,0.0,420086.45488000003,5853052.858720001,0.1806,326
1608,0.452,420086.00786,5853052.922580001,0.1277,327
1609,0.0,420098.84372,5852946.020940001,0.1277,289
1609,0.452,420098.52442000003,5852946.340240001,0.5109,289
1610,0.0,420097.88582,5853060.458060001,0.3832,239
1610,0.452,420097.94968,5853060.905080001,0.2554,239
1611,0.0,419876.73864,5853115.313800001,0.3832,134
1611,0.452,419876.8025,5853115.76082,0.1277,134
1612,0.0,420132.05092,5853087.087680001,0.2554,546
1612,0.452,420131.98706,5853087.534700001,0.1277,546
1613,0.0,420371.46206,5853350.510180001,0.5266,720
1613,0.452,420371.52592,5853350.957200001,0.1277,720
1614,0.0,420003.18144,5853039.895140001,0.3612,190
1614,0.452,420002.86214,5853040.214440001,0.3612,190
1615,0.0,420085.56084,5853049.92116,0.3832,325
1615,0.452,420085.49698,5853050.368180001,0.2554,325
1616,0.0,420052.67294,5853057.712080001,0.5109,339
1616,0.452,420052.7368,5853058.159100001,0.2554,339
1617,0.0,419937.21406,5853118.506800001,0.4039,105
1617,0.452,419937.15020000003,5853118.95382,0.1277,105
1618,0.0,419860.26276,5853143.923080001,0.3612,112
1618,0.452,419860.1989,5853144.370100001,0.1277,112
1619,0.0,420301.08834,5853346.997880001,0.5266,610
1619,0.452,420301.1522,5853347.4449000005,0.1277,610
1620,0.0,419974.76374,5853038.362500001,0.5109,390
1620,0.452,419974.8276,5853038.809520001,0.6386,390
1621,0.0,420088.94542,5853114.292040001,0.5109,430
1621,0.452,420088.62612000003,5853114.611340001,0.1277,430
1622,0.0,420139.45868,5853037.787760001,0.2856,276
1622,0.452,420139.01166,5853037.851620001,0.1277,276
1623,0.0,420121.57788,5853055.8601400005,0.3612,233
1623,0.452,420121.25858,5853056.179440001,0.1277,233
1624,0.0,420318.01124,5853312.449620001,0.3832,708
1624,0.452,420317.94738,5853312.896640001,0.2554,708
1625,0.0,420201.65832,5853176.300100001,0.3832,439
1625,0.452,420201.59446,5853176.74712,0.1277,439
1626,0.0,420099.3546,5852961.922080001,0.5266,292
1626,0.452,420099.41846,5852962.369100001,0.1277,292
1627,0.0,419992.00594,5853096.347380001,0.3832,100
1627,0.452,419991.94208,5853096.794400001,0.5266,100
1628,0.0,420036.32478,5853026.484540001,0.1806,367
1628,0.452,420036.00548,5853026.803840001,0.2856,367
1629,0.0,419833.12226000003,5853181.983640001,0.3612,122
1629,0.452,419833.0584,5853182.430660001,0.1277,122
1630,0.0,420071.00076,5853087.854000001,0.3612,63
1630,0.452,420070.68146,5853088.173300001,0.2554,63
1631,0.0,420058.99508,5853191.690360001,0.4605,549
1631,0.452,420058.93122,5853192.137380001,0.1277,549
1632,0.0,420019.97662000003,5853060.1387600005,0.3612,424
1632,0.452,420020.04048,5853060.585780001,0.5712,424
1633,0.0,420130.9653,5853014.60658,0.3612,267
1633,0.452,420130.646,5853014.925880001,0.1277,267
1634,0.0,420325.99374,5853346.9340200005,0.4039,609
1634,0.452,420325.92988,5853347.381040001,0.1277,609
1635,0.0,419888.74432,5853115.122220001,0.4039,135
1635,0.452,419888.29730000003,5853115.18608,0.1806,135
1636,0.0,419990.40944,5853054.455220001,0.2856,189
1636,0.452,419990.09014,5853054.77452,0.1277,189
1637,0.0,419880.12322,5853074.507260001,0.3832,152
1637,0.452,419880.05936,5853074.954280001,0.1277,152
1638,0.0,420034.91986,5853020.481700001,0.3832,373
1638,0.452,420034.98372,5853020.928720001,0.2856,373
1639,0.0,420095.13984,5853167.10426,0.1277,555
1639,0.452,420094.82054,5853167.423560001,0.2554,555
1640,0.0,419994.24104,5853021.56732,0.5109,397
1640,0.452,419994.17718,5853022.014340001,0.4605,397
1641,0.0,420234.35464000003,5853167.231980001,0.7663,435
1641,0.452,420234.03534,5853167.551280001,0.2554,435
1642,0.0,420042.64692,5853063.714920001,0.4039,348
1642,0.452,420042.58306000003,5853064.161940001,0.1277,348
1643,0.0,420009.69516,5853224.322820001,0.7225,31
1643,0.452,420009.24814,5853224.38668,0.4039,31
1644,0.0,420104.27182,5852930.1198,0.2554,289
1644,0.452,420104.33568,5852930.566820001,0.1277,289
1645,0.0,420106.50692,5853115.888540001,0.2856,40
1645,0.452,420106.44306,5853116.3355600005,0.2554,40
1646,0.0,420034.15354,5853033.38142,0.2554,367
1646,0.452,420034.2174,5853033.828440001,0.1277,367
1647,0.0,420385.63898,5853229.942500001,0.2554,772
1647,0.452,420385.57512,5853230.389520001,0.4039,772
1648,0.0,420092.26614,5853089.00348,0.4039,431
1648,0.452,420091.94684,5853089.322780001,0.1277,431
1649,0.0,420002.28740000003,5853173.873420001,0.2554,72
1649,0.452,420002.22354,5853174.320440001,0.3832,72
1650,0.0,419904.70932,5853094.750880001,0.5712,142
1650,0.452,419904.77318,5853095.197900001,0.1277,142
1651,0.0,420075.98184,5853142.582020001,0.4605,1014
1651,0.452,420075.91798,5853143.02904,0.3612,1014
1652,0.0,420178.15784,5853069.015300001,0.4605,194
1652,0.452,420177.83854,5853069.334600001,0.1277,194
1653,0.0,420141.94922,5853077.189380001,0.2554,206
1653,0.452,420142.01308,5853077.636400001,0.2554,206
1654,0.0,420136.77656,5852976.226720001,0.5109,263
1654,0.452,420136.45726,5852976.546020001,0.1277,263
1655,0.0,420005.35268,5853013.137800001,0.5266,399
1655,0.452,420005.03338,5853013.457100001,0.1277,399
1656,0.0,420037.98514,5853124.254200001,0.1277,599
1656,0.452,420037.66584000003,5853124.573500001,0.3612,599
1657,0.0,419993.347,5853031.018600001,0.4605,385
1657,0.452,419993.02770000004,5853031.337900001,0.5419,385
1658,0.0,420022.27558,5853099.987400001,0.1277,78
1658,0.452,420022.21172,5853100.434420001,0.2554,78
1659,0.0,420343.49138,5853275.73012,0.4039,739
1659,0.452,420343.17208,5853276.049420001,0.1277,739
1660,0.0,420200.95586,5853052.411700001,0.6386,1121
1660,0.452,420200.892,5853052.858720001,0.2554,1121
1661,0.0,420029.49176,5853175.342200001,0.5266,74
1661,0.452,420029.17246000003,5853175.6615,0.1277,74
1662,0.0,419822.90466,5853093.2821,0.5712,128
1662,0.452,419822.96852,5853093.729120001,0.1277,128
1663,0.0,420035.68618,5853155.8649,0.1806,74
1663,0.452,420035.36688,5853156.184200001,0.2554,74
1664,0.0,420052.80066,5853056.243300001,0.4605,338
1664,0.452,420052.48136000003,5853056.562600001,0.3612,338
1665,0.0,419921.31292,5853210.082040001,0.2856,1007
1665,0.452,419920.99362,5853210.401340001,0.2856,1007
1666,0.0,420143.35414,5853082.681340001,0.3832,202
1666,0.452,420143.29028,5853083.12836,0.1277,202
1667,0.0,419979.04236,5853090.855420001,0.5109,182
1667,0.452,419979.10622,5853091.302440001,0.1277,182
1668,0.0,420231.73638,5853165.124600001,0.4039,436
1668,0.452,420231.67252,5853165.5716200005,0.1277,436
1669,0.0,419813.32566000003,5853099.284940001,0.4039,127
1669,0.452,419813.2618,5853099.7319600005,0.1277,127
1670,0.0,419977.31814,5853169.977960001,0.6878,568
1670,0.452,419977.25428,5853170.424980001,0.2554,568
1671,0.0,420173.30448,5853114.547480001,0.4605,191
1671,0.452,420172.98518,5853114.866780001,0.1277,191
1672,0.0,420058.99508,5853120.231020001,0.2554,5
1672,0.452,420058.67578,5853120.55032,0.2554,5
1673,0.0,420036.70794,5853153.75752,0.1277,74
1673,0.452,420036.64408,5853154.204540001,0.2554,74
1674,0.0,420328.22884,5853243.033800001,0.1277,751
1674,0.452,420327.90954,5853243.353100001,0.4605,751
1675,0.0,419904.19844,5853076.806220001,0.2856,141
1675,0.452,419904.13458,5853077.25324,0.4039,141
1676,0.0,419953.94538,5853174.57588,0.5712,566
1676,0.452,419954.00924,5853175.022900001,0.2554,566
1677,0.0,420168.45112,5853077.572540001,0.3612,195
1677,0.452,420168.51498,5853078.019560001,0.1277,195
1678,0.0,420124.06842,5853009.114620001,0.1277,256
1678,0.452,420124.13228,5853009.561640001,0.3832,256
1679,0.0,420013.59062000003,5853064.608960001,0.2856,362
1679,0.452,420013.27132,5853064.92826,0.1277,362
1680,0.0,420052.22592,5853032.551240001,0.2554,345
1680,0.452,420052.28978,5853032.998260001,0.1277,345
1681,0.0,419998.90282,5853039.128820001,0.3612,381
1681,0.452,419998.83896,5853039.575840001,0.2554,381
1682,0.0,420050.31012,5853203.696040001,0.3612,45
1682,0.452,420050.24626,5853204.143060001,0.2554,45
1683,0.0,419984.02344,5853035.5526600005,0.4605,385
1683,0.452,419983.57642,5853035.616520001,0.6386,385
1684,0.0,420011.29166,5853097.04984,0.2856,86
1684,0.452,420011.2278,5853097.496860001,0.1277,86
1685,0.0,420371.01504,5853182.813820001,0.2554,782
1685,0.452,420370.95118000003,5853183.260840001,0.1277,782
1686,0.0,420079.30256,5853223.556500001,0.3612,554
1686,0.452,420078.98326,5853223.8758000005,0.1277,554
1687,0.0,420342.91664,5853353.958620001,0.3612,715
1687,0.452,420342.59734,5853354.277920001,0.1277,715
1688,0.0,420128.28318,5853135.0465400005,0.2856,33
1688,0.452,420128.21932000003,5853135.493560001,0.1277,33
1689,0.0,420077.57834,5853106.1818200005,0.3612,516
1689,0.452,420077.51448,5853106.62884,0.3612,516
1690,0.0,420050.62942,5853070.420220001,0.3612,330
1690,0.452,420050.56556,5853070.8672400005,0.1277,330
1691,0.0,420046.6701,5853176.044660001,0.5266,1117
1691,0.452,420046.60624,5853176.491680001,0.3832,1117
1692,0.0,420078.6001,5853172.532360001,0.1806,556
1692,0.452,420078.2808,5853172.851660001,0.1277,556
1693,0.0,419997.30632000003,5853086.065920001,0.4039,185
1693,0.452,419996.98702,5853086.3852200005,0.1277,185
1694,0.0,419982.8101,5853224.195100001,0.2856,21
1694,0.452,419982.74624,5853224.642120001,0.1277,21
1695,0.0,420043.98798000003,5853025.526640001,0.2856,368
1695,0.452,420043.92412,5853025.973660001,0.4605,368
1696,0.0,420058.35648,5853020.801000001,0.2554,321
1696,0.452,420057.90946,5853020.864860001,0.2856,321
1697,0.0,419965.18474,5853207.399920001,0.3612,547
1697,0.452,419965.2486,5853207.846940001,0.1277,547
1698,0.0,420004.45864,5853121.380500001,0.2856,85
1698,0.452,420004.5225,5853121.827520001,0.1277,85
1699,0.0,420038.049,5853184.21874,0.6386,583
1699,0.452,420037.7297,5853184.538040001,0.4605,583
1700,0.0,420050.05468,5853206.442020001,0.2856,42
1700,0.452,420049.73538,5853206.7613200005,0.1277,42
1701,0.0,420105.22972,5853072.016720001,0.3832,230
1701,0.452,420105.29358,5853072.4637400005,0.1277,230
1702,0.0,419972.65636,5853222.151580001,0.3832,11
1702,0.452,419972.72022,5853222.598600001,0.2554,11
1703,0.0,419931.21122,5853111.865360001,0.5712,107
1703,0.452,419930.89192,5853112.184660001,0.1277,107
1704,0.0,419870.35264,5853131.342660001,0.4605,113
1704,0.452,419870.4165,5853131.78968,0.1277,113
1705,0.0,419999.0944,5853016.841680001,0.4039,398
1705,0.452,419999.15826,5853017.2887,0.1277,398
1706,0.0,420036.64408,5853097.688440001,0.2856,84
1706,0.452,420036.19706000003,5853097.752300001,0.1277,84
1707,0.0,420319.22458,5853202.227260001,0.3832,780
1707,0.452,420319.28844000003,5853202.674280001,0.1277,780
1708,0.0,420337.10538,5853228.920740001,0.3832,758
1708,0.452,420337.16924,5853229.367760001,0.1277,758
1709,0.0,419957.01066,5853038.17092,0.6386,170
1709,0.452,419957.07452,5853038.617940001,0.1277,170
1710,0.0,419998.83896,5853183.963300001,0.2856,72
1710,0.452,419998.51966,5853184.2826000005,0.1277,72
1711,0.0,420090.0949,5853163.91126,0.1277,591
1711,0.452,420089.64788,5853163.975120001,0.2554,591
1712,0.0,419921.12134,5853074.634980001,0.1277,148
1712,0.452,419920.67432,5853074.698840001,0.2856,143
1713,0.0,419997.94492,5853144.306240001,0.6386,94
1713,0.452,419997.4979,5853144.370100001,0.1806,94
1714,0.0,419983.32098,5853035.935820001,0.3832,385
1714,0.452,419983.25712,5853036.382840001,0.1277,385
1715,0.0,419983.06554,5853072.016720001,0.4039,186
1715,0.452,419983.12940000003,5853072.4637400005,0.1277,186
1716,0.0,420385.70284,5853214.041360001,0.4605,776
1716,0.447,420385.25582,5853214.041360001,0.1277,776
1717,0.0,419877.50496,5853066.716340001,0.2554,154
1717,0.447,419877.50496,5853067.163360001,0.3832,154
1718,0.0,420071.06462,5853133.4500400005,0.1277,9
1718,0.447,420071.06462,5853133.897060001,0.3832,9
1719,0.0,420020.29592,5853060.841220001,0.6386,363
1719,0.447,420020.29592,5853061.288240001,0.4605,363
1720,0.0,420035.04758,5853042.130240001,0.1277,365
1720,0.447,420034.60056,5853042.130240001,0.2554,365
1721,0.0,419929.10384,5853094.303860001,0.2554,106
1721,0.447,419929.10384,5853094.750880001,0.2554,106
