stem_id,station_m,x,y,diameter_m,gt_tree_id
1,0.0,419901.7748760995,5853102.467263168,0.6909,13
1,0.5,419901.4728947009,5853102.869905033,0.5694,13
1,1.0,419901.1709133022,5853103.272546898,0.4502,13
1,1.5,419900.9360388811,5853103.708742252,0.4502,13
1,2.0,419900.7011644599,5853104.144937605,0.4244,13
1,2.5,419900.43273655005,5853104.54757947,0.4839,13
1,3.0,419900.13075515145,5853104.950221335,0.6331,13
1,3.5,419899.8623272416,5853105.386416689,0.6909,13
1,4.0,419899.5603458429,5853105.789058553,0.7503,13
1,4.5,419899.29191793303,5853106.225253907,0.7134,13
1,5.0,419898.98993653443,5853106.6278957715,0.7134,13
1,5.5,419898.6879551358,5853107.030537636,0.6609,13
1,6.0,419898.4195272259,5853107.433179501,0.6187,13
1,6.5,419898.151099316,5853107.8693748545,0.6331,13
1,7.0,419897.91622489487,5853108.3055702085,0.7228,13
1,7.5,419897.6813504737,5853108.7417655615,0.8191,13
1,8.0,419897.41292256385,5853109.144407427,0.8191,13
1,8.5,419897.14449465397,5853109.58060278,0.875,13
1,9.0,419896.84251325537,5853109.983244645,0.875,13
1,9.5,419896.5405318567,5853110.38588651,0.8541,13
1,10.0,419896.27210394683,5853110.788528374,0.8408,13
1,10.5,419896.00367603695,5853111.19117024,0.949,13
1,11.0,419895.66814114957,5853111.593812104,0.9003,13
1,11.5,419895.36615975096,5853111.996453969,0.875,13
1,12.0,419895.0977318411,5853112.399095834,0.875,13
1,12.5,419894.8293039312,5853112.835291187,0.7592,13
1,13.0,419894.52732253255,5853113.237933053,0.7503,13
1,13.5,419894.22534113395,5853113.640574917,0.7134,13
1,14.0,419893.92335973535,5853114.009663293,0.7259,13
1,14.5,419893.62137833674,5853114.412305158,0.7259,13
1,15.0,419893.3193969381,5853114.814947023,0.7134,13
1,15.5,419893.0174155395,5853115.217588888,0.7134,13
1,16.0,419892.7154341409,5853115.620230753,0.6711,13
1,16.5,419892.3798992535,5853115.989319129,0.6711,13
1,17.0,419892.0779178549,5853116.391960993,0.6711,13
1,17.5,419891.7759364562,5853116.794602858,0.6909,13
1,18.0,419891.50750854635,5853117.197244723,0.7503,13
1,18.5,419891.20552714774,5853117.599886588,0.7592,13
1,19.0,419890.90354574914,5853118.002528453,0.7592,13
1,19.5,419890.6015643505,5853118.405170318,0.7592,13
1,20.0,419890.26602946315,5853118.774258694,0.6909,13
1,20.5,419889.96404806455,5853119.176900558,0.7134,13
1,21.0,419889.6620666659,5853119.579542424,0.7134,13
1,21.5,419889.3600852673,5853119.9486308,0.7134,13
1,22.0,419889.0245503799,5853120.351272664,0.6909,13
1,22.5,419888.7225689813,5853120.753914529,0.6643,13
1,23.0,419888.38703409396,5853121.123002905,0.6643,13
1,23.5,419888.0850526953,5853121.52564477,0.6909,13
1,24.0,419887.7830712967,5853121.928286635,0.6643,13
1,24.5,419887.44753640937,5853122.297375011,0.6609,13
1,25.0,419887.1455550107,5853122.700016876,0.6711,13
1,25.5,419886.8435736121,5853123.10265874,0.6643,13
1,26.0,419886.5415922135,5853123.471747117,0.6711,13
1,26.5,419886.2060573261,5853123.874388982,0.6643,13
1,27.0,419885.9040759275,5853124.277030846,0.6643,13
1,27.5,419885.6020945289,5853124.646119222,0.6331,13
1,28.0,419885.30011313024,5853125.0487610875,0.6609,13
1,28.5,419884.99813173164,5853125.451402952,0.6609,13
1,29.0,419884.69615033304,5853125.854044817,0.6643,13
1,29.5,419884.3941689344,5853126.256686682,0.6909,13
1,30.0,419884.0921875358,5853126.659328546,0.7134,13
1,30.5,419883.7902061372,5853127.028416922,0.7134,13
1,31.0,419883.4882247385,5853127.431058788,0.7134,13
1,31.5,419883.1862433399,5853127.833700652,0.6909,13
1,32.0,419882.8507084526,5853128.202789028,0.7651,13
1,32.5,419882.5487270539,5853128.605430894,0.8081,13
1,33.0,419882.2131921666,5853128.97451927,0.8408,13
2,0.0,419958.68159299524,5852928.794405472,0.1342,149
2,0.5,419959.0842348601,5852929.09638687,0.6711,149
2,1.0,419959.5875371911,5852929.163493848,0.6609,149
2,1.5,419960.0572860334,5852929.2306008255,0.6187,149
2,2.0,419960.5605883645,5852929.331261292,0.604,149
2,2.5,419961.0638906955,5852929.364814781,0.541,149
2,3.0,419961.56719302654,5852929.465475247,0.5369,149
2,3.5,419962.03694186884,5852929.499028736,0.541,149
2,4.0,419962.54024419986,5852929.566135713,0.5369,149
2,4.5,419963.0435465309,5852929.633242691,0.4745,149
2,5.0,419963.54684886197,5852929.6667961795,0.5369,149
2,5.5,419964.050151193,5852929.733903157,0.5369,149
2,6.0,419964.5199000353,5852929.801010135,0.5369,149
2,6.5,419965.0232023663,5852929.868117112,0.5369,149
2,7.0,419965.52650469734,5852929.935224089,0.5369,149
2,7.5,419966.0298070284,5852930.035884555,0.4745,149
2,8.0,419966.4995558707,5852930.102991533,0.4745,149
2,8.5,419967.00285820174,5852930.170098511,0.5111,149
2,9.0,419967.50616053276,5852930.237205488,0.5369,149
2,9.5,419968.0094628638,5852930.304312465,0.5369,149
2,10.0,419968.4792117061,5852930.371419443,0.5111,149
2,10.5,419968.9825140371,5852930.43852642,0.5369,149
2,11.0,419969.4858163682,5852930.505633398,0.5369,149
2,11.5,419969.9555652105,5852930.606293864,0.5369,149
2,12.0,419970.4588675415,5852930.70695433,0.4885,149
2,12.5,419970.96216987254,5852930.807614796,0.4697,149
2,13.0,419971.43191871484,5852930.874721774,0.4745,149
2,13.5,419971.93522104586,5852930.941828751,0.5111,149
2,14.0,419972.4385233769,5852931.042489218,0.4697,149
2,14.5,419972.94182570797,5852931.109596195,0.4745,149
2,15.0,419973.41157455026,5852931.210256661,0.4026,149
2,15.5,419973.9148768813,5852931.277363638,0.4026,149
2,16.0,419974.4181792123,5852931.344470616,0.4244,149
2,16.5,419974.8879280546,5852931.411577594,0.4082,149
2,17.0,419975.39123038563,5852931.51223806,0.4026,149
2,17.5,419975.8945327167,5852931.612898526,0.4026,149
2,18.0,419976.364281559,5852931.680005504,0.4026,149
2,18.5,419976.86758389004,5852931.7806659695,0.4026,149
2,19.0,419977.37088622106,5852931.881326436,0.3422,149
2,19.5,419977.84063506336,5852931.981986902,0.3355,149
2,20.0,419978.3439373944,5852932.04909388,0.3422,149
2,20.5,419978.8136862367,5852932.149754345,0.3355,149
2,21.0,419979.3169885677,5852932.250414812,0.3001,149
2,21.5,419979.8202908988,5852932.317521789,0.3355,149
2,22.0,419980.2900397411,5852932.384628767,0.2767,149
2,22.5,419980.7933420721,5852932.485289233,0.2684,149
2,23.0,419981.29664440313,5852932.552396211,0.2684,149
2,23.5,419981.79994673416,5852932.619503188,0.2684,149
2,24.0,419982.26969557645,5852932.720163655,0.2684,149
2,24.5,419982.77299790754,5852932.787270632,0.2767,149
2,25.0,419983.27630023856,5852932.854377609,0.2767,149
2,25.5,419983.7796025696,5852932.921484587,0.2684,149
2,26.0,419984.2493514119,5852932.955038075,0.2767,149
2,26.5,419984.7526537429,5852933.022145052,0.2684,149
2,27.0,419985.25595607393,5852933.055698542,0.2684,149
2,27.5,419985.759258405,5852933.122805519,0.2684,149
3,0.0,419775.7144189194,5853027.743643754,0.4502,58
3,0.5,419776.1841677617,5853027.877857708,0.4082,58
3,1.0,419776.68747009273,5853028.0120716635,0.4026,58
3,1.5,419777.157218935,5853028.079178641,0.4026,58
3,2.0,419777.6605212661,5853028.179839107,0.4244,58
3,2.5,419778.16382359713,5853028.314053062,0.3913,58
3,3.0,419778.63357243943,5853028.414713528,0.3913,58
3,3.5,419779.1033212817,5853028.548927483,0.3614,58
3,4.0,419779.60662361275,5853028.683141438,0.3422,58
3,4.5,419780.07637245505,5853028.783801905,0.3614,58
3,5.0,419780.5796747861,5853028.918015859,0.3913,58
3,5.5,419781.04942362837,5853029.085783303,0.3614,58
3,6.0,419781.51917247067,5853029.2535507465,0.3913,58
3,6.5,419781.95536782424,5853029.45487168,0.3913,58
3,7.0,419782.45867015526,5853029.622639123,0.3913,58
3,7.5,419782.92841899756,5853029.756853078,0.3614,58
3,8.0,419783.3981678399,5853029.924620521,0.3422,58
3,8.5,419783.8679166822,5853030.092387965,0.3001,58
3,9.0,419784.3376655245,5853030.193048432,0.3422,58
3,9.5,419784.84096785553,5853030.327262387,0.3614,58
3,10.0,419785.31071669783,5853030.461476341,0.3614,58
3,10.5,419785.81401902885,5853030.595690296,0.3614,58
3,11.0,419786.28376787115,5853030.76345774,0.3422,58
3,11.5,419786.75351671345,5853030.897671695,0.3913,58
3,12.0,419787.22326555575,5853031.03188565,0.3614,58
3,12.5,419787.72656788677,5853031.166099605,0.3614,58
3,13.0,419788.19631672907,5853031.300313559,0.3614,58
3,13.5,419788.69961906015,5853031.367420537,0.3355,58
3,14.0,419789.1358144137,5853031.56874147,0.3355,58
3,14.5,419789.605563256,5853031.770062402,0.3001,58
3,15.0,419790.0753120983,5853031.937829846,0.3355,58
3,15.5,419790.5450609406,5853032.105597289,0.3614,58
3,16.0,419791.0148097829,5853032.273364733,0.3422,58
3,16.5,419791.4845586252,5853032.441132177,0.3355,58
3,17.0,419791.9543074675,5853032.60889962,0.3355,58
3,17.5,419792.4240563098,5853032.810220553,0.242,58
3,18.0,419792.86025166337,5853033.045094974,0.242,58
3,18.5,419793.33000050567,5853033.246415907,0.242,58
3,19.0,419793.79974934796,5853033.41418335,0.2767,58
3,19.5,419794.23594470153,5853033.6155042825,0.2122,58
3,20.0,419794.70569354383,5853033.783271726,0.2013,58
3,20.5,419795.20899587485,5853033.917485681,0.2684,58
3,21.0,419795.67874471715,5853034.085253125,0.2684,58
3,21.5,419796.14849355945,5853034.253020569,0.2013,58
3,22.0,419796.61824240175,5853034.387234523,0.2684,58
3,22.5,419797.08799124404,5853034.521448478,0.242,58
3,23.0,419797.55774008634,5853034.72276941,0.2122,58
3,23.5,419797.9939354399,5853034.957643832,0.242,58
3,24.0,419798.4301307935,5853035.192518253,0.2122,58
3,24.5,419798.8998796358,5853035.427392675,0.1898,58
3,25.0,419799.33607498935,5853035.628713607,0.2122,58
3,25.5,419799.80582383164,5853035.796481051,0.2013,58
3,26.0,419800.27557267394,5853035.997801983,0.2013,58
3,26.5,419800.74532151624,5853036.199122915,0.0671,58
4,0.0,419932.17433689407,5853138.537263559,0.541,39
4,0.5,419932.4092113152,5853138.973458912,0.4839,39
4,1.0,419932.6776392251,5853139.376100778,0.5241,39
4,1.5,419932.94606713497,5853139.812296131,0.5241,39
4,2.0,419933.21449504484,5853140.248491485,0.5111,39
4,2.5,419933.4829229547,5853140.684686838,0.5111,39
4,3.0,419933.75135086465,5853141.087328703,0.5111,39
4,3.5,419934.0197787745,5853141.523524056,0.4745,39
4,4.0,419934.32176017313,5853141.892612433,0.5694,39
4,4.5,419934.62374157173,5853142.295254298,0.5773,39
4,5.0,419934.8586159929,5853142.731449651,0.4244,39
4,5.5,419935.16059739154,5853143.134091516,0.4502,39
4,6.0,419935.4961322789,5853143.5367333805,0.4745,39
4,6.5,419935.79811367753,5853143.939375246,0.4839,39
4,7.0,419936.0665415874,5853144.34201711,0.5241,39
4,7.5,419936.368522986,5853144.744658975,0.6002,39
4,8.0,419936.6369508959,5853145.14730084,0.6002,39
4,8.5,419936.90537880576,5853145.583496193,0.541,39
4,9.0,419937.2073602044,5853145.986138059,0.5734,39
4,9.5,419937.4757881143,5853146.388779923,0.6609,39
4,10.0,419937.7777695129,5853146.791421788,0.6609,39
4,10.5,419938.07975091157,5853147.194063653,0.6187,39
4,11.0,419938.38173231017,5853147.596705518,0.5773,39
4,11.5,419938.6837137088,5853147.999347382,0.5694,39
4,12.0,419938.9856951074,5853148.401989248,0.4839,39
4,12.5,419939.28767650604,5853148.804631112,0.4745,39
4,13.0,419939.5561044159,5853149.207272977,0.4502,39
4,13.5,419939.8245323258,5853149.643468331,0.4297,39
4,14.0,419940.1265137244,5853150.046110195,0.5111,39
4,14.5,419940.42849512305,5853150.4487520605,0.5241,39
4,15.0,419940.6969230329,5853150.851393925,0.4502,39
4,15.5,419940.99890443153,5853151.2540357895,0.4297,39
4,16.0,419941.3008858302,5853151.656677655,0.3796,39
4,16.5,419941.6028672288,5853152.059319519,0.3913,39
4,17.0,419941.87129513867,5853152.461961384,0.3913,39
4,17.5,419942.20683002606,5853152.831049761,0.3796,39
4,18.0,419942.5423649134,5853153.233691625,0.3796,39
4,18.5,419942.77723933454,5853153.63633349,0.3355,39
4,19.0,419943.0456672444,5853154.072528844,0.3614,39
4,19.5,419943.3476486431,5853154.475170708,0.4745,39
4,20.0,419943.6496300417,5853154.877812574,0.4297,39
4,20.5,419943.9516114403,5853155.280454438,0.3796,39
4,21.0,419944.2535928389,5853155.649542814,0.3355,39
4,21.5,419944.5220207488,5853156.085738168,0.3001,39
4,22.0,419944.7904486587,5853156.521933521,0.2767,39
4,22.5,419945.05887656857,5853156.924575387,0.3355,39
4,23.0,419945.32730447844,5853157.36077074,0.3614,39
4,23.5,419945.5957323883,5853157.796966094,0.3796,39
4,24.0,419945.897713787,5853158.1660544695,0.2847,39
4,24.5,419946.16614169686,5853158.602249823,0.2122,39
4,25.0,419946.43456960673,5853159.038445177,0.242,39
4,25.5,419946.6694440279,5853159.4746405305,0.2767,39
4,26.0,419946.93787193776,5853159.877282395,0.0671,39
5,0.0,419771.1175909626,5853202.657980533,0.6187,7
5,0.5,419771.5873398049,5853202.825747977,0.6609,7
5,1.0,419772.0570886472,5853203.027068909,0.6609,7
5,1.5,419772.4932840008,5853203.2283898415,0.6002,7
5,2.0,419772.9630328431,5853203.429710774,0.5734,7
5,2.5,419773.4327816854,5853203.597478217,0.6002,7
5,3.0,419773.9025305277,5853203.79879915,0.6002,7
5,3.5,419774.33872588124,5853204.000120083,0.5534,7
5,4.0,419774.80847472354,5853204.167887527,0.5534,7
5,4.5,419775.27822356584,5853204.33565497,0.6002,7
5,5.0,419775.74797240813,5853204.5369759025,0.5734,7
5,5.5,419776.21772125043,5853204.704743346,0.5534,7
5,6.0,419776.68747009273,5853204.906064278,0.541,7
5,6.5,419777.157218935,5853205.073831722,0.541,7
5,7.0,419777.6269677773,5853205.241599166,0.541,7
5,7.5,419778.0631631309,5853205.442920098,0.4745,7
5,8.0,419778.5329119732,5853205.610687542,0.4885,7
5,8.5,419779.0026608155,5853205.7784549855,0.5111,7
5,9.0,419779.4724096578,5853205.979775918,0.541,7
5,9.5,419779.9421585001,5853206.147543361,0.5534,7
5,10.0,419780.41190734244,5853206.315310805,0.5534,7
5,10.5,419780.88165618473,5853206.483078249,0.5111,7
5,11.0,419781.35140502703,5853206.6508456925,0.4745,7
5,11.5,419781.8211538693,5853206.818613136,0.4502,7
5,12.0,419782.2909027116,5853206.98638058,0.4697,7
5,12.5,419782.7606515539,5853207.154148024,0.4502,7
5,13.0,419783.26395388495,5853207.25480849,0.4026,7
5,13.5,419783.73370272724,5853207.456129422,0.4502,7
5,14.0,419784.1698980808,5853207.657450355,0.4244,7
5,14.5,419784.6396469231,5853207.892324775,0.4839,7
5,15.0,419785.0758422767,5853208.060092219,0.4502,7
5,15.5,419785.5791446077,5853208.160752686,0.4082,7
5,16.0,419786.04889345,5853208.294966641,0.3422,7
5,16.5,419786.552195781,5853208.429180596,0.3614,7
5,17.0,419787.0219446233,5853208.56339455,0.3913,7
5,17.5,419787.4916934656,5853208.731161994,0.3913,7
5,18.0,419787.9278888192,5853208.966036416,0.3614,7
5,18.5,419788.3976376615,5853209.167357348,0.3355,7
5,19.0,419788.83383301506,5853209.36867828,0.3001,7
5,19.5,419789.3371353461,5853209.536445724,0.3355,7
5,20.0,419789.80688418844,5853209.670659679,0.3422,7
5,20.5,419790.27663303073,5853209.804873634,0.3614,7
5,21.0,419790.74638187303,5853209.972641078,0.3355,7
5,21.5,419791.21613071533,5853210.1404085215,0.3355,7
5,22.0,419791.71943304635,5853210.17396201,0.4026,7
5,22.5,419792.2227353774,5853210.207515499,0.3355,7
5,23.0,419792.6924842197,5853210.308175965,0.3001,7
5,23.5,419793.1957865507,5853210.442389919,0.3355,7
5,24.0,419793.665535393,5853210.610157363,0.2767,7
5,24.5,419794.10173074657,5853210.845031785,0.3001,7
5,25.0,419794.53792610014,5853211.079906206,0.2684,7
6,0.0,419934.2546531957,5853163.299738246,0.242,33
6,0.5,419934.62374157173,5853163.635273133,0.4502,33
6,1.0,419934.9257229704,5853164.004361509,0.4502,33
6,1.5,419935.227704369,5853164.440556863,0.4297,33
6,2.0,419935.5296857676,5853164.843198728,0.3913,33
6,2.5,419935.79811367753,5853165.245840592,0.3796,33
6,3.0,419936.10009507614,5853165.648482458,0.3614,33
6,3.5,419936.3349694973,5853166.084677811,0.3913,33
6,4.0,419936.60339740716,5853166.520873165,0.3355,33
6,4.5,419936.87182531704,5853166.923515029,0.3614,33
6,5.0,419937.1738067157,5853167.326156895,0.4244,33
6,5.5,419937.4757881143,5853167.728798759,0.4244,33
6,6.0,419937.7442160242,5853168.164994113,0.4244,33
6,6.5,419938.0461974228,5853168.567635978,0.4244,33
6,7.0,419938.34817882144,5853168.970277842,0.3913,33
6,7.5,419938.6166067313,5853169.372919708,0.4297,33
6,8.0,419938.8850346412,5853169.775561572,0.4297,33
6,8.5,419939.1870160398,5853170.178203437,0.4502,33
6,9.0,419939.48899743846,5853170.580845302,0.4297,33
6,9.5,419939.75742534833,5853171.017040655,0.4745,33
6,10.0,419940.05940674694,5853171.41968252,0.4745,33
6,10.5,419940.36138814554,5853171.822324385,0.4502,33
6,11.0,419940.6633695442,5853172.224966249,0.4297,33
6,11.5,419940.9653509428,5853172.594054625,0.3913,33
6,12.0,419941.3008858302,5853172.996696491,0.3796,33
6,12.5,419941.6028672288,5853173.365784867,0.3796,33
6,13.0,419941.9384021161,5853173.768426731,0.3913,33
6,13.5,419942.20683002606,5853174.171068597,0.3796,33
6,14.0,419942.50881142466,5853174.573710461,0.3913,33
6,14.5,419942.81079282326,5853174.976352326,0.3796,33
6,15.0,419943.1127742219,5853175.3454407025,0.3355,33
6,15.5,419943.4147556205,5853175.748082567,0.2847,33
6,16.0,419943.6831835304,5853176.184277921,0.2767,33
6,16.5,419943.9516114403,5853176.620473274,0.3001,33
6,17.0,419944.22003935016,5853177.0231151385,0.4297,33
6,17.5,419944.5220207488,5853177.425757004,0.3796,33
6,18.0,419944.8240021474,5853177.828398868,0.3614,33
6,18.5,419945.125983546,5853178.231040734,0.3913,33
6,19.0,419945.3944114559,5853178.633682598,0.4297,33
6,19.5,419945.66283936583,5853179.069877951,0.4244,33
6,20.0,419945.9312672757,5853179.472519817,0.3913,33
6,20.5,419946.1996951856,5853179.90871517,0.3614,33
6,21.0,419946.46812309546,5853180.344910524,0.3913,33
6,21.5,419946.73655100534,5853180.747552388,0.4502,33
6,22.0,419947.038532404,5853181.150194254,0.5111,33
6,22.5,419947.3405138026,5853181.552836118,0.3913,33
6,23.0,419947.6089417125,5853181.989031472,0.3913,33
6,23.5,419947.8438161336,5853182.391673337,0.3355,33
6,24.0,419948.1457975322,5853182.82786869,0.3355,33
6,24.5,419948.41422544216,5853183.230510555,0.2767,33
7,0.0,419895.53392719466,5853097.367132881,0.6744,17
7,0.5,419895.33260626224,5853097.836881722,0.4745,17
7,1.0,419895.16483881854,5853098.306630565,0.4697,17
7,1.5,419895.03062486363,5853098.776379407,0.4502,17
7,2.0,419894.89641090867,5853099.24612825,0.4244,17
7,2.5,419894.7957504425,5853099.749430581,0.4697,17
7,3.0,419894.6615364875,5853100.219179423,0.5369,17
7,3.5,419894.4937690438,5853100.688928265,0.541,17
7,4.0,419894.2924481114,5853101.158677108,0.4745,17
7,4.5,419894.12468066777,5853101.62842595,0.4839,17
7,5.0,419893.92335973535,5853102.098174792,0.4745,17
7,5.5,419893.7220388029,5853102.534370146,0.4839,17
7,6.0,419893.5207178705,5853103.004118988,0.4839,17
7,6.5,419893.3193969381,5853103.47386783,0.4502,17
7,7.0,419893.11807600566,5853103.910063184,0.4502,17
7,7.5,419892.950308562,5853104.379812026,0.4745,17
7,8.0,419892.7489876296,5853104.849560868,0.4697,17
7,8.5,419892.5812201859,5853105.3193097105,0.3913,17
7,9.0,419892.3798992535,5853105.789058553,0.4297,17
7,9.5,419892.17857832107,5853106.225253907,0.4244,17
7,10.0,419892.01081087743,5853106.695002749,0.4244,17
7,10.5,419891.84304343374,5853107.164751591,0.4244,17
7,11.0,419891.70882947877,5853107.634500434,0.4745,17
7,11.5,419891.50750854635,5853108.104249276,0.4839,17
7,12.0,419891.3397411027,5853108.573998118,0.4839,17
7,12.5,419891.10486668156,5853109.04374696,0.541,17
7,13.0,419890.90354574914,5853109.479942314,0.541,17
7,13.5,419890.7022248167,5853109.949691156,0.541,17
7,14.0,419890.534457373,5853110.419439998,0.541,17
7,14.5,419890.36668992933,5853110.889188841,0.5111,17
7,15.0,419890.1989224857,5853111.3589376835,0.5111,17
7,15.5,419890.031155042,5853111.828686525,0.541,17
7,16.0,419889.8633875983,5853112.298435368,0.5534,17
7,16.5,419889.6620666659,5853112.734630722,0.5111,17
7,17.0,419889.46074573346,5853113.204379563,0.4745,17
7,17.5,419889.2929782898,5853113.674128406,0.4839,17
7,18.0,419889.12521084613,5853114.143877248,0.5111,17
7,18.5,419888.9238899137,5853114.613626091,0.4885,17
7,19.0,419888.7225689813,5853115.049821444,0.5111,17
7,19.5,419888.48769456014,5853115.519570286,0.4502,17
7,20.0,419888.2863736277,5853115.95576564,0.4244,17
7,20.5,419888.0850526953,5853116.425514482,0.4502,17
7,21.0,419887.91728525166,5853116.8952633245,0.4244,17
7,21.5,419887.71596431924,5853117.365012167,0.4839,17
7,22.0,419887.5146433868,5853117.80120752,0.5111,17
7,22.5,419887.2797689657,5853118.237402874,0.5241,17
7,23.0,419887.0448945445,5853118.707151717,0.6002,17
7,23.5,419886.8100201234,5853119.14334707,0.2013,17
8,0.0,419847.0491359715,5853037.205727577,0.2767,55
8,0.5,419846.7136010842,5853037.574815953,0.4745,55
8,1.0,419846.3445127081,5853037.910350841,0.5241,55
8,1.5,419845.94187084323,5853038.212332239,0.4839,55
8,2.0,419845.53922897845,5853038.480760149,0.4839,55
8,2.5,419845.1030336249,5853038.749188059,0.5241,55
8,3.0,419844.70039176004,5853039.051169458,0.4839,55
8,3.5,419844.26419640647,5853039.319597367,0.5241,55
8,4.0,419843.8615545416,5853039.621578766,0.4839,55
8,4.5,419843.45891267684,5853039.890006676,0.4502,55
8,5.0,419843.056270812,5853040.191988074,0.4502,55
8,5.5,419842.65362894716,5853040.493969473,0.5111,55
8,6.0,419842.2509870823,5853040.795950872,0.5241,55
8,6.5,419841.8483452175,5853041.064378782,0.6002,55
8,7.0,419841.4457033527,5853041.36636018,0.6002,55
8,7.5,419841.04306148784,5853041.668341579,0.5773,55
8,8.0,419840.640419623,5853041.970322978,0.5694,55
8,8.5,419840.2377777582,5853042.272304377,0.5694,55
8,9.0,419839.8351358934,5853042.5742857745,0.5773,55
8,9.5,419839.43249402853,5853042.842713685,0.6002,55
8,10.0,419839.0298521637,5853043.144695084,0.6187,55
8,10.5,419838.6272102989,5853043.413122993,0.6609,55
8,11.0,419838.22456843406,5853043.715104392,0.6711,55
8,11.5,419837.8219265692,5853044.017085791,0.6711,55
8,12.0,419837.4192847044,5853044.3190671895,0.6711,55
8,12.5,419837.0166428396,5853044.621048587,0.6909,55
8,13.0,419836.61400097475,5853044.889476498,0.7259,55
8,13.5,419836.1778056212,5853045.1914578965,0.7134,55
8,14.0,419835.80871724506,5853045.493439295,0.7134,55
8,14.5,419835.3725218915,5853045.761867205,0.7134,55
8,15.0,419834.9698800267,5853046.0638486035,0.7503,55
8,15.5,419834.56723816186,5853046.365830002,0.6711,55
8,16.0,419834.164596297,5853046.634257912,0.6609,55
8,16.5,419833.72840094345,5853046.902685822,0.6711,55
8,17.0,419833.3257590786,5853047.171113731,0.6331,55
8,17.5,419832.8895637251,5853047.47309513,0.6331,55
8,18.0,419832.520475349,5853047.775076529,0.6331,55
8,18.5,419832.11783348414,5853048.077057928,0.6711,55
8,19.0,419831.7151916193,5853048.379039326,0.6909,55
8,19.5,419831.3125497545,5853048.647467236,0.6643,55
8,20.0,419830.90990788967,5853048.949448635,0.6187,55
8,20.5,419830.4737125361,5853049.217876544,0.6002,55
8,21.0,419830.07107067126,5853049.519857943,0.5773,55
8,21.5,419829.6684288064,5853049.821839342,0.5241,55
8,22.0,419829.2657869416,5853050.123820741,0.541,55
8,22.5,419828.82959158806,5853050.291588184,0.541,55
8,23.0,419828.3933962345,5853050.560016094,0.875,54
9,0.0,419876.6097595477,5853187.122715249,0.7503,11
9,0.5,419876.9452944351,5853187.491803625,0.6909,11
9,1.0,419877.2808293224,5853187.860892001,0.6609,11
9,1.5,419877.58281072107,5853188.263533865,0.6643,11
9,2.0,419877.9183456084,5853188.632622241,0.6331,11
9,2.5,419878.220327007,5853189.0352641065,0.5694,11
9,3.0,419878.5558618944,5853189.404352482,0.6002,11
9,3.5,419878.8913967817,5853189.773440858,0.6331,11
9,4.0,419879.2269316691,5853190.142529234,0.6187,11
9,4.5,419879.56246655644,5853190.51161761,0.6002,11
9,5.0,419879.8980014438,5853190.880705987,0.5694,11
9,5.5,419880.23353633116,5853191.283347852,0.5694,11
9,6.0,419880.53551772976,5853191.652436228,0.5773,11
9,6.5,419880.87105261715,5853192.0215246035,0.6187,11
9,7.0,419881.2065875045,5853192.39061298,0.6187,11
9,7.5,419881.54212239187,5853192.793254845,0.6187,11
9,8.0,419881.84410379047,5853193.162343221,0.5773,11
9,8.5,419882.17963867786,5853193.564985085,0.5694,11
9,9.0,419882.5151735652,5853193.934073462,0.5773,11
9,9.5,419882.8171549638,5853194.303161838,0.5694,11
9,10.0,419883.1526898512,5853194.672250214,0.5773,11
9,10.5,419883.4882247385,5853195.04133859,0.5773,11
9,11.0,419883.8237596259,5853195.4439804545,0.5694,11
9,11.5,419884.1257410245,5853195.813068831,0.5694,11
9,12.0,419884.4612759119,5853196.182157207,0.541,11
9,12.5,419884.7968107992,5853196.584799072,0.5694,11
9,13.0,419885.0987921978,5853196.953887448,0.5773,11
9,13.5,419885.4007735965,5853197.356529313,0.5694,11
9,14.0,419885.76986197254,5853197.725617689,0.5694,11
9,14.5,419886.0718433712,5853198.094706065,0.6187,11
9,15.0,419886.3738247698,5853198.4973479295,0.6002,11
9,15.5,419886.6758061684,5853198.866436305,0.6002,11
9,16.0,419887.0113410558,5853199.269078171,0.5694,11
9,16.5,419887.3133224544,5853199.671720035,0.6331,11
9,17.0,419887.615303853,5853200.074361901,0.7826,11
9,17.5,419887.8837317629,5853200.477003765,0.8724,11
9,18.0,419888.21926665027,5853200.846092141,0.949,11
9,18.5,419888.5548015376,5853201.215180517,0.9976,11
9,19.0,419888.890336425,5853201.617822383,0.9976,11
9,19.5,419889.2258713123,5853201.986910759,0.949,11
9,20.0,419889.59495968843,5853202.322445646,0.949,11
9,20.5,419889.93049457576,5853202.691534022,0.949,11
9,21.0,419890.26602946315,5853203.060622398,0.9003,11
9,21.5,419890.56801086175,5853203.429710774,0.8541,11
9,22.0,419890.93709923787,5853203.79879915,0.8541,11
9,22.5,419891.2390806365,5853204.167887527,0.8109,11
10,0.0,419856.54477328376,5853168.76895691,0.2684,14
10,0.5,419857.01452212606,5853168.936724354,0.4244,14
10,1.0,419857.48427096836,5853169.138045286,0.4244,14
10,1.5,419857.9204663219,5853169.372919708,0.3913,14
10,2.0,419858.3902151642,5853169.57424064,0.3796,14
10,2.5,419858.8264105178,5853169.775561572,0.4697,14
10,3.0,419859.26260587136,5853170.043989482,0.3614,14
10,3.5,419859.66524773615,5853170.34597088,0.242,14
10,4.0,419860.13499657845,5853170.513738324,0.3614,14
10,4.5,419860.571191932,5853170.748612746,0.3614,14
10,5.0,419860.94028030813,5853171.050594144,0.1342,14
10,5.5,419861.44358263916,5853171.184808099,0.3355,14
10,6.0,419861.8797779927,5853171.41968252,0.3913,14
10,6.5,419862.3159733463,5853171.654556941,0.3001,14
10,7.0,419862.7857221886,5853171.8558778735,0.3614,14
10,7.5,419863.22191754216,5853172.057198806,0.3355,14
10,8.0,419863.65811289573,5853172.292073227,0.3913,14
10,8.5,419864.12786173803,5853172.49339416,0.3614,14
10,9.0,419864.5640570916,5853172.7282685805,0.3913,14
10,9.5,419865.0338059339,5853172.963143002,0.3614,14
10,10.0,419865.47000128747,5853173.1644639345,0.3913,14
10,10.5,419865.90619664104,5853173.399338355,0.3422,14
10,11.0,419866.37594548333,5853173.600659288,0.3614,14
10,11.5,419866.84569432563,5853173.801980221,0.3614,14
10,12.0,419867.2818896792,5853174.0368546415,0.3913,14
10,12.5,419867.7180850327,5853174.238175574,0.3913,14
10,13.0,419868.18783387507,5853174.473049995,0.3614,14
10,13.5,419868.6240292286,5853174.674370928,0.3614,14
10,14.0,419869.06022458215,5853174.909245349,0.3913,14
10,14.5,419869.52997342445,5853175.144119769,0.3355,14
10,15.0,419869.966168778,5853175.3454407025,0.3614,14
10,15.5,419870.4359176203,5853175.546761635,0.3001,14
10,16.0,419870.8721129739,5853175.748082567,0.3913,14
10,16.5,419871.3418618162,5853175.982956988,0.3355,14
10,17.0,419871.77805716975,5853176.184277921,0.2684,14
10,17.5,419872.24780601205,5853176.385598853,0.3355,14
10,18.0,419872.6504478769,5853176.654026763,0.3001,14
10,18.5,419873.08664323046,5853176.888901184,0.3001,14
10,19.0,419873.55639207276,5853177.123775605,0.3355,14
10,19.5,419873.9925874263,5853177.358650026,0.3614,14
10,20.0,419874.4287827799,5853177.593524448,0.3614,14
10,20.5,419874.86497813347,5853177.828398868,0.2767,14
10,21.0,419875.30117348704,5853178.06327329,0.2847,14
10,21.5,419875.77092232934,5853178.264594222,0.3355,14
10,22.0,419876.24067117163,5853178.465915155,0.3001,14
10,22.5,419876.6768665252,5853178.667236087,0.2684,14
11,0.0,419951.0313975635,5852854.976730254,0.0949,133
11,0.5,419950.6958626762,5852855.3458186295,0.1342,133
11,1.0,419950.3267743001,5852855.714907005,0.2122,133
11,1.5,419949.99123941275,5852856.050441893,0.1898,133
11,2.0,419949.65570452536,5852856.419530269,0.242,133
11,2.5,419949.28661614924,5852856.788618646,0.1898,133
11,3.0,419948.9510812619,5852857.157707022,0.242,133
11,3.5,419948.6155463746,5852857.493241909,0.242,133
11,4.0,419948.24645799847,5852857.862330285,0.1898,133
11,4.5,419947.9109231111,5852858.231418661,0.242,133
11,5.0,419947.57538822375,5852858.600507037,0.2847,133
11,5.5,419947.2398533364,5852858.969595413,0.2847,133
11,6.0,419946.90431844903,5852859.33868379,0.2847,133
11,6.5,419946.6023370504,5852859.707772166,0.3355,133
11,7.0,419946.26680216304,5852860.11041403,0.2847,133
11,7.5,419945.9312672757,5852860.479502406,0.3355,133
11,8.0,419945.5957323883,5852860.848590782,0.3355,133
11,8.5,419945.260197501,5852861.217679159,0.3355,133
11,9.0,419944.9246626136,5852861.586767535,0.3355,133
11,9.5,419944.58912772627,5852861.955855911,0.2847,133
11,10.0,419944.2535928389,5852862.324944287,0.2847,133
11,10.5,419943.91805795155,5852862.694032663,0.2847,133
11,11.0,419943.5825230642,5852863.0631210385,0.242,133
11,11.5,419943.24698817683,5852863.432209415,0.2767,133
11,12.0,419942.9114532895,5852863.801297791,0.2847,133
11,12.5,419942.5759184021,5852864.170386167,0.2847,133
11,13.0,419942.2739370035,5852864.573028032,0.2847,133
11,13.5,419941.9384021161,5852864.942116408,0.3355,133
11,14.0,419941.6028672288,5852865.311204785,0.3355,133
11,14.5,419941.2673323414,5852865.6802931605,0.3355,133
11,15.0,419940.9317974541,5852866.049381536,0.3355,133
11,15.5,419940.6298160555,5852866.452023401,0.3796,133
11,16.0,419940.2942811681,5852866.821111777,0.3913,133
11,16.5,419939.95874628075,5852867.190200154,0.3796,133
11,17.0,419939.62321139337,5852867.55928853,0.4297,133
11,17.5,419939.28767650604,5852867.928376906,0.4297,133
11,18.0,419938.95214161865,5852868.297465282,0.3796,133
11,18.5,419938.6166067313,5852868.6665536575,0.3796,133
11,19.0,419938.2810718439,5852869.035642033,0.3355,133
11,19.5,419937.9455369566,5852869.438283899,0.3355,133
11,20.0,419937.6100020692,5852869.807372275,0.3355,133
11,20.5,419937.2744671819,5852870.176460651,0.3796,133
11,21.0,419936.93893229455,5852870.545549027,0.3796,133
11,21.5,419936.60339740716,5852870.881083914,0.4297,133
11,22.0,419936.23430903105,5852871.25017229,0.4745,133
12,0.0,420077.1254082323,5852797.029855207,0.1342,263
12,0.5,420076.85698032245,5852797.466050561,0.242,263
12,1.0,420076.6221059013,5852797.902245914,0.242,263
12,1.5,420076.3536779914,5852798.304887779,0.2122,263
12,2.0,420076.0516965928,5852798.707529644,0.1898,263
12,2.5,420075.74971519416,5852799.110171509,0.242,263
12,3.0,420075.41418030683,5852799.479259885,0.242,263
12,3.5,420075.0450919307,5852799.814794772,0.242,263
12,4.0,420074.7095570434,5852800.183883148,0.242,263
12,4.5,420074.4075756447,5852800.586525013,0.242,263
12,5.0,420074.13914773485,5852801.022720367,0.3001,263
12,5.5,420073.9042733137,5852801.45891572,0.3614,263
12,6.0,420073.6358454038,5852801.861557585,0.3796,263
12,6.5,420073.36741749395,5852802.297752938,0.4244,263
12,7.0,420073.1325430728,5852802.733948292,0.3614,263
12,7.5,420072.7970081854,5852803.103036668,0.4502,263
12,8.0,420072.59568725305,5852803.572785511,0.4244,263
12,8.5,420072.3272593431,5852803.975427375,0.3913,263
12,9.0,420072.09238492197,5852804.411622729,0.3796,263
12,9.5,420071.8239570121,5852804.847818082,0.3796,263
12,10.0,420071.5555291022,5852805.284013436,0.3796,263
12,10.5,420071.2535477036,5852805.686655301,0.3913,263
12,11.0,420071.01867328247,5852806.122850655,0.3913,263
12,11.5,420070.7166918838,5852806.525492519,0.4297,263
12,12.0,420070.48181746266,5852806.961687873,0.4244,263
12,12.5,420070.2133895528,5852807.364329738,0.4502,263
12,13.0,420069.9449616429,5852807.800525091,0.4297,263
12,13.5,420069.676533733,5852808.236720445,0.4244,263
12,14.0,420069.40810582315,5852808.639362309,0.4502,263
12,14.5,420069.1396779132,5852809.075557663,0.4244,263
12,15.0,420068.8376965146,5852809.478199528,0.4839,263
12,15.5,420068.535715116,5852809.880841393,0.4839,263
12,16.0,420068.26728720614,5852810.2834832575,0.5241,263
12,16.5,420067.9653058075,5852810.686125122,0.4839,263
12,17.0,420067.6968778976,5852811.122320476,0.5111,263
12,17.5,420067.4284499877,5852811.5249623405,0.5111,263
12,18.0,420067.1264685891,5852811.927604206,0.4502,263
12,18.5,420066.8580406792,5852812.363799559,0.4839,263
12,19.0,420066.5560592806,5852812.766441424,0.4745,263
12,19.5,420066.2876313707,5852813.169083289,0.4745,263
12,20.0,420065.9856499721,5852813.571725153,0.5111,263
12,20.5,420065.68366857345,5852813.974367019,0.5241,263
12,21.0,420065.38168717484,5852814.377008883,0.5694,263
12,21.5,420065.07970577624,5852814.746097259,0.6187,263
12,22.0,420064.7777243776,5852815.182292613,0.5734,263
13,0.0,419949.48793708166,5853139.644528687,0.4839,41
13,0.5,419949.95768592396,5853139.778742642,0.5734,41
13,1.0,419950.42743476626,5853139.980063574,0.5534,41
13,1.5,419950.89718360855,5853140.147831018,0.5734,41
13,2.0,419951.3669324509,5853140.315598462,0.541,41
13,2.5,419951.8366812932,5853140.449812417,0.541,41
13,3.0,419952.33998362423,5853140.584026372,0.5534,41
13,3.5,419952.8097324665,5853140.751793816,0.5734,41
13,4.0,419953.2794813088,5853140.919561259,0.4745,41
13,4.5,419953.7492301511,5853141.087328703,0.541,41
13,5.0,419954.2189789934,5853141.255096147,0.6002,41
13,5.5,419954.655174347,5853141.489970568,0.4885,41
13,6.0,419955.1249231893,5853141.657738011,0.5111,41
13,6.5,419955.5946720316,5853141.825505455,0.6002,41
13,7.0,419956.0644208739,5853142.026826387,0.6002,41
13,7.5,419956.50061622745,5853142.261700809,0.4502,41
13,8.0,419956.97036506975,5853142.395914763,0.4745,41
13,8.5,419957.4736674008,5853142.563682207,0.4885,41
13,9.0,419957.94341624307,5853142.731449651,0.5111,41
13,9.5,419958.41316508537,5853142.899217094,0.541,41
13,10.0,419958.88291392766,5853143.066984538,0.541,41
13,10.5,419959.31910928123,5853143.268305471,0.541,41
13,11.0,419959.78885812353,5853143.503179892,0.4502,41
13,11.5,419960.2250534771,5853143.704500824,0.4082,41
13,12.0,419960.6948023194,5853143.872268268,0.4502,41
13,12.5,419961.1645511617,5853144.040035712,0.4502,41
13,13.0,419961.634300004,5853144.207803155,0.4885,41
13,13.5,419962.1040488463,5853144.409124088,0.4885,41
13,14.0,419962.5737976886,5853144.576891531,0.4502,41
13,14.5,419963.0435465309,5853144.744658975,0.4502,41
13,15.0,419963.51329537324,5853144.912426419,0.4885,41
13,15.5,419963.98304421554,5853145.113747351,0.4839,41
13,16.0,419964.41923956905,5853145.315068284,0.4839,41
13,16.5,419964.8889884114,5853145.516389216,0.4297,41
13,17.0,419965.3251837649,5853145.717710149,0.4244,41
13,17.5,419965.7949326072,5853145.952584569,0.4082,41
13,18.0,419966.26468144957,5853146.120352013,0.4244,41
13,18.5,419966.7008768031,5853146.321672946,0.4244,41
13,19.0,419967.1706256454,5853146.522993878,0.4502,41
13,19.5,419967.64037448773,5853146.724314811,0.4244,41
13,20.0,419968.11012333,5853146.892082254,0.4026,41
13,20.5,419968.54631868354,5853147.059849698,0.3913,41
13,21.0,419969.0160675259,5853147.26117063,0.3001,41
13,21.5,419969.4858163682,5853147.428938074,0.3614,41
13,22.0,419969.9555652105,5853147.596705518,0.4082,41
14,0.0,419898.1175458273,5852884.302479409,0.0671,112
14,0.5,419897.61424349627,5852884.26892592,0.1342,112
14,1.0,419897.11094116524,5852884.235372431,0.2013,112
14,1.5,419896.6076388342,5852884.235372431,0.2013,112
14,2.0,419896.10433650314,5852884.235372431,0.2013,112
14,2.5,419895.63458766084,5852884.235372431,0.2013,112
14,3.0,419895.1312853298,5852884.201818942,0.2013,112
14,3.5,419894.6279829988,5852884.201818942,0.2013,112
14,4.0,419894.12468066777,5852884.201818942,0.2013,112
14,4.5,419893.62137833674,5852884.201818942,0.2013,112
14,5.0,419893.11807600566,5852884.201818942,0.2013,112
14,5.5,419892.61477367464,5852884.201818942,0.2684,112
14,6.0,419892.1114713436,5852884.201818942,0.2684,112
14,6.5,419891.6081690126,5852884.235372431,0.2013,112
14,7.0,419891.1384201703,5852884.235372431,0.2684,112
14,7.5,419890.63511783927,5852884.235372431,0.2684,112
14,8.0,419890.1318155082,5852884.26892592,0.2767,112
14,8.5,419889.62851317716,5852884.302479409,0.2684,112
14,9.0,419889.12521084613,5852884.336032897,0.2684,112
14,9.5,419888.6219085151,5852884.336032897,0.2684,112
14,10.0,419888.1186061841,5852884.336032897,0.2684,112
14,10.5,419887.615303853,5852884.336032897,0.2684,112
14,11.0,419887.112001522,5852884.336032897,0.2684,112
14,11.5,419886.6422526797,5852884.369586386,0.242,112
14,12.0,419886.13895034866,5852884.369586386,0.2684,112
14,12.5,419885.63564801763,5852884.369586386,0.2684,112
14,13.0,419885.13234568655,5852884.369586386,0.2684,112
14,13.5,419884.6290433555,5852884.369586386,0.2684,112
14,14.0,419884.1257410245,5852884.369586386,0.2684,112
14,14.5,419883.6224386935,5852884.403139874,0.2684,112
14,15.0,419883.11913636245,5852884.436693364,0.3355,112
14,15.5,419882.6158340314,5852884.436693364,0.2684,112
14,16.0,419882.1460851891,5852884.470246852,0.3355,112
14,16.5,419881.64278285805,5852884.503800341,0.3355,112
14,17.0,419881.139480527,5852884.5373538295,0.3355,112
14,17.5,419880.636178196,5852884.5373538295,0.3355,112
14,18.0,419880.132875865,5852884.5373538295,0.3355,112
14,18.5,419879.6295735339,5852884.5373538295,0.3355,112
14,19.0,419879.12627120287,5852884.5373538295,0.3355,112
14,19.5,419878.62296887184,5852884.570907318,0.3355,112
14,20.0,419878.1196665408,5852884.570907318,0.3355,112
14,20.5,419877.6499176985,5852884.570907318,0.3355,112
14,21.0,419877.1466153675,5852884.570907318,0.3355,112
14,21.5,419876.6433130364,5852884.570907318,0.3355,112
14,22.0,419876.1400107054,5852884.570907318,0.3355,112
15,0.0,420163.79406963673,5852970.669159414,0.0671,234
15,0.5,420163.5591952155,5852971.105354768,0.3355,234
15,1.0,420163.29076730565,5852971.541550121,0.4297,234
15,1.5,420163.0223393958,5852971.944191986,0.5241,234
15,2.0,420162.7539114859,5852972.38038734,0.4745,234
15,2.5,420162.485483576,5852972.816582694,0.5694,234
15,3.0,420162.2506091549,5852973.252778047,0.6077,234
15,3.5,420162.04928822245,5852973.688973401,0.4745,234
15,4.0,420161.8144138013,5852974.125168754,0.5111,234
15,4.5,420161.5459858914,5852974.561364108,0.5241,234
15,5.0,420161.344664959,5852974.997559461,0.5734,234
15,5.5,420161.10979053786,5852975.467308303,0.5734,234
15,6.0,420160.8749161167,5852975.903503657,0.5734,234
15,6.5,420160.60648820683,5852976.306145522,0.6002,234
15,7.0,420160.3716137857,5852976.742340876,0.6331,234
15,7.5,420160.13673936453,5852977.212089717,0.6187,234
15,8.0,420159.9018649434,5852977.648285071,0.5111,234
15,8.5,420159.70054401096,5852978.118033914,0.4839,234
15,9.0,420159.43211610103,5852978.520675778,0.5241,234
15,9.5,420159.16368819115,5852978.956871132,0.5534,234
15,10.0,420158.96236725873,5852979.393066485,0.5734,234
15,10.5,420158.76104632637,5852979.862815328,0.5734,234
15,11.0,420158.5261719052,5852980.299010681,0.541,234
15,11.5,420158.3248509728,5852980.7687595235,0.6609,234
15,12.0,420158.1235300404,5852981.2049548775,0.7228,234
15,12.5,420157.92220910796,5852981.67470372,0.7228,234
15,13.0,420157.6873346868,5852982.110899073,0.6002,234
15,13.5,420157.4860137544,5852982.580647916,0.6002,234
15,14.0,420157.28469282197,5852983.016843269,0.6609,234
15,14.5,420157.0498184008,5852983.486592111,0.6609,234
15,15.0,420156.8484974684,5852983.922787465,0.6909,234
15,15.5,420156.61362304725,5852984.392536307,0.7228,234
15,16.0,420156.4123021148,5852984.828731661,0.6909,234
15,16.5,420156.2109811824,5852985.298480503,0.7006,234
15,17.0,420156.04321373877,5852985.768229346,0.6609,234
15,17.5,420155.84189280635,5852986.237978187,0.7503,234
15,18.0,420155.67412536265,5852986.674173541,0.7651,234
15,18.5,420155.47280443023,5852987.143922384,0.7006,234
15,19.0,420155.2714834978,5852987.6136712255,0.7228,234
15,19.5,420155.0701625654,5852988.0498665795,0.7228,234
15,20.0,420154.8017346555,5852988.4860619325,0.7134,234
15,20.5,420154.53330674564,5852988.9222572865,0.7134,234
15,21.0,420154.3319858132,5852989.3584526405,0.7228,234
15,21.5,420154.09711139207,5852989.7946479935,0.7826,234
16,0.0,419876.84463396884,5853178.868557019,0.242,8
16,0.5,419876.6097595477,5853179.304752373,0.3355,8
16,1.0,419876.3413316378,5853179.740947726,0.3614,8
16,1.5,419876.07290372794,5853180.143589592,0.3614,8
16,2.0,419875.80447581806,5853180.579784945,0.3913,8
16,2.5,419875.5360479082,5853181.015980299,0.4244,8
16,3.0,419875.26761999825,5853181.418622163,0.4244,8
16,3.5,419874.9991920884,5853181.854817517,0.4297,8
16,4.0,419874.7307641785,5853182.257459382,0.4244,8
16,4.5,419874.4623362686,5853182.660101246,0.4244,8
16,5.0,419874.16035487,5853183.0962966,0.3796,8
16,5.5,419873.8919269601,5853183.498938465,0.3796,8
16,6.0,419873.6234990502,5853183.935133819,0.3913,8
16,6.5,419873.38862462906,5853184.3713291725,0.3913,8
16,7.0,419873.1201967192,5853184.807524526,0.4244,8
16,7.5,419872.8517688093,5853185.21016639,0.4244,8
16,8.0,419872.61689438816,5853185.646361744,0.4502,8
16,8.5,419872.3484664783,5853186.082557098,0.4297,8
16,9.0,419872.11359205714,5853186.518752451,0.4502,8
16,9.5,419871.84516414726,5853186.954947805,0.4502,8
16,10.0,419871.61028972606,5853187.3575896695,0.4745,8
16,10.5,419871.3418618162,5853187.7937850235,0.4502,8
16,11.0,419871.0734339063,5853188.229980377,0.4244,8
16,11.5,419870.83855948516,5853188.6661757305,0.3796,8
16,12.0,419870.53657808655,5853189.068817595,0.3614,8
16,12.5,419870.2681501767,5853189.505012949,0.3355,8
16,13.0,419869.99972226674,5853189.9076548135,0.3796,8
16,13.5,419869.69774086814,5853190.310296678,0.4297,8
16,14.0,419869.42931295827,5853190.746492032,0.3913,8
16,14.5,419869.1608850484,5853191.149133896,0.4839,8
16,15.0,419868.8924571385,5853191.58532925,0.541,8
16,15.5,419868.59047573985,5853191.987971115,0.5111,8
16,16.0,419868.32204783,5853192.39061298,0.4502,8
16,16.5,419868.0200664314,5853192.793254845,0.4297,8
16,17.0,419867.7516385215,5853193.229450198,0.4745,8
16,17.5,419867.48321061156,5853193.632092063,0.4745,8
16,18.0,419867.2147827017,5853194.068287416,0.4745,8
16,18.5,419866.9128013031,5853194.470929282,0.4745,8
16,19.0,419866.6443733932,5853194.873571146,0.4839,8
16,19.5,419866.37594548333,5853195.3097665,0.4839,8
16,20.0,419866.1075175734,5853195.712408365,0.5111,8
16,20.5,419865.8390896635,5853196.148603719,0.4745,8
16,21.0,419865.6042152424,5853196.584799072,0.5111,8
16,21.5,419865.3693408212,5853197.020994426,0.6002,8
17,0.0,419977.80708157463,5853094.347318894,0.0671,51
17,0.5,419977.3037792436,5853094.44797936,0.1501,51
17,1.0,419976.8340304013,5853094.5486398265,0.2013,51
17,1.5,419976.364281559,5853094.682853782,0.2684,51
17,2.0,419975.86097922793,5853094.817067737,0.2684,51
17,2.5,419975.39123038563,5853094.951281691,0.242,51
17,3.0,419974.8879280546,5853095.085495646,0.242,51
17,3.5,419974.4181792123,5853095.219709601,0.2122,51
17,4.0,419973.94843037,5853095.353923556,0.2013,51
17,4.5,419973.445128039,5853095.454584022,0.2684,51
17,5.0,419972.9753791967,5853095.555244489,0.2684,51
17,5.5,419972.47207686567,5853095.655904955,0.2767,51
17,6.0,419971.9687745346,5853095.756565421,0.2767,51
17,6.5,419971.4990256923,5853095.8572258875,0.2767,51
17,7.0,419970.99572336127,5853095.957886353,0.2684,51
17,7.5,419970.52597451897,5853096.05854682,0.2684,51
17,8.0,419970.02267218794,5853096.159207286,0.2684,51
17,8.5,419969.5193698569,5853096.226314263,0.2684,51
17,9.0,419969.0496210146,5853096.326974729,0.2684,51
17,9.5,419968.54631868354,5853096.427635196,0.3001,51
17,10.0,419968.07656984124,5853096.561849151,0.3001,51
17,10.5,419967.5732675102,5853096.696063106,0.2684,51
17,11.0,419967.1035186679,5853096.83027706,0.2767,51
17,11.5,419966.6002163369,5853096.930937527,0.3614,51
17,12.0,419966.1304674946,5853097.031597993,0.4244,51
17,12.5,419965.6607186523,5853097.165811948,0.3913,51
17,13.0,419965.1574163213,5853097.333579391,0.3355,51
17,13.5,419964.687667479,5853097.434239858,0.3355,51
17,14.0,419964.1843651479,5853097.568453813,0.2684,51
17,14.5,419963.7146163056,5853097.63556079,0.2767,51
17,15.0,419963.2113139746,5853097.736221257,0.2684,51
17,15.5,419962.7415651323,5853097.870435212,0.3001,51
17,16.0,419962.23826280126,5853098.004649166,0.3355,51
17,16.5,419961.76851395896,5853098.105309633,0.3614,51
17,17.0,419961.26521162794,5853098.205970099,0.3422,51
17,17.5,419960.79546278564,5853098.340184053,0.3913,51
17,18.0,419960.29216045456,5853098.44084452,0.4082,51
17,18.5,419959.82241161226,5853098.541504986,0.4502,51
17,19.0,419959.31910928123,5853098.642165452,0.4502,51
17,19.5,419958.84936043894,5853098.776379407,0.4082,51
17,20.0,419958.3460581079,5853098.8434863845,0.4697,51
17,20.5,419957.8427557769,5853098.944146851,0.4502,51
17,21.0,419957.3730069346,5853099.044807317,0.4697,51
17,21.5,419956.86970460357,5853099.145467783,0.4697,51
18,0.0,420096.6870921653,5852894.636953939,0.5369,214
18,0.5,420097.12328751886,5852894.838274872,0.541,214
18,1.0,420097.55948287237,5852895.106702781,0.5241,214
18,1.5,420097.99567822594,5852895.375130692,0.4839,214
18,2.0,420098.3983200908,5852895.643558601,0.5111,214
18,2.5,420098.83451544435,5852895.911986511,0.5111,214
18,3.0,420099.2707107979,5852896.180414421,0.4502,214
18,3.5,420099.7069061515,5852896.415288842,0.4745,214
18,4.0,420100.14310150506,5852896.650163263,0.4745,214
18,4.5,420100.57929685863,5852896.885037685,0.4839,214
18,5.0,420101.0154922122,5852897.119912106,0.4839,214
18,5.5,420101.4516875657,5852897.388340016,0.4745,214
18,6.0,420101.8878829193,5852897.623214437,0.4502,214
18,6.5,420102.32407827285,5852897.8580888575,0.4244,214
18,7.0,420102.7602736264,5852898.126516768,0.4502,214
18,7.5,420103.19646898,5852898.361391189,0.4839,214
18,8.0,420103.63266433356,5852898.629819099,0.4502,214
18,8.5,420104.0353061984,5852898.898247008,0.5241,214
18,9.0,420104.471501552,5852899.1666749185,0.4745,214
18,9.5,420104.90769690555,5852899.367995851,0.3913,214
18,10.0,420105.37744574784,5852899.569316783,0.4244,214
18,10.5,420105.81364110135,5852899.770637715,0.4297,214
18,11.0,420106.2498364549,5852900.005512137,0.3913,214
18,11.5,420106.6860318085,5852900.307493536,0.3614,214
18,12.0,420107.12222716206,5852900.542367957,0.3614,214
18,12.5,420107.55842251563,5852900.777242377,0.4244,214
18,13.0,420107.9946178692,5852901.012116799,0.4244,214
18,13.5,420108.4308132228,5852901.24699122,0.4244,214
18,14.0,420108.86700857634,5852901.481865642,0.3913,214
18,14.5,420109.3032039299,5852901.750293551,0.3614,214
18,15.0,420109.7393992835,5852901.951614483,0.3355,214
18,15.5,420110.2091481258,5852902.1529354155,0.2767,214
18,16.0,420110.64534347935,5852902.354256349,0.2684,214
18,16.5,420111.11509232165,5852902.555577281,0.2767,214
18,17.0,420111.5512876752,5852902.82400519,0.242,214
18,17.5,420111.98748302873,5852903.058879612,0.242,214
18,18.0,420112.4236783823,5852903.293754033,0.242,214
18,18.5,420112.85987373587,5852903.562181943,0.2013,214
18,19.0,420113.29606908944,5852903.763502875,0.1898,214
18,19.5,420113.732264443,5852904.031930785,0.2122,214
18,20.0,420114.1013528191,5852904.367465672,0.242,214
18,20.5,420114.5375481727,5852904.635893582,0.2684,214
18,21.0,420114.9737435262,5852904.837214515,0.242,214
18,21.5,420115.44349236856,5852905.038535447,0.2013,214
19,0.0,420170.03501854156,5852960.066256974,0.242,233
19,0.5,420169.8001441204,5852960.502452327,0.3355,233
19,1.0,420169.49816272175,5852960.905094192,0.2847,233
19,1.5,420169.19618132315,5852961.307736057,0.3001,233
19,2.0,420168.89419992454,5852961.710377922,0.3355,233
19,2.5,420168.5922185259,5852962.113019787,0.3796,233
19,3.0,420168.25668363855,5852962.482108163,0.4297,233
19,3.5,420167.9211487512,5852962.851196539,0.3796,233
19,4.0,420167.58561386383,5852963.186731426,0.3355,233
19,4.5,420167.2165254877,5852963.555819802,0.3355,233
19,5.0,420166.8809906004,5852963.924908178,0.3355,233
19,5.5,420166.5119022243,5852964.293996555,0.3355,233
19,6.0,420166.17636733694,5852964.629531442,0.4244,233
19,6.5,420165.84083244955,5852964.998619818,0.4297,233
19,7.0,420165.5052975622,5852965.367708194,0.5111,233
19,7.5,420165.1697626749,5852965.73679657,0.6002,233
19,8.0,420164.8342277875,5852966.105884946,0.5694,233
19,8.5,420164.4986929002,5852966.474973322,0.541,233
19,9.0,420164.1631580128,5852966.844061699,0.5241,233
19,9.5,420163.82762312546,5852967.213150075,0.4745,233
19,10.0,420163.49208823807,5852967.615791939,0.4745,233
19,10.5,420163.19010683947,5852968.018433804,0.4502,233
19,11.0,420162.88812544086,5852968.421075669,0.4745,233
19,11.5,420162.5861440422,5852968.790164045,0.4745,233
19,12.0,420162.2841626436,5852969.19280591,0.4839,233
19,12.5,420161.982181245,5852969.595447775,0.4745,233
19,13.0,420161.6466463576,5852969.964536151,0.4839,233
19,13.5,420161.3111114703,5852970.333624527,0.4745,233
19,14.0,420161.0091300716,5852970.736266391,0.4745,233
19,14.5,420160.6735951843,5852971.105354768,0.4745,233
19,15.0,420160.3380602969,5852971.474443144,0.4745,233
19,15.5,420160.00252540957,5852971.84353152,0.4745,233
19,16.0,420159.6669905222,5852972.212619896,0.4297,233
19,16.5,420159.33145563485,5852972.581708272,0.4297,233
19,17.0,420158.9959207475,5852972.950796648,0.4297,233
19,17.5,420158.69393934886,5852973.353438513,0.4745,233
19,18.0,420158.3584044615,5852973.722526889,0.4745,233
19,18.5,420158.05642306287,5852974.125168754,0.5241,233
19,19.0,420157.72088817554,5852974.49425713,0.5241,233
19,19.5,420157.41890677693,5852974.896898995,0.4839,233
19,20.0,420157.08337188954,5852975.265987371,0.541,233
19,20.5,420156.7478370022,5852975.635075747,0.5773,233
19,21.0,420156.44585560355,5852976.0377176115,0.6609,233
20,0.0,420103.062255025,5852902.82400519,0.4697,216
20,0.5,420103.5655573561,5852902.924665657,0.4026,216
20,1.0,420104.0353061984,5852902.991772634,0.4026,216
20,1.5,420104.53860852943,5852903.092433101,0.3355,216
20,2.0,420105.0083573717,5852903.226647056,0.3355,216
20,2.5,420105.478106214,5852903.360861011,0.3913,216
20,3.0,420105.9478550563,5852903.528628455,0.4082,216
20,3.5,420106.45115738735,5852903.696395898,0.3614,216
20,4.0,420106.8873527409,5852903.8977168305,0.3614,216
20,4.5,420107.3571015832,5852904.065484274,0.3614,216
20,5.0,420107.8268504255,5852904.233251718,0.3355,216
20,5.5,420108.2965992678,5852904.401019162,0.3355,216
20,6.0,420108.7663481101,5852904.568786605,0.3614,216
20,6.5,420109.2696504412,5852904.736554049,0.3422,216
20,7.0,420109.7393992835,5852904.904321493,0.3001,216
20,7.5,420110.2091481258,5852905.038535447,0.3355,216
20,8.0,420110.6788969681,5852905.206302891,0.2767,216
20,8.5,420111.1486458104,5852905.340516846,0.3355,216
20,9.0,420111.6519481414,5852905.474730801,0.3355,216
20,9.5,420112.1216969837,5852905.608944756,0.3355,216
20,10.0,420112.591445826,5852905.810265688,0.3355,216
20,10.5,420113.02764117956,5852906.0115866205,0.2767,216
20,11.0,420113.49739002186,5852906.179354064,0.3001,216
20,11.5,420113.96713886416,5852906.380674996,0.3001,216
20,12.0,420114.43688770646,5852906.54844244,0.2767,216
20,12.5,420114.90663654875,5852906.749763372,0.2684,216
20,13.0,420115.37638539105,5852906.917530816,0.2684,216
20,13.5,420115.8125807446,5852907.118851749,0.242,216
20,14.0,420116.2823295869,5852907.3201726815,0.242,216
20,14.5,420116.7185249405,5852907.555047102,0.242,216
20,15.0,420117.1882737828,5852907.722814546,0.2684,216
20,15.5,420117.6580226251,5852907.89058199,0.2684,216
20,16.0,420118.1277714674,5852908.091902922,0.242,216
20,16.5,420118.56396682095,5852908.293223854,0.2767,216
20,17.0,420119.03371566324,5852908.494544787,0.2767,216
20,17.5,420119.50346450554,5852908.662312231,0.2767,216
20,18.0,420119.97321334784,5852908.830079675,0.2684,216
20,18.5,420120.44296219014,5852909.0649540955,0.2122,216
20,19.0,420120.8791575437,5852909.299828516,0.1898,216
20,19.5,420121.348906386,5852909.46759596,0.2013,216
20,20.0,420121.8186552283,5852909.635363404,0.1898,216
20,20.5,420122.2884040706,5852909.769577359,0.2013,216
21,0.0,420034.64669149293,5852875.075270006,0.2122,163
21,0.5,420034.47892404924,5852875.545018849,0.2122,163
21,1.0,420034.31115660554,5852876.014767691,0.2013,163
21,1.5,420034.1433891619,5852876.484516533,0.2013,163
21,2.0,420033.9420682295,5852876.954265376,0.2767,163
21,2.5,420033.70719380834,5852877.390460729,0.3001,163
21,3.0,420033.43876589846,5852877.793102594,0.3913,163
21,3.5,420033.17033798853,5852878.229297947,0.4297,163
21,4.0,420032.9354635674,5852878.665493301,0.4244,163
21,4.5,420032.70058914623,5852879.101688654,0.3913,163
21,5.0,420032.4657147251,5852879.571437497,0.4244,163
21,5.5,420032.2643937927,5852880.007632851,0.4502,163
21,6.0,420032.0630728603,5852880.477381692,0.3913,163
21,6.5,420031.8953054166,5852880.947130535,0.4082,163
21,7.0,420031.6939844842,5852881.416879377,0.4839,163
21,7.5,420031.49266355176,5852881.85307473,0.4839,163
21,8.0,420031.2577891306,5852882.289270084,0.4745,163
21,8.5,420031.0564681982,5852882.759018927,0.4885,163
21,9.0,420030.82159377704,5852883.19521428,0.5734,163
21,9.5,420030.6538263334,5852883.664963122,0.541,163
21,10.0,420030.452505401,5852884.134711965,0.6187,163
21,10.5,420030.25118446857,5852884.6044608075,0.5734,163
21,11.0,420030.04986353614,5852885.040656161,0.541,163
21,11.5,420029.78143562627,5852885.476851515,0.5773,163
21,12.0,420029.5465612051,5852885.913046868,0.6331,163
21,12.5,420029.31168678397,5852886.349242222,0.6002,163
21,13.0,420029.11036585155,5852886.785437575,0.6002,163
21,13.5,420028.8754914304,5852887.255186417,0.5734,163
21,14.0,420028.64061700925,5852887.691381771,0.541,163
21,14.5,420028.43929607683,5852888.127577124,0.5734,163
21,15.0,420028.2044216557,5852888.597325967,0.6002,163
21,15.5,420028.00310072326,5852889.033521321,0.6002,163
21,16.0,420027.80177979084,5852889.503270162,0.6002,163
21,16.5,420027.6004588584,5852889.973019005,0.6187,163
21,17.0,420027.399137926,5852890.409214359,0.6331,163
21,17.5,420027.16426350485,5852890.8789632,0.6002,163
21,18.0,420026.9629425724,5852891.315158554,0.6002,163
21,18.5,420026.76162164006,5852891.784907397,0.541,163
21,19.0,420026.5267472189,5852892.22110275,0.6331,163
21,19.5,420026.3254262865,5852892.657298104,0.6909,163
21,20.0,420026.09055186535,5852893.127046946,0.7259,163
22,0.0,419850.80712670996,5852993.955280597,0.242,67
22,0.5,419850.43803833384,5852994.290815484,0.4502,67
22,1.0,419850.13605693524,5852994.693457349,0.4745,67
22,1.5,419849.8340755366,5852995.096099214,0.5111,67
22,2.0,419849.532094138,5852995.498741079,0.5241,67
22,2.5,419849.2301127394,5852995.901382944,0.5694,67
22,3.0,419848.92813134077,5852996.304024808,0.6002,67
22,3.5,419848.6261499421,5852996.673113184,0.5773,67
22,4.0,419848.35772203223,5852997.109308538,0.6002,67
22,4.5,419848.05574063363,5852997.5119504025,0.6187,67
22,5.0,419847.72020574624,5852997.881038779,0.6609,67
22,5.5,419847.41822434764,5852998.283680644,0.6609,67
22,6.0,419847.11624294904,5852998.65276902,0.6609,67
22,6.5,419846.8142615504,5852999.055410884,0.6187,67
22,7.0,419846.5122801518,5852999.45805275,0.5694,67
22,7.5,419846.1767452644,5852999.860694614,0.6002,67
22,8.0,419845.8747638658,5853000.22978299,0.6187,67
22,8.5,419845.5727824672,5853000.632424856,0.5773,67
22,9.0,419845.2708010686,5853001.03506672,0.5694,67
22,9.5,419844.9352661812,5853001.404155096,0.5773,67
22,10.0,419844.6332847826,5853001.806796961,0.6002,67
22,10.5,419844.3313033839,5853002.209438826,0.5773,67
22,11.0,419844.0293219853,5853002.61208069,0.5773,67
22,11.5,419843.7273405867,5853003.014722556,0.5773,67
22,12.0,419843.42535918806,5853003.383810932,0.6187,67
22,12.5,419843.12337778945,5853003.786452796,0.6331,67
22,13.0,419842.82139639085,5853004.189094661,0.6609,67
22,13.5,419842.51941499225,5853004.591736526,0.6643,67
22,14.0,419842.2174335936,5853004.994378391,0.6609,67
22,14.5,419841.915452195,5853005.363466767,0.6711,67
22,15.0,419841.5799173076,5853005.766108632,0.6643,67
22,15.5,419841.277935909,5853006.168750497,0.6643,67
22,16.0,419840.9759545104,5853006.571392361,0.6909,67
22,16.5,419840.6739731117,5853006.940480738,0.6909,67
22,17.0,419840.3719917131,5853007.343122602,0.7134,67
22,17.5,419840.0700103145,5853007.745764467,0.6711,67
22,18.0,419839.7680289159,5853008.148406332,0.8081,67
22,18.5,419839.46604751726,5853008.551048197,0.9028,67
22,19.0,419839.16406611865,5853008.953690061,1.0504,67
22,19.5,419838.86208472005,5853009.356331927,1.1739,67
22,20.0,419838.5601033214,5853009.758973791,1.303,67
23,0.0,419932.9796206237,5852846.05150225,0.0671,128
23,0.5,419932.8454066688,5852846.521251092,0.1898,128
23,1.0,419932.61053224764,5852846.957446446,0.2122,128
23,1.5,419932.3756578265,5852847.427195288,0.242,128
23,2.0,419932.14078340534,5852847.863390641,0.242,128
23,2.5,419931.9059089842,5852848.299585995,0.242,128
23,3.0,419931.70458805177,5852848.769334838,0.3001,128
23,3.5,419931.4697136306,5852849.205530191,0.3001,128
23,4.0,419931.2348392095,5852849.641725545,0.3001,128
23,4.5,419931.03351827705,5852850.077920898,0.3001,128
23,5.0,419930.7986438559,5852850.54766974,0.2767,128
23,5.5,419930.56376943475,5852850.983865094,0.3001,128
23,6.0,419930.3288950136,5852851.420060447,0.3355,128
23,6.5,419930.09402059246,5852851.856255801,0.3001,128
23,7.0,419929.8591461713,5852852.292451154,0.3001,128
23,7.5,419929.62427175016,5852852.762199997,0.3355,128
23,8.0,419929.389397329,5852853.198395351,0.3355,128
23,8.5,419929.15452290786,5852853.634590704,0.3355,128
23,9.0,419928.9196484867,5852854.070786058,0.3001,128
23,9.5,419928.68477406556,5852854.506981411,0.3001,128
23,10.0,419928.48345313314,5852854.976730254,0.2767,128
23,10.5,419928.248578712,5852855.4129256075,0.3355,128
23,11.0,419928.0472577796,5852855.849120961,0.3614,128
23,11.5,419927.8123833584,5852856.318869803,0.3796,128
23,12.0,419927.611062426,5852856.755065156,0.4244,128
23,12.5,419927.4097414936,5852857.224813999,0.4839,128
23,13.0,419927.20842056116,5852857.661009353,0.4839,128
23,13.5,419926.97354614,5852858.130758194,0.4745,128
23,14.0,419926.7722252076,5852858.600507037,0.4839,128
23,14.5,419926.53735078644,5852859.036702391,0.3913,128
23,15.0,419926.336029854,5852859.472897744,0.3913,128
23,15.5,419926.1011554329,5852859.909093098,0.3913,128
23,16.0,419925.8662810117,5852860.37884194,0.4244,128
23,16.5,419925.6314065906,5852860.815037293,0.4244,128
23,17.0,419925.43008565815,5852861.251232647,0.4502,128
23,17.5,419925.1616577483,5852861.687428,0.4244,128
23,18.0,419924.96033681586,5852862.157176843,0.4502,128
23,18.5,419924.7254623947,5852862.593372197,0.4502,128
23,19.0,419924.49058797356,5852863.02956755,0.4244,128
23,19.5,419924.2557135524,5852863.465762904,0.3913,128
23,20.0,419924.02083913126,5852863.901958257,0.3614,128
24,0.0,419983.37696070474,5853169.440026685,0.4697,42
24,0.5,419983.6789421034,5853169.842668549,0.5694,42
24,1.0,419984.01447699073,5853170.211756926,0.5694,42
24,1.5,419984.31645838934,5853170.580845302,0.5241,42
24,2.0,419984.6519932767,5853170.983487166,0.4839,42
24,2.5,419984.9539746753,5853171.352575542,0.4502,42
24,3.0,419985.32306305144,5853171.721663918,0.3355,42
24,3.5,419985.62504445005,5853172.124305784,0.3355,42
24,4.0,419985.9605793374,5853172.459840671,0.4297,42
24,4.5,419986.3296677135,5853172.828929047,0.4297,42
24,5.0,419986.6316491121,5853173.231570912,0.4244,42
24,5.5,419986.93363051076,5853173.634212777,0.3796,42
24,6.0,419987.2691653981,5853174.003301153,0.4297,42
24,6.5,419987.6047002855,5853174.372389529,0.3913,42
24,7.0,419987.9402351728,5853174.741477905,0.3796,42
24,7.5,419988.2422165714,5853175.110566281,0.4244,42
24,8.0,419988.5777514588,5853175.479654657,0.4745,42
24,8.5,419988.9132863461,5853175.882296522,0.4745,42
24,9.0,419989.2488212335,5853176.251384898,0.4297,42
24,9.5,419989.58435612085,5853176.620473274,0.4297,42
24,10.0,419989.91989100823,5853176.98956165,0.4297,42
24,10.5,419990.25542589556,5853177.358650026,0.3796,42
24,11.0,419990.59096078295,5853177.727738403,0.3913,42
24,11.5,419990.9264956703,5853178.096826779,0.3796,42
24,12.0,419991.2620305577,5853178.465915155,0.3796,42
24,12.5,419991.597565445,5853178.835003531,0.4244,42
24,13.0,419991.9331003324,5853179.204091907,0.4297,42
24,13.5,419992.2686352197,5853179.5731802825,0.4297,42
24,14.0,419992.60417010705,5853179.942268659,0.4244,42
24,14.5,419992.93970499444,5853180.311357035,0.3796,42
24,15.0,419993.27523988177,5853180.680445411,0.3796,42
24,15.5,419993.61077476916,5853181.049533787,0.4297,42
24,16.0,419993.9463096565,5853181.452175652,0.4297,42
24,16.5,419994.2818445439,5853181.821264029,0.4297,42
24,17.0,419994.6173794312,5853182.1903524045,0.4297,42
24,17.5,419994.9529143186,5853182.525887292,0.3796,42
24,18.0,419995.2884492059,5853182.928529156,0.3796,42
24,18.5,419995.5904306046,5853183.297617532,0.3796,42
24,19.0,419995.8924120032,5853183.733812886,0.3614,42
24,19.5,419996.16083991306,5853184.136454751,0.3614,42
25,0.0,420211.74200504005,5852912.789391345,0.6002,260
25,0.5,420211.23870270903,5852912.789391345,0.4026,260
25,1.0,420210.73540037795,5852912.755837857,0.4697,260
25,1.5,420210.2320980469,5852912.755837857,0.5369,260
25,2.0,420209.7287957159,5852912.789391345,0.6002,260
25,2.5,420209.2590468736,5852912.755837857,0.5369,260
25,3.0,420208.7557445426,5852912.822944834,0.4885,260
25,3.5,420208.25244221155,5852912.890051811,0.4697,260
25,4.0,420207.74913988047,5852912.9236053005,0.4697,260
25,4.5,420207.24583754945,5852912.957158789,0.4697,260
25,5.0,420206.7425352184,5852912.957158789,0.5369,260
25,5.5,420206.2727863761,5852912.990712278,0.5369,260
25,6.0,420205.7694840451,5852912.9236053005,0.604,260
25,6.5,420205.266181714,5852912.890051811,0.5369,260
25,7.0,420204.762879383,5852912.890051811,0.604,260
25,7.5,420204.25957705197,5852912.890051811,0.604,260
25,8.0,420203.75627472094,5852912.890051811,0.604,260
25,8.5,420203.2529723899,5852912.890051811,0.604,260
25,9.0,420202.74967005884,5852912.9236053005,0.5369,260
25,9.5,420202.27992121654,5852912.9236053005,0.604,260
25,10.0,420201.7766188855,5852912.9236053005,0.604,260
25,10.5,420201.2733165545,5852912.957158789,0.604,260
25,11.0,420200.77001422347,5852912.990712278,0.6002,260
25,11.5,420200.26671189244,5852913.024265766,0.6366,260
25,12.0,420199.76340956136,5852913.057819255,0.5534,260
25,12.5,420199.26010723034,5852913.057819255,0.5734,260
25,13.0,420198.79035838804,5852913.091372744,0.604,260
25,13.5,420198.287056057,5852913.124926233,0.6609,260
25,14.0,420197.783753726,5852913.158479721,0.6366,260
25,14.5,420197.28045139497,5852913.19203321,0.6077,260
25,15.0,420196.7771490639,5852913.225586698,0.604,260
25,15.5,420196.27384673286,5852913.225586698,0.6711,260
25,16.0,420195.77054440184,5852913.259140188,0.6711,260
25,16.5,420195.2672420708,5852913.259140188,0.6711,260
25,17.0,420194.7974932285,5852913.292693676,0.7006,260
25,17.5,420194.2941908975,5852913.326247165,0.6711,260
25,18.0,420193.7908885664,5852913.3598006535,0.6711,260
25,18.5,420193.2875862354,5852913.393354142,0.6711,260
25,19.0,420192.78428390436,5852913.46046112,0.5534,260
25,19.5,420192.28098157333,5852913.46046112,0.604,260
26,0.0,420109.50452486234,5852906.179354064,0.2767,217
26,0.5,420109.97427370463,5852906.347121508,0.3001,217
26,1.0,420110.44402254693,5852906.54844244,0.2767,217
26,1.5,420110.9137713892,5852906.716209884,0.2767,217
26,2.0,420111.3499667428,5852906.917530816,0.2767,217
26,2.5,420111.8197155851,5852907.118851749,0.242,217
26,3.0,420112.2894644274,5852907.286619193,0.2122,217
26,3.5,420112.7592132697,5852907.487940125,0.2684,217
26,4.0,420113.19540862326,5852907.689261057,0.2122,217
26,4.5,420113.66515746556,5852907.89058199,0.2122,217
26,5.0,420114.13490630785,5852908.091902922,0.2122,217
26,5.5,420114.60465515015,5852908.259670366,0.242,217
26,6.0,420115.0408505037,5852908.460991298,0.242,217
26,6.5,420115.510599346,5852908.662312231,0.242,217
26,7.0,420115.9803481883,5852908.863633163,0.242,217
26,7.5,420116.4165435419,5852909.0649540955,0.242,217
26,8.0,420116.8862923842,5852909.266275028,0.242,217
26,8.5,420117.3560412265,5852909.46759596,0.242,217
26,9.0,420117.79223658005,5852909.668916893,0.2122,217
26,9.5,420118.26198542234,5852909.836684336,0.1898,217
26,10.0,420118.73173426464,5852910.00445178,0.2013,217
26,10.5,420119.20148310694,5852910.172219223,0.1898,217
26,11.0,420119.67123194924,5852910.339986667,0.2013,217
26,11.5,420120.14098079153,5852910.507754111,0.242,217
26,12.0,420120.64428312256,5852910.641968066,0.2122,217
26,12.5,420121.11403196485,5852910.80973551,0.242,217
26,13.0,420121.58378080715,5852910.977502953,0.2122,217
26,13.5,420122.0199761607,5852911.1788238855,0.1898,217
26,14.0,420122.52327849175,5852911.346591329,0.2122,217
26,14.5,420122.9594738453,5852911.514358773,0.2122,217
26,15.0,420123.4292226876,5852911.715679706,0.2122,217
26,15.5,420123.8989715299,5852911.917000638,0.2013,217
26,16.0,420124.3351668835,5852912.118321571,0.2122,217
26,16.5,420124.8049157258,5852912.353195991,0.2122,217
26,17.0,420125.24111107935,5852912.554516924,0.2122,217
26,17.5,420125.71085992164,5852912.755837857,0.1898,217
26,18.0,420126.1470552752,5852912.990712278,0.1342,217
26,18.5,420126.5832506288,5852913.19203321,0.1501,217
26,19.0,420127.0529994711,5852913.393354142,0.1342,217
26,19.5,420127.48919482465,5852913.628228564,0.1898,217
27,0.0,419977.4379931985,5853106.091039952,0.2847,46
27,0.5,419977.8741885521,5853106.292360884,0.541,46
27,1.0,419978.27683041693,5853106.594342283,0.5694,46
27,1.5,419978.6794722818,5853106.92987717,0.5241,46
27,2.0,419979.08211414656,5853107.231858568,0.5694,46
27,2.5,419979.4512025227,5853107.533839967,0.5694,46
27,3.0,419979.8538443875,5853107.8693748545,0.5694,46
27,3.5,419980.25648625236,5853108.171356253,0.5241,46
27,4.0,419980.6255746284,5853108.473337652,0.5111,46
27,4.5,419981.02821649326,5853108.77531905,0.5241,46
27,5.0,419981.4308583581,5853109.077300449,0.5694,46
27,5.5,419981.8335002229,5853109.379281848,0.5694,46
27,6.0,419982.2361420877,5853109.681263247,0.5694,46
27,6.5,419982.63878395257,5853109.983244645,0.541,46
27,7.0,419983.0414258174,5853110.285226043,0.5241,46
27,7.5,419983.41051419347,5853110.587207442,0.5241,46
27,8.0,419983.8131560583,5853110.92274233,0.5241,46
27,8.5,419984.1822444344,5853111.224723728,0.4839,46
27,9.0,419984.618439788,5853111.493151638,0.4745,46
27,9.5,419984.98752816406,5853111.828686525,0.4839,46
27,10.0,419985.3901700289,5853112.130667924,0.5241,46
27,10.5,419985.79281189374,5853112.432649323,0.5241,46
27,11.0,419986.1954537586,5853112.734630722,0.4839,46
27,11.5,419986.59809562337,5853113.0366121195,0.4745,46
27,12.0,419987.0007374882,5853113.30504003,0.4297,46
27,12.5,419987.40337935305,5853113.640574917,0.4745,46
27,13.0,419987.7724677291,5853113.942556316,0.4745,46
27,13.5,419988.17510959395,5853114.244537715,0.4297,46
27,14.0,419988.54419797007,5853114.580072601,0.4745,46
27,14.5,419988.9468398349,5853114.882054,0.4502,46
27,15.0,419989.3494816997,5853115.184035399,0.4297,46
27,15.5,419989.75212356454,5853115.486016798,0.4297,46
27,16.0,419990.1547654294,5853115.787998197,0.4502,46
27,16.5,419990.52385380544,5853116.089979595,0.4502,46
27,17.0,419990.9264956703,5853116.425514482,0.3913,46
27,17.5,419991.2955840464,5853116.727495881,0.3796,46
27,18.0,419991.69822591124,5853117.02947728,0.4244,46
27,18.5,419992.100867776,5853117.3314586785,0.3796,46
27,19.0,419992.50350964087,5853117.633440076,0.3796,46
27,19.5,419992.9061515057,5853117.935421475,0.4244,46
28,0.0,419986.93363051076,5853189.068817595,0.5111,30
28,0.5,419987.3027188868,5853189.404352482,0.4745,30
28,1.0,419987.6382537742,5853189.773440858,0.5241,30
28,1.5,419987.97378866153,5853190.142529234,0.4745,30
28,2.0,419988.3093235489,5853190.51161761,0.4745,30
28,2.5,419988.64485843625,5853190.880705987,0.5241,30
28,3.0,419989.01394681237,5853191.2162408745,0.5241,30
28,3.5,419989.3830351884,5853191.58532925,0.5241,30
28,4.0,419989.7185700758,5853191.954417626,0.5111,30
28,4.5,419990.05410496314,5853192.323506002,0.5241,30
28,5.0,419990.38963985053,5853192.65904089,0.4745,30
28,5.5,419990.7922817154,5853192.994575777,0.4745,30
28,6.0,419991.1278166027,5853193.363664153,0.4297,30
28,6.5,419991.4969049788,5853193.69919904,0.4297,30
28,7.0,419991.83243986615,5853194.068287416,0.4297,30
28,7.5,419992.16797475354,5853194.403822304,0.4745,30
28,8.0,419992.50350964087,5853194.77291068,0.4745,30
28,8.5,419992.872598017,5853195.141999057,0.4745,30
28,9.0,419993.2081329043,5853195.5110874325,0.3796,30
28,9.5,419993.5436677917,5853195.84662232,0.3355,30
28,10.0,419993.91275616776,5853196.215710696,0.2847,30
28,10.5,419994.24829105515,5853196.61835256,0.2847,30
28,11.0,419994.5838259425,5853196.953887448,0.3355,30
28,11.5,419994.91936082987,5853197.322975824,0.3913,30
28,12.0,419995.2548957172,5853197.6920642005,0.4297,30
28,12.5,419995.6239840933,5853198.0611525765,0.4745,30
28,13.0,419995.95951898064,5853198.396687464,0.4297,30
28,13.5,419996.29505386803,5853198.76577584,0.3796,30
28,14.0,419996.6641422441,5853199.134864216,0.3355,30
28,14.5,419996.9996771315,5853199.503952592,0.3355,30
28,15.0,419997.3352120188,5853199.839487479,0.3355,30
28,15.5,419997.7043003949,5853200.175022366,0.3355,30
28,16.0,419998.073388771,5853200.544110742,0.2847,30
28,16.5,419998.40892365837,5853200.87964563,0.242,30
28,17.0,419998.7444585457,5853201.282287495,0.2847,30
28,17.5,419999.0799934331,5853201.651375871,0.3355,30
28,18.0,419999.48263529787,5853201.95335727,0.2847,30
28,18.5,419999.8852771627,5853202.221785179,0.2847,30
28,19.0,420000.28791902756,5853202.523766578,0.2847,30
28,19.5,420000.6570074037,5853202.859301466,0.2847,30
29,0.0,419838.7278707651,5852883.262321258,0.1342,80
29,0.5,419838.4594428552,5852883.698516611,0.3355,80
29,1.0,419838.22456843406,5852884.134711965,0.3614,80
29,1.5,419838.02324750164,5852884.570907318,0.3913,80
29,2.0,419837.7883730805,5852885.007102672,0.3913,80
29,2.5,419837.58705214807,5852885.476851515,0.4244,80
29,3.0,419837.3521777269,5852885.946600356,0.4502,80
29,3.5,419837.1508567945,5852886.38279571,0.4502,80
29,4.0,419836.9495358621,5852886.852544553,0.4244,80
29,4.5,419836.7146614409,5852887.288739906,0.4502,80
29,5.0,419836.44623353105,5852887.72493526,0.242,80
29,5.5,419836.27846608736,5852888.161130613,0.3913,80
29,6.0,419836.1106986437,5852888.664432944,0.541,80
29,6.5,419835.9093777113,5852889.100628298,0.541,80
29,7.0,419835.67450329015,5852889.536823652,0.5694,80
29,7.5,419835.439628869,5852889.973019005,0.541,80
29,8.0,419835.2383079366,5852890.442767847,0.541,80
29,8.5,419835.0705404929,5852890.91251669,0.2684,80
29,9.0,419834.86921956047,5852891.348712043,0.4502,80
29,9.5,419834.6007916506,5852891.784907397,0.6002,80
29,10.0,419834.39947071817,5852892.22110275,0.6002,80
29,10.5,419834.164596297,5852892.690851592,0.6002,80
29,11.0,419833.9632753646,5852893.127046946,0.6002,80
29,11.5,419833.7619544322,5852893.596795788,0.5734,80
29,12.0,419833.52708001103,5852894.032991142,0.6002,80
29,12.5,419833.2922055899,5852894.502739985,0.6002,80
29,13.0,419833.09088465746,5852894.938935338,0.6002,80
29,13.5,419832.8895637251,5852895.40868418,0.6331,80
29,14.0,419832.6882427927,5852895.844879533,0.6609,80
29,14.5,419832.48692186025,5852896.314628376,0.6844,80
29,15.0,419832.28560092783,5852896.784377218,0.6609,80
29,15.5,419832.0842799954,5852897.220572572,0.6609,80
29,16.0,419831.882959063,5852897.690321414,0.6331,80
29,16.5,419831.64808464184,5852898.126516768,0.6331,80
29,17.0,419831.4467637094,5852898.59626561,0.6366,80
29,17.5,419831.245442777,5852899.032460963,0.6331,80
29,18.0,419831.0441218446,5852899.502209806,0.6331,80
29,18.5,419830.8428009122,5852899.938405159,0.6002,80
29,19.0,419830.6750334685,5852900.408154001,0.6002,80
29,19.5,419830.4737125361,5852900.877902844,0.6002,80
30,0.0,419974.51883967855,5853079.214695474,0.4244,50
30,0.5,419974.082644325,5853079.483123384,0.3614,50
30,1.0,419973.6464489714,5853079.684444317,0.3913,50
30,1.5,419973.21025361784,5853079.919318737,0.3913,50
30,2.0,419972.7740582643,5853080.187746648,0.3796,50
30,2.5,419972.3378629107,5853080.456174557,0.3614,50
30,3.0,419971.90166755713,5853080.691048979,0.3614,50
30,3.5,419971.46547220356,5853080.959476888,0.3001,50
30,4.0,419971.02927685,5853081.19435131,0.3001,50
30,4.5,419970.5930814964,5853081.429225731,0.3355,50
30,5.0,419970.1568861429,5853081.664100152,0.3355,50
30,5.5,419969.72069078934,5853081.898974573,0.3355,50
30,6.0,419969.2844954358,5853082.1674024835,0.3614,50
30,6.5,419968.8818535709,5853082.435830393,0.3796,50
30,7.0,419968.44565821736,5853082.704258303,0.3796,50
30,7.5,419968.0430163525,5853082.9726862125,0.3355,50
30,8.0,419967.60682099895,5853083.241114123,0.3355,50
30,8.5,419967.1706256454,5853083.509542032,0.3355,50
30,9.0,419966.73443029186,5853083.744416454,0.3001,50
30,9.5,419966.331788427,5853084.012844363,0.3001,50
30,10.0,419965.89559307345,5853084.247718785,0.3355,50
30,10.5,419965.4593977199,5853084.482593206,0.3355,50
30,11.0,419965.0232023663,5853084.717467627,0.3355,50
30,11.5,419964.58700701274,5853084.952342048,0.3355,50
30,12.0,419964.11725817044,5853085.220769958,0.3614,50
30,12.5,419963.6810628169,5853085.455644379,0.3355,50
30,13.0,419963.2448674633,5853085.656965312,0.3355,50
30,13.5,419962.80867210974,5853085.891839732,0.3355,50
30,14.0,419962.3724767562,5853086.126714154,0.3355,50
30,14.5,419961.90272791387,5853086.361588575,0.3614,50
30,15.0,419961.46653256036,5853086.562909507,0.3614,50
30,15.5,419961.0303372068,5853086.797783929,0.2767,50
30,16.0,419960.5605883645,5853086.999104861,0.2767,50
30,16.5,419960.0908395222,5853087.200425793,0.3422,50
30,17.0,419959.6546441686,5853087.435300214,0.3001,50
30,17.5,419959.1848953263,5853087.636621147,0.3355,50
30,18.0,419958.74869997276,5853087.83794208,0.3355,50
30,18.5,419958.3125046192,5853088.0728165,0.3001,50
30,19.0,419957.8427557769,5853088.274137433,0.3001,50
30,19.5,419957.4065604233,5853088.475458365,0.2767,50
31,0.0,419956.66838367115,5853088.408351388,0.4839,53
31,0.5,419956.2321883176,5853088.676779298,0.4502,53
31,1.0,419955.795992964,5853088.911653719,0.4502,53
31,1.5,419955.35979761044,5853089.112974651,0.4745,53
31,2.0,419954.89004876814,5853089.347849073,0.5111,53
31,2.5,419954.45385341457,5853089.582723494,0.5734,53
31,3.0,419954.017658061,5853089.784044426,0.6002,53
31,3.5,419953.5814627074,5853090.052472336,0.541,53
31,4.0,419953.14526735386,5853090.287346757,0.541,53
31,4.5,419952.67551851156,5853090.488667689,0.5734,53
31,5.0,419952.239323158,5853090.6899886215,0.5734,53
31,5.5,419951.7695743157,5853090.891309555,0.5534,53
31,6.0,419951.3333789621,5853091.1261839755,0.6002,53
31,6.5,419950.89718360855,5853091.361058396,0.541,53
31,7.0,419950.42743476626,5853091.595932818,0.5734,53
31,7.5,419949.99123941275,5853091.830807239,0.541,53
31,8.0,419949.5550440592,5853092.065681661,0.5734,53
31,8.5,419949.1188487056,5853092.267002593,0.5734,53
31,9.0,419948.68265335204,5853092.501877014,0.6002,53
31,9.5,419948.21290450974,5853092.736751434,0.6187,53
31,10.0,419947.77670915617,5853092.971625856,0.6187,53
31,10.5,419947.3405138026,5853093.172946788,0.6331,53
31,11.0,419946.8707649603,5853093.407821209,0.6331,53
31,11.5,419946.43456960673,5853093.642695631,0.6002,53
31,12.0,419945.99837425316,5853093.844016563,0.5734,53
31,12.5,419945.5621788996,5853094.112444473,0.5111,53
31,13.0,419945.0924300573,5853094.347318894,0.5694,53
31,13.5,419944.6562347037,5853094.582193315,0.5773,53
31,14.0,419944.22003935016,5853094.783514247,0.5734,53
31,14.5,419943.75029050786,5853094.98483518,0.5111,53
31,15.0,419943.3140951543,5853095.219709601,0.5241,53
31,15.5,419942.8778998007,5853095.454584022,0.5111,53
31,16.0,419942.4081509584,5853095.655904955,0.541,53
31,16.5,419941.9384021161,5853095.823672399,0.541,53
31,17.0,419941.4686532738,5853095.991439843,0.6187,53
31,17.5,419940.99890443153,5853096.125653797,0.5369,53
31,18.0,419940.52915558923,5853096.2934212405,0.3913,53
31,18.5,419940.05940674694,5853096.427635196,0.3913,53
31,19.0,419939.58965790464,5853096.595402639,0.3355,53
31,19.5,419939.0863555736,5853096.763170083,0.3001,53
32,0.0,419859.53103378124,5853132.833170474,0.4839,15
32,0.5,419859.9672291348,5853133.068044895,0.4082,15
32,1.0,419860.4369779771,5853133.269365828,0.3913,15
32,1.5,419860.8731733307,5853133.47068676,0.4244,15
32,2.0,419861.342922173,5853133.7055611815,0.4244,15
32,2.5,419861.77911752654,5853133.906882114,0.4244,15
32,3.0,419862.21531288006,5853134.141756535,0.3913,15
32,3.5,419862.6850617224,5853134.343077467,0.3913,15
32,4.0,419863.1548105647,5853134.544398399,0.3614,15
32,4.5,419863.5910059182,5853134.779272821,0.4244,15
32,5.0,419864.0272012718,5853135.014147242,0.3913,15
32,5.5,419864.4969501141,5853135.215468174,0.4244,15
32,6.0,419864.93314546766,5853135.416789107,0.4502,15
32,6.5,419865.40289430995,5853135.618110039,0.3913,15
32,7.0,419865.8390896635,5853135.85298446,0.4244,15
32,7.5,419866.2752850171,5853136.087858882,0.4244,15
32,8.0,419866.7450338594,5853136.289179814,0.3913,15
32,8.5,419867.2147827017,5853136.490500746,0.3614,15
32,9.0,419867.65097805526,5853136.691821679,0.3913,15
32,9.5,419868.12072689756,5853136.893142611,0.3355,15
32,10.0,419868.5569222511,5853137.1280170325,0.3614,15
32,10.5,419868.9931176047,5853137.362891453,0.3913,15
32,11.0,419869.462866447,5853137.564212386,0.3913,15
32,11.5,419869.89906180056,5853137.765533318,0.3913,15
32,12.0,419870.36881064286,5853138.00040774,0.3913,15
32,12.5,419870.80500599643,5853138.201728672,0.3614,15
32,13.0,419871.24120135,5853138.436603093,0.3614,15
32,13.5,419871.7109501923,5853138.671477514,0.2767,15
32,14.0,419872.14714554587,5853138.872798447,0.3001,15
32,14.5,419872.61689438816,5853139.074119379,0.3355,15
32,15.0,419873.05308974173,5853139.275440311,0.3001,15
32,15.5,419873.52283858403,5853139.510314733,0.3355,15
32,16.0,419873.9590339376,5853139.745189154,0.4244,15
32,16.5,419874.3616758024,5853140.013617064,0.4502,15
32,17.0,419874.83142464474,5853140.248491485,0.3422,15
32,17.5,419875.26761999825,5853140.449812417,0.3355,15
32,18.0,419875.73736884055,5853140.617579861,0.4502,15
32,18.5,419876.2071176829,5853140.785347304,0.4839,15
32,19.0,419876.6768665252,5853141.020221725,0.4297,15
33,0.0,419960.5270348757,5853125.115868065,0.4082,44
33,0.5,419960.99678371806,5853125.317188997,0.5111,44
33,1.0,419961.4329790716,5853125.51850993,0.5111,44
33,1.5,419961.90272791387,5853125.719830862,0.5734,44
33,2.0,419962.33892326744,5853125.9211517945,0.6331,44
33,2.5,419962.80867210974,5853126.156026215,0.6331,44
33,3.0,419963.2448674633,5853126.390900637,0.5734,44
33,3.5,419963.7146163056,5853126.592221569,0.6002,44
33,4.0,419964.1508116592,5853126.7935425015,0.5734,44
33,4.5,419964.62056050147,5853126.994863434,0.5734,44
33,5.0,419965.05675585504,5853127.196184366,0.5734,44
33,5.5,419965.52650469734,5853127.431058788,0.5111,44
33,6.0,419965.9627000509,5853127.63237972,0.541,44
33,6.5,419966.4324488932,5853127.833700652,0.541,44
33,7.0,419966.8686442468,5853128.068575074,0.5734,44
33,7.5,419967.33839308907,5853128.269896006,0.5734,44
33,8.0,419967.77458844264,5853128.471216938,0.6002,44
33,8.5,419968.2107837962,5853128.706091359,0.6002,44
33,9.0,419968.6805326385,5853128.9074122915,0.541,44
33,9.5,419969.1502814808,5853129.142286713,0.5734,44
33,10.0,419969.5864768344,5853129.3436076455,0.5734,44
33,10.5,419970.02267218794,5853129.544928578,0.5734,44
33,11.0,419970.49242103024,5853129.779802999,0.5734,44
33,11.5,419970.9286163838,5853129.981123932,0.5734,44
33,12.0,419971.3983652261,5853130.2159983525,0.5734,44
33,12.5,419971.8345605797,5853130.417319285,0.541,44
33,13.0,419972.304309422,5853130.585086728,0.5111,44
33,13.5,419972.74050477555,5853130.81996115,0.4502,44
33,14.0,419973.21025361784,5853131.054835571,0.4839,44
33,14.5,419973.6464489714,5853131.289709992,0.5111,44
33,15.0,419974.082644325,5853131.5245844135,0.5111,44
33,15.5,419974.5523931673,5853131.725905346,0.5111,44
33,16.0,419974.98858852085,5853131.893672789,0.4697,44
33,16.5,419975.45833736315,5853132.094993722,0.5534,44
33,17.0,419975.92808620544,5853132.296314654,0.541,44
33,17.5,419976.39783504774,5853132.464082098,0.6711,44
33,18.0,419976.86758389004,5853132.631849541,0.8301,44
33,18.5,419977.2702257549,5853132.900277452,0.7855,44
33,19.0,419977.7064211084,5853133.168705361,0.6711,44
34,0.0,419835.5402893352,5852907.521493614,0.2847,78
34,0.5,419835.2718614253,5852907.957688967,0.2767,78
34,1.0,419835.03698700416,5852908.393884321,0.2767,78
34,1.5,419834.7685590943,5852908.796526185,0.2767,78
34,2.0,419834.5001311844,5852909.232721539,0.242,78
34,2.5,419834.298810252,5852909.702470382,0.3355,78
34,3.0,419834.06393583084,5852910.138665735,0.3355,78
34,3.5,419833.7955079209,5852910.5413076,0.2847,78
34,4.0,419833.56063349976,5852911.011056442,0.3355,78
34,4.5,419833.3257590786,5852911.447251796,0.3355,78
34,5.0,419833.05733116873,5852911.84989366,0.2847,78
34,5.5,419832.8224567476,5852912.319642503,0.3355,78
34,6.0,419832.58758232644,5852912.755837857,0.3614,78
34,6.5,419832.3527079053,5852913.19203321,0.3614,78
34,7.0,419832.11783348414,5852913.628228564,0.3913,78
34,7.5,419831.882959063,5852914.064423917,0.3913,78
34,8.0,419831.64808464184,5852914.500619271,0.3913,78
34,8.5,419831.4132102207,5852914.936814624,0.4244,78
34,9.0,419831.17833579954,5852915.373009978,0.4244,78
34,9.5,419830.9434613784,5852915.809205331,0.4244,78
34,10.0,419830.6750334685,5852916.245400685,0.4244,78
34,10.5,419830.4737125361,5852916.715149527,0.4244,78
34,11.0,419830.2052846262,5852917.117791392,0.4502,78
34,11.5,419829.9704102051,5852917.553986746,0.4297,78
34,12.0,419829.7019822952,5852917.990182099,0.4244,78
34,12.5,419829.46710787405,5852918.426377453,0.4244,78
34,13.0,419829.2322334529,5852918.862572806,0.3913,78
34,13.5,419828.96380554297,5852919.29876816,0.3913,78
34,14.0,419828.7289311218,5852919.734963514,0.3913,78
34,14.5,419828.46050321194,5852920.171158867,0.4244,78
34,15.0,419828.2256287908,5852920.607354221,0.4839,78
34,15.5,419827.99075436965,5852921.043549574,0.5241,78
34,16.0,419827.7558799485,5852921.479744928,0.5734,78
34,16.5,419827.5545590161,5852921.94949377,0.541,78
34,17.0,419827.3196845949,5852922.3856891235,0.5734,78
34,17.5,419827.0848101738,5852922.8218844775,0.6002,78
34,18.0,419826.84993575263,5852923.291633319,0.6002,78
34,18.5,419826.6486148202,5852923.727828673,0.5734,78
35,0.0,420185.5367303374,5853002.276545803,0.0671,253
35,0.5,420185.26830242755,5853002.6791876685,0.2122,253
35,1.0,420185.0334280064,5853003.14893651,0.2767,253
35,1.5,420184.7650000965,5853003.5515783755,0.4502,253
35,2.0,420184.4630186979,5853003.95422024,0.541,253
35,2.5,420184.19459078804,5853004.390415594,0.541,253
35,3.0,420183.9261628781,5853004.7930574585,0.5241,253
35,3.5,420183.69128845696,5853005.229252812,0.5111,253
35,4.0,420183.4228605471,5853005.6654481655,0.5111,253
35,4.5,420183.1544326372,5853006.06809003,0.4839,253
35,5.0,420182.91955821606,5853006.5378388725,0.4839,253
35,5.5,420182.6846837949,5853006.9740342265,0.4839,253
35,6.0,420182.41625588504,5853007.376676091,0.5111,253
35,6.5,420182.14782797516,5853007.812871445,0.4839,253
35,7.0,420181.912953554,5853008.249066798,0.4839,253
35,7.5,420181.6445256441,5853008.685262152,0.4839,253
35,8.0,420181.3760977342,5853009.121457505,0.4745,253
35,8.5,420181.1076698243,5853009.52409937,0.3913,253
35,9.0,420180.8727954032,5853009.9602947235,0.4244,253
35,9.5,420180.6043674933,5853010.3964900775,0.4244,253
35,10.0,420180.36949307215,5853010.8326854305,0.4502,253
35,10.5,420180.1010651623,5853011.2688807845,0.4839,253
35,11.0,420179.83263725234,5853011.671522649,0.4745,253
35,11.5,420179.5977628312,5853012.107718003,0.5241,253
35,12.0,420179.36288841005,5853012.543913356,0.541,253
35,12.5,420179.1280139889,5853013.013662199,0.5773,253
35,13.0,420178.89313956775,5853013.449857553,0.5773,253
35,13.5,420178.6247116579,5853013.852499417,0.5241,253
35,14.0,420178.3898372367,5853014.32224826,0.6002,253
35,14.5,420178.12140932685,5853014.724890124,0.6187,253
35,15.0,420177.8865349057,5853015.161085478,0.5734,253
35,15.5,420177.65166048455,5853015.597280831,0.5773,253
35,16.0,420177.3832325747,5853016.033476185,0.6002,253
35,16.5,420177.1148046648,5853016.43611805,0.5734,253
35,17.0,420176.87993024365,5853016.8723134035,0.5734,253
35,17.5,420176.577948845,5853017.308508757,0.5241,253
35,18.0,420176.3095209351,5853017.711150622,0.6909,253
36,0.0,420176.67860931123,5852958.32147556,0.4297,237
36,0.5,420176.37662791257,5852958.724117424,0.3355,237
36,1.0,420176.04109302524,5852959.0932058,0.3355,237
36,1.5,420175.73911162664,5852959.495847666,0.4244,237
36,2.0,420175.40357673925,5852959.864936042,0.4745,237
36,2.5,420175.0680418519,5852960.200470929,0.4297,237
36,3.0,420174.73250696453,5852960.6031127935,0.4297,237
36,3.5,420174.3969720772,5852960.9722011695,0.4297,237
36,4.0,420174.0614371898,5852961.341289545,0.4745,237
36,4.5,420173.69234881375,5852961.676824433,0.4745,237
36,5.0,420173.32326043764,5852962.01235932,0.4502,237
36,5.5,420172.9541720615,5852962.381447696,0.4745,237
36,6.0,420172.6186371742,5852962.7169825835,0.4745,237
36,6.5,420172.2495487981,5852963.08607096,0.4745,237
36,7.0,420171.880460422,5852963.421605848,0.4745,237
36,7.5,420171.54492553463,5852963.757140735,0.4745,237
36,8.0,420171.1758371586,5852964.126229111,0.5111,237
36,8.5,420170.8403022712,5852964.495317487,0.4745,237
36,9.0,420170.50476738386,5852964.864405863,0.4745,237
36,9.5,420170.16923249647,5852965.233494239,0.4745,237
36,10.0,420169.86725109786,5852965.602582615,0.5111,237
36,10.5,420169.53171621053,5852965.971670991,0.5241,237
36,11.0,420169.19618132315,5852966.374312856,0.4745,237
36,11.5,420168.89419992454,5852966.743401232,0.4745,237
36,12.0,420168.55866503716,5852967.146043097,0.4502,237
36,12.5,420168.25668363855,5852967.548684962,0.4297,237
36,13.0,420167.95470223995,5852967.917773338,0.4244,237
36,13.5,420167.6527208413,5852968.3204152025,0.4297,237
36,14.0,420167.3842929314,5852968.7566105565,0.4244,237
36,14.5,420167.0823115328,5852969.159252421,0.4502,237
36,15.0,420166.81388362293,5852969.561894286,0.4297,237
36,15.5,420166.5119022243,5852969.964536151,0.4297,237
36,16.0,420166.17636733694,5852970.367178015,0.4745,237
36,16.5,420165.87438593834,5852970.736266391,0.4839,237
36,17.0,420165.53885105095,5852971.105354768,0.4745,237
36,17.5,420165.2033161636,5852971.474443144,0.3913,237
36,18.0,420164.8006742988,5852971.809978032,0.3796,237
37,0.0,420124.10029246233,5852825.382553189,0.0671,281
37,0.5,420123.66409710876,5852825.61742761,0.242,281
37,1.0,420123.261455244,5852825.919409009,0.242,281
37,1.5,420122.89236686786,5852826.254943896,0.242,281
37,2.0,420122.489725003,5852826.556925294,0.2767,281
37,2.5,420122.08708313823,5852826.858906693,0.2767,281
37,3.0,420121.6844412734,5852827.160888092,0.3001,281
37,3.5,420121.28179940855,5852827.4628694905,0.3001,281
37,4.0,420120.8791575437,5852827.764850888,0.3355,281
37,4.5,420120.47651567886,5852828.066832287,0.3355,281
37,5.0,420120.1074273028,5852828.368813686,0.2847,281
37,5.5,420119.70478543796,5852828.670795085,0.242,281
37,6.0,420119.33569706185,5852829.006329972,0.242,281
37,6.5,420118.93305519706,5852829.308311371,0.242,281
37,7.0,420118.5304133322,5852829.610292769,0.2847,281
37,7.5,420118.1277714674,5852829.912274168,0.2847,281
37,8.0,420117.7586830913,5852830.214255567,0.2847,281
37,8.5,420117.3560412265,5852830.549790454,0.3355,281
37,9.0,420116.98695285036,5852830.8853253415,0.2847,281
37,9.5,420116.5843109855,5852831.18730674,0.3355,281
37,10.0,420116.21522260946,5852831.489288138,0.2847,281
37,10.5,420115.8125807446,5852831.824823026,0.3355,281
37,11.0,420115.44349236856,5852832.126804424,0.3355,281
37,11.5,420115.0408505037,5852832.462339312,0.3355,281
37,12.0,420114.6717621276,5852832.797874199,0.3355,281
37,12.5,420114.30267375155,5852833.133409087,0.2847,281
37,13.0,420113.93358537543,5852833.468943974,0.2847,281
37,13.5,420113.5644969993,5852833.770925373,0.3001,281
37,14.0,420113.16185513453,5852834.10646026,0.2847,281
37,14.5,420112.7927667584,5852834.441995148,0.2847,281
37,15.0,420112.4236783823,5852834.777530035,0.2847,281
37,15.5,420112.05459000624,5852835.113064922,0.3001,281
37,16.0,420111.6519481414,5852835.41504632,0.3355,281
37,16.5,420111.2828597653,5852835.750581208,0.3355,281
37,17.0,420110.9137713892,5852836.086116095,0.3355,281
37,17.5,420110.57823650184,5852836.421650982,0.3796,281
37,18.0,420110.2091481258,5852836.790739358,0.3001,281
38,0.0,419926.2018158991,5852876.618730488,0.242,120
38,0.5,419925.79917403427,5852876.887158398,0.242,120
38,1.0,419925.3965321694,5852877.189139796,0.242,120
38,1.5,419924.9938903046,5852877.524674684,0.2847,120
38,2.0,419924.6248019285,5852877.826656083,0.2847,120
38,2.5,419924.18860657496,5852878.095083992,0.2767,120
38,3.0,419923.7859647101,5852878.397065391,0.242,120
38,3.5,419923.3833228453,5852878.665493301,0.242,120
38,4.0,419922.94712749176,5852878.9674747,0.1898,120
38,4.5,419922.5444856269,5852879.235902609,0.1898,120
38,5.0,419922.1418437621,5852879.50433052,0.1898,120
38,5.5,419921.7056484085,5852879.772758429,0.1898,120
38,6.0,419921.26945305493,5852880.041186339,0.242,120
38,6.5,419920.8668111901,5852880.309614249,0.2767,120
38,7.0,419920.4306158366,5852880.578042159,0.2847,120
38,7.5,419920.02797397174,5852880.880023558,0.3355,120
38,8.0,419919.6253321069,5852881.148451467,0.3355,120
38,8.5,419919.22269024205,5852881.450432866,0.3614,120
38,9.0,419918.8200483772,5852881.752414265,0.3614,120
38,9.5,419918.4174065124,5852882.020842174,0.3913,120
38,10.0,419917.98121115885,5852882.322823573,0.4244,120
38,10.5,419917.578569294,5852882.591251483,0.4244,120
38,11.0,419917.17592742917,5852882.893232882,0.3913,120
38,11.5,419916.7732855644,5852883.161660791,0.4244,120
38,12.0,419916.3370902108,5852883.46364219,0.4244,120
38,12.5,419915.934448346,5852883.7320701,0.4297,120
38,13.0,419915.5318064811,5852884.00049801,0.4244,120
38,13.5,419915.1291646163,5852884.302479409,0.3913,120
38,14.0,419914.6929692627,5852884.6044608075,0.4244,120
38,14.5,419914.29032739793,5852884.872888717,0.4244,120
38,15.0,419913.8876855331,5852885.174870116,0.4244,120
38,15.5,419913.48504366825,5852885.443298026,0.4244,120
38,16.0,419913.0824018034,5852885.745279424,0.4297,120
38,16.5,419912.6797599386,5852886.047260823,0.3913,120
38,17.0,419912.2771180738,5852886.349242222,0.3796,120
38,17.5,419911.87447620893,5852886.617670131,0.3796,120
38,18.0,419911.43828085536,5852886.886098041,0.3422,120
39,0.0,420208.7892980313,5852969.6290012635,0.242,247
39,0.5,420208.4873166327,5852970.031643128,0.3001,247
39,1.0,420208.21888872277,5852970.434284993,0.3355,247
39,1.5,420207.9504608129,5852970.8704803465,0.3614,247
39,2.0,420207.682032903,5852971.3066757005,0.3913,247
39,2.5,420207.41360499314,5852971.709317565,0.3422,247
39,3.0,420207.2122840607,5852972.1790664075,0.3796,247
39,3.5,420206.9103026621,5852972.581708272,0.4745,247
39,4.0,420206.6418747522,5852972.984350137,0.4745,247
39,4.5,420206.3398933536,5852973.386992002,0.4502,247
39,5.0,420206.0714654437,5852973.789633866,0.4839,247
39,5.5,420205.8030375338,5852974.22582922,0.4502,247
39,6.0,420205.53460962395,5852974.662024573,0.4244,247
39,6.5,420205.2326282253,5852975.064666439,0.4839,247
39,7.0,420204.9306468267,5852975.467308303,0.5111,247
39,7.5,420204.6622189168,5852975.869950169,0.5111,247
39,8.0,420204.39379100694,5852976.306145522,0.5241,247
39,8.5,420204.12536309706,5852976.708787386,0.5241,247
39,9.0,420203.8233816984,5852977.111429252,0.5111,247
39,9.5,420203.5549537885,5852977.547624605,0.541,247
39,10.0,420203.28652587865,5852977.95026647,0.5241,247
39,10.5,420203.0180979688,5852978.386461823,0.5241,247
39,11.0,420202.74967005884,5852978.789103689,0.5111,247
39,11.5,420202.44768866024,5852979.225299042,0.4745,247
39,12.0,420202.17926075036,5852979.627940907,0.4502,247
39,12.5,420201.9108328405,5852980.06413626,0.4745,247
39,13.0,420201.6424049306,5852980.466778125,0.4839,247
39,13.5,420201.3739770207,5852980.902973479,0.4745,247
39,14.0,420201.0719956221,5852981.305615343,0.541,247
39,14.5,420200.8035677122,5852981.708257209,0.541,247
39,15.0,420200.5351398023,5852982.144452562,0.5111,247
39,15.5,420200.3002653812,5852982.580647916,0.5111,247
39,16.0,420200.0318374713,5852982.98328978,0.4839,247
39,16.5,420199.72985607263,5852983.419485134,0.4297,247
39,17.0,420199.46142816276,5852983.822126999,0.4502,247
39,17.5,420199.2265537416,5852984.258322353,0.4839,247
40,0.0,420047.7996590773,5852881.85307473,0.4697,164
40,0.5,420047.73255209986,5852882.356377061,0.2684,164
40,1.0,420047.73255209986,5852882.859679393,0.2684,164
40,1.5,420047.73255209986,5852883.362981724,0.2684,164
40,2.0,420047.7661055886,5852883.832730566,0.3355,164
40,2.5,420047.7996590773,5852884.336032897,0.4026,164
40,3.0,420047.7661055886,5852884.839335228,0.3355,164
40,3.5,420047.7996590773,5852885.342637559,0.4026,164
40,4.0,420047.7661055886,5852885.8459398905,0.4026,164
40,4.5,420047.73255209986,5852886.349242222,0.3913,164
40,5.0,420047.6654451224,5852886.852544553,0.4026,164
40,5.5,420047.6318916337,5852887.322293395,0.4026,164
40,6.0,420047.6318916337,5852887.825595725,0.4026,164
40,6.5,420047.6654451224,5852888.328898056,0.4026,164
40,7.0,420047.6654451224,5852888.8322003875,0.4026,164
40,7.5,420047.6318916337,5852889.335502719,0.4026,164
40,8.0,420047.5983381449,5852889.83880505,0.4082,164
40,8.5,420047.56478465616,5852890.342107381,0.4026,164
40,9.0,420047.4976776787,5852890.811856223,0.4026,164
40,9.5,420047.4976776787,5852891.315158554,0.4697,164
40,10.0,420047.46412419,5852891.818460885,0.5369,164
40,10.5,420047.3970172125,5852892.3217632165,0.4745,164
40,11.0,420047.36346372374,5852892.825065548,0.5369,164
40,11.5,420047.2963567463,5852893.328367879,0.5111,164
40,12.0,420047.22924976883,5852893.79811672,0.4697,164
40,12.5,420047.1956962801,5852894.301419051,0.5369,164
40,13.0,420047.1285893026,5852894.804721382,0.5369,164
40,13.5,420047.06148232514,5852895.3080237135,0.5369,164
40,14.0,420046.9943753477,5852895.777772556,0.5369,164
40,14.5,420046.92726837023,5852896.281074887,0.5369,164
40,15.0,420046.8601613927,5852896.784377218,0.5369,164
40,15.5,420046.79305441526,5852897.287679549,0.5534,164
40,16.0,420046.7259474378,5852897.79098188,0.6002,164
40,16.5,420046.6588404603,5852898.260730723,0.6002,164
40,17.0,420046.5581799941,5852898.764033054,0.5534,164
40,17.5,420046.49107301666,5852899.267335385,0.604,164
41,0.0,419960.2250534771,5853091.897914217,0.242,47
41,0.5,419959.82241161226,5853092.166342126,0.2122,47
41,1.0,419959.4197697475,5853092.468323525,0.242,47
41,1.5,419959.01712788263,5853092.803858412,0.2847,47
41,2.0,419958.6144860178,5853093.105839811,0.3001,47
41,2.5,419958.1782906642,5853093.340714232,0.242,47
41,3.0,419957.7756487994,5853093.642695631,0.242,47
41,3.5,419957.3730069346,5853093.91112354,0.242,47
41,4.0,419956.936811581,5853094.179551451,0.3355,47
41,4.5,419956.5341697162,5853094.44797936,0.3796,47
41,5.0,419956.13152785134,5853094.749960759,0.3796,47
41,5.5,419955.72888598655,5853095.051942158,0.3614,47
41,6.0,419955.292690633,5853095.320370068,0.3913,47
41,6.5,419954.89004876814,5853095.588797977,0.3796,47
41,7.0,419954.4874069033,5853095.890779376,0.3355,47
41,7.5,419954.0512115497,5853096.159207286,0.3355,47
41,8.0,419953.6485696849,5853096.461188684,0.3355,47
41,8.5,419953.2459278201,5853096.763170083,0.3796,47
41,9.0,419952.84328595526,5853097.065151482,0.3614,47
41,9.5,419952.4406440904,5853097.333579391,0.3913,47
41,10.0,419952.00444873684,5853097.6020073015,0.3796,47
41,10.5,419951.60180687206,5853097.870435212,0.3355,47
41,11.0,419951.1656115185,5853098.138863121,0.3355,47
41,11.5,419950.76296965365,5853098.407291031,0.3001,47
41,12.0,419950.3267743001,5853098.675718941,0.3355,47
41,12.5,419949.8905789465,5853098.944146851,0.3614,47
41,13.0,419949.48793708166,5853099.21257476,0.3796,47
41,13.5,419949.0517417281,5853099.481002671,0.3796,47
41,14.0,419948.6490998633,5853099.749430581,0.3913,47
41,14.5,419948.21290450974,5853100.01785849,0.3796,47
41,15.0,419947.8102626449,5853100.286286401,0.3913,47
41,15.5,419947.3740672913,5853100.55471431,0.3913,47
41,16.0,419946.9714254265,5853100.82314222,0.4244,47
41,16.5,419946.5352300729,5853101.125123619,0.4502,47
41,17.0,419946.13258820813,5853101.393551528,0.4745,47
41,17.5,419945.7299463433,5853101.661979439,0.4502,47
42,0.0,419923.1484484241,5853151.757338121,0.6711,37
42,0.5,419922.6451460931,5853151.79089161,0.5369,37
42,1.0,419922.1418437621,5853151.79089161,0.5734,37
42,1.5,419921.63854143105,5853151.824445099,0.604,37
42,2.0,419921.1352391,5853151.824445099,0.5369,37
42,2.5,419920.6654902577,5853151.824445099,0.5369,37
42,3.0,419920.16218792665,5853151.824445099,0.604,37
42,3.5,419919.6588855956,5853151.824445099,0.604,37
42,4.0,419919.1555832646,5853151.824445099,0.604,37
42,4.5,419918.6522809336,5853151.891552076,0.4697,37
42,5.0,419918.14897860255,5853151.925105564,0.4026,37
42,5.5,419917.64567627147,5853151.925105564,0.4026,37
42,6.0,419917.14237394044,5853151.958659054,0.4697,37
42,6.5,419916.67262509814,5853151.992212542,0.4697,37
42,7.0,419916.1693227671,5853151.958659054,0.5369,37
42,7.5,419915.6660204361,5853151.958659054,0.5369,37
42,8.0,419915.1627181051,5853151.925105564,0.6187,37
42,8.5,419914.659415774,5853151.958659054,0.6609,37
42,9.0,419914.15611344296,5853152.025766031,0.604,37
42,9.5,419913.68636460067,5853152.059319519,0.604,37
42,10.0,419913.18306226964,5853152.1264264975,0.604,37
42,10.5,419912.6797599386,5853152.193533475,0.5734,37
42,11.0,419912.1764576076,5853152.260640452,0.5734,37
42,11.5,419911.6731552765,5853152.294193941,0.604,37
42,12.0,419911.2034064342,5853152.32774743,0.6609,37
42,12.5,419910.7001041032,5853152.394854407,0.604,37
42,13.0,419910.19680177217,5853152.428407895,0.6366,37
42,13.5,419909.69349944114,5853152.495514873,0.604,37
42,14.0,419909.19019711006,5853152.529068362,0.604,37
42,14.5,419908.68689477904,5853152.5626218505,0.604,37
42,15.0,419908.21714593674,5853152.596175339,0.604,37
42,15.5,419907.7138436057,5853152.596175339,0.604,37
42,16.0,419907.2105412747,5853152.596175339,0.6366,37
42,16.5,419906.70723894367,5853152.663282317,0.5369,37
42,17.0,419906.2039366126,5853152.696835806,0.5369,37
43,0.0,419824.66895898484,5853052.640332395,0.5534,54
43,0.5,419824.16565665376,5853052.740992862,0.6002,54
43,1.0,419823.69590781146,5853052.9087603055,0.6609,54
43,1.5,419823.22615896916,5853053.076527749,0.6609,54
43,2.0,419822.7899636156,5853053.277848681,0.541,54
43,2.5,419822.28666128457,5853053.412062637,0.4745,54
43,3.0,419821.8169124423,5853053.512723103,0.5369,54
43,3.5,419821.31361011125,5853053.646937057,0.5534,54
43,4.0,419820.84386126895,5853053.814704501,0.541,54
43,4.5,419820.4076659154,5853054.016025434,0.4839,54
43,5.0,419819.9379170731,5853054.183792877,0.5111,54
43,5.5,419819.4681682308,5853054.318006832,0.5111,54
43,6.0,419818.96486589976,5853054.485774276,0.5534,54
43,6.5,419818.49511705746,5853054.65354172,0.5734,54
43,7.0,419818.02536821517,5853054.821309163,0.5734,54
43,7.5,419817.55561937287,5853054.955523118,0.6609,54
43,8.0,419817.0858705306,5853055.0897370735,0.7228,54
43,8.5,419816.6161216883,5853055.324611494,0.6331,54
43,9.0,419816.1799263347,5853055.492378938,0.5773,54
43,9.5,419815.6766240036,5853055.660146382,0.5534,54
43,10.0,419815.2068751613,5853055.760806848,0.6002,54
43,10.5,419814.7035728303,5853055.895020803,0.6187,54
43,11.0,419814.233823988,5853056.029234758,0.6187,54
43,11.5,419813.7640751457,5853056.163448713,0.6366,54
43,12.0,419813.2607728147,5853056.297662668,0.6609,54
43,12.5,419812.7910239724,5853056.431876623,0.6002,54
43,13.0,419812.3212751301,5853056.599644067,0.6002,54
43,13.5,419811.8515262878,5853056.76741151,0.6187,54
43,14.0,419811.3817774455,5853056.901625465,0.6609,54
43,14.5,419810.8784751144,5853057.069392908,0.6366,54
43,15.0,419810.4087262721,5853057.2036068635,0.6366,54
43,15.5,419809.9389774298,5853057.337820819,0.6366,54
43,16.0,419809.4692285875,5853057.505588262,0.6609,54
43,16.5,419808.9994797452,5853057.673355706,0.6609,54
43,17.0,419808.5297309029,5853057.84112315,0.7592,54
44,0.0,420056.28869172744,5852866.384916424,0.5111,165
44,0.5,420056.0538173063,5852866.821111777,0.5111,165
44,1.0,420055.7853893964,5852867.257307131,0.4839,165
44,1.5,420055.5505149753,5852867.693502484,0.5111,165
44,2.0,420055.3156405541,5852868.129697838,0.4839,165
44,2.5,420055.04721264425,5852868.565893192,0.4839,165
44,3.0,420054.8123382231,5852869.002088545,0.4839,165
44,3.5,420054.57746380195,5852869.438283899,0.5111,165
44,4.0,420054.3425893808,5852869.874479252,0.5111,165
44,4.5,420054.10771495965,5852870.310674606,0.5241,165
44,5.0,420053.8728405385,5852870.746869959,0.541,165
44,5.5,420053.63796611736,5852871.183065313,0.541,165
44,6.0,420053.4030916962,5852871.652814155,0.5773,165
44,6.5,420053.16821727506,5852872.0890095085,0.6002,165
44,7.0,420052.9333428539,5852872.5252048625,0.6002,165
44,7.5,420052.69846843276,5852872.9614002155,0.6002,165
44,8.0,420052.4300405229,5852873.3975955695,0.6002,165
44,8.5,420052.19516610174,5852873.833790923,0.6187,165
44,9.0,420051.96029168053,5852874.2699862765,0.6002,165
44,9.5,420051.69186377065,5852874.7061816305,0.6002,165
44,10.0,420051.4569893495,5852875.142376984,0.5734,165
44,10.5,420051.18856143963,5852875.545018849,0.5734,165
44,11.0,420050.9536870185,5852875.981214202,0.5773,165
44,11.5,420050.6852591086,5852876.417409556,0.5694,165
44,12.0,420050.45038468746,5852876.853604909,0.5773,165
44,12.5,420050.2155102663,5852877.289800263,0.6002,165
44,13.0,420049.98063584516,5852877.725995616,0.6331,165
44,13.5,420049.745761424,5852878.195744459,0.6002,165
44,14.0,420049.51088700286,5852878.631939813,0.6187,165
44,14.5,420049.242459093,5852879.034581677,0.7228,165
44,15.0,420049.00758467184,5852879.470777031,0.7228,165
44,15.5,420048.7727102507,5852879.940525873,0.6909,165
44,16.0,420048.53783582954,5852880.376721227,0.7228,165
44,16.5,420048.3029614084,5852880.81291658,0.7228,165
45,0.0,419903.2847830926,5852883.228767769,0.4697,118
45,0.5,419903.7545319349,5852883.396535213,0.4297,118
45,1.0,419904.1907272885,5852883.664963122,0.4297,118
45,1.5,419904.59336915327,5852883.933391033,0.4244,118
45,2.0,419905.02956450684,5852884.168265454,0.3796,118
45,2.5,419905.4657598604,5852884.470246852,0.3913,118
45,3.0,419905.86840172525,5852884.738674762,0.3355,118
45,3.5,419906.3045970788,5852885.007102672,0.3614,118
45,4.0,419906.70723894367,5852885.275530582,0.3355,118
45,4.5,419907.14343429724,5852885.543958492,0.3614,118
45,5.0,419907.546076162,5852885.812386402,0.3614,118
45,5.5,419907.9822715156,5852886.080814311,0.3796,118
45,6.0,419908.41846686916,5852886.349242222,0.3796,118
45,6.5,419908.821108734,5852886.617670131,0.3913,118
45,7.0,419909.22375059885,5852886.886098041,0.4244,118
45,7.5,419909.6599459524,5852887.120972462,0.3796,118
45,8.0,419910.1296947947,5852887.355846884,0.3355,118
45,8.5,419910.5323366595,5852887.624274793,0.3913,118
45,9.0,419910.96853201307,5852887.892702703,0.4244,118
45,9.5,419911.3711738779,5852888.194684102,0.3913,118
45,10.0,419911.77381574275,5852888.463112012,0.3796,118
45,10.5,419912.2100110963,5852888.731539922,0.3913,118
45,11.0,419912.6126529611,5852888.999967831,0.3796,118
45,11.5,419913.0488483147,5852889.30194923,0.3355,118
45,12.0,419913.4514901795,5852889.57037714,0.3355,118
45,12.5,419913.8876855331,5852889.83880505,0.2847,118
45,13.0,419914.29032739793,5852890.10723296,0.3001,118
45,13.5,419914.7265227515,5852890.375660869,0.2767,118
45,14.0,419915.1291646163,5852890.64408878,0.2767,118
45,14.5,419915.56535996986,5852890.91251669,0.242,118
45,15.0,419916.0015553234,5852891.180944599,0.2122,118
45,15.5,419916.40419718827,5852891.4493725095,0.2122,118
45,16.0,419916.8068390531,5852891.717800419,0.2122,118
45,16.5,419917.2430344067,5852892.019781818,0.1898,118
46,0.0,419889.59495968843,5852843.165902219,0.1501,143
46,0.5,419889.12521084613,5852843.300116174,0.1898,143
46,1.0,419888.65546200384,5852843.467883618,0.1342,143
46,1.5,419888.1521596728,5852843.602097572,0.2013,143
46,2.0,419887.6824108305,5852843.736311527,0.2013,143
46,2.5,419887.2126619882,5852843.870525482,0.1898,143
46,3.0,419886.7429131459,5852844.038292926,0.2122,143
46,3.5,419886.23961081484,5852844.172506881,0.2013,143
46,4.0,419885.76986197254,5852844.340274325,0.2122,143
46,4.5,419885.30011313024,5852844.508041768,0.2013,143
46,5.0,419884.83036428795,5852844.642255723,0.242,143
46,5.5,419884.36061544565,5852844.810023166,0.242,143
46,6.0,419883.89086660335,5852844.97779061,0.242,143
46,6.5,419883.42111776106,5852845.145558054,0.242,143
46,7.0,419882.91781543003,5852845.313325497,0.2684,143
46,7.5,419882.44806658773,5852845.447539452,0.2767,143
46,8.0,419881.97831774544,5852845.615306896,0.2767,143
46,8.5,419881.50856890314,5852845.78307434,0.2684,143
46,9.0,419881.03882006084,5852845.950841784,0.242,143
46,9.5,419880.56907121855,5852846.118609227,0.2684,143
46,10.0,419880.09932237625,5852846.252823182,0.2767,143
46,10.5,419879.6295735339,5852846.420590626,0.3001,143
46,11.0,419879.1598246916,5852846.621911558,0.3355,143
46,11.5,419878.6900758493,5852846.823232491,0.3001,143
46,12.0,419878.25388049573,5852847.024553423,0.242,143
46,12.5,419877.78413165343,5852847.225874356,0.242,143
46,13.0,419877.31438281114,5852847.427195288,0.242,143
46,13.5,419876.84463396884,5852847.594962732,0.2767,143
46,14.0,419876.37488512654,5852847.762730176,0.3422,143
46,14.5,419875.90513628424,5852847.930497619,0.4082,143
46,15.0,419875.43538744195,5852848.098265063,0.4244,143
46,15.5,419874.9991920884,5852848.299585995,0.4082,143
46,16.0,419874.5294432461,5852848.5009069275,0.3913,143
46,16.5,419874.0596944038,5852848.70222786,0.3614,143
47,0.0,420185.26830242755,5853022.341532067,0.5773,257
47,0.5,420185.7044977811,5853022.609959977,0.6187,257
47,1.0,420186.1406931347,5853022.8448343985,0.6331,257
47,1.5,420186.54333499953,5853023.113262308,0.6331,257
47,2.0,420186.9795303531,5853023.381690218,0.6331,257
47,2.5,420187.41572570667,5853023.650118128,0.6002,257
47,3.0,420187.8519210602,5853023.884992549,0.6331,257
47,3.5,420188.28811641375,5853024.11986697,0.6002,257
47,4.0,420188.7243117673,5853024.321187902,0.6002,257
47,4.5,420189.1605071209,5853024.556062324,0.6002,257
47,5.0,420189.59670247446,5853024.824490233,0.6002,257
47,5.5,420190.03289782803,5853025.092918144,0.4839,257
47,6.0,420190.4355396929,5853025.394899542,0.4839,257
47,6.5,420190.8381815577,5853025.663327452,0.4839,257
47,7.0,420191.2743769112,5853025.931755362,0.5111,257
47,7.5,420191.7105722648,5853026.166629783,0.5241,257
47,8.0,420192.14676761837,5853026.435057693,0.5694,257
47,8.5,420192.5494094832,5853026.7034856025,0.5734,257
47,9.0,420192.9856048368,5853026.971913513,0.5734,257
47,9.5,420193.42180019035,5853027.206787934,0.541,257
47,10.0,420193.8579955439,5853027.441662355,0.541,257
47,10.5,420194.2941908975,5853027.676536776,0.541,257
47,11.0,420194.73038625106,5853027.944964686,0.541,257
47,11.5,420195.1665816046,5853028.179839107,0.5773,257
47,12.0,420195.60277695814,5853028.4482670175,0.5734,257
47,12.5,420196.005418823,5853028.683141438,0.5734,257
47,13.0,420196.44161417655,5853028.918015859,0.5241,257
47,13.5,420196.8778095301,5853029.219997258,0.4745,257
47,14.0,420197.28045139497,5853029.488425168,0.4839,257
47,14.5,420197.71664674854,5853029.723299589,0.5734,257
47,15.0,420198.15284210205,5853029.958174011,0.6331,257
47,15.5,420198.5890374556,5853030.22660192,0.4885,257
47,16.0,420199.0252328092,5853030.461476341,0.4244,257
47,16.5,420199.4949816515,5853030.662797274,0.4502,257
48,0.0,420236.57158670446,5853041.903216001,0.7134,257
48,0.5,420236.87356810307,5853042.305857865,0.6643,257
48,1.0,420237.1755495017,5853042.70849973,0.6187,257
48,1.5,420237.51108438906,5853043.077588106,0.6187,257
48,2.0,420237.8130657877,5853043.480229971,0.6331,257
48,2.5,420238.1150471863,5853043.849318347,0.6187,257
48,3.0,420238.4170285849,5853044.251960211,0.5773,257
48,3.5,420238.7525634723,5853044.654602077,0.5694,257
48,4.0,420239.0545448709,5853045.057243941,0.5241,257
48,4.5,420239.3565262695,5853045.426332317,0.5241,257
48,5.0,420239.6920611569,5853045.828974183,0.5241,257
48,5.5,420239.9940425555,5853046.198062559,0.5241,257
48,6.0,420240.32957744284,5853046.600704423,0.541,257
48,6.5,420240.6315588415,5853047.003346288,0.541,257
48,7.0,420240.9335402401,5853047.3724346645,0.5694,257
48,7.5,420241.2355216387,5853047.775076529,0.541,257
48,8.0,420241.53750303737,5853048.1777183935,0.5241,257
48,8.5,420241.8730379247,5853048.546806769,0.5694,257
48,9.0,420242.2085728121,5853048.915895146,0.5241,257
48,9.5,420242.5105542107,5853049.318537011,0.4745,257
48,10.0,420242.8125356093,5853049.687625387,0.5111,257
48,10.5,420243.11451700795,5853050.123820741,0.5241,257
48,11.0,420243.38294491783,5853050.526462605,0.541,257
48,11.5,420243.68492631643,5853050.92910447,0.5111,257
48,12.0,420243.9533542263,5853051.331746335,0.4502,257
48,12.5,420244.25533562497,5853051.7343882,0.4502,257
48,13.0,420244.5908705123,5853052.137030065,0.4745,257
48,13.5,420244.9264053997,5853052.506118441,0.4745,257
48,14.0,420245.2283867983,5853052.875206817,0.5111,257
48,14.5,420245.5639216856,5853053.277848681,0.5694,257
48,15.0,420245.8659030843,5853053.646937057,0.5694,257
48,15.5,420246.2014379716,5853054.049578923,0.5773,257
48,16.0,420246.5034193702,5853054.452220787,0.5694,257
48,16.5,420246.8054007689,5853054.854862652,0.6609,257
49,0.0,419897.010280699,5853210.509496897,0.3913,12
49,0.5,419897.3458155864,5853210.878585273,0.4297,12
49,1.0,419897.6813504737,5853211.247673649,0.4297,12
49,1.5,419898.0168853611,5853211.650315514,0.4244,12
49,2.0,419898.35242024844,5853212.019403891,0.4297,12
49,2.5,419898.6879551358,5853212.388492267,0.4297,12
49,3.0,419899.02349002316,5853212.724027154,0.4297,12
49,3.5,419899.3925783993,5853213.09311553,0.3796,12
49,4.0,419899.7281132866,5853213.462203906,0.3614,12
49,4.5,419900.063648174,5853213.831292282,0.3355,12
49,5.0,419900.3656295726,5853214.200380658,0.3796,12
49,5.5,419900.7011644599,5853214.603022523,0.3796,12
49,6.0,419901.0031458586,5853214.972110899,0.3614,12
49,6.5,419901.3386807459,5853215.341199275,0.3796,12
49,7.0,419901.6742156333,5853215.710287651,0.3355,12
49,7.5,419902.00975052064,5853216.079376027,0.3355,12
49,8.0,419902.345285408,5853216.448464404,0.3355,12
49,8.5,419902.68082029535,5853216.81755278,0.3355,12
49,9.0,419903.01635518274,5853217.220194644,0.3355,12
49,9.5,419903.3518900701,5853217.58928302,0.3796,12
49,10.0,419903.6874249574,5853217.958371396,0.3796,12
49,10.5,419903.98940635606,5853218.327459773,0.3796,12
49,11.0,419904.3249412434,5853218.730101638,0.3355,12
49,11.5,419904.6604761308,5853219.0991900135,0.3355,12
49,12.0,419904.9960110181,5853219.468278389,0.3355,12
49,12.5,419905.3315459055,5853219.837366765,0.3355,12
49,13.0,419905.66708079283,5853220.206455142,0.2847,12
49,13.5,419905.96906219143,5853220.575543518,0.2847,12
49,14.0,419906.3045970788,5853220.978185383,0.2847,12
49,14.5,419906.64013196615,5853221.347273759,0.2847,12
49,15.0,419906.97566685354,5853221.716362135,0.242,12
49,15.5,419907.27764825214,5853222.119004,0.242,12
49,16.0,419907.61318313953,5853222.488092376,0.2847,12
49,16.5,419907.94871802686,5853222.857180752,0.2767,12
50,0.0,419857.3500570134,5852912.722284367,0.242,77
50,0.5,419856.8803081711,5852912.9236053005,0.242,77
50,1.0,419856.4441128175,5852913.158479721,0.2767,77
50,1.5,419856.04147095274,5852913.46046112,0.3355,77
50,2.0,419855.6723825766,5852913.762442519,0.242,77
50,2.5,419855.2697407118,5852914.064423917,0.2767,77
50,3.0,419854.8335453582,5852914.332851827,0.3001,77
50,3.5,419854.39735000464,5852914.567726248,0.3355,77
50,4.0,419853.9611546511,5852914.836154158,0.3355,77
50,4.5,419853.52495929756,5852915.071028579,0.3614,77
50,5.0,419853.088763944,5852915.305903001,0.3913,77
50,5.5,419852.68612207915,5852915.57433091,0.4244,77
50,6.0,419852.2834802143,5852915.876312309,0.3355,77
50,6.5,419851.84728486073,5852916.144740218,0.3614,77
50,7.0,419851.4446429959,5852916.413168129,0.3614,77
50,7.5,419851.0084476424,5852916.681596039,0.3614,77
50,8.0,419850.5722522888,5852916.91647046,0.3913,77
50,8.5,419850.13605693524,5852917.18489837,0.4502,77
50,9.0,419849.7334150704,5852917.453326279,0.4244,77
50,9.5,419849.2972197168,5852917.755307678,0.4502,77
50,10.0,419848.894577852,5852918.0237355875,0.5111,77
50,10.5,419848.4919359872,5852918.292163498,0.5694,77
50,11.0,419848.05574063363,5852918.560591408,0.5241,77
50,11.5,419847.6530987688,5852918.862572806,0.5241,77
50,12.0,419847.2169034152,5852919.131000716,0.5241,77
50,12.5,419846.8142615504,5852919.3994286265,0.5111,77
50,13.0,419846.4116196856,5852919.701410024,0.4502,77
50,13.5,419845.975424332,5852919.969837935,0.4745,77
50,14.0,419845.53922897845,5852920.2047123555,0.4839,77
50,14.5,419845.1365871136,5852920.473140266,0.5241,77
50,15.0,419844.70039176004,5852920.708014687,0.6187,77
50,15.5,419844.26419640647,5852920.976442597,0.6002,77
50,16.0,419843.8615545416,5852921.278423996,0.5773,77
50,16.5,419843.42535918806,5852921.546851905,0.6187,77
51,0.0,420015.08500756003,5852938.6926846495,0.5241,161
51,0.5,420015.3198819812,5852939.128880003,0.6643,161
51,1.0,420015.6218633798,5852939.531521868,0.6187,161
51,1.5,420015.9238447784,5852939.934163732,0.5694,161
51,2.0,420016.2929331545,5852940.303252108,0.6187,161
51,2.5,420016.62846804183,5852940.672340484,0.6187,161
51,3.0,420016.9640029292,5852941.007875372,0.6643,161
51,3.5,420017.3330913053,5852941.376963748,0.6643,161
51,4.0,420017.66862619267,5852941.712498635,0.6643,161
51,4.5,420018.0377145687,5852942.048033522,0.6643,161
51,5.0,420018.40680294484,5852942.417121898,0.7134,161
51,5.5,420018.77589132095,5852942.752656786,0.6909,161
51,6.0,420019.144979697,5852943.054638185,0.6643,161
51,6.5,420019.5140680731,5852943.390173072,0.6643,161
51,7.0,420019.88315644924,5852943.725707959,0.6187,161
51,7.5,420020.2522448253,5852944.061242847,0.6187,161
51,8.0,420020.6213332014,5852944.430331223,0.6187,161
51,8.5,420020.9904215775,5852944.76586611,0.6643,161
51,9.0,420021.3595099536,5852945.1014009975,0.7134,161
51,9.5,420021.6950448409,5852945.470489373,0.6187,161
51,10.0,420022.0305797283,5852945.83957775,0.5694,161
51,10.5,420022.3325611269,5852946.242219615,0.4745,161
51,11.0,420022.6345425256,5852946.644861479,0.5111,161
51,11.5,420022.9365239242,5852947.013949855,0.5241,161
51,12.0,420023.20495183405,5852947.450145209,0.5241,161
51,12.5,420023.50693323265,5852947.852787074,0.5241,161
51,13.0,420023.84246812004,5852948.22187545,0.5694,161
51,13.5,420024.1780030074,5852948.5909638265,0.5241,161
51,14.0,420024.47998440603,5852948.993605691,0.5694,161
51,14.5,420024.8490727821,5852949.329140578,0.5694,161
51,15.0,420025.2181611582,5852949.698228954,0.5694,161
51,15.5,420025.5201425568,5852950.06731733,0.5694,161
51,16.0,420025.7885704667,5852950.469959196,0.6331,161
52,0.0,419907.94871802686,5852914.198637872,0.3355,85
52,0.5,419907.44541569584,5852914.232191361,0.3355,85
52,1.0,419906.9421133648,5852914.265744849,0.3355,85
52,1.5,419906.43881103373,5852914.299298339,0.3355,85
52,2.0,419905.96906219143,5852914.332851827,0.3355,85
52,2.5,419905.4657598604,5852914.366405316,0.3355,85
52,3.0,419904.9624575294,5852914.399958804,0.3355,85
52,3.5,419904.45915519836,5852914.433512293,0.3355,85
52,4.0,419903.95585286734,5852914.467065782,0.2767,85
52,4.5,419903.45255053625,5852914.534172759,0.3355,85
52,5.0,419902.94924820523,5852914.567726248,0.3355,85
52,5.5,419902.4459458742,5852914.6012797365,0.3355,85
52,6.0,419901.9761970319,5852914.634833226,0.3614,85
52,6.5,419901.4728947009,5852914.701940203,0.3355,85
52,7.0,419900.96959236986,5852914.735493692,0.3355,85
52,7.5,419900.4662900388,5852914.76904718,0.3913,85
52,8.0,419899.96298770775,5852914.80260067,0.4026,85
52,8.5,419899.4596853767,5852914.836154158,0.4026,85
52,9.0,419898.98993653443,5852914.869707647,0.4026,85
52,9.5,419898.4866342034,5852914.903261135,0.4026,85
52,10.0,419897.9833318724,5852914.936814624,0.4026,85
52,10.5,419897.4800295413,5852914.970368113,0.4026,85
52,11.0,419896.9767272103,5852915.003921602,0.4026,85
52,11.5,419896.47342487925,5852915.0374750905,0.4026,85
52,12.0,419895.9701225482,5852915.0374750905,0.3913,85
52,12.5,419895.4668202172,5852915.071028579,0.4026,85
52,13.0,419894.9970713749,5852915.138135557,0.4026,85
52,13.5,419894.4937690438,5852915.138135557,0.4026,85
52,14.0,419893.9904667128,5852915.138135557,0.4026,85
52,14.5,419893.4871643818,5852915.138135557,0.4026,85
52,15.0,419892.98386205075,5852915.171689046,0.4026,85
52,15.5,419892.4805597197,5852915.171689046,0.4026,85
52,16.0,419891.97725738864,5852915.138135557,0.4697,85
53,0.0,419851.88083834946,5853148.133561337,0.2684,16
53,0.5,419851.37753601844,5853148.200668315,0.3355,16
53,1.0,419850.90778717614,5853148.301328781,0.3355,16
53,1.5,419850.4044848451,5853148.401989248,0.242,16
53,2.0,419849.9011825141,5853148.435542736,0.2684,16
53,2.5,419849.39788018307,5853148.502649713,0.2684,16
53,3.0,419848.92813134077,5853148.60331018,0.3355,16
53,3.5,419848.4248290097,5853148.703970646,0.3355,16
53,4.0,419847.92152667866,5853148.737524135,0.3913,16
53,4.5,419847.45177783637,5853148.804631112,0.4026,16
53,5.0,419846.94847550534,5853148.871738089,0.3355,16
53,5.5,419846.4451731743,5853148.905291579,0.4026,16
53,6.0,419845.94187084323,5853148.972398556,0.3422,16
53,6.5,419845.4385685122,5853149.039505533,0.3355,16
53,7.0,419844.9688196699,5853149.106612511,0.3355,16
53,7.5,419844.4655173389,5853149.207272977,0.2684,16
53,8.0,419843.96221500786,5853149.274379955,0.3355,16
53,8.5,419843.49246616557,5853149.341486932,0.3355,16
53,9.0,419842.98916383454,5853149.37504042,0.4026,16
53,9.5,419842.48586150346,5853149.40859391,0.4026,16
53,10.0,419841.98255917244,5853149.442147398,0.4026,16
53,10.5,419841.4792568414,5853149.5092543755,0.4026,16
53,11.0,419840.9759545104,5853149.542807864,0.4026,16
53,11.5,419840.47265217936,5853149.5763613535,0.3355,16
53,12.0,419840.00290333707,5853149.609914842,0.4026,16
53,12.5,419839.499601006,5853149.677021819,0.3422,16
53,13.0,419838.99629867496,5853149.710575308,0.3355,16
53,13.5,419838.49299634394,5853149.710575308,0.3913,16
53,14.0,419837.9896940129,5853149.777682286,0.3355,16
53,14.5,419837.5199451706,5853149.844789263,0.3422,16
53,15.0,419837.0166428396,5853149.911896241,0.4026,16
53,15.5,419836.5133405085,5853149.979003218,0.3355,16
53,16.0,419836.0100381775,5853150.012556707,0.3355,16
54,0.0,419846.2438522419,5853201.584268893,0.242,9
54,0.5,419845.8076568883,5853201.852696803,0.3355,9
54,1.0,419845.4385685122,5853202.154678202,0.3913,9
54,1.5,419845.0359266474,5853202.49021309,0.3913,9
54,2.0,419844.6668382713,5853202.825747977,0.3796,9
54,2.5,419844.2977498952,5853203.127729375,0.3796,9
54,3.0,419843.8951080304,5853203.429710774,0.4244,9
54,3.5,419843.5260196543,5853203.765245661,0.4297,9
54,4.0,419843.1569312782,5853204.1007805485,0.4297,9
54,4.5,419842.7878429021,5853204.436315436,0.3913,9
54,5.0,419842.418754526,5853204.771850323,0.3913,9
54,5.5,419842.0496661499,5853205.107385211,0.4297,9
54,6.0,419841.6470242851,5853205.442920098,0.3796,9
54,6.5,419841.277935909,5853205.7784549855,0.3614,9
54,7.0,419840.90884753293,5853206.080436384,0.3355,9
54,7.5,419840.5062056681,5853206.415971272,0.3796,9
54,8.0,419840.137117292,5853206.751506159,0.3796,9
54,8.5,419839.7680289159,5853207.053487557,0.4297,9
54,9.0,419839.3653870511,5853207.389022444,0.3796,9
54,9.5,419838.99629867496,5853207.724557332,0.3796,9
54,10.0,419838.6272102989,5853208.060092219,0.3796,9
54,10.5,419838.2581219228,5853208.395627107,0.3796,9
54,11.0,419837.8890335467,5853208.731161994,0.3796,9
54,11.5,419837.5199451706,5853209.066696881,0.3913,9
54,12.0,419837.1173033058,5853209.36867828,0.3913,9
54,12.5,419836.7817684184,5853209.704213168,0.4297,9
54,13.0,419836.4126800423,5853210.039748055,0.4297,9
54,13.5,419836.0100381775,5853210.375282942,0.4745,9
54,14.0,419835.6409498014,5853210.71081783,0.4502,9
54,14.5,419835.2718614253,5853211.046352717,0.4297,9
54,15.0,419834.9363265379,5853211.3818876045,0.4745,9
54,15.5,419834.56723816186,5853211.75097598,0.4745,9
54,16.0,419834.19814978575,5853212.086510868,0.6002,9
55,0.0,420189.86513038434,5852996.941541094,0.7503,250
55,0.5,420189.56314898573,5852997.344182959,0.541,250
55,1.0,420189.29472107586,5852997.780378313,0.6002,250
55,1.5,420189.0598466547,5852998.216573666,0.6609,250
55,2.0,420188.82497223356,5852998.619215531,0.6187,250
55,2.5,420188.5565443237,5852999.055410884,0.6609,250
55,3.0,420188.28811641375,5852999.491606238,0.7228,250
55,3.5,420188.0196885039,5852999.927801592,0.7503,250
55,4.0,420187.7848140827,5853000.363996945,0.6909,250
55,4.5,420187.5499396616,5853000.800192299,0.6609,250
55,5.0,420187.31506524043,5853001.236387652,0.6331,250
55,5.5,420187.0801908193,5853001.672583006,0.6331,250
55,6.0,420186.84531639813,5853002.108778359,0.6331,250
55,6.5,420186.57688848826,5853002.544973713,0.6331,250
55,7.0,420186.3420140671,5853002.981169066,0.6331,250
55,7.5,420186.07358615723,5853003.41736442,0.6331,250
55,8.0,420185.80515824736,5853003.820006285,0.6331,250
55,8.5,420185.5702838262,5853004.256201639,0.6331,250
55,9.0,420185.3018559163,5853004.692396992,0.6331,250
55,9.5,420185.0334280064,5853005.095038857,0.6609,250
55,10.0,420184.7650000965,5853005.53123421,0.6609,250
55,10.5,420184.49657218665,5853005.967429564,0.6609,250
55,11.0,420184.2616977655,5853006.370071429,0.6711,250
55,11.5,420183.9932698556,5853006.806266783,0.6909,250
55,12.0,420183.7583954345,5853007.242462136,0.6609,250
55,12.5,420183.48996752454,5853007.67865749,0.6609,250
55,13.0,420183.22153961466,5853008.114852843,0.6909,250
55,13.5,420182.9866651935,5853008.551048197,0.6609,250
55,14.0,420182.71823728364,5853008.953690061,0.7228,250
55,14.5,420182.4833628625,5853009.423438904,0.7134,250
55,15.0,420182.2149349526,5853009.826080769,0.7826,250
55,15.5,420181.98006053147,5853010.262276122,0.7503,250
56,0.0,419841.1101684653,5853031.199653094,0.2122,56
56,0.5,419840.8081870667,5853031.602294958,0.2847,56
56,1.0,419840.5397591568,5853032.038490312,0.242,56
56,1.5,419840.27133124694,5853032.441132177,0.1898,56
56,2.0,419840.00290333707,5853032.877327531,0.2122,56
56,2.5,419839.73447542713,5853033.279969395,0.2122,56
56,3.0,419839.46604751726,5853033.716164749,0.2847,56
56,3.5,419839.16406611865,5853034.118806614,0.2847,56
56,4.0,419838.79497774254,5853034.420788012,0.4244,56
56,4.5,419838.5601033214,5853034.8569833655,0.3913,56
56,5.0,419838.32522890024,5853035.326732208,0.3614,56
56,5.5,419838.1239079678,5853035.762927562,0.3355,56
56,6.0,419837.9225870354,5853036.232676404,0.3001,56
56,6.5,419837.72126610304,5853036.668871758,0.3001,56
56,7.0,419837.4528381931,5853037.105067111,0.3796,56
56,7.5,419837.1508567945,5853037.507708976,0.3614,56
56,8.0,419836.8824288846,5853037.910350841,0.3796,56
56,8.5,419836.580447486,5853038.3465461945,0.3913,56
56,9.0,419836.3455730649,5853038.782741548,0.3355,56
56,9.5,419836.0435916662,5853039.185383413,0.3355,56
56,10.0,419835.80871724506,5853039.621578766,0.3614,56
56,10.5,419835.5402893352,5853040.05777412,0.3355,56
56,11.0,419835.2718614253,5853040.4604159845,0.3001,56
56,11.5,419835.03698700416,5853040.8966113385,0.3796,56
56,12.0,419834.7685590943,5853041.3328066915,0.3796,56
56,12.5,419834.53368467314,5853041.7690020455,0.3913,56
56,13.0,419834.26525676326,5853042.17164391,0.4297,56
56,13.5,419833.9632753646,5853042.607839264,0.4502,56
56,14.0,419833.6948474547,5853043.0104811285,0.4839,56
56,14.5,419833.42641954485,5853043.413122993,0.5241,56
56,15.0,419833.12443814625,5853043.815764858,0.4839,56
56,15.5,419832.78890325886,5853044.184853234,0.5694,56
57,0.0,419904.55981566454,5852839.105930082,0.242,140
57,0.5,419904.2242807772,5852839.4750184575,0.2847,140
57,1.0,419903.92229937855,5852839.877660322,0.3001,140
57,1.5,419903.62031797995,5852840.246748699,0.3355,140
57,2.0,419903.2847830926,5852840.649390563,0.3355,140
57,2.5,419902.98280169396,5852841.052032428,0.3001,140
57,3.0,419902.68082029535,5852841.454674293,0.2847,140
57,3.5,419902.37883889675,5852841.823762669,0.2847,140
57,4.0,419902.0768574981,5852842.226404534,0.2767,140
57,4.5,419901.74132261076,5852842.629046399,0.2847,140
57,5.0,419901.43934121216,5852842.998134775,0.2847,140
57,5.5,419901.1373598135,5852843.40077664,0.3355,140
57,6.0,419900.8353784149,5852843.803418504,0.3355,140
57,6.5,419900.5333970163,5852844.2060603695,0.3355,140
57,7.0,419900.2314156176,5852844.608702234,0.3355,140
57,7.5,419899.929434219,5852845.011344099,0.3355,140
57,8.0,419899.6274528204,5852845.413985964,0.3355,140
57,8.5,419899.29191793303,5852845.78307434,0.3614,140
57,9.0,419898.98993653443,5852846.185716204,0.3796,140
57,9.5,419898.6879551358,5852846.58835807,0.3913,140
57,10.0,419898.4195272259,5852846.990999934,0.3355,140
57,10.5,419898.1175458273,5852847.3936418,0.3355,140
57,11.0,419897.8155644287,5852847.796283664,0.2847,140
57,11.5,419897.5471365188,5852848.198925529,0.3001,140
57,12.0,419897.24515512015,5852848.601567394,0.3355,140
57,12.5,419896.94317372155,5852849.004209259,0.3796,140
57,13.0,419896.64119232295,5852849.406851123,0.3614,140
57,13.5,419896.3392109243,5852849.8094929885,0.3614,140
57,14.0,419896.0707830144,5852850.245688342,0.3913,140
57,14.5,419895.80235510453,5852850.648330207,0.4244,140
57,15.0,419895.50037370593,5852851.0509720715,0.4745,140
57,15.5,419895.19839230727,5852851.453613936,0.5241,140
58,0.0,420115.24217143614,5852943.289512606,0.8724,221
58,0.5,420115.4099388798,5852943.759261448,0.6077,221
58,1.0,420115.44349236856,5852944.262563779,0.604,221
58,1.5,420115.44349236856,5852944.76586611,0.604,221
58,2.0,420115.44349236856,5852945.269168441,0.5369,221
58,2.5,420115.4770458573,5852945.772470772,0.5369,221
58,3.0,420115.4770458573,5852946.242219615,0.5369,221
58,3.5,420115.4099388798,5852946.745521946,0.6711,221
58,4.0,420115.37638539105,5852947.248824277,0.6711,221
58,4.5,420115.37638539105,5852947.752126608,0.6711,221
58,5.0,420115.37638539105,5852948.255428939,0.6711,221
58,5.5,420115.37638539105,5852948.75873127,0.6711,221
58,6.0,420115.37638539105,5852949.262033601,0.6711,221
58,6.5,420115.37638539105,5852949.765335932,0.6711,221
58,7.0,420115.37638539105,5852950.2686382625,0.6711,221
58,7.5,420115.37638539105,5852950.738387105,0.6711,221
58,8.0,420115.37638539105,5852951.241689436,0.6711,221
58,8.5,420115.37638539105,5852951.744991767,0.6711,221
58,9.0,420115.4099388798,5852952.248294098,0.6711,221
58,9.5,420115.4099388798,5852952.751596429,0.604,221
58,10.0,420115.4099388798,5852953.2548987605,0.6711,221
58,10.5,420115.37638539105,5852953.758201092,0.7382,221
58,11.0,420115.3428319023,5852954.261503423,0.8053,221
58,11.5,420115.3092784136,5852954.731252265,0.7382,221
58,12.0,420115.3092784136,5852955.234554596,0.7382,221
58,12.5,420115.3092784136,5852955.737856927,0.7651,221
58,13.0,420115.3092784136,5852956.2411592575,0.8053,221
58,13.5,420115.27572492487,5852956.744461589,0.8081,221
58,14.0,420115.24217143614,5852957.24776392,0.8724,221
58,14.5,420115.1750644586,5852957.751066251,0.8053,221
58,15.0,420115.1415109699,5852958.254368582,0.8081,221
58,15.5,420115.1079574812,5852958.724117424,0.9395,221
59,0.0,419818.5286705462,5853024.354741392,0.2013,59
59,0.5,419818.02536821517,5853024.38829488,0.2013,59
59,1.0,419817.5220658841,5853024.455401857,0.2013,59
59,1.5,419817.0523170418,5853024.522508835,0.2013,59
59,2.0,419816.54901471076,5853024.5896158125,0.2013,59
59,2.5,419816.04571237974,5853024.65672279,0.2684,59
59,3.0,419815.5424100487,5853024.723829768,0.2684,59
59,3.5,419815.0391077177,5853024.757383256,0.2684,59
59,4.0,419814.5693588754,5853024.824490233,0.2013,59
59,4.5,419814.0660565443,5853024.891597211,0.1501,59
59,5.0,419813.5627542133,5853024.891597211,0.2684,59
59,5.5,419813.05945188226,5853024.9251507,0.2684,59
59,6.0,419812.55614955124,5853024.9587041885,0.2684,59
59,6.5,419812.0528472202,5853024.992257677,0.2684,59
59,7.0,419811.5830983779,5853025.0258111665,0.2684,59
59,7.5,419811.07979604683,5853025.059364655,0.2684,59
59,8.0,419810.5764937158,5853025.059364655,0.2684,59
59,8.5,419810.0731913848,5853025.092918144,0.2684,59
59,9.0,419809.56988905376,5853025.160025121,0.2684,59
59,9.5,419809.06658672274,5853025.19357861,0.2767,59
59,10.0,419808.56328439165,5853025.227132099,0.3001,59
59,10.5,419808.09353554936,5853025.260685587,0.3001,59
59,11.0,419807.59023321833,5853025.294239076,0.2767,59
59,11.5,419807.0869308873,5853025.327792564,0.2684,59
59,12.0,419806.5836285563,5853025.361346054,0.2684,59
59,12.5,419806.08032622526,5853025.394899542,0.2684,59
59,13.0,419805.5770238942,5853025.428453031,0.2684,59
59,13.5,419805.07372156315,5853025.495560008,0.2684,59
59,14.0,419804.60397272086,5853025.562666986,0.242,59
59,14.5,419804.10067038983,5853025.596220475,0.2684,59
59,15.0,419803.5973680588,5853025.629773963,0.2684,59
59,15.5,419803.0940657277,5853025.696880941,0.2684,59
60,0.0,420200.9042281784,5852906.615549418,0.6077,261
60,0.5,420201.3739770207,5852906.783316862,0.541,261
60,1.0,420201.84372586303,5852906.984637794,0.541,261
60,1.5,420202.3134747053,5852907.152405238,0.541,261
60,2.0,420202.74967005884,5852907.35372617,0.4885,261
60,2.5,420203.2194189012,5852907.521493614,0.4839,261
60,3.0,420203.7227212322,5852907.689261057,0.4885,261
60,3.5,420204.1924700745,5852907.857028501,0.4885,261
60,4.0,420204.6622189168,5852908.024795945,0.4745,261
60,4.5,420205.1319677591,5852908.1925633885,0.4745,261
60,5.0,420205.6017166014,5852908.326777344,0.4745,261
60,5.5,420206.0714654437,5852908.494544787,0.4839,261
60,6.0,420206.541214286,5852908.69586572,0.4502,261
60,6.5,420207.0109631283,5852908.863633163,0.4244,261
60,7.0,420207.4807119706,5852909.031400607,0.4244,261
60,7.5,420207.9504608129,5852909.199168051,0.4502,261
60,8.0,420208.4202096552,5852909.366935494,0.4502,261
60,8.5,420208.8899584975,5852909.534702938,0.4745,261
60,9.0,420209.3597073398,5852909.73602387,0.4745,261
60,9.5,420209.8294561821,5852909.870237825,0.4745,261
60,10.0,420210.2992050244,5852910.038005269,0.4502,261
60,10.5,420210.7689538667,5852910.239326201,0.4502,261
60,11.0,420211.23870270903,5852910.407093645,0.4745,261
60,11.5,420211.7084515513,5852910.574861089,0.4745,261
60,12.0,420212.1782003936,5852910.742628532,0.4502,261
60,12.5,420212.6479492359,5852910.910395976,0.4502,261
60,13.0,420213.0841445895,5852911.111716908,0.4502,261
60,13.5,420213.5538934318,5852911.279484352,0.4745,261
60,14.0,420214.0236422741,5852911.480805284,0.4244,261
60,14.5,420214.4933911164,5852911.648572728,0.4502,261
60,15.0,420214.9631399587,5852911.84989366,0.4244,261
60,15.5,420215.432888801,5852912.017661104,0.4839,261
61,0.0,419905.4322063717,5852770.019296775,0.3355,172
61,0.5,419905.09667148435,5852770.388385151,0.3355,172
61,1.0,419904.6940296195,5852770.690366549,0.3001,172
61,1.5,419904.3249412434,5852770.992347948,0.4297,172
61,2.0,419903.92229937855,5852771.327882836,0.4297,172
61,2.5,419903.51965751377,5852771.629864234,0.4297,172
61,3.0,419903.15056913765,5852771.965399121,0.4297,172
61,3.5,419902.7479272728,5852772.26738052,0.4297,172
61,4.0,419902.37883889675,5852772.602915407,0.4244,172
61,4.5,419901.9761970319,5852772.904896806,0.4502,172
61,5.0,419901.6071086558,5852773.206878205,0.4502,172
61,5.5,419901.204466791,5852773.542413092,0.4745,172
61,6.0,419900.8353784149,5852773.84439449,0.5111,172
61,6.5,419900.43273655005,5852774.1799293775,0.541,172
61,7.0,419900.063648174,5852774.481910776,0.5694,172
61,7.5,419899.66100630915,5852774.783892175,0.5241,172
61,8.0,419899.2583644443,5852775.119427063,0.5241,172
61,8.5,419898.88927606825,5852775.45496195,0.5694,172
61,9.0,419898.52018769213,5852775.790496837,0.5694,172
61,9.5,419898.151099316,5852776.092478236,0.5694,172
61,10.0,419897.78201093996,5852776.428013124,0.5694,172
61,10.5,419897.41292256385,5852776.763548011,0.5694,172
61,11.0,419897.010280699,5852777.099082898,0.541,172
61,11.5,419896.6076388342,5852777.401064296,0.5773,172
61,12.0,419896.2385504581,5852777.703045695,0.5694,172
61,12.5,419895.80235510453,5852777.971473605,0.5694,172
61,13.0,419895.3997132397,5852778.273455003,0.6002,172
61,13.5,419894.9970713749,5852778.575436402,0.6187,172
61,14.0,419894.59442951006,5852778.877417801,0.6331,172
61,14.5,419894.22534113395,5852779.1793992,0.6909,172
61,15.0,419893.8226992691,5852779.514934087,0.7651,172
61,15.5,419893.45361089305,5852779.816915485,0.8594,172
62,0.0,419895.23194579605,5852861.553214046,0.3355,125
62,0.5,419894.76219695376,5852861.754534978,0.1898,123
62,1.0,419894.2924481114,5852861.855195444,0.2013,123
62,1.5,419893.7891457804,5852861.922302422,0.2013,123
62,2.0,419893.28584344935,5852861.989409399,0.1898,123
62,2.5,419892.81609460706,5852862.090069866,0.2013,123
62,3.0,419892.31279227603,5852862.190730331,0.1501,123
62,3.5,419891.809489945,5852862.2578373095,0.2013,123
62,4.0,419891.3397411027,5852862.324944287,0.2013,123
62,4.5,419890.8364387716,5852862.392051264,0.2013,123
62,5.0,419890.3331364406,5852862.459158242,0.2013,123
62,5.5,419889.8298341096,5852862.526265219,0.2013,123
62,6.0,419889.3600852673,5852862.593372197,0.2013,123
62,6.5,419888.85678293626,5852862.694032663,0.2013,123
62,7.0,419888.35348060523,5852862.794693129,0.2013,123
62,7.5,419887.8837317629,5852862.928907084,0.2013,123
62,8.0,419887.38042943185,5852863.02956755,0.2013,123
62,8.5,419886.91068058956,5852863.096674528,0.2122,123
62,9.0,419886.40737825853,5852863.197334994,0.2013,123
62,9.5,419885.9040759275,5852863.264441972,0.242,123
62,10.0,419885.4343270852,5852863.365102437,0.2684,123
62,10.5,419884.9310247542,5852863.465762904,0.2767,123
62,11.0,419884.4277224231,5852863.532869881,0.2684,123
62,11.5,419883.9579735808,5852863.599976859,0.2013,123
62,12.0,419883.4546712498,5852863.667083836,0.2013,123
62,12.5,419882.95136891876,5852863.734190813,0.2013,123
62,13.0,419882.44806658773,5852863.801297791,0.242,123
62,13.5,419881.9447642567,5852863.83485128,0.242,123
62,14.0,419881.4750154144,5852863.901958257,0.2684,123
62,14.5,419880.97171308333,5852863.9355117455,0.2684,123
62,15.0,419880.4684107523,5852863.9355117455,0.3355,123
63,0.0,419925.0609972821,5853153.8712079115,0.8109,35
63,0.5,419925.22876472573,5853154.340956754,0.7503,35
63,1.0,419925.4636391469,5853154.777152107,0.7826,35
63,1.5,419925.6649600793,5853155.24690095,0.6844,35
63,2.0,419925.79917403427,5853155.716649792,0.5369,35
63,2.5,419925.89983450045,5853156.219952123,0.6002,35
63,3.0,419926.1011554329,5853156.656147476,0.5111,35
63,3.5,419926.3024763653,5853157.125896319,0.6331,35
63,4.0,419926.470243809,5853157.595645161,0.6609,35
63,4.5,419926.6715647414,5853158.065394003,0.6844,35
63,5.0,419926.87288567383,5853158.5351428455,0.6844,35
63,5.5,419927.04065311747,5853159.004891688,0.7006,35
63,6.0,419927.20842056116,5853159.4746405305,0.7006,35
63,6.5,419927.37618800486,5853159.944389372,0.7228,35
63,7.0,419927.54395544855,5853160.414138215,0.7651,35
63,7.5,419927.67816940346,5853160.883887057,0.7412,35
63,8.0,419927.84593684715,5853161.3536359,0.7651,35
63,8.5,419928.0808112683,5853161.789831253,0.8724,35
63,9.0,419928.2821322007,5853162.259580095,0.7855,35
63,9.5,419928.3827926669,5853162.729328938,0.7228,35
63,10.0,419928.51700662187,5853163.232631269,0.6002,35
63,10.5,419928.68477406556,5853163.7023801105,0.6366,35
63,11.0,419928.8525415092,5853164.172128953,0.6331,35
63,11.5,419929.0538624416,5853164.608324307,0.5534,35
63,12.0,419929.25518337404,5853165.078073149,0.5111,35
63,12.5,419929.389397329,5853165.547821991,0.4885,35
63,13.0,419929.55716477265,5853166.051124322,0.4885,35
63,13.5,419929.72493221634,5853166.520873165,0.4885,35
63,14.0,419929.89269966003,5853166.957068518,0.4885,35
63,14.5,419930.09402059246,5853167.42681736,0.4745,35
63,15.0,419930.22823454736,5853167.930119691,0.3913,35
64,0.0,419957.07102553593,5852769.61665491,0.2013,201
64,0.5,419956.936811581,5852770.086403752,0.2122,201
64,1.0,419956.8361511148,5852770.589706083,0.2013,201
64,1.5,419956.7019371599,5852771.059454925,0.242,201
64,2.0,419956.5677232049,5852771.562757256,0.242,201
64,2.5,419956.4670627387,5852772.032506099,0.2684,201
64,3.0,419956.33284878376,5852772.53580843,0.2684,201
64,3.5,419956.19863482885,5852773.005557273,0.2013,201
64,4.0,419956.0979743626,5852773.508859603,0.2122,201
64,4.5,419955.9973138964,5852773.978608445,0.242,201
64,5.0,419955.86309994146,5852774.448357288,0.242,201
64,5.5,419955.72888598655,5852774.951659619,0.2013,201
64,6.0,419955.6282255203,5852775.421408461,0.2122,201
64,6.5,419955.52756505413,5852775.9247107925,0.2684,201
64,7.0,419955.4269045879,5852776.428013124,0.2684,201
64,7.5,419955.292690633,5852776.897761965,0.2122,201
64,8.0,419955.19203016674,5852777.401064296,0.2122,201
64,8.5,419955.09136970056,5852777.870813139,0.2684,201
64,9.0,419954.9571557456,5852778.340561981,0.3355,201
64,9.5,419954.8564952794,5852778.843864312,0.2684,201
64,10.0,419954.7893883019,5852779.3471666435,0.2684,201
64,10.5,419954.6887278357,5852779.816915485,0.2684,201
64,11.0,419954.55451388075,5852780.320217816,0.3355,201
64,11.5,419954.42029992584,5852780.789966659,0.3355,201
64,12.0,419954.3196394596,5852781.29326899,0.3355,201
64,12.5,419954.1854255047,5852781.763017832,0.2684,201
64,13.0,419954.08476503845,5852782.266320163,0.2767,201
64,13.5,419953.95055108354,5852782.736069006,0.2684,201
64,14.0,419953.8498906173,5852783.239371337,0.3001,201
64,14.5,419953.7156766624,5852783.709120179,0.3355,201
65,0.0,419878.4216479394,5852814.1421344625,0.0671,168
65,0.5,419878.25388049573,5852814.611883304,0.242,168
65,1.0,419878.0861130521,5852815.081632147,0.3355,168
65,1.5,419877.8176851422,5852815.517827501,0.3001,168
65,2.0,419877.6163642098,5852815.954022854,0.3355,168
65,2.5,419877.3479362999,5852816.390218208,0.4244,168
65,3.0,419877.1466153675,5852816.826413561,0.3913,168
65,3.5,419876.91174094635,5852817.296162403,0.4244,168
65,4.0,419876.6768665252,5852817.732357757,0.4082,168
65,4.5,419876.4755455928,5852818.16855311,0.4297,168
65,5.0,419876.2071176829,5852818.604748464,0.4502,168
65,5.5,419875.938689773,5852819.040943817,0.4297,168
65,6.0,419875.7038153518,5852819.477139171,0.4502,168
65,6.5,419875.4689409307,5852819.913334524,0.4745,168
65,7.0,419875.2005130208,5852820.349529878,0.4297,168
65,7.5,419874.96563859965,5852820.785725232,0.4502,168
65,8.0,419874.6972106898,5852821.188367097,0.4244,168
65,8.5,419874.4623362686,5852821.62456245,0.4745,168
65,9.0,419874.19390835875,5852822.060757804,0.4839,168
65,9.5,419873.9254804489,5852822.463399668,0.4839,168
65,10.0,419873.65705253894,5852822.899595022,0.4244,168
65,10.5,419873.4221781178,5852823.335790376,0.4297,168
65,11.0,419873.1537502079,5852823.771985729,0.4839,168
65,11.5,419872.8517688093,5852824.174627594,0.5241,168
65,12.0,419872.61689438816,5852824.610822948,0.4297,168
65,12.5,419872.382019967,5852825.047018302,0.3913,168
65,13.0,419872.11359205714,5852825.483213655,0.4502,168
65,13.5,419871.84516414726,5852825.885855519,0.4502,168
65,14.0,419871.5431827486,5852826.288497385,0.4745,168
65,14.5,419871.24120135,5852826.691139249,0.4745,168
66,0.0,420068.0659662737,5852817.329715892,0.4697,265
66,0.5,420068.535715116,5852817.531036824,0.604,265
66,1.0,420069.0054639583,5852817.598143802,0.604,265
66,1.5,420069.50876628933,5852817.665250779,0.604,265
66,2.0,420070.01206862036,5852817.765911246,0.5734,265
66,2.5,420070.48181746266,5852817.900125201,0.5734,265
66,3.0,420070.98511979374,5852818.034339155,0.5111,265
66,3.5,420071.45486863604,5852818.134999622,0.5111,265
66,4.0,420071.95817096706,5852818.235660088,0.5369,265
66,4.5,420072.42791980936,5852818.336320554,0.541,265
66,5.0,420072.9312221404,5852818.4369810205,0.541,265
66,5.5,420073.4009709827,5852818.571194976,0.5369,265
66,6.0,420073.9042733137,5852818.70540893,0.5111,265
66,6.5,420074.374022156,5852818.772515908,0.5534,265
66,7.0,420074.877324487,5852818.873176374,0.5111,265
66,7.5,420075.3806268181,5852818.97383684,0.4697,265
66,8.0,420075.8503756604,5852819.074497307,0.5369,265
66,8.5,420076.3536779914,5852819.175157772,0.5111,265
66,9.0,420076.8234268337,5852819.24226475,0.5111,265
66,9.5,420077.32672916475,5852819.342925216,0.4885,265
66,10.0,420077.8300314958,5852819.443585683,0.5111,265
66,10.5,420078.2997803381,5852819.544246148,0.5111,265
66,11.0,420078.80308266915,5852819.644906615,0.4745,265
66,11.5,420079.3063850002,5852819.745567081,0.4697,265
66,12.0,420079.7761338425,5852819.846227547,0.4885,265
66,12.5,420080.2794361735,5852819.946888014,0.5111,265
66,13.0,420080.7491850158,5852820.114655457,0.4885,265
66,13.5,420081.2189338581,5852820.248869412,0.4885,265
66,14.0,420081.6886827004,5852820.383083367,0.4745,265
66,14.5,420082.1919850314,5852820.517297322,0.541,265
67,0.0,419987.8060212179,5853196.182157207,0.8109,27
67,0.5,419987.57114679675,5853196.61835256,0.8109,27
67,1.0,419987.3698258643,5853197.088101403,0.8724,27
67,1.5,419987.1349514432,5853197.524296757,0.8724,27
67,2.0,419986.90007702203,5853197.96049211,0.8724,27
67,2.5,419986.6652026009,5853198.396687464,0.8408,27
67,3.0,419986.39677469095,5853198.832882817,0.7826,27
67,3.5,419986.1619002698,5853199.269078171,0.7651,27
67,4.0,419985.9605793374,5853199.705273524,0.7228,27
67,4.5,419985.759258405,5853200.175022366,0.7855,27
67,5.0,419985.5579374726,5853200.644771209,0.8301,27
67,5.5,419985.3566165402,5853201.1145200515,0.8724,27
67,6.0,419985.15529560775,5853201.550715405,0.9608,27
67,6.5,419984.9539746753,5853202.020464247,0.9976,27
67,7.0,419984.7191002542,5853202.456659601,0.9538,27
67,7.5,419984.48422583303,5853202.892854954,0.9003,27
67,8.0,419984.2493514119,5853203.329050308,0.8408,27
67,8.5,419984.01447699073,5853203.79879915,0.8109,27
67,9.0,419983.8131560583,5853204.234994504,0.8408,27
67,9.5,419983.6118351259,5853204.704743346,0.8109,27
67,10.0,419983.37696070474,5853205.140938699,0.8408,27
67,10.5,419983.1756397723,5853205.610687542,0.8724,27
67,11.0,419982.9407653512,5853206.046882896,0.8408,27
67,11.5,419982.6723374413,5853206.44952476,0.7826,27
67,12.0,419982.43746302015,5853206.919273603,0.8109,27
67,12.5,419982.202588599,5853207.355468956,0.7826,27
67,13.0,419981.96771417785,5853207.79166431,0.7826,27
67,13.5,419981.7328397567,5853208.227859663,0.7826,27
67,14.0,419981.5315188243,5853208.664055017,0.7503,27
67,14.5,419981.33019789186,5853209.133803859,0.7651,27
68,0.0,419938.9856951074,5852908.024795945,0.4026,146
68,0.5,419939.01924859616,5852908.528098276,0.4026,146
68,1.0,419939.0528020849,5852909.031400607,0.3913,146
68,1.5,419939.0863555736,5852909.534702938,0.3355,146
68,2.0,419939.11990906234,5852910.00445178,0.3355,146
68,2.5,419939.15346255107,5852910.507754111,0.3355,146
68,3.0,419939.1870160398,5852911.011056442,0.3355,146
68,3.5,419939.2205695286,5852911.514358773,0.3355,146
68,4.0,419939.2541230173,5852912.017661104,0.3355,146
68,4.5,419939.32122999476,5852912.520963435,0.4082,146
68,5.0,419939.3547834835,5852913.024265766,0.4026,146
68,5.5,419939.3883369722,5852913.527568097,0.4026,146
68,6.0,419939.42189046094,5852913.99731694,0.4026,146
68,6.5,419939.45544394973,5852914.500619271,0.4026,146
68,7.0,419939.48899743846,5852915.003921602,0.4026,146
68,7.5,419939.48899743846,5852915.507223933,0.4697,146
68,8.0,419939.48899743846,5852916.010526264,0.4697,146
68,8.5,419939.5225509272,5852916.513828595,0.4697,146
68,9.0,419939.5561044159,5852917.017130926,0.4697,146
68,9.5,419939.5561044159,5852917.520433257,0.4244,146
68,10.0,419939.58965790464,5852917.990182099,0.4697,146
68,10.5,419939.62321139337,5852918.49348443,0.4697,146
68,11.0,419939.62321139337,5852918.996786761,0.4697,146
68,11.5,419939.6567648821,5852919.500089092,0.5369,146
68,12.0,419939.6567648821,5852920.003391423,0.5369,146
68,12.5,419939.6567648821,5852920.506693754,0.5369,146
68,13.0,419939.6567648821,5852921.009996085,0.604,146
68,13.5,419939.62321139337,5852921.5132984165,0.604,146
68,14.0,419939.5561044159,5852921.983047259,0.541,146
68,14.5,419939.5561044159,5852922.48634959,0.604,146
69,0.0,419990.6580677604,5853286.441041906,0.4839,25
69,0.5,419991.094263114,5853286.709469816,0.4297,25
69,1.0,419991.4969049788,5853286.944344237,0.4502,25
69,1.5,419991.9331003324,5853287.212772147,0.3913,25
69,2.0,419992.3692956859,5853287.4476465685,0.3614,25
69,2.5,419992.8054910395,5853287.716074478,0.3614,25
69,3.0,419993.24168639304,5853287.984502388,0.3614,25
69,3.5,419993.6443282579,5853288.2529302975,0.3614,25
69,4.0,419994.08052361145,5853288.521358208,0.3355,25
69,4.5,419994.4831654763,5853288.789786117,0.3355,25
69,5.0,419994.91936082987,5853289.058214027,0.3614,25
69,5.5,419995.32200269465,5853289.326641938,0.3614,25
69,6.0,419995.7581980482,5853289.595069847,0.3355,25
69,6.5,419996.1943934018,5853289.863497757,0.3355,25
69,7.0,419996.59703526663,5853290.131925667,0.3355,25
69,7.5,419996.9996771315,5853290.433907066,0.2847,25
69,8.0,419997.43587248505,5853290.702334976,0.3355,25
69,8.5,419997.83851434983,5853290.970762885,0.3355,25
69,9.0,419998.2747097034,5853291.239190795,0.3001,25
69,9.5,419998.67735156824,5853291.507618705,0.3355,25
69,10.0,419999.1135469218,5853291.776046615,0.2847,25
69,10.5,419999.51618878666,5853292.078028014,0.3355,25
69,11.0,419999.91883065144,5853292.380009413,0.2847,25
69,11.5,420000.3214725163,5853292.648437322,0.3001,25
69,12.0,420000.75766786985,5853292.916865232,0.3355,25
69,12.5,420001.1938632234,5853293.185293142,0.3355,25
69,13.0,420001.59650508827,5853293.453721052,0.3355,25
69,13.5,420001.99914695305,5853293.755702451,0.3001,25
69,14.0,420002.4017888179,5853294.02413036,0.3001,25
69,14.5,420002.80443068274,5853294.326111759,0.3355,25
70,0.0,420102.7267201377,5852788.272394647,0.0671,271
70,0.5,420102.32407827285,5852788.574376046,0.1898,271
70,1.0,420101.9549898968,5852788.909910933,0.242,271
70,1.5,420101.6194550094,5852789.2454458205,0.242,271
70,2.0,420101.25036663335,5852789.614534196,0.242,271
70,2.5,420100.88127825723,5852789.983622572,0.242,271
70,3.0,420100.5457433699,5852790.31915746,0.242,271
70,3.5,420100.2102084825,5852790.688245836,0.242,271
70,4.0,420099.8746735952,5852791.057334212,0.242,271
70,4.5,420099.5391387078,5852791.459976077,0.242,271
70,5.0,420099.2371573092,5852791.829064453,0.242,271
70,5.5,420098.9016224218,5852792.198152829,0.242,271
70,6.0,420098.53253404575,5852792.533687716,0.2847,271
70,6.5,420098.1298921809,5852792.835669115,0.2767,271
70,7.0,420097.72725031606,5852793.137650514,0.242,271
70,7.5,420097.35816194,5852793.4731854005,0.242,271
70,8.0,420096.9890735639,5852793.808720288,0.2847,271
70,8.5,420096.6199851878,5852794.144255175,0.3001,271
70,9.0,420096.2508968117,5852794.479790063,0.3355,271
70,9.5,420095.91536192433,5852794.8488784395,0.2847,271
70,10.0,420095.579827037,5852795.217966815,0.242,271
70,10.5,420095.2442921496,5852795.587055191,0.242,271
70,11.0,420094.87520377355,5852795.956143567,0.2847,271
70,11.5,420094.50611539744,5852796.258124966,0.242,271
70,12.0,420094.1370270214,5852796.627213342,0.242,271
70,12.5,420093.801492134,5852796.9627482295,0.2847,271
70,13.0,420093.4324037579,5852797.331836605,0.2847,271
70,13.5,420093.0633153818,5852797.633818004,0.2847,271
70,14.0,420092.6942270057,5852798.00290638,0.2847,271
71,0.0,420017.19887735037,5852921.714619349,0.604,160
71,0.5,420016.69557501934,5852921.714619349,0.5369,160
71,1.0,420016.19227268826,5852921.68106586,0.5369,160
71,1.5,420015.68897035724,5852921.68106586,0.5369,160
71,2.0,420015.1856680262,5852921.714619349,0.5369,160
71,2.5,420014.7159191839,5852921.748172837,0.5369,160
71,3.0,420014.2126168529,5852921.781726327,0.5369,160
71,3.5,420013.70931452187,5852921.815279815,0.4697,160
71,4.0,420013.2060121908,5852921.848833304,0.4244,160
71,4.5,420012.70270985976,5852921.848833304,0.4697,160
71,5.0,420012.19940752874,5852921.848833304,0.4697,160
71,5.5,420011.6961051977,5852921.848833304,0.5369,160
71,6.0,420011.1928028667,5852921.848833304,0.5369,160
71,6.5,420010.7230540244,5852921.848833304,0.4697,160
71,7.0,420010.2197516933,5852921.848833304,0.4697,160
71,7.5,420009.7164493623,5852921.882386792,0.4697,160
71,8.0,420009.21314703126,5852921.882386792,0.5369,160
71,8.5,420008.70984470024,5852921.915940281,0.4697,160
71,9.0,420008.2065423692,5852921.94949377,0.4697,160
71,9.5,420007.7032400381,5852921.983047259,0.4697,160
71,10.0,420007.1999377071,5852921.983047259,0.5369,160
71,10.5,420006.7301888648,5852922.016600748,0.541,160
71,11.0,420006.2268865338,5852922.050154236,0.5734,160
71,11.5,420005.72358420276,5852922.083707725,0.6002,160
71,12.0,420005.22028187173,5852922.117261213,0.5369,160
71,12.5,420004.71697954065,5852922.150814703,0.5369,160
71,13.0,420004.2136772096,5852922.184368191,0.604,160
71,13.5,420003.7103748786,5852922.184368191,0.604,160
71,14.0,420003.2070725476,5852922.21792168,0.604,160
72,0.0,419905.5328668379,5853109.681263247,0.6002,43
72,0.5,419905.9355087027,5853109.949691156,0.6609,43
72,1.0,419906.3717040563,5853110.251672555,0.6909,43
72,1.5,419906.7743459211,5853110.520100465,0.6331,43
72,2.0,419907.2105412747,5853110.788528374,0.6187,43
72,2.5,419907.61318313953,5853111.056956285,0.6609,43
72,3.0,419908.04937849304,5853111.325384194,0.6002,43
72,3.5,419908.4520203579,5853111.593812104,0.6187,43
72,4.0,419908.85466222273,5853111.895793503,0.5773,43
72,4.5,419909.2908575763,5853112.1642214125,0.5734,43
72,5.0,419909.72705292987,5853112.399095834,0.6002,43
72,5.5,419910.16324828344,5853112.633970255,0.5694,43
72,6.0,419910.599443637,5853112.902398165,0.5694,43
72,6.5,419911.0020855018,5853113.170826075,0.5773,43
72,7.0,419911.43828085536,5853113.439253985,0.6002,43
72,7.5,419911.87447620893,5853113.674128406,0.541,43
72,8.0,419912.2771180738,5853113.942556316,0.5773,43
72,8.5,419912.71331342735,5853114.210984225,0.6002,43
72,9.0,419913.1495087809,5853114.479412136,0.5734,43
72,9.5,419913.5857041345,5853114.7142865565,0.5694,43
72,10.0,419913.98834599927,5853114.982714467,0.6002,43
72,10.5,419914.42454135284,5853115.251142376,0.6002,43
72,11.0,419914.8271832177,5853115.519570286,0.5773,43
72,11.5,419915.26337857125,5853115.821551685,0.5773,43
72,12.0,419915.6660204361,5853116.089979595,0.5694,43
72,12.5,419916.0686623009,5853116.391960993,0.6002,43
72,13.0,419916.4713041657,5853116.693942392,0.5773,43
72,13.5,419916.9074995193,5853116.962370302,0.6331,43
72,14.0,419917.31014138414,5853117.197244723,0.6187,43
73,0.0,420084.07098040066,5852813.7059391085,0.2684,268
73,0.5,420084.5742827317,5852813.773046086,0.2684,268
73,1.0,420085.044031574,5852813.940813529,0.2684,268
73,1.5,420085.5137804163,5852814.075027484,0.2767,268
73,2.0,420085.9835292586,5852814.20924144,0.2767,268
73,2.5,420086.4532781009,5852814.377008883,0.2767,268
73,3.0,420086.9565804319,5852814.544776327,0.2767,268
73,3.5,420087.4263292742,5852814.678990282,0.2684,268
73,4.0,420087.8960781165,5852814.813204237,0.2684,268
73,4.5,420088.3993804476,5852814.9474181915,0.2684,268
73,5.0,420088.8691292899,5852815.081632147,0.2684,268
73,5.5,420089.33887813217,5852815.215846102,0.2122,268
73,6.0,420089.8421804632,5852815.350060057,0.242,268
73,6.5,420090.3119293055,5852815.517827501,0.242,268
73,7.0,420090.7816781478,5852815.685594944,0.2684,268
73,7.5,420091.2514269901,5852815.853362388,0.2122,268
73,8.0,420091.7211758324,5852816.021129832,0.242,268
73,8.5,420092.1909246747,5852816.188897275,0.2684,268
73,9.0,420092.660673517,5852816.356664719,0.2684,268
73,9.5,420093.1304223593,5852816.524432163,0.242,268
73,10.0,420093.6001712016,5852816.692199606,0.242,268
73,10.5,420094.06992004387,5852816.85996705,0.2122,268
73,11.0,420094.53966888617,5852816.994181004,0.242,268
73,11.5,420095.0429712172,5852817.161948448,0.242,268
73,12.0,420095.51272005955,5852817.329715892,0.2122,268
73,12.5,420095.98246890184,5852817.463929847,0.2684,268
73,13.0,420096.45221774414,5852817.598143802,0.242,268
73,13.5,420096.92196658644,5852817.765911246,0.1898,268
73,14.0,420097.42526891746,5852817.900125201,0.242,268
74,0.0,420109.8736132384,5852821.054153142,0.3913,273
74,0.5,420110.3769155694,5852821.08770663,0.3001,273
74,1.0,420110.8802179005,5852821.12126012,0.2684,273
74,1.5,420111.3835202315,5852821.154813608,0.2684,273
74,2.0,420111.8532690738,5852821.221920585,0.2013,273
74,2.5,420112.35657140485,5852821.221920585,0.2684,273
74,3.0,420112.85987373587,5852821.221920585,0.2684,273
74,3.5,420113.3631760669,5852821.255474074,0.2684,273
74,4.0,420113.866478398,5852821.289027563,0.2684,273
74,4.5,420114.369780729,5852821.289027563,0.2684,273
74,5.0,420114.87308306,5852821.322581052,0.2684,273
74,5.5,420115.37638539105,5852821.322581052,0.2684,273
74,6.0,420115.84613423335,5852821.389688029,0.2767,273
74,6.5,420116.3494365644,5852821.456795007,0.3355,273
74,7.0,420116.85273889545,5852821.490348496,0.2767,273
74,7.5,420117.3560412265,5852821.523901984,0.2684,273
74,8.0,420117.8593435575,5852821.523901984,0.2013,273
74,8.5,420118.3626458885,5852821.557455473,0.2684,273
74,9.0,420118.8323947308,5852821.591008961,0.2684,273
74,9.5,420119.33569706185,5852821.62456245,0.2684,273
74,10.0,420119.83899939293,5852821.62456245,0.2684,273
74,10.5,420120.34230172395,5852821.62456245,0.2684,273
74,11.0,420120.845604055,5852821.658115939,0.2684,273
74,11.5,420121.348906386,5852821.658115939,0.2013,273
74,12.0,420121.852208717,5852821.691669428,0.2684,273
74,12.5,420122.3555110481,5852821.691669428,0.2013,273
74,13.0,420122.85881337913,5852821.691669428,0.2013,273
74,13.5,420123.32856222143,5852821.691669428,0.2684,273
74,14.0,420123.83186455246,5852821.691669428,0.242,273
75,0.0,419942.67657886836,5853161.152314967,0.2684,34
75,0.5,419943.1798811994,5853161.219421945,0.4026,34
75,1.0,419943.6831835304,5853161.252975433,0.4026,34
75,1.5,419944.1529323727,5853161.32008241,0.4502,34
75,2.0,419944.6562347037,5853161.3536359,0.4697,34
75,2.5,419945.15953703475,5853161.454296365,0.4026,34
75,3.0,419945.66283936583,5853161.487849854,0.4697,34
75,3.5,419946.16614169686,5853161.554956832,0.4244,34
75,4.0,419946.63589053915,5853161.622063809,0.4026,34
75,4.5,419947.1391928702,5853161.689170787,0.4026,34
75,5.0,419947.6424952012,5853161.722724276,0.4697,34
75,5.5,419948.1457975322,5853161.756277764,0.4697,34
75,6.0,419948.6490998633,5853161.823384741,0.4082,34
75,6.5,419949.1188487056,5853161.856938231,0.4697,34
75,7.0,419949.62215103663,5853161.924045208,0.4502,34
75,7.5,419950.12545336765,5853161.957598696,0.4697,34
75,8.0,419950.6287556987,5853161.991152185,0.4697,34
75,8.5,419951.1320580297,5853162.058259163,0.4244,34
75,9.0,419951.6353603608,5853162.091812652,0.4697,34
75,9.5,419952.1051092031,5853162.12536614,0.4026,34
75,10.0,419952.6084115341,5853162.158919629,0.3422,34
75,10.5,419953.11171386513,5853162.192473118,0.2684,34
75,11.0,419953.61501619616,5853162.192473118,0.2684,34
75,11.5,419954.11831852724,5853162.293133584,0.3913,34
75,12.0,419954.58806736954,5853162.360240562,0.4502,34
75,12.5,419955.09136970056,5853162.39379405,0.4026,34
75,13.0,419955.5946720316,5853162.427347539,0.3614,34
75,13.5,419956.0979743626,5853162.460901028,0.2767,34
75,14.0,419956.5677232049,5853162.595114983,0.1501,34
76,0.0,419872.71755485435,5853101.09157013,0.2684,18
76,0.5,419873.1537502079,5853101.35999804,0.3355,18
76,1.0,419873.5899455615,5853101.594872461,0.3913,18
76,1.5,419873.9925874263,5853101.863300371,0.4297,18
76,2.0,419874.39522929117,5853102.16528177,0.3913,18
76,2.5,419874.79787115596,5853102.433709679,0.3355,18
76,3.0,419875.2340665095,5853102.735691078,0.3355,18
76,3.5,419875.63670837437,5853103.037672477,0.3913,18
76,4.0,419876.0393502392,5853103.306100386,0.3913,18
76,4.5,419876.44199210405,5853103.608081785,0.4297,18
76,5.0,419876.84463396884,5853103.876509695,0.4502,18
76,5.5,419877.2472758337,5853104.178491094,0.4839,18
76,6.0,419877.6499176985,5853104.480472492,0.4839,18
76,6.5,419878.05255956337,5853104.782453891,0.4745,18
76,7.0,419878.45520142815,5853105.08443529,0.4839,18
76,7.5,419878.857843293,5853105.386416689,0.5111,18
76,8.0,419879.26048515784,5853105.6883980865,0.4745,18
76,8.5,419879.6631270227,5853105.990379485,0.4297,18
76,9.0,419880.06576888746,5853106.292360884,0.4297,18
76,9.5,419880.4348572636,5853106.594342283,0.4297,18
76,10.0,419880.8374991284,5853106.896323681,0.4502,18
76,10.5,419881.24014099326,5853107.19830508,0.4297,18
76,11.0,419881.64278285805,5853107.500286479,0.4297,18
76,11.5,419882.0454247229,5853107.802267877,0.4297,18
76,12.0,419882.44806658773,5853108.104249276,0.4297,18
76,12.5,419882.8507084526,5853108.372677186,0.2847,18
76,13.0,419883.2869038061,5853108.607551606,0.2767,18
76,13.5,419883.7566526484,5853108.80887254,0.2767,18
76,14.0,419884.1592945132,5853109.077300449,0.242,18
77,0.0,419935.0263834366,5852951.375903391,0.6077,151
77,0.5,419935.4961322789,5852951.510117346,0.5734,151
77,1.0,419935.96588112117,5852951.67788479,0.4885,151
77,1.5,419936.46918345225,5852951.812098745,0.5111,151
77,2.0,419936.93893229455,5852951.979866188,0.4745,151
77,2.5,419937.40868113685,5852952.114080143,0.4745,151
77,3.0,419937.87842997914,5852952.281847587,0.5111,151
77,3.5,419938.34817882144,5852952.449615031,0.5111,151
77,4.0,419938.81792766374,5852952.650935963,0.4885,151
77,4.5,419939.28767650604,5852952.8187034065,0.4244,151
77,5.0,419939.75742534833,5852952.98647085,0.4745,151
77,5.5,419940.22717419063,5852953.120684805,0.4885,151
77,6.0,419940.73047652165,5852953.2548987605,0.4745,151
77,6.5,419941.20022536395,5852953.389112716,0.4697,151
77,7.0,419941.66997420625,5852953.556880159,0.4697,151
77,7.5,419942.13972304855,5852953.724647603,0.4502,151
77,8.0,419942.60947189084,5852953.892415047,0.4745,151
77,8.5,419943.07922073314,5852954.06018249,0.4839,151
77,9.0,419943.5154160867,5852954.295056911,0.4502,151
77,9.5,419943.985164929,5852954.496377843,0.3614,151
77,10.0,419944.4213602826,5852954.731252265,0.4244,151
77,10.5,419944.8911091249,5852954.932573197,0.4244,151
77,11.0,419945.32730447844,5852955.13389413,0.3614,151
77,11.5,419945.79705332074,5852955.335215062,0.4082,151
77,12.0,419946.2332486743,5852955.536535994,0.4839,151
77,12.5,419946.7029975166,5852955.737856927,0.4244,151
77,13.0,419947.1727463589,5852955.90562437,0.4082,151
77,13.5,419947.6424952012,5852956.140498792,0.4244,151
77,14.0,419948.0786905548,5852956.341819724,0.4885,151
78,0.0,420222.5126749242,5853062.538611572,0.6331,258
78,0.5,420222.07647957065,5853062.773485994,0.6609,258
78,1.0,420221.6402842171,5853063.008360415,0.6609,258
78,1.5,420221.2040888635,5853063.276788325,0.6909,258
78,2.0,420220.76789350994,5853063.511662746,0.6909,258
78,2.5,420220.3652516451,5853063.780090656,0.7503,258
78,3.0,420219.9290562915,5853064.0485185655,0.7259,258
78,3.5,420219.492860938,5853064.283392987,0.7651,258
78,4.0,420219.05666558444,5853064.518267408,0.7503,258
78,4.5,420218.6204702309,5853064.786695318,0.7503,258
78,5.0,420218.1842748773,5853065.055123228,0.7259,258
78,5.5,420217.74807952374,5853065.289997649,0.7503,258
78,6.0,420217.31188417017,5853065.558425559,0.7259,258
78,6.5,420216.9092423053,5853065.79329998,0.7503,258
78,7.0,420216.47304695175,5853066.028174401,0.7651,258
78,7.5,420216.0368515982,5853066.296602311,0.7826,258
78,8.0,420215.6006562447,5853066.531476732,0.7826,258
78,8.5,420215.1644608911,5853066.766351153,0.7651,258
78,9.0,420214.72826553753,5853067.034779063,0.7503,258
78,9.5,420214.29207018396,5853067.269653484,0.7503,258
78,10.0,420213.8558748304,5853067.504527906,0.7651,258
78,10.5,420213.4196794768,5853067.739402327,0.7503,258
78,11.0,420212.98348412325,5853068.007830237,0.7826,258
78,11.5,420212.5808422584,5853068.309811635,0.8081,258
78,12.0,420212.14464690484,5853068.578239545,0.875,258
78,12.5,420211.7084515513,5853068.813113966,0.8724,258
78,13.0,420211.27225619776,5853069.081541876,0.875,258
78,13.5,420210.8696143329,5853069.316416297,0.9003,258
79,0.0,419938.0461974228,5853170.144649948,0.2767,32
79,0.5,419938.34817882144,5853170.5472918125,0.4244,32
79,1.0,419938.6166067313,5853170.949933678,0.4839,32
79,1.5,419938.8850346412,5853171.386129031,0.4745,32
79,2.0,419939.1870160398,5853171.788770896,0.5111,32
79,2.5,419939.48899743846,5853172.191412761,0.4297,32
79,3.0,419939.75742534833,5853172.594054625,0.3913,32
79,3.5,419940.0258532582,5853173.030249979,0.3796,32
79,4.0,419940.3278346568,5853173.432891844,0.4244,32
79,4.5,419940.59626256675,5853173.835533709,0.4244,32
79,5.0,419940.8646904766,5853174.271729062,0.3913,32
79,5.5,419941.1331183865,5853174.674370928,0.4244,32
79,6.0,419941.4015462964,5853175.110566281,0.4745,32
79,6.5,419941.703527695,5853175.513208146,0.4297,32
79,7.0,419941.9719556049,5853175.949403499,0.4244,32
79,7.5,419942.2403835148,5853176.352045365,0.4244,32
79,8.0,419942.47525793593,5853176.788240718,0.3913,32
79,8.5,419942.7436858458,5853177.224436072,0.3913,32
79,9.0,419943.0456672444,5853177.627077936,0.4297,32
79,9.5,419943.3140951543,5853178.029719801,0.4244,32
79,10.0,419943.61607655295,5853178.432361666,0.4297,32
79,10.5,419943.91805795155,5853178.835003531,0.4244,32
79,11.0,419944.22003935016,5853179.237645395,0.3796,32
79,11.5,419944.5220207488,5853179.6402872605,0.3796,32
79,12.0,419944.7904486587,5853180.042929125,0.3355,32
79,12.5,419945.02532307984,5853180.479124479,0.3913,32
79,13.0,419945.2937509897,5853180.915319832,0.3355,32
79,13.5,419945.5621788996,5853181.351515186,0.2847,32
80,0.0,419880.6697316847,5852957.348424386,0.5111,68
80,0.5,419880.4348572636,5852957.78461974,0.6002,68
80,1.0,419880.1664293537,5852958.187261605,0.6187,68
80,1.5,419879.8980014438,5852958.623456958,0.6002,68
80,2.0,419879.6295735339,5852959.059652312,0.5694,68
80,2.5,419879.3275921353,5852959.462294176,0.6187,68
80,3.0,419879.0591642254,5852959.864936042,0.6002,68
80,3.5,419878.79073631554,5852960.301131395,0.6187,68
80,4.0,419878.52230840566,5852960.70377326,0.6002,68
80,4.5,419878.25388049573,5852961.139968613,0.6002,68
80,5.0,419877.98545258585,5852961.576163967,0.6002,68
80,5.5,419877.717024676,5852961.978805832,0.541,68
80,6.0,419877.4485967661,5852962.415001186,0.541,68
80,6.5,419877.21372234495,5852962.851196539,0.5241,68
80,7.0,419876.9452944351,5852963.253838404,0.541,68
80,7.5,419876.6768665252,5852963.690033757,0.5241,68
80,8.0,419876.40843861527,5852964.126229111,0.5111,68
80,8.5,419876.1400107054,5852964.528870976,0.4839,68
80,9.0,419875.8715827955,5852964.96506633,0.5111,68
80,9.5,419875.60315488564,5852965.367708194,0.5241,68
80,10.0,419875.33472697577,5852965.803903548,0.4839,68
80,10.5,419875.0662990659,5852966.206545413,0.5111,68
80,11.0,419874.7643176672,5852966.642740766,0.541,68
80,11.5,419874.49588975735,5852967.045382631,0.541,68
80,12.0,419874.2274618475,5852967.481577984,0.5241,68
80,12.5,419873.9590339376,5852967.8842198495,0.541,68
80,13.0,419873.6906060277,5852968.3204152025,0.5111,68
80,13.5,419873.4557316066,5852968.7566105565,0.5111,68
81,0.0,420006.8644028198,5852832.730767222,0.604,167
81,0.5,420007.0992772409,5852833.166962575,0.8724,167
81,1.0,420007.3677051508,5852833.56960444,0.949,167
81,1.5,420007.7032400381,5852833.9386928165,0.7651,167
81,2.0,420008.07232841424,5852834.3077811925,0.6643,167
81,2.5,420008.44141679036,5852834.64331608,0.6187,167
81,3.0,420008.8105051664,5852834.978850967,0.6331,167
81,3.5,420009.17959354253,5852835.314385855,0.6187,167
81,4.0,420009.5822354074,5852835.616367253,0.6187,167
81,4.5,420009.95132378343,5852835.95190214,0.541,167
81,5.0,420010.3539656483,5852836.253883539,0.5241,167
81,5.5,420010.7566075131,5852836.555864938,0.5241,167
81,6.0,420011.1256958892,5852836.891399825,0.4297,167
81,6.5,420011.528337754,5852837.193381224,0.5241,167
81,7.0,420011.89742613013,5852837.528916111,0.5241,167
81,7.5,420012.2665145062,5852837.864450999,0.5694,167
81,8.0,420012.6020493936,5852838.199985886,0.5694,167
81,8.5,420012.97113776964,5852838.569074262,0.5694,167
81,9.0,420013.306672657,5852838.938162638,0.5694,167
81,9.5,420013.6757610331,5852839.273697525,0.5241,167
81,10.0,420014.0448494092,5852839.642785901,0.5694,167
81,10.5,420014.3803842965,5852839.978320789,0.6002,167
81,11.0,420014.78302616137,5852840.313855676,0.6187,167
81,11.5,420015.1521145375,5852840.649390563,0.6187,167
81,12.0,420015.4876494248,5852840.984925451,0.6187,167
81,12.5,420015.85673780093,5852841.320460338,0.6643,167
81,13.0,420016.19227268826,5852841.689548714,0.7134,167
81,13.5,420016.52780757565,5852842.092190579,0.9003,167
82,0.0,419959.6546441686,5853279.797451137,0.242,23
82,0.5,419959.9230720785,5853280.200093001,0.3001,23
82,1.0,419960.2250534771,5853280.636288355,0.3355,23
82,1.5,419960.493481387,5853281.03893022,0.3355,23
82,2.0,419960.7619092969,5853281.441572084,0.3355,23
82,2.5,419961.0638906955,5853281.877767438,0.3614,23
82,3.0,419961.3658720941,5853282.246855814,0.3001,23
82,3.5,419961.7014069815,5853282.61594419,0.3796,23
82,4.0,419962.07049535756,5853282.951479077,0.4297,23
82,4.5,419962.4395837337,5853283.320567453,0.4297,23
82,5.0,419962.775118621,5853283.68965583,0.3796,23
82,5.5,419963.1106535084,5853284.058744206,0.2847,23
82,6.0,419963.4461883957,5853284.427832582,0.242,23
82,6.5,419963.7481697944,5853284.796920958,0.3355,23
82,7.0,419964.0837046817,5853285.1995628225,0.3614,23
82,7.5,419964.41923956905,5853285.53509771,0.3796,23
82,8.0,419964.78832794516,5853285.870632597,0.3796,23
82,8.5,419965.19096981,5853286.172613996,0.3355,23
82,9.0,419965.59361167485,5853286.5081488835,0.3355,23
82,9.5,419965.9627000509,5853286.810130282,0.2847,23
82,10.0,419966.331788427,5853287.14566517,0.2847,23
82,10.5,419966.73443029186,5853287.481200057,0.3355,23
82,11.0,419967.1035186679,5853287.783181456,0.3001,23
82,11.5,419967.50616053276,5853288.085162854,0.2767,23
82,12.0,419967.8752489089,5853288.454251231,0.3001,23
82,12.5,419968.1772303075,5853288.823339607,0.2847,23
82,13.0,419968.61342566105,5853289.091767516,0.1898,23
82,13.5,419968.9825140371,5853289.427302403,0.0949,23
83,0.0,419945.260197501,5853102.534370146,0.4502,48
83,0.5,419945.763499832,5853102.567923634,0.6744,48
83,1.0,419946.26680216304,5853102.601477123,0.7382,48
83,1.5,419946.77010449406,5853102.668584101,0.7382,48
83,2.0,419947.2398533364,5853102.702137589,0.7382,48
83,2.5,419947.74315566744,5853102.769244567,0.6711,48
83,3.0,419948.24645799847,5853102.802798055,0.7382,48
83,3.5,419948.7497603295,5853102.869905033,0.7382,48
83,4.0,419949.2530626605,5853102.903458522,0.7382,48
83,4.5,419949.7228115028,5853102.93701201,0.7228,48
83,5.0,419950.2261138339,5853102.970565499,0.6711,48
83,5.5,419950.7294161649,5853103.037672477,0.7382,48
83,6.0,419951.23271849594,5853103.071225965,0.7382,48
83,6.5,419951.73602082697,5853103.104779454,0.7382,48
83,7.0,419952.239323158,5853103.1383329425,0.7382,48
83,7.5,419952.7090720003,5853103.205439921,0.8053,48
83,8.0,419953.2123743314,5853103.272546898,0.8053,48
83,8.5,419953.7156766624,5853103.339653876,0.8164,48
83,9.0,419954.2189789934,5853103.406760853,0.8053,48
83,9.5,419954.72228132444,5853103.440314341,0.8053,48
83,10.0,419955.19203016674,5853103.47386783,0.8053,48
83,10.5,419955.69533249777,5853103.540974808,0.7382,48
83,11.0,419956.19863482885,5853103.5745282965,0.7651,48
83,11.5,419956.7019371599,5853103.608081785,0.8053,48
83,12.0,419957.2052394909,5853103.675188763,0.8301,48
83,12.5,419957.7085418219,5853103.708742252,0.8081,48
83,13.0,419958.21184415295,5853103.708742252,0.7382,48
84,0.0,419991.7653328887,5852914.936814624,0.6609,159
84,0.5,419991.3962445126,5852915.272349511,0.5694,159
84,1.0,419990.99360264774,5852915.57433091,0.5694,159
84,1.5,419990.6245142717,5852915.9098657975,0.5241,159
84,2.0,419990.22187240684,5852916.211847196,0.5241,159
84,2.5,419989.819230542,5852916.513828595,0.5241,159
84,3.0,419989.45014216594,5852916.849363483,0.5694,159
84,3.5,419989.0810537898,5852917.18489837,0.5694,159
84,4.0,419988.7119654137,5852917.520433257,0.5694,159
84,4.5,419988.34287703765,5852917.855968144,0.5694,159
84,5.0,419987.97378866153,5852918.191503031,0.5694,159
84,5.5,419987.6047002855,5852918.527037919,0.6002,159
84,6.0,419987.23561190936,5852918.862572806,0.6187,159
84,6.5,419986.86652353324,5852919.198107693,0.5694,159
84,7.0,419986.4974351572,5852919.533642581,0.541,159
84,7.5,419986.09479329234,5852919.869177468,0.541,159
84,8.0,419985.7257049162,5852920.2047123555,0.5241,159
84,8.5,419985.3566165402,5852920.506693754,0.4745,159
84,9.0,419984.9539746753,5852920.842228642,0.4839,159
84,9.5,419984.5848862992,5852921.144210041,0.5241,159
84,10.0,419984.1822444344,5852921.446191439,0.541,159
84,10.5,419983.7796025696,5852921.748172837,0.5241,159
84,11.0,419983.41051419347,5852922.083707725,0.5694,159
84,11.5,419983.0414258174,5852922.419242612,0.5694,159
84,12.0,419982.6723374413,5852922.7547774995,0.6187,159
84,12.5,419982.30324906524,5852923.090312387,0.6187,159
84,13.0,419981.9006072004,5852923.392293786,0.6909,159
85,0.0,419841.5799173076,5852922.419242612,0.3614,77
85,0.5,419841.1772754428,5852922.721224011,0.4745,77
85,1.0,419840.77463357797,5852922.989651921,0.541,77
85,1.5,419840.3384382244,5852923.258079831,0.541,77
85,2.0,419839.9022428708,5852923.492954252,0.541,77
85,2.5,419839.499601006,5852923.761382162,0.5773,77
85,3.0,419839.0634056524,5852924.029810072,0.6002,77
85,3.5,419838.6272102989,5852924.298237981,0.6187,77
85,4.0,419838.19101494533,5852924.533112403,0.6331,77
85,4.5,419837.75481959176,5852924.801540312,0.6609,77
85,5.0,419837.3186242382,5852925.036414734,0.6331,77
85,5.5,419836.8824288846,5852925.271289155,0.6002,77
85,6.0,419836.44623353105,5852925.539717065,0.5734,77
85,6.5,419836.0100381775,5852925.774591486,0.541,77
85,7.0,419835.5738428239,5852926.009465907,0.5241,77
85,7.5,419835.13764747034,5852926.2443403285,0.4839,77
85,8.0,419834.7014521168,5852926.479214749,0.5111,77
85,8.5,419834.26525676326,5852926.71408917,0.541,77
85,9.0,419833.8290614097,5852926.98251708,0.5773,77
85,9.5,419833.3928660561,5852927.217391501,0.6331,77
85,10.0,419832.95667070255,5852927.452265923,0.6002,77
85,10.5,419832.5540288377,5852927.720693832,0.6331,77
85,11.0,419832.11783348414,5852927.989121743,0.6331,77
85,11.5,419831.68163813057,5852928.257549652,0.6609,77
85,12.0,419831.2789962657,5852928.525977562,0.6909,77
85,12.5,419830.8428009122,5852928.794405472,0.7503,77
85,13.0,419830.40660555864,5852929.029279893,0.7503,77
86,0.0,419940.0258532582,5853133.537793738,0.7592,40
86,0.5,419940.36138814554,5853133.906882114,0.6711,40
86,1.0,419940.6969230329,5853134.27597049,0.7134,40
86,1.5,419941.06601140904,5853134.611505377,0.6643,40
86,2.0,419941.4015462964,5853134.980593753,0.6609,40
86,2.5,419941.7706346725,5853135.349682129,0.6187,40
86,3.0,419942.1061695598,5853135.718770505,0.6187,40
86,3.5,419942.4417044472,5853136.087858882,0.5694,40
86,4.0,419942.81079282326,5853136.423393768,0.6187,40
86,4.5,419943.14632771065,5853136.792482145,0.6187,40
86,5.0,419943.481862598,5853137.161570521,0.6187,40
86,5.5,419943.81739748537,5853137.530658897,0.6609,40
86,6.0,419944.1529323727,5853137.899747273,0.6643,40
86,6.5,419944.4884672601,5853138.268835649,0.6909,40
86,7.0,419944.8240021474,5853138.637924025,0.7134,40
86,7.5,419945.15953703475,5853139.007012402,0.6331,40
86,8.0,419945.49507192214,5853139.376100778,0.6643,40
86,8.5,419945.86416029825,5853139.711635665,0.6187,40
86,9.0,419946.2332486743,5853140.047170552,0.6187,40
86,9.5,419946.6023370504,5853140.38270544,0.6609,40
86,10.0,419946.9714254265,5853140.718240327,0.6643,40
86,10.5,419947.3069603139,5853141.087328703,0.7134,40
86,11.0,419947.67604868993,5853141.456417079,0.7592,40
86,11.5,419948.0115835773,5853141.7919519665,0.7592,40
86,12.0,419948.3135649759,5853142.194593831,0.7592,40
86,12.5,419948.6490998633,5853142.563682207,0.7228,40
86,13.0,419948.9510812619,5853142.966324072,0.7592,40
87,0.0,420133.5959297746,5852804.982032037,0.1501,276
87,0.5,420133.22684139846,5852805.317566925,0.3001,276
87,1.0,420132.92485999985,5852805.686655301,0.3614,276
87,1.5,420132.6228786012,5852806.089297165,0.3796,276
87,2.0,420132.3208972026,5852806.491939031,0.3913,276
87,2.5,420132.018915804,5852806.894580895,0.3796,276
87,3.0,420131.6833809166,5852807.2972227605,0.3796,276
87,3.5,420131.381399518,5852807.699864625,0.3796,276
87,4.0,420131.1129716081,5852808.1025064895,0.3796,276
87,4.5,420130.8109902095,5852808.505148355,0.3614,276
87,5.0,420130.50900881086,5852808.874236731,0.3913,276
87,5.5,420130.20702741225,5852809.276878595,0.3913,276
87,6.0,420129.90504601365,5852809.67952046,0.4244,276
87,6.5,420129.603064615,5852810.082162325,0.4297,276
87,7.0,420129.3010832164,5852810.48480419,0.4297,276
87,7.5,420128.9991018178,5852810.887446055,0.4297,276
87,8.0,420128.6971204191,5852811.29008792,0.4244,276
87,8.5,420128.3951390205,5852811.692729784,0.3796,276
87,9.0,420128.0596041332,5852812.06181816,0.4297,276
87,9.5,420127.7576227345,5852812.464460026,0.4244,276
87,10.0,420127.4220878472,5852812.8335484015,0.4297,276
87,10.5,420127.12010644854,5852813.236190266,0.4244,276
87,11.0,420126.7845715612,5852813.605278642,0.4297,276
87,11.5,420126.4490366739,5852813.974367019,0.4745,276
87,12.0,420126.1135017865,5852814.343455395,0.4745,276
87,12.5,420125.8115203879,5852814.746097259,0.4297,276
87,13.0,420125.4759855005,5852815.115185635,0.4745,276
88,0.0,419890.09826201946,5852844.2060603695,0.1898,142
88,0.5,419889.7291736434,5852844.575148745,0.1898,142
88,1.0,419889.393638756,5852844.910683633,0.242,142
88,1.5,419889.0245503799,5852845.279772009,0.242,142
88,2.0,419888.68901549256,5852845.615306896,0.242,142
88,2.5,419888.31992711645,5852845.950841784,0.242,142
88,3.0,419887.9508387404,5852846.3199301595,0.2767,142
88,3.5,419887.615303853,5852846.655465047,0.2847,142
88,4.0,419887.24621547695,5852847.024553423,0.2847,142
88,4.5,419886.91068058956,5852847.36008831,0.3355,142
88,5.0,419886.5415922135,5852847.729176686,0.3355,142
88,5.5,419886.2060573261,5852848.0647115735,0.3355,142
88,6.0,419885.83696895005,5852848.43379995,0.3355,142
88,6.5,419885.46788057394,5852848.769334838,0.3355,142
88,7.0,419885.13234568655,5852849.104869725,0.3796,142
88,7.5,419884.7632573105,5852849.473958101,0.3796,142
88,8.0,419884.3941689344,5852849.843046477,0.3796,142
88,8.5,419884.05863404705,5852850.178581364,0.3796,142
88,9.0,419883.68954567093,5852850.54766974,0.3796,142
88,9.5,419883.3540107836,5852850.883204628,0.3796,142
88,10.0,419883.0184758962,5852851.252293004,0.4244,142
88,10.5,419882.64938752016,5852851.62138138,0.4297,142
88,11.0,419882.31385263277,5852851.956916267,0.4297,142
88,11.5,419881.9447642567,5852852.326004643,0.4745,142
88,12.0,419881.5756758806,5852852.627986042,0.4745,142
88,12.5,419881.2065875045,5852852.997074418,0.4745,142
88,13.0,419880.87105261715,5852853.332609305,0.4745,142
89,0.0,419944.72334168124,5853223.729571459,1.0221,21
89,0.5,419945.125983546,5853223.997999369,0.949,21
89,1.0,419945.52862541087,5853224.333534257,0.9003,21
89,1.5,419945.9312672757,5853224.635515654,0.9003,21
89,2.0,419946.33390914055,5853224.937497053,0.9003,21
89,2.5,419946.7029975166,5853225.239478452,0.8594,21
89,3.0,419947.10563938145,5853225.541459851,0.9003,21
89,3.5,419947.5082812463,5853225.84344125,0.8541,21
89,4.0,419947.9109231111,5853226.145422648,0.8541,21
89,4.5,419948.3135649759,5853226.447404047,0.8541,21
89,5.0,419948.68265335204,5853226.749385445,0.8594,21
89,5.5,419949.0852952169,5853227.084920333,0.875,21
89,6.0,419949.48793708166,5853227.386901732,0.875,21
89,6.5,419949.8570254578,5853227.6888831295,0.8541,21
89,7.0,419950.2596673226,5853227.990864528,0.8408,21
89,7.5,419950.6287556987,5853228.326399416,0.8541,21
89,8.0,419951.0313975635,5853228.661934303,0.875,21
89,8.5,419951.43403942836,5853228.963915702,0.9003,21
89,9.0,419951.8031278044,5853229.265897101,0.9003,21
89,9.5,419952.20576966926,5853229.567878499,0.875,21
89,10.0,419952.6084115341,5853229.8698598975,0.8594,21
89,10.5,419953.01105339895,5853230.171841296,0.7503,21
89,11.0,419953.41369526373,5853230.473822695,0.8408,21
89,11.5,419953.78278363985,5853230.809357583,0.8541,21
89,12.0,419954.1854255047,5853231.1113389805,0.9003,21
89,12.5,419954.55451388075,5853231.446873868,0.8191,21
89,13.0,419954.92360225687,5853231.782408755,0.8081,21
90,0.0,419946.30035565177,5852856.889279111,0.242,136
90,0.5,419946.0319277419,5852857.325474465,0.242,136
90,1.0,419945.763499832,5852857.72811633,0.242,136
90,1.5,419945.49507192214,5852858.164311684,0.2767,136
90,2.0,419945.260197501,5852858.600507037,0.3001,136
90,2.5,419944.9917695911,5852859.036702391,0.3355,136
90,3.0,419944.72334168124,5852859.439344255,0.3614,136
90,3.5,419944.4549137713,5852859.875539609,0.3796,136
90,4.0,419944.1864858614,5852860.278181474,0.3913,136
90,4.5,419943.91805795155,5852860.714376828,0.4244,136
90,5.0,419943.6496300417,5852861.117018692,0.3913,136
90,5.5,419943.3812021318,5852861.553214046,0.4244,136
90,6.0,419943.1127742219,5852861.955855911,0.3796,136
90,6.5,419942.81079282326,5852862.358497775,0.3913,136
90,7.0,419942.50881142466,5852862.761139641,0.4244,136
90,7.5,419942.20683002606,5852863.163781505,0.4244,136
90,8.0,419941.9048486274,5852863.56642337,0.4297,136
90,8.5,419941.6028672288,5852863.969065235,0.4244,136
90,9.0,419941.2673323414,5852864.338153611,0.4297,136
90,9.5,419940.9653509428,5852864.740795475,0.4244,136
90,10.0,419940.6298160555,5852865.109883851,0.4297,136
90,10.5,419940.2942811681,5852865.478972228,0.3796,136
90,11.0,419939.9922997695,5852865.881614093,0.4297,136
90,11.5,419939.6903183709,5852866.250702469,0.4502,136
90,12.0,419939.3547834835,5852866.653344333,0.4297,136
90,12.5,419939.0528020849,5852867.02243271,0.4297,136
90,13.0,419938.7172671975,5852867.425074575,0.4297,136
91,0.0,420109.3032039299,5852820.685064766,0.4697,267
91,0.5,420108.7999015989,5852820.685064766,0.4697,267
91,1.0,420108.2965992678,5852820.718618254,0.4697,267
91,1.5,420107.7932969368,5852820.752171743,0.4697,267
91,2.0,420107.3235480945,5852820.785725232,0.4745,267
91,2.5,420106.82024576346,5852820.852832209,0.4697,267
91,3.0,420106.31694343244,5852820.886385698,0.4697,267
91,3.5,420105.81364110135,5852820.886385698,0.4697,267
91,4.0,420105.31033877033,5852820.919939186,0.4697,267
91,4.5,420104.8070364393,5852820.919939186,0.4697,267
91,5.0,420104.3037341083,5852820.953492676,0.4697,267
91,5.5,420103.80043177726,5852820.953492676,0.4697,267
91,6.0,420103.29712944623,5852820.953492676,0.4697,267
91,6.5,420102.8273806039,5852820.987046164,0.4697,267
91,7.0,420102.32407827285,5852821.020599653,0.4697,267
91,7.5,420101.82077594183,5852821.020599653,0.4697,267
91,8.0,420101.3174736108,5852821.054153142,0.4026,267
91,8.5,420100.8141712798,5852821.054153142,0.4697,267
91,9.0,420100.3108689487,5852821.08770663,0.4026,267
91,9.5,420099.8075666177,5852821.08770663,0.4026,267
91,10.0,420099.3378177754,5852821.154813608,0.4026,267
91,10.5,420098.83451544435,5852821.188367097,0.4026,267
91,11.0,420098.3312131133,5852821.188367097,0.4697,267
91,11.5,420097.8279107823,5852821.221920585,0.4697,267
91,12.0,420097.3246084512,5852821.221920585,0.5369,267
91,12.5,420096.8213061202,5852821.255474074,0.5369,267
92,0.0,419887.4139829206,5852889.771698073,0.2122,105
92,0.5,419887.8837317629,5852889.905912028,0.3001,105
92,1.0,419888.35348060523,5852890.073679471,0.3355,105
92,1.5,419888.85678293626,5852890.174339937,0.3614,105
92,2.0,419889.32653177856,5852890.308553892,0.3614,105
92,2.5,419889.8298341096,5852890.442767847,0.3614,105
92,3.0,419890.2995829519,5852890.610535291,0.3422,105
92,3.5,419890.7693317942,5852890.778302735,0.3614,105
92,4.0,419891.2390806365,5852890.946070178,0.3422,105
92,4.5,419891.70882947877,5852891.113837622,0.3001,105
92,5.0,419892.17857832107,5852891.248051577,0.3355,105
92,5.5,419892.64832716336,5852891.415819021,0.3001,105
92,6.0,419893.11807600566,5852891.583586465,0.2767,105
92,6.5,419893.58782484796,5852891.751353907,0.2767,105
92,7.0,419894.05757369025,5852891.919121351,0.2767,105
92,7.5,419894.52732253255,5852892.086888795,0.2767,105
92,8.0,419894.9970713749,5852892.2546562385,0.2767,105
92,8.5,419895.50037370593,5852892.422423682,0.2767,105
92,9.0,419895.9701225482,5852892.556637637,0.2767,105
92,9.5,419896.4398713905,5852892.75795857,0.2767,105
92,10.0,419896.9096202328,5852892.925726013,0.2767,105
92,10.5,419897.3793690751,5852893.093493457,0.2767,105
92,11.0,419897.8491179174,5852893.261260901,0.2767,105
92,11.5,419898.3188667597,5852893.429028344,0.2767,105
92,12.0,419898.7550621133,5852893.6303492775,0.2122,105
92,12.5,419899.2248109556,5852893.79811672,0.242,105
93,0.0,419938.3146253327,5852905.810265688,0.3355,145
93,0.5,419938.2139648665,5852906.313568019,0.4026,145
93,1.0,419938.2139648665,5852906.783316862,0.4697,145
93,1.5,419938.18041137775,5852907.286619193,0.4026,145
93,2.0,419938.18041137775,5852907.789921523,0.4026,145
93,2.5,419938.18041137775,5852908.293223854,0.4026,145
93,3.0,419938.18041137775,5852908.796526185,0.4026,145
93,3.5,419938.18041137775,5852909.299828516,0.4026,145
93,4.0,419938.146857889,5852909.803130847,0.3355,145
93,4.5,419938.146857889,5852910.3064331785,0.3355,145
93,5.0,419938.146857889,5852910.80973551,0.3355,145
93,5.5,419938.146857889,5852911.313037841,0.4026,145
93,6.0,419938.146857889,5852911.782786683,0.3355,145
93,6.5,419938.18041137775,5852912.286089014,0.4026,145
93,7.0,419938.18041137775,5852912.789391345,0.4026,145
93,7.5,419938.18041137775,5852913.292693676,0.3355,145
93,8.0,419938.18041137775,5852913.7959960075,0.3355,145
93,8.5,419938.18041137775,5852914.299298339,0.3355,145
93,9.0,419938.18041137775,5852914.80260067,0.4026,145
93,9.5,419938.146857889,5852915.305903001,0.4026,145
93,10.0,419938.146857889,5852915.809205331,0.4697,145
93,10.5,419938.1133044003,5852916.278954173,0.4697,145
93,11.0,419938.1133044003,5852916.7822565045,0.5369,145
93,11.5,419938.1133044003,5852917.285558836,0.5369,145
93,12.0,419938.07975091157,5852917.788861167,0.5369,145
93,12.5,419938.07975091157,5852918.292163498,0.5369,145
94,0.0,420125.3417715456,5852952.416061542,0.2684,225
94,0.5,420125.8115203879,5852952.617382474,0.604,225
94,1.0,420126.2812692302,5852952.583828986,0.604,225
94,1.5,420126.7845715612,5852952.617382474,0.5369,225
94,2.0,420127.28787389223,5852952.617382474,0.5369,225
94,2.5,420127.79117622325,5852952.583828986,0.5369,225
94,3.0,420128.29447855434,5852952.617382474,0.5369,225
94,3.5,420128.79778088536,5852952.617382474,0.5369,225
94,4.0,420129.3010832164,5852952.650935963,0.5369,225
94,4.5,420129.8043855474,5852952.684489452,0.5369,225
94,5.0,420130.2741343897,5852952.718042941,0.4697,225
94,5.5,420130.77743672073,5852952.718042941,0.4697,225
94,6.0,420131.2807390518,5852952.751596429,0.4697,225
94,6.5,420131.78404138284,5852952.751596429,0.4697,225
94,7.0,420132.28734371386,5852952.751596429,0.4697,225
94,7.5,420132.7906460449,5852952.751596429,0.4697,225
94,8.0,420133.2939483759,5852952.751596429,0.4697,225
94,8.5,420133.797250707,5852952.718042941,0.4697,225
94,9.0,420134.300553038,5852952.718042941,0.4697,225
94,9.5,420134.7703018803,5852952.718042941,0.4697,225
94,10.0,420135.27360421134,5852952.718042941,0.4697,225
94,10.5,420135.77690654236,5852952.718042941,0.4697,225
94,11.0,420136.2802088734,5852952.684489452,0.4697,225
94,11.5,420136.78351120447,5852952.684489452,0.4697,225
94,12.0,420137.2868135355,5852952.684489452,0.4697,225
94,12.5,420137.7901158665,5852952.684489452,0.5534,225
95,0.0,420165.43819058477,5852972.682368739,0.0671,235
95,0.5,420165.2033161636,5852973.118564092,0.242,235
95,1.0,420164.9348882537,5852973.521205957,0.242,235
95,1.5,420164.59935336636,5852973.923847822,0.242,235
95,2.0,420164.3309254565,5852974.326489686,0.2847,235
95,2.5,420164.0289440579,5852974.729131551,0.3355,235
95,3.0,420163.6934091705,5852975.131773416,0.3796,235
95,3.5,420163.3914277719,5852975.534415281,0.3913,235
95,4.0,420163.122999862,5852975.937057146,0.3913,235
95,4.5,420162.82101846335,5852976.33969901,0.4297,235
95,5.0,420162.5525905535,5852976.775894364,0.4244,235
95,5.5,420162.2841626436,5852977.178536229,0.4297,235
95,6.0,420162.0157347337,5852977.581178094,0.3913,235
95,6.5,420161.71375333506,5852978.017373447,0.3913,235
95,7.0,420161.4453254252,5852978.420015312,0.3355,235
95,7.5,420161.1433440266,5852978.822657177,0.3796,235
95,8.0,420160.8749161167,5852979.25885253,0.4502,235
95,8.5,420160.60648820683,5852979.661494396,0.4297,235
95,9.0,420160.30450680817,5852980.06413626,0.4244,235
95,9.5,420160.0360788983,5852980.466778125,0.4297,235
95,10.0,420159.7676509884,5852980.902973479,0.4839,235
95,10.5,420159.4656695898,5852981.305615343,0.4745,235
95,11.0,420159.1972416799,5852981.708257209,0.4839,235
95,11.5,420158.8952602813,5852982.110899073,0.5241,235
95,12.0,420158.5932788827,5852982.513540938,0.5241,235
95,12.5,420158.2577439953,5852982.916182803,0.6187,235
96,0.0,420129.43529717135,5852876.685837465,0.4745,262
96,0.5,420129.83793903614,5852876.954265376,0.4839,262
96,1.0,420130.240580901,5852877.256246774,0.4297,262
96,1.5,420130.67677625455,5852877.524674684,0.4502,262
96,2.0,420131.0794181194,5852877.826656083,0.4297,262
96,2.5,420131.51561347296,5852878.095083992,0.4502,262
96,3.0,420131.884701849,5852878.397065391,0.4839,262
96,3.5,420132.3208972026,5852878.69904679,0.4839,262
96,4.0,420132.72353906743,5852878.9674747,0.4745,262
96,4.5,420133.1261809323,5852879.235902609,0.4745,262
96,5.0,420133.56237628584,5852879.537884008,0.4745,262
96,5.5,420133.9314646619,5852879.839865407,0.4502,262
96,6.0,420134.33410652675,5852880.141846805,0.4502,262
96,6.5,420134.7367483916,5852880.443828204,0.4502,262
96,7.0,420135.1393902564,5852880.745809603,0.4244,262
96,7.5,420135.5420321212,5852881.014237513,0.4297,262
96,8.0,420135.9782274748,5852881.282665422,0.4297,262
96,8.5,420136.3808693396,5852881.584646821,0.4745,262
96,9.0,420136.7499577157,5852881.88662822,0.4297,262
96,9.5,420137.1525995805,5852882.222163107,0.3913,262
96,10.0,420137.55524144537,5852882.524144505,0.3913,262
96,10.5,420137.9578833102,5852882.792572415,0.3355,262
96,11.0,420138.36052517506,5852883.094553814,0.3355,262
96,11.5,420138.76316703984,5852883.396535213,0.3355,262
96,12.0,420139.1658089047,5852883.698516611,0.3614,262
96,12.5,420139.5684507695,5852884.00049801,0.3001,262
97,0.0,420160.60648820683,5852986.036657255,0.4502,239
97,0.5,420160.3380602969,5852986.43929912,0.3355,239
97,1.0,420160.069632387,5852986.875494474,0.4502,239
97,1.5,420159.80120447715,5852987.311689828,0.4502,239
97,2.0,420159.566330056,5852987.747885181,0.4745,239
97,2.5,420159.2979021461,5852988.184080535,0.4839,239
97,3.0,420159.02947423625,5852988.586722399,0.4502,239
97,3.5,420158.76104632637,5852989.022917753,0.4745,239
97,4.0,420158.49261841644,5852989.425559618,0.4839,239
97,4.5,420158.22419050656,5852989.861754972,0.5241,239
97,5.0,420157.9557625967,5852990.264396836,0.541,239
97,5.5,420157.6537811981,5852990.667038701,0.4839,239
97,6.0,420157.3853532882,5852991.1032340545,0.5241,239
97,6.5,420157.1169253783,5852991.505875919,0.5111,239
97,7.0,420156.8484974684,5852991.942071273,0.4839,239
97,7.5,420156.5465160698,5852992.3447131375,0.4839,239
97,8.0,420156.2445346712,5852992.747355002,0.5111,239
97,8.5,420155.97610676126,5852993.149996867,0.5241,239
97,9.0,420155.67412536265,5852993.552638732,0.541,239
97,9.5,420155.37214396405,5852993.955280597,0.5111,239
97,10.0,420155.1037160542,5852994.39147595,0.5111,239
97,10.5,420154.8017346555,5852994.794117815,0.5241,239
97,11.0,420154.4997532569,5852995.19675968,0.541,239
97,11.5,420154.23132534703,5852995.599401545,0.5241,239
97,12.0,420153.96289743716,5852996.002043409,0.541,239
97,12.5,420153.6609160385,5852996.438238763,0.6331,239
98,0.0,419949.48793708166,5853196.3834781395,0.0671,28
98,0.5,419949.99123941275,5853196.349924651,0.3913,28
98,1.0,419950.46098825504,5853196.450585117,0.4502,28
98,1.5,419950.96429058607,5853196.551245583,0.4026,28
98,2.0,419951.4675929171,5853196.651906049,0.3913,28
98,2.5,419951.9373417594,5853196.719013027,0.4026,28
98,3.0,419952.4406440904,5853196.786120004,0.4082,28
98,3.5,419952.94394642144,5853196.853226982,0.4697,28
98,4.0,419953.41369526373,5853196.953887448,0.4697,28
98,4.5,419953.9169975948,5853197.054547914,0.4697,28
98,5.0,419954.42029992584,5853197.121654891,0.4697,28
98,5.5,419954.89004876814,5853197.222315358,0.4244,28
98,6.0,419955.39335109916,5853197.289422335,0.4244,28
98,6.5,419955.8966534302,5853197.322975824,0.4502,28
98,7.0,419956.3999557612,5853197.390082802,0.4026,28
98,7.5,419956.9032580923,5853197.457189779,0.3614,28
98,8.0,419957.3730069346,5853197.524296757,0.3355,28
98,8.5,419957.8763092656,5853197.557850245,0.4026,28
98,9.0,419958.37961159664,5853197.6249572225,0.4026,28
98,9.5,419958.88291392766,5853197.6920642005,0.3913,28
98,10.0,419959.35266276996,5853197.759171178,0.3422,28
98,10.5,419959.85596510104,5853197.826278155,0.3355,28
98,11.0,419960.35926743207,5853197.926938621,0.3001,28
98,11.5,419960.82901627437,5853197.994045598,0.2767,28
98,12.0,419961.3323186054,5853198.094706065,0.3355,28
98,12.5,419961.8356209364,5853198.161813042,0.4026,28
99,0.0,420156.78139049094,5853001.941010916,0.8109,255
99,0.5,420157.0498184008,5853002.343652781,0.7503,255
99,1.0,420157.3517997994,5853002.746294646,0.7134,255
99,1.5,420157.6537811981,5853003.14893651,0.6643,255
99,2.0,420157.9893160854,5853003.5515783755,0.6187,255
99,2.5,420158.291297484,5853003.920666751,0.5694,255
99,3.0,420158.5932788827,5853004.323308616,0.5694,255
99,3.5,420158.92881377,5853004.725950481,0.6002,255
99,4.0,420159.23079516867,5853005.095038857,0.5694,255
99,4.5,420159.566330056,5853005.464127233,0.5694,255
99,5.0,420159.9018649434,5853005.833215609,0.5241,255
99,5.5,420160.203846342,5853006.235857474,0.5241,255
99,6.0,420160.5393812293,5853006.638499339,0.5241,255
99,6.5,420160.841362628,5853007.007587715,0.5241,255
99,7.0,420161.1768975153,5853007.376676091,0.4745,255
99,7.5,420161.4788789139,5853007.779317956,0.4745,255
99,8.0,420161.8144138013,5853008.148406332,0.5241,255
99,8.5,420162.1163951999,5853008.551048197,0.541,255
99,9.0,420162.41837659857,5853008.953690061,0.5241,255
99,9.5,420162.7539114859,5853009.322778438,0.5111,255
99,10.0,420163.0558928845,5853009.725420303,0.4839,255
99,10.5,420163.3914277719,5853010.094508679,0.5241,255
99,11.0,420163.7269626592,5853010.463597055,0.5694,255
99,11.5,420164.0289440579,5853010.86623892,0.5241,255
99,12.0,420164.3309254565,5853011.235327296,0.5241,255
99,12.5,420164.6664603438,5853011.63796916,0.5241,255
100,0.0,419943.14632771065,5852940.202591642,0.0671,157
100,0.5,419942.81079282326,5852940.571680019,0.242,157
100,1.0,419942.4081509584,5852940.873661417,0.2767,157
100,1.5,419942.00550909364,5852941.175642815,0.3001,157
100,2.0,419941.6028672288,5852941.444070726,0.2847,157
100,2.5,419941.20022536395,5852941.746052125,0.2122,157
100,3.0,419940.7975834991,5852942.048033522,0.2122,157
100,3.5,419940.3949416343,5852942.316461433,0.242,157
100,4.0,419939.9922997695,5852942.618442832,0.2767,157
100,4.5,419939.5561044159,5852942.886870741,0.3001,157
100,5.0,419939.15346255107,5852943.18885214,0.242,157
100,5.5,419938.7172671975,5852943.45728005,0.2847,157
100,6.0,419938.3146253327,5852943.725707959,0.3001,157
100,6.5,419937.9119834679,5852944.027689358,0.2847,157
100,7.0,419937.509341603,5852944.329670757,0.2847,157
100,7.5,419937.1066997382,5852944.598098666,0.2847,157
100,8.0,419936.6705043846,5852944.866526577,0.242,157
100,8.5,419936.26786251983,5852945.1685079755,0.2767,157
100,9.0,419935.83166716626,5852945.436935885,0.242,157
100,9.5,419935.4290253014,5852945.705363795,0.242,157
100,10.0,419935.0263834366,5852946.007345193,0.242,157
100,10.5,419934.590188083,5852946.242219615,0.242,157
100,11.0,419934.1875462182,5852946.544201014,0.242,157
100,11.5,419933.75135086465,5852946.779075434,0.242,157
100,12.0,419933.3151555111,5852947.081056833,0.3001,157
100,12.5,419932.91251364624,5852947.349484743,0.3796,157
101,0.0,419917.578569294,5853158.031840514,0.6711,36
101,0.5,419917.1088204517,5853158.1660544695,0.6077,36
101,1.0,419916.6055181207,5853158.300268425,0.5534,36
101,1.5,419916.1357692784,5853158.468035868,0.5534,36
101,2.0,419915.6660204361,5853158.635803312,0.541,36
101,2.5,419915.1962715938,5853158.803570756,0.6002,36
101,3.0,419914.7265227515,5853158.971338199,0.6002,36
101,3.5,419914.2567739092,5853159.105552154,0.5734,36
101,4.0,419913.7534715781,5853159.239766109,0.5734,36
101,4.5,419913.2837227358,5853159.373980064,0.6002,36
101,5.0,419912.8139738935,5853159.575300996,0.6331,36
101,5.5,419912.37777853996,5853159.74306844,0.7228,36
101,6.0,419911.87447620893,5853159.910835884,0.6844,36
101,6.5,419911.40472736664,5853160.045049839,0.6744,36
101,7.0,419910.93497852434,5853160.179263794,0.6366,36
101,7.5,419910.46522968204,5853160.347031238,0.6002,36
101,8.0,419909.961927351,5853160.481245192,0.6187,36
101,8.5,419909.4921785087,5853160.615459147,0.6187,36
101,9.0,419909.0224296664,5853160.783226591,0.7228,36
101,9.5,419908.5526808241,5853160.950994034,0.7503,36
101,10.0,419908.08293198183,5853161.085207989,0.7651,36
101,10.5,419907.57962965075,5853161.252975433,0.7855,36
101,11.0,419907.10988080845,5853161.387189388,0.8488,36
101,11.5,419906.64013196615,5853161.521403343,0.8301,36
101,12.0,419906.1368296351,5853161.622063809,0.8488,36
101,12.5,419905.66708079283,5853161.789831253,0.875,36
102,0.0,419961.634300004,5852925.908805441,0.0671,148
102,0.5,419962.07049535756,5852926.143679862,0.4697,148
102,1.0,419962.5737976886,5852926.2443403285,0.4697,148
102,1.5,419963.0435465309,5852926.277893817,0.4885,148
102,2.0,419963.54684886197,5852926.378554283,0.4026,148
102,2.5,419964.050151193,5852926.445661261,0.4026,148
102,3.0,419964.553453524,5852926.479214749,0.4697,148
102,3.5,419965.0232023663,5852926.546321726,0.4244,148
102,4.0,419965.52650469734,5852926.613428704,0.4026,148
102,4.5,419966.0298070284,5852926.680535682,0.4026,148
102,5.0,419966.53310935944,5852926.74764266,0.4026,148
102,5.5,419967.00285820174,5852926.814749637,0.3614,148
102,6.0,419967.50616053276,5852926.881856614,0.3355,148
102,6.5,419968.0094628638,5852926.948963592,0.3355,148
102,7.0,419968.5127651948,5852926.98251708,0.4026,148
102,7.5,419969.0160675259,5852927.016070569,0.3614,148
102,8.0,419969.5193698569,5852927.083177547,0.4026,148
102,8.5,419969.9891186992,5852927.150284524,0.3355,148
102,9.0,419970.49242103024,5852927.217391501,0.3355,148
102,9.5,419970.99572336127,5852927.250944991,0.3355,148
102,10.0,419971.4990256923,5852927.318051968,0.3355,148
102,10.5,419971.9687745346,5852927.385158945,0.3355,148
102,11.0,419972.47207686567,5852927.452265923,0.3355,148
102,11.5,419972.9753791967,5852927.5193729,0.3355,148
102,12.0,419973.4786815277,5852927.586479878,0.3355,148
103,0.0,419874.0932478925,5852946.275773103,0.2122,72
103,0.5,419874.39522929117,5852946.678414968,0.242,72
103,1.0,419874.6301037123,5852947.114610322,0.242,72
103,1.5,419874.8985316222,5852947.550805676,0.242,72
103,2.0,419875.13340604334,5852947.987001029,0.2122,72
103,2.5,419875.4018339532,5852948.389642893,0.242,72
103,3.0,419875.6702618631,5852948.825838247,0.242,72
103,3.5,419875.938689773,5852949.228480112,0.242,72
103,4.0,419876.1735641941,5852949.698228954,0.1898,72
103,4.5,419876.4755455928,5852950.100870819,0.2122,72
103,5.0,419876.71042001393,5852950.537066173,0.2767,72
103,5.5,419876.9452944351,5852950.973261527,0.242,72
103,6.0,419877.21372234495,5852951.40945688,0.2767,72
103,6.5,419877.4485967661,5852951.845652234,0.242,72
103,7.0,419877.68347118725,5852952.281847587,0.1898,72
103,7.5,419877.9518990971,5852952.684489452,0.2122,72
103,8.0,419878.1867735183,5852953.120684805,0.2122,72
103,8.5,419878.45520142815,5852953.556880159,0.2122,72
103,9.0,419878.6900758493,5852953.993075512,0.1898,72
103,9.5,419878.92495027045,5852954.429270866,0.242,72
103,10.0,419879.1598246916,5852954.899019709,0.1898,72
103,10.5,419879.42825260153,5852955.301661573,0.2122,72
103,11.0,419879.6966805114,5852955.737856927,0.1898,72
103,11.5,419879.93155493255,5852956.17405228,0.1501,72
103,12.0,419880.19998284243,5852956.576694145,0.1501,72
104,0.0,420174.6653999871,5852814.343455395,0.0671,285
104,0.5,420174.16209765605,5852814.377008883,0.1501,285
104,1.0,420173.658795325,5852814.44411586,0.2013,285
104,1.5,420173.18904648273,5852814.511222838,0.2013,285
104,2.0,420172.68574415165,5852814.544776327,0.1501,285
104,2.5,420172.1824418206,5852814.645436794,0.2013,285
104,3.0,420171.6791394896,5852814.712543771,0.2013,285
104,3.5,420171.2093906473,5852814.779650748,0.2013,285
104,4.0,420170.7060883163,5852814.846757726,0.2013,285
104,4.5,420170.2027859852,5852814.913864703,0.2013,285
104,5.0,420169.69948365417,5852814.980971681,0.242,285
104,5.5,420169.2297348119,5852815.048078658,0.242,285
104,6.0,420168.72643248085,5852815.115185635,0.2684,285
104,6.5,420168.2231301498,5852815.182292613,0.2684,285
104,7.0,420167.7198278188,5852815.282953079,0.3001,285
104,7.5,420167.2500789765,5852815.383613545,0.2684,285
104,8.0,420166.7467766454,5852815.484274012,0.2684,285
104,8.5,420166.2434743144,5852815.551380989,0.3001,285
104,9.0,420165.7737254721,5852815.652041455,0.2684,285
104,9.5,420165.2704231411,5852815.719148433,0.3355,285
104,10.0,420164.76712081005,5852815.78625541,0.3355,285
104,10.5,420164.29737196775,5852815.853362388,0.3355,285
104,11.0,420163.79406963673,5852815.920469365,0.3355,285
104,11.5,420163.29076730565,5852816.021129832,0.3355,285
104,12.0,420162.7874649746,5852816.121790297,0.3355,285
105,0.0,419842.6871824359,5852942.886870741,0.3796,71
105,0.5,419842.3180940598,5852943.222405628,0.3614,71
105,1.0,419841.915452195,5852943.524387027,0.3796,71
105,1.5,419841.51281033014,5852943.826368426,0.3355,71
105,2.0,419841.1437219541,5852944.161903313,0.3796,71
105,2.5,419840.74108008924,5852944.463884711,0.3913,71
105,3.0,419840.3384382244,5852944.732312622,0.3796,71
105,3.5,419839.93579635955,5852945.03429402,0.3796,71
105,4.0,419839.53315449477,5852945.336275419,0.3913,71
105,4.5,419839.1305126299,5852945.638256817,0.3913,71
105,5.0,419838.7278707651,5852945.940238216,0.4244,71
105,5.5,419838.32522890024,5852946.242219615,0.4297,71
105,6.0,419837.9225870354,5852946.544201014,0.4297,71
105,6.5,419837.5199451706,5852946.846182412,0.4297,71
105,7.0,419837.1173033058,5852947.14816381,0.4297,71
105,7.5,419836.74821492966,5852947.450145209,0.3913,71
105,8.0,419836.3455730649,5852947.752126608,0.3913,71
105,8.5,419835.9429312,5852948.054108006,0.4244,71
105,9.0,419835.5402893352,5852948.322535916,0.4745,71
105,9.5,419835.1040939816,5852948.624517315,0.4745,71
105,10.0,419834.7014521168,5852948.892945224,0.4839,71
105,10.5,419834.26525676326,5852949.161373135,0.5111,71
105,11.0,419833.8626148984,5852949.429801045,0.5241,71
105,11.5,419833.42641954485,5852949.698228954,0.4839,71
105,12.0,419833.02377768,5852949.966656865,0.4502,71
106,0.0,419973.0760396629,5853110.889188841,0.2767,52
106,0.5,419972.74050477555,5853111.258277217,0.4839,52
106,1.0,419972.37141639943,5853111.627365593,0.6187,52
106,1.5,419972.0358815121,5853111.996453969,0.6643,52
106,2.0,419971.7003466247,5853112.365542345,0.6643,52
106,2.5,419971.3648117374,5853112.734630722,0.6643,52
106,3.0,419971.0628303387,5853113.103719098,0.6711,52
106,3.5,419970.7272954514,5853113.4728074735,0.7134,52
106,4.0,419970.39176056406,5853113.841895849,0.7134,52
106,4.5,419970.0897791654,5853114.244537715,0.7134,52
106,5.0,419969.7877977668,5853114.647179579,0.6909,52
106,5.5,419969.4858163682,5853115.049821444,0.6909,52
106,6.0,419969.18383496953,5853115.452463309,0.6643,52
106,6.5,419968.8818535709,5853115.855105174,0.6187,52
106,7.0,419968.5798721723,5853116.22419355,0.6187,52
106,7.5,419968.24433728494,5853116.626835414,0.5694,52
106,8.0,419967.94235588633,5853117.02947728,0.5694,52
106,8.5,419967.60682099895,5853117.398565656,0.541,52
106,9.0,419967.30483960034,5853117.7676540315,0.5694,52
106,9.5,419967.00285820174,5853118.170295897,0.5694,52
106,10.0,419966.66732331435,5853118.572937761,0.6187,52
106,10.5,419966.36534191575,5853118.975579626,0.6331,52
106,11.0,419966.06336051715,5853119.344668002,0.6187,52
106,11.5,419965.7613791185,5853119.747309867,0.6331,52
106,12.0,419965.4593977199,5853120.149951732,0.6331,52
107,0.0,419866.9463547918,5853203.362603797,0.9347,10
107,0.5,419866.7450338594,5853203.832352639,0.8488,10
107,1.0,419866.54371292697,5853204.268547992,0.6744,10
107,1.5,419866.37594548333,5853204.738296835,0.5369,10
107,2.0,419866.20817803964,5853205.208045677,0.5111,10
107,2.5,419865.9733036185,5853205.64424103,0.4839,10
107,3.0,419865.73842919734,5853206.113989873,0.4839,10
107,3.5,419865.5371082649,5853206.550185227,0.5111,10
107,4.0,419865.3022338438,5853206.98638058,0.5111,10
107,4.5,419865.0338059339,5853207.422575934,0.5694,10
107,5.0,419864.79893151275,5853207.858771287,0.5734,10
107,5.5,419864.5640570916,5853208.294966641,0.5734,10
107,6.0,419864.32918267045,5853208.731161994,0.6002,10
107,6.5,419864.0943082493,5853209.200910836,0.6187,10
107,7.0,419863.8929873169,5853209.63710619,0.6002,10
107,7.5,419863.65811289573,5853210.0733015435,0.6331,10
107,8.0,419863.4232384746,5853210.543050386,0.6002,10
107,8.5,419863.22191754216,5853210.979245739,0.6002,10
107,9.0,419863.02059660974,5853211.448994582,0.6331,10
107,9.5,419862.7857221886,5853211.885189936,0.6331,10
107,10.0,419862.5844012562,5853212.321385289,0.6609,10
107,10.5,419862.349526835,5853212.791134131,0.6331,10
107,11.0,419862.1146524139,5853213.227329485,0.6609,10
107,11.5,419861.9468849702,5853213.697078327,0.6609,10
107,12.0,419861.74556403776,5853214.166827169,0.6609,10
108,0.0,419978.8472397254,5852786.326292301,0.1898,204
108,0.5,419978.4445978606,5852786.6282736985,0.1898,204
108,1.0,419978.0755094845,5852786.963808586,0.1898,204
108,1.5,419977.7064211084,5852787.299343473,0.1898,204
108,2.0,419977.33733273234,5852787.634878361,0.2122,204
108,2.5,419976.9682443562,5852787.970413248,0.242,204
108,3.0,419976.5656024914,5852788.272394647,0.1898,204
108,3.5,419976.1965141153,5852788.607929534,0.1898,204
108,4.0,419975.7938722505,5852788.909910933,0.1898,204
108,4.5,419975.39123038563,5852789.211892332,0.1898,204
108,5.0,419975.0221420096,5852789.547427218,0.2122,204
108,5.5,419974.61950014473,5852789.849408617,0.242,204
108,6.0,419974.2504117686,5852790.151390016,0.3355,204
108,6.5,419973.84776990383,5852790.4869249035,0.3355,204
108,7.0,419973.4786815277,5852790.822459791,0.2847,204
108,7.5,419973.1095931516,5852791.157994678,0.2847,204
108,8.0,419972.74050477555,5852791.493529566,0.2847,204
108,8.5,419972.37141639943,5852791.829064453,0.3355,204
108,9.0,419972.0023280234,5852792.16459934,0.3355,204
108,9.5,419971.63323964726,5852792.500134228,0.3355,204
108,10.0,419971.26415127114,5852792.835669115,0.3355,204
108,10.5,419970.86150940636,5852793.171204003,0.3355,204
108,11.0,419970.49242103024,5852793.4731854005,0.3355,204
108,11.5,419970.1233326541,5852793.808720288,0.3355,204
108,12.0,419969.75424427807,5852794.177808665,0.3001,204
109,0.0,420010.52173309197,5852841.555334759,0.7134,166
109,0.5,420010.92437495675,5852841.857316158,0.7503,166
109,1.0,420011.3270168216,5852842.125744068,0.7651,166
109,1.5,420011.76321217517,5852842.394171977,0.7259,166
109,2.0,420012.16585404,5852842.696153376,0.6909,166
109,2.5,420012.53494241607,5852843.031688264,0.7134,166
109,3.0,420012.9375842809,5852843.3336696625,0.7134,166
109,3.5,420013.34022614575,5852843.63565106,0.7259,166
109,4.0,420013.7428680106,5852843.904078971,0.6909,166
109,4.5,420014.1455098754,5852844.2060603695,0.6643,166
109,5.0,420014.5145982515,5852844.575148745,0.5773,166
109,5.5,420014.8501331389,5852844.910683633,0.4839,166
109,6.0,420015.25277500367,5852845.212665032,0.5111,166
109,6.5,420015.6554168685,5852845.5146464305,0.5111,166
109,7.0,420016.0916122221,5852845.78307434,0.4297,166
109,7.5,420016.4942540869,5852846.085055739,0.4502,166
109,8.0,420016.863342463,5852846.3870371375,0.4745,166
109,8.5,420017.2324308391,5852846.722572025,0.4839,166
109,9.0,420017.6015192152,5852847.058106912,0.5241,166
109,9.5,420018.00416108,5852847.36008831,0.4297,166
109,10.0,420018.44035643357,5852847.6285162205,0.4745,166
109,10.5,420018.8429982984,5852847.930497619,0.4745,166
109,11.0,420019.24564016325,5852848.232479017,0.4502,166
109,11.5,420019.64828202804,5852848.5009069275,0.4297,166
109,12.0,420020.0844773816,5852848.769334838,0.4745,166
110,0.0,419857.01452212606,5852942.417121898,0.2013,69
110,0.5,419857.48427096836,5852942.618442832,0.3001,69
110,1.0,419857.9204663219,5852942.819763764,0.3001,69
110,1.5,419858.3902151642,5852943.021084696,0.3355,69
110,2.0,419858.8264105178,5852943.255959117,0.3355,69
110,2.5,419859.2961593601,5852943.45728005,0.3614,69
110,3.0,419859.73235471366,5852943.658600982,0.3614,69
110,3.5,419860.20210355596,5852943.8599219145,0.3422,69
110,4.0,419860.67185239826,5852944.061242847,0.3001,69
110,4.5,419861.1080477518,5852944.262563779,0.3001,69
110,5.0,419861.5777965941,5852944.497438201,0.3355,69
110,5.5,419862.0139919477,5852944.698759133,0.3355,69
110,6.0,419862.48374079,5852944.900080065,0.3355,69
110,6.5,419862.91993614356,5852945.1014009975,0.3355,69
110,7.0,419863.38968498586,5852945.30272193,0.3001,69
110,7.5,419863.8258803394,5852945.5375963515,0.3001,69
110,8.0,419864.2956291817,5852945.738917284,0.3001,69
110,8.5,419864.765378024,5852945.940238216,0.3001,69
110,9.0,419865.2015733776,5852946.141559148,0.3001,69
110,9.5,419865.6713222199,5852946.34288008,0.2767,69
110,10.0,419866.1075175734,5852946.577754502,0.2767,69
110,10.5,419866.57726641576,5852946.779075434,0.2767,69
110,11.0,419867.01346176927,5852946.980396367,0.242,69
110,11.5,419867.48321061156,5852947.181717299,0.2122,69
110,12.0,419867.91940596513,5852947.416591721,0.2767,69
111,0.0,420212.4130748148,5852988.318294489,0.6187,249
111,0.5,420212.51373528095,5852988.82159682,0.6187,249
111,1.0,420212.6143957472,5852989.291345662,0.6077,249
111,1.5,420212.7150562134,5852989.7946479935,0.6002,249
111,2.0,420212.81571667956,5852990.264396836,0.5534,249
111,2.5,420212.9499306345,5852990.767699167,0.6002,249
111,3.0,420213.0505911007,5852991.23744801,0.5734,249
111,3.5,420213.1848050557,5852991.740750341,0.5534,249
111,4.0,420213.28546552185,5852992.210499182,0.5369,249
111,4.5,420213.3861259881,5852992.713801513,0.6002,249
111,5.0,420213.4867864543,5852993.183550356,0.6187,249
111,5.5,420213.5874469205,5852993.686852687,0.6077,249
111,6.0,420213.6881073867,5852994.190155018,0.604,249
111,6.5,420213.7552143642,5852994.659903861,0.5734,249
111,7.0,420213.8558748304,5852995.163206192,0.6002,249
111,7.5,420213.9565352966,5852995.632955033,0.6187,249
111,8.0,420214.09074925154,5852996.136257364,0.5369,249
111,8.5,420214.157856229,5852996.6395596955,0.5534,249
111,9.0,420214.25851669523,5852997.109308538,0.5534,249
111,9.5,420214.3591771614,5852997.612610869,0.5369,249
111,10.0,420214.45983762766,5852998.1159132,0.5111,249
111,10.5,420214.59405158256,5852998.585662043,0.541,249
111,11.0,420214.6947120488,5852999.055410884,0.5111,249
111,11.5,420214.86247949244,5852999.525159727,0.5534,249
112,0.0,419801.38283780223,5853007.544443535,0.3355,63
112,0.5,419800.9801959374,5853007.812871445,0.3913,63
112,1.0,419800.5440005838,5853008.081299354,0.3913,63
112,1.5,419800.0742517415,5853008.282620287,0.3913,63
112,2.0,419799.63805638795,5853008.517494708,0.4502,63
112,2.5,419799.20186103444,5853008.752369129,0.4839,63
112,3.0,419798.76566568087,5853009.020797039,0.5111,63
112,3.5,419798.3294703273,5853009.25567146,0.4745,63
112,4.0,419797.8932749737,5853009.490545882,0.4745,63
112,4.5,419797.45707962016,5853009.725420303,0.541,63
112,5.0,419797.0208842666,5853009.993848213,0.4745,63
112,5.5,419796.584688913,5853010.228722634,0.4502,63
112,6.0,419796.14849355945,5853010.497150543,0.4297,63
112,6.5,419795.7122982059,5853010.732024965,0.3796,63
112,7.0,419795.3096563411,5853011.000452874,0.3614,63
112,7.5,419794.8734609875,5853011.235327296,0.4244,63
112,8.0,419794.43726563395,5853011.470201717,0.3913,63
112,8.5,419794.0010702804,5853011.738629627,0.4502,63
112,9.0,419793.5648749268,5853011.973504048,0.4839,63
112,9.5,419793.12867957324,5853012.241931958,0.4745,63
112,10.0,419792.6924842197,5853012.476806379,0.5241,63
112,10.5,419792.2562888661,5853012.7116808,0.5241,63
112,11.0,419791.82009351254,5853012.98010871,0.5773,63
112,11.5,419791.41745164775,5853013.24853662,0.6002,63
113,0.0,419819.5017217195,5852918.225056521,0.4082,75
113,0.5,419819.0319728772,5852918.392823964,0.4502,75
113,1.0,419818.5622240349,5852918.527037919,0.4745,75
113,1.5,419818.0924751926,5852918.694805362,0.4745,75
113,2.0,419817.6227263503,5852918.862572806,0.4502,75
113,2.5,419817.152977508,5852919.03034025,0.4244,75
113,3.0,419816.68322866573,5852919.231661183,0.3614,75
113,3.5,419816.21347982343,5852919.3994286265,0.3422,75
113,4.0,419815.74373098114,5852919.56719607,0.3422,75
113,4.5,419815.27398213884,5852919.734963514,0.3355,75
113,5.0,419814.77067980776,5852919.869177468,0.3913,75
113,5.5,419814.30093096546,5852920.036944912,0.4697,75
113,6.0,419813.83118212316,5852920.171158867,0.4745,75
113,6.5,419813.36143328086,5852920.338926311,0.4745,75
113,7.0,419812.89168443857,5852920.506693754,0.4745,75
113,7.5,419812.42193559627,5852920.6409077095,0.4244,75
113,8.0,419811.952186754,5852920.842228642,0.4839,75
113,8.5,419811.4824379117,5852921.043549574,0.4839,75
113,9.0,419811.0126890694,5852921.211317018,0.4745,75
113,9.5,419810.5429402271,5852921.379084461,0.4502,75
113,10.0,419810.0731913848,5852921.5132984165,0.4745,75
113,10.5,419809.56988905376,5852921.647512372,0.541,75
113,11.0,419809.10014021146,5852921.815279815,0.5111,75
113,11.5,419808.63039136917,5852921.983047259,0.5534,75
114,0.0,419971.93522104586,5853082.536490859,0.3001,49
114,0.5,419971.5325791811,5853082.838472257,0.2847,49
114,1.0,419971.16349080496,5853083.174007145,0.3355,49
114,1.5,419970.7608489401,5853083.475988544,0.3614,49
114,2.0,419970.3582070753,5853083.777969942,0.3355,49
114,2.5,419969.9555652105,5853084.046397853,0.3796,49
114,3.0,419969.55292334565,5853084.348379251,0.3796,49
114,3.5,419969.1502814808,5853084.650360649,0.3796,49
114,4.0,419968.74763961596,5853084.952342048,0.3355,49
114,4.5,419968.3449977512,5853085.220769958,0.2847,49
114,5.0,419967.94235588633,5853085.5227513565,0.2767,49
114,5.5,419967.5397140215,5853085.824732755,0.2847,49
114,6.0,419967.13707215665,5853086.126714154,0.3355,49
114,6.5,419966.73443029186,5853086.428695552,0.3355,49
114,7.0,419966.331788427,5853086.697123462,0.3355,49
114,7.5,419965.9291465622,5853086.999104861,0.3001,49
114,8.0,419965.52650469734,5853087.30108626,0.2847,49
114,8.5,419965.12386283255,5853087.636621147,0.3355,49
114,9.0,419964.75477445644,5853087.938602545,0.3796,49
114,9.5,419964.3521325916,5853088.240583944,0.3614,49
114,10.0,419963.94949072675,5853088.542565343,0.3614,49
114,10.5,419963.5804023507,5853088.87810023,0.2847,49
114,11.0,419963.2113139746,5853089.213635118,0.242,49
114,11.5,419962.8422255985,5853089.549170005,0.1898,49
115,0.0,419933.24804853357,5852902.421363326,0.4244,144
115,0.5,419933.7177973759,5852902.5891307695,0.4026,144
115,1.0,419934.1875462182,5852902.723344725,0.4082,144
115,1.5,419934.6572950605,5852902.891112168,0.3913,144
115,2.0,419935.16059739154,5852903.025326123,0.4026,144
115,2.5,419935.63034623384,5852903.193093567,0.3913,144
115,3.0,419936.10009507614,5852903.327307521,0.4244,144
115,3.5,419936.56984391843,5852903.495074965,0.4082,144
115,4.0,419937.03959276073,5852903.662842409,0.3614,144
115,4.5,419937.509341603,5852903.830609852,0.3614,144
115,5.0,419937.9790904453,5852903.998377296,0.3422,144
115,5.5,419938.4488392876,5852904.16614474,0.3422,144
115,6.0,419938.95214161865,5852904.3339121835,0.3355,144
115,6.5,419939.42189046094,5852904.501679627,0.3001,144
115,7.0,419939.89163930324,5852904.669447071,0.2767,144
115,7.5,419940.36138814554,5852904.837214515,0.3001,144
115,8.0,419940.8311369879,5852904.97142847,0.3355,144
115,8.5,419941.3008858302,5852905.139195913,0.242,144
115,9.0,419941.7706346725,5852905.306963357,0.3614,144
115,9.5,419942.2403835148,5852905.474730801,0.3614,144
115,10.0,419942.7101323571,5852905.6424982445,0.3614,144
115,10.5,419943.1798811994,5852905.843819177,0.2767,144
115,11.0,419943.61607655295,5852906.045140109,0.2013,144
115,11.5,419944.08582539525,5852906.212907553,0.1898,144
116,0.0,419815.1733216726,5852912.688730879,0.0671,76
116,0.5,419814.83778678527,5852913.057819255,0.1898,76
116,1.0,419814.5358053866,5852913.46046112,0.242,76
116,1.5,419814.233823988,5852913.863102985,0.242,76
116,2.0,419813.9653960781,5852914.265744849,0.242,76
116,2.5,419813.69696816825,5852914.701940203,0.3001,76
116,3.0,419813.3949867696,5852915.104582068,0.2847,76
116,3.5,419813.093005371,5852915.473670444,0.242,76
116,4.0,419812.75747048366,5852915.84275882,0.242,76
116,4.5,419812.38838210754,5852916.211847196,0.242,76
116,5.0,419812.08640070894,5852916.614489061,0.242,76
116,5.5,419811.75086582155,5852916.983577437,0.2847,76
116,6.0,419811.44888442295,5852917.352665814,0.3001,76
116,6.5,419811.11334953556,5852917.755307678,0.3355,76
116,7.0,419810.81136813696,5852918.124396054,0.3355,76
116,7.5,419810.4758332496,5852918.527037919,0.3355,76
116,8.0,419810.14029836224,5852918.896126295,0.3001,76
116,8.5,419809.83831696364,5852919.29876816,0.3355,76
116,9.0,419809.53633556503,5852919.667856536,0.2847,76
116,9.5,419809.2343541664,5852920.0704984,0.3001,76
116,10.0,419808.93237276777,5852920.473140266,0.3001,76
116,10.5,419808.63039136917,5852920.87578213,0.2847,76
116,11.0,419808.3284099705,5852921.278423996,0.2847,76
116,11.5,419808.09353554936,5852921.714619349,0.2122,76
117,0.0,420121.44956685224,5852819.812674059,0.2013,267
117,0.5,420120.9462645212,5852819.879781036,0.2684,267
117,1.0,420120.44296219014,5852819.946888014,0.2684,267
117,1.5,420119.97321334784,5852819.980441502,0.2684,267
117,2.0,420119.4699110168,5852820.013994991,0.2767,267
117,2.5,420118.9666086858,5852820.047548479,0.3355,267
117,3.0,420118.46330635477,5852820.081101968,0.3355,267
117,3.5,420117.9600040237,5852820.148208946,0.3355,267
117,4.0,420117.45670169266,5852820.181762435,0.3355,267
117,4.5,420116.95339936164,5852820.215315923,0.3355,267
117,5.0,420116.48365051934,5852820.248869412,0.3355,267
117,5.5,420115.9803481883,5852820.282422901,0.3422,267
117,6.0,420115.4770458573,5852820.31597639,0.3913,267
117,6.5,420114.9737435262,5852820.31597639,0.4026,267
117,7.0,420114.4704411952,5852820.349529878,0.4026,267
117,7.5,420113.96713886416,5852820.383083367,0.4026,267
117,8.0,420113.46383653313,5852820.416636855,0.4026,267
117,8.5,420112.99408769084,5852820.450190345,0.4244,267
117,9.0,420112.4907853598,5852820.517297322,0.4026,267
117,9.5,420111.98748302873,5852820.5508508105,0.4026,267
117,10.0,420111.4841806977,5852820.5508508105,0.4697,267
117,10.5,420110.9808783667,5852820.584404299,0.4697,267
117,11.0,420110.47757603566,5852820.6179577885,0.4082,267
117,11.5,420109.97427370463,5852820.651511277,0.4026,267
118,0.0,420206.6418747522,5852831.925483492,0.0671,295
118,0.5,420206.1721259099,5852832.093250936,0.2122,295
118,1.0,420205.7023770676,5852832.294571868,0.2122,295
118,1.5,420205.2326282253,5852832.462339312,0.2013,295
118,2.0,420204.7964328717,5852832.663660244,0.2122,295
118,2.5,420204.3266840294,5852832.864981176,0.2122,295
118,3.0,420203.89048867585,5852833.099855598,0.2122,295
118,3.5,420203.42073983356,5852833.30117653,0.242,295
118,4.0,420202.98454448004,5852833.502497463,0.242,295
118,4.5,420202.5147956377,5852833.703818395,0.242,295
118,5.0,420202.0786002842,5852833.9386928165,0.242,295
118,5.5,420201.6088514419,5852834.140013749,0.2767,295
118,6.0,420201.1391025995,5852834.341334681,0.2767,295
118,6.5,420200.702907246,5852834.542655613,0.2767,295
118,7.0,420200.2331584037,5852834.777530035,0.2767,295
118,7.5,420199.79696305015,5852834.978850967,0.2767,295
118,8.0,420199.32721420785,5852835.1801718995,0.3001,295
118,8.5,420198.8910188543,5852835.381492832,0.3001,295
118,9.0,420198.421270012,5852835.582813764,0.3001,295
118,9.5,420197.9850746584,5852835.784134696,0.3001,295
118,10.0,420197.5153258161,5852836.019009118,0.3001,295
118,10.5,420197.07913046255,5852836.22033005,0.3001,295
118,11.0,420196.60938162025,5852836.455204471,0.2767,295
118,11.5,420196.1731862667,5852836.656525404,0.3355,295
119,0.0,420023.7753611425,5852886.684777109,0.6844,162
119,0.5,420023.6075936989,5852887.1545259515,0.6077,162
119,1.0,420023.4062727665,5852887.624274793,0.5773,162
119,1.5,420023.1713983453,5852888.060470147,0.6002,162
119,2.0,420022.9365239242,5852888.4966655,0.6002,162
119,2.5,420022.6680960143,5852888.932860854,0.5734,162
119,3.0,420022.43322159315,5852889.369056208,0.6002,162
119,3.5,420022.198347172,5852889.805251561,0.6002,162
119,4.0,420021.92991926207,5852890.241446915,0.5734,162
119,4.5,420021.6950448409,5852890.677642268,0.6002,162
119,5.0,420021.46017041977,5852891.113837622,0.6002,162
119,5.5,420021.2252959986,5852891.550032975,0.6002,162
119,6.0,420020.9904215775,5852891.986228329,0.6002,162
119,6.5,420020.7219936676,5852892.422423682,0.6002,162
119,7.0,420020.48711924645,5852892.858619036,0.6331,162
119,7.5,420020.2522448253,5852893.29481439,0.6002,162
119,8.0,420019.9838169154,5852893.697456255,0.5734,162
119,8.5,420019.7489424943,5852894.167205097,0.5734,162
119,9.0,420019.4469610957,5852894.569846962,0.5773,162
119,9.5,420019.17853318574,5852894.972488826,0.6002,162
119,10.0,420018.91010527586,5852895.40868418,0.6331,162
119,10.5,420018.641677366,5852895.811326045,0.6609,162
119,11.0,420018.3396959674,5852896.247521399,0.6711,162
120,0.0,419889.42719224474,5852855.547139562,0.3422,139
120,0.5,419889.93049457576,5852855.647800028,0.2684,139
120,1.0,419890.40024341806,5852855.714907005,0.2767,139
120,1.5,419890.90354574914,5852855.7820139835,0.2684,139
120,2.0,419891.40684808017,5852855.882674449,0.2684,139
120,2.5,419891.87659692246,5852855.983334916,0.2684,139
120,3.0,419892.3798992535,5852856.083995381,0.2684,139
120,3.5,419892.8496480958,5852856.184655848,0.2684,139
120,4.0,419893.3529504268,5852856.285316315,0.2767,139
120,4.5,419893.8562527579,5852856.38597678,0.2684,139
120,5.0,419894.3260016002,5852856.486637247,0.2684,139
120,5.5,419894.8293039312,5852856.553744224,0.2013,139
120,6.0,419895.33260626224,5852856.620851202,0.2013,139
120,6.5,419895.80235510453,5852856.721511668,0.2013,139
120,7.0,419896.30565743556,5852856.822172134,0.1898,139
120,7.5,419896.8089597666,5852856.889279111,0.2013,139
120,8.0,419897.2787086089,5852856.989939578,0.2013,139
120,8.5,419897.78201093996,5852857.124153533,0.2013,139
120,9.0,419898.25175978226,5852857.224813999,0.1501,139
120,9.5,419898.7550621133,5852857.291920977,0.1342,139
120,10.0,419899.2248109556,5852857.426134931,0.1342,139
120,10.5,419899.7281132866,5852857.560348886,0.1342,139
120,11.0,419900.1978621289,5852857.661009353,0.1342,139
121,0.0,419892.44700623094,5852919.29876816,0.2122,84
121,0.5,419892.91675507324,5852919.466535604,0.2767,84
121,1.0,419893.3529504268,5852919.701410024,0.1501,84
121,1.5,419893.8562527579,5852919.768517002,0.3355,84
121,2.0,419894.2924481114,5852920.003391423,0.3614,84
121,2.5,419894.76219695376,5852920.2047123555,0.3614,84
121,3.0,419895.23194579605,5852920.406033288,0.3614,84
121,3.5,419895.66814114957,5852920.573800731,0.3913,84
121,4.0,419896.1378899919,5852920.775121665,0.3913,84
121,4.5,419896.6076388342,5852920.976442597,0.3913,84
121,5.0,419897.0773876765,5852921.177763529,0.3614,84
121,5.5,419897.5135830301,5852921.379084461,0.3355,84
121,6.0,419897.9833318724,5852921.546851905,0.3614,84
121,6.5,419898.4530807147,5852921.748172837,0.3422,84
121,7.0,419898.88927606825,5852921.94949377,0.3001,84
121,7.5,419899.35902491055,5852922.117261213,0.3422,84
121,8.0,419899.82877375284,5852922.318582146,0.3355,84
121,8.5,419900.29852259514,5852922.48634959,0.3355,84
121,9.0,419900.76827143744,5852922.687670522,0.3355,84
121,9.5,419901.204466791,5852922.888991455,0.3355,84
121,10.0,419901.6742156333,5852923.056758898,0.3355,84
121,10.5,419902.1439644756,5852923.258079831,0.3355,84
121,11.0,419902.6137133179,5852923.459400763,0.3355,84
122,0.0,419960.82901627437,5852763.409259493,0.2767,198
122,0.5,419960.35926743207,5852763.610580426,0.2767,198
122,1.0,419959.9230720785,5852763.811901359,0.2767,198
122,1.5,419959.4533232362,5852764.013222291,0.2767,198
122,2.0,419959.01712788263,5852764.214543223,0.2767,198
122,2.5,419958.54737904033,5852764.449417644,0.242,198
122,3.0,419958.1447371755,5852764.751399043,0.242,198
122,3.5,419957.80920228816,5852765.08693393,0.242,198
122,4.0,419957.44011391205,5852765.456022306,0.2847,198
122,4.5,419957.1045790247,5852765.791557194,0.2847,198
122,5.0,419956.7690441373,5852766.16064557,0.2847,198
122,5.5,419956.3999557612,5852766.529733947,0.2847,198
122,6.0,419956.0644208739,5852766.865268834,0.2847,198
122,6.5,419955.69533249777,5852767.23435721,0.3355,198
122,7.0,419955.35979761044,5852767.569892097,0.3355,198
122,7.5,419955.02426272305,5852767.972533962,0.2847,198
122,8.0,419954.6887278357,5852768.308068849,0.3355,198
122,8.5,419954.3196394596,5852768.677157225,0.3355,198
122,9.0,419953.9841045723,5852769.046245601,0.3796,198
122,9.5,419953.61501619616,5852769.415333977,0.4297,198
122,10.0,419953.2794813088,5852769.750868864,0.4297,198
122,10.5,419952.9103929327,5852770.119957241,0.4297,198
122,11.0,419952.5748580454,5852770.455492129,0.4297,198
123,0.0,420164.8342277875,5852987.24458285,0.7006,243
123,0.5,420165.2704231411,5852987.479457271,0.5734,243
123,1.0,420165.70661849465,5852987.714331692,0.5734,243
123,1.5,420166.1428138482,5852987.949206113,0.5694,243
123,2.0,420166.5790092018,5852988.217634023,0.5734,243
123,2.5,420167.01520455536,5852988.452508444,0.541,243
123,3.0,420167.45139990887,5852988.720936354,0.5734,243
123,3.5,420167.88759526244,5852988.955810775,0.6002,243
123,4.0,420168.323790616,5852989.224238685,0.6002,243
123,4.5,420168.72643248085,5852989.492666595,0.5111,243
123,5.0,420169.1626278344,5852989.727541016,0.4839,243
123,5.5,420169.598823188,5852989.962415437,0.5111,243
123,6.0,420170.03501854156,5852990.2308433475,0.541,243
123,6.5,420170.4712138951,5852990.499271257,0.6002,243
123,7.0,420170.8738557599,5852990.734145679,0.5694,243
123,7.5,420171.3436046022,5852991.002573588,0.5111,243
123,8.0,420171.74624646705,5852991.23744801,0.5111,243
123,8.5,420172.1824418206,5852991.505875919,0.5111,243
123,9.0,420172.6186371742,5852991.774303829,0.5111,243
123,9.5,420173.02127903904,5852992.00917825,0.541,243
123,10.0,420173.49102788133,5852992.244052671,0.5111,243
123,10.5,420173.9272232349,5852992.478927093,0.5111,243
123,11.0,420174.3634185885,5852992.713801513,0.4839,243
124,0.0,420175.6720046491,5853014.523569192,0.6744,256
124,0.5,420175.5042372055,5853014.993318034,0.6331,256
124,1.0,420175.30291627307,5853015.429513387,0.5773,256
124,1.5,420175.0344883632,5853015.865708741,0.541,256
124,2.0,420174.76606045326,5853016.301904094,0.5773,256
124,2.5,420174.46407905465,5853016.70454596,0.6187,256
124,3.0,420174.1956511448,5853017.107187824,0.6187,256
124,3.5,420173.9272232349,5853017.543383178,0.6187,256
124,4.0,420173.658795325,5853017.979578531,0.6002,256
124,4.5,420173.3903674151,5853018.382220397,0.6002,256
124,5.0,420173.1219395052,5853018.784862261,0.6187,256
124,5.5,420172.8199581066,5853019.187504126,0.5694,256
124,6.0,420172.55153019674,5853019.62369948,0.5773,256
124,6.5,420172.28310228686,5853020.026341344,0.5694,256
124,7.0,420171.9811208882,5853020.462536698,0.5773,256
124,7.5,420171.7126929783,5853020.865178563,0.5773,256
124,8.0,420171.44426506845,5853021.267820428,0.6187,256
124,8.5,420171.14228366985,5853021.704015781,0.6331,256
124,9.0,420170.8738557599,5853022.106657646,0.6909,256
124,9.5,420170.60542785004,5853022.542853,0.7826,256
124,10.0,420170.30344645143,5853022.945494864,0.875,256
124,10.5,420170.03501854156,5853023.34813673,0.9323,256
124,11.0,420169.69948365417,5853023.7172251055,0.9003,256
125,0.0,419900.33207608387,5852894.402079518,0.3422,104
125,0.5,419899.929434219,5852894.670507428,0.3355,104
125,1.0,419899.5267923542,5852894.972488826,0.3355,104
125,1.5,419899.1241504894,5852895.274470225,0.3355,104
125,2.0,419898.72150862456,5852895.576451624,0.3355,104
125,2.5,419898.3188667597,5852895.878433023,0.3355,104
125,3.0,419897.91622489487,5852896.146860932,0.3355,104
125,3.5,419897.5135830301,5852896.448842331,0.3355,104
125,4.0,419897.11094116524,5852896.784377218,0.3355,104
125,4.5,419896.7082993004,5852897.0528051285,0.3614,104
125,5.0,419896.30565743556,5852897.354786526,0.3614,104
125,5.5,419895.9030155707,5852897.656767925,0.3796,104
125,6.0,419895.50037370593,5852897.958749324,0.3796,104
125,6.5,419895.0977318411,5852898.260730723,0.3796,104
125,7.0,419894.69508997625,5852898.562712121,0.3614,104
125,7.5,419894.2924481114,5852898.86469352,0.3355,104
125,8.0,419893.8898062466,5852899.13312143,0.3614,104
125,8.5,419893.4871643818,5852899.435102829,0.3355,104
125,9.0,419893.08452251693,5852899.703530738,0.3796,104
125,9.5,419892.6818806521,5852900.005512137,0.3355,104
125,10.0,419892.2456852986,5852900.273940046,0.3614,104
125,10.5,419891.84304343374,5852900.542367957,0.3796,104
126,0.0,419962.775118621,5852765.858664172,0.3796,199
126,0.5,419962.4731372224,5852766.261306036,0.3796,199
126,1.0,419962.20470931253,5852766.663947901,0.3796,199
126,1.5,419961.86917442514,5852767.066589766,0.3355,199
126,2.0,419961.60074651527,5852767.469231631,0.3796,199
126,2.5,419961.29876511666,5852767.871873495,0.3796,199
126,3.0,419960.99678371806,5852768.274515361,0.3614,199
126,3.5,419960.6948023194,5852768.677157225,0.3614,199
126,4.0,419960.3928209208,5852769.0797990905,0.3355,199
126,4.5,419960.0908395222,5852769.482440955,0.3355,199
126,5.0,419959.82241161226,5852769.8850828195,0.2847,199
126,5.5,419959.52043021366,5852770.287724685,0.2847,199
126,6.0,419959.1848953263,5852770.656813061,0.2847,199
126,6.5,419958.88291392766,5852771.059454925,0.3913,199
126,7.0,419958.54737904033,5852771.428543301,0.4297,199
126,7.5,419958.24539764173,5852771.831185167,0.4745,199
126,8.0,419957.94341624307,5852772.233827031,0.4745,199
126,8.5,419957.64143484447,5852772.636468896,0.4502,199
126,9.0,419957.33945344586,5852773.039110761,0.4502,199
126,9.5,419957.0374720472,5852773.441752626,0.4244,199
126,10.0,419956.7690441373,5852773.84439449,0.4297,199
126,10.5,419956.50061622745,5852774.280589844,0.3614,199
127,0.0,419952.64196502283,5852811.390748386,0.1342,209
127,0.5,419952.33998362423,5852811.793390251,0.1501,209
127,1.0,419952.03800222557,5852812.196032115,0.1898,209
127,1.5,419951.73602082697,5852812.598673981,0.242,209
127,2.0,419951.43403942836,5852812.967762357,0.2767,209
127,2.5,419951.098504541,5852813.370404221,0.2767,209
127,3.0,419950.7965231424,5852813.739492597,0.242,209
127,3.5,419950.49454174377,5852814.1421344625,0.242,209
127,4.0,419950.1925603451,5852814.544776327,0.242,209
127,4.5,419949.8905789465,5852814.9474181915,0.242,209
127,5.0,419949.5885975479,5852815.350060057,0.2767,209
127,5.5,419949.320169638,5852815.78625541,0.242,209
127,6.0,419949.0852952169,5852816.188897275,0.242,209
127,6.5,419948.81686730694,5852816.625092628,0.2122,209
127,7.0,419948.54843939707,5852817.061287982,0.1898,209
127,7.5,419948.2800114872,5852817.463929847,0.2122,209
127,8.0,419948.0115835773,5852817.900125201,0.2122,209
127,8.5,419947.74315566744,5852818.302767065,0.242,209
127,9.0,419947.47472775757,5852818.738962419,0.1898,209
127,9.5,419947.2398533364,5852819.175157772,0.1898,209
127,10.0,419947.0049789152,5852819.611353126,0.1501,209
127,10.5,419946.77010449406,5852820.047548479,0.2013,209
128,0.0,419906.9421133648,5852764.650738577,0.3913,173
128,0.5,419907.4118622071,5852764.818506021,0.3913,173
128,1.0,419907.91516453814,5852764.885612998,0.3355,173
128,1.5,419908.38491338043,5852765.053380442,0.3913,173
128,2.0,419908.85466222273,5852765.187594397,0.3913,173
128,2.5,419909.324411065,5852765.355361841,0.4297,173
128,3.0,419909.7941599073,5852765.489575795,0.4502,173
128,3.5,419910.29746223835,5852765.62378975,0.4502,173
128,4.0,419910.76721108065,5852765.758003705,0.4244,173
128,4.5,419911.2705134117,5852765.89221766,0.4244,173
128,5.0,419911.740262254,5852766.026431615,0.4502,173
128,5.5,419912.24356458505,5852766.127092081,0.3614,173
128,6.0,419912.71331342735,5852766.261306036,0.4745,173
128,6.5,419913.18306226964,5852766.395519991,0.4745,173
128,7.0,419913.68636460067,5852766.529733947,0.4244,173
128,7.5,419914.15611344296,5852766.630394412,0.4502,173
128,8.0,419914.659415774,5852766.764608367,0.4244,173
128,8.5,419915.1291646163,5852766.8988223225,0.4502,173
128,9.0,419915.5989134586,5852766.999482788,0.4502,173
128,9.5,419916.10221578967,5852767.133696743,0.4502,173
128,10.0,419916.57196463196,5852767.267910698,0.4026,173
128,10.5,419917.075266963,5852767.368571165,0.4026,173
129,0.0,419936.56984391843,5852770.858133993,0.2684,192
129,0.5,419936.26786251983,5852771.260775858,0.242,192
129,1.0,419935.93232763244,5852771.629864234,0.2847,192
129,1.5,419935.5967927451,5852771.99895261,0.2847,192
129,2.0,419935.227704369,5852772.334487498,0.242,192
129,2.5,419934.8586159929,5852772.670022385,0.1501,192
129,3.0,419934.52308110555,5852773.039110761,0.1342,194
129,3.5,419934.2546531957,5852773.475306114,0.1342,194
129,4.0,419934.0197787745,5852773.911501468,0.1342,194
129,4.5,419933.8184578421,5852774.347696821,0.1342,194
129,5.0,419933.58358342096,5852774.783892175,0.1501,194
129,5.5,419933.3151555111,5852775.220087529,0.1501,194
129,6.0,419933.08028108993,5852775.656282882,0.1898,194
129,6.5,419932.81185318006,5852776.092478236,0.2122,194
129,7.0,419932.5434252701,5852776.495120101,0.242,194
129,7.5,419932.2414438715,5852776.897761965,0.242,194
129,8.0,419932.0065694504,5852777.333957319,0.242,194
129,8.5,419931.7716950292,5852777.803706162,0.2767,194
129,9.0,419931.5703740968,5852778.239901515,0.242,194
129,9.5,419931.3690531644,5852778.709650357,0.3001,194
129,10.0,419931.13417874323,5852779.145845711,0.3001,194
129,10.5,419930.8321973446,5852779.548487576,0.3355,194
130,0.0,419894.3595550889,5852870.411335072,0.2847,116
130,0.5,419894.05757369025,5852870.813976937,0.3355,116
130,1.0,419893.75559229165,5852871.183065313,0.3355,116
130,1.5,419893.4200574043,5852871.585707177,0.3355,116
130,2.0,419893.11807600566,5852871.988349043,0.2847,116
130,2.5,419892.81609460706,5852872.390990907,0.2847,116
130,3.0,419892.51411320845,5852872.793632772,0.2847,116
130,3.5,419892.2121318098,5852873.162721149,0.2847,116
130,4.0,419891.9101504112,5852873.565363013,0.3001,116
130,4.5,419891.6081690126,5852873.968004878,0.3001,116
130,5.0,419891.3061876139,5852874.370646743,0.3355,116
130,5.5,419891.0042062153,5852874.773288608,0.3001,116
130,6.0,419890.7022248167,5852875.142376984,0.3355,116
130,6.5,419890.40024341806,5852875.545018849,0.3355,116
130,7.0,419890.0647085307,5852875.947660713,0.3355,116
130,7.5,419889.7627271321,5852876.350302578,0.3796,116
130,8.0,419889.46074573346,5852876.752944443,0.3796,116
130,8.5,419889.15876433486,5852877.122032819,0.3614,116
130,9.0,419888.85678293626,5852877.524674684,0.3796,116
130,9.5,419888.5548015376,5852877.927316548,0.3355,116
130,10.0,419888.21926665027,5852878.296404925,0.3001,116
130,10.5,419887.91728525166,5852878.69904679,0.3001,116
131,0.0,419858.79285702907,5852937.451205566,0.0671,73
131,0.5,419859.19549889385,5852937.719633476,0.3913,73
131,1.0,419859.66524773615,5852937.920954408,0.4244,73
131,1.5,419860.13499657845,5852938.088721852,0.3913,73
131,2.0,419860.60474542074,5852938.222935807,0.4082,73
131,2.5,419861.0744942631,5852938.390703251,0.3614,73
131,3.0,419861.5777965941,5852938.524917206,0.4244,73
131,3.5,419862.0475454364,5852938.6926846495,0.3913,73
131,4.0,419862.5172942787,5852938.826898604,0.4244,73
131,4.5,419862.987043121,5852938.994666047,0.3913,73
131,5.0,419863.4567919633,5852939.128880003,0.4244,73
131,5.5,419863.96009429434,5852939.263093958,0.4244,73
131,6.0,419864.42984313663,5852939.430861401,0.4082,73
131,6.5,419864.89959197893,5852939.5650753565,0.4082,73
131,7.0,419865.3693408212,5852939.7328428,0.3614,73
131,7.5,419865.87264315225,5852939.867056754,0.3614,73
131,8.0,419866.34239199455,5852940.034824198,0.3614,73
131,8.5,419866.8121408369,5852940.202591642,0.3355,73
131,9.0,419867.2818896792,5852940.336805597,0.3355,73
131,9.5,419867.7516385215,5852940.504573041,0.3001,73
131,10.0,419868.2549408525,5852940.638786996,0.3422,73
131,10.5,419868.7246896948,5852940.773000951,0.3614,73
132,0.0,419880.8039456397,5852795.687715657,0.2767,171
132,0.5,419880.56907121855,5852796.123911011,0.3001,171
132,1.0,419880.3006433086,5852796.560106365,0.3001,171
132,1.5,419880.03221539874,5852796.9627482295,0.3614,171
132,2.0,419879.7973409776,5852797.3989435835,0.3614,171
132,2.5,419879.56246655644,5852797.8351389365,0.3355,171
132,3.0,419879.3275921353,5852798.304887779,0.2847,171
132,3.5,419879.0591642254,5852798.707529644,0.3355,171
132,4.0,419878.79073631554,5852799.1437249975,0.3355,171
132,4.5,419878.5558618944,5852799.579920351,0.3355,171
132,5.0,419878.2874339845,5852799.982562216,0.3614,171
132,5.5,419878.05255956337,5852800.452311058,0.3001,171
132,6.0,419877.7505781647,5852800.854952923,0.3355,171
132,6.5,419877.51570374356,5852801.291148276,0.3614,171
132,7.0,419877.2472758337,5852801.6937901415,0.3913,171
132,7.5,419876.9788479238,5852802.129985495,0.3614,171
132,8.0,419876.71042001393,5852802.53262736,0.3796,171
132,8.5,419876.40843861527,5852802.968822713,0.4297,171
132,9.0,419876.1400107054,5852803.371464578,0.5111,171
132,9.5,419875.8715827955,5852803.8076599315,0.4839,171
132,10.0,419875.60315488564,5852804.210301796,0.6002,171
133,0.0,419867.51676410035,5852951.1410289705,0.4297,65
133,0.5,419867.1141222355,5852951.443010368,0.4297,65
133,1.0,419866.7450338594,5852951.744991767,0.4745,65
133,1.5,419866.34239199455,5852952.046973166,0.4745,65
133,2.0,419865.93975012976,5852952.348954565,0.4745,65
133,2.5,419865.5371082649,5852952.684489452,0.4745,65
133,3.0,419865.1344664001,5852952.98647085,0.4839,65
133,3.5,419864.73182453524,5852953.288452249,0.5111,65
133,4.0,419864.32918267045,5852953.556880159,0.4745,65
133,4.5,419863.9265408056,5852953.858861558,0.4745,65
133,5.0,419863.5574524295,5852954.194396445,0.5241,65
133,5.5,419863.1548105647,5852954.496377843,0.5241,65
133,6.0,419862.75216869987,5852954.798359242,0.5694,65
133,6.5,419862.349526835,5852955.100340641,0.5773,65
133,7.0,419861.9468849702,5852955.36876855,0.6331,65
133,7.5,419861.5442431054,5852955.670749949,0.6909,65
133,8.0,419861.14160124055,5852955.972731348,0.7503,65
133,8.5,419860.77251286444,5852956.3082662355,0.8081,65
133,9.0,419860.3698709996,5852956.610247634,0.8594,65
133,9.5,419860.00078262354,5852956.945782522,0.8541,65
133,10.0,419859.5981407587,5852957.24776392,0.9678,65
134,0.0,419930.86575083336,5853169.406473196,0.4745,31
134,0.5,419930.8321973446,5853169.909775527,0.5111,31
134,1.0,419930.7650903672,5853170.413077858,0.5369,31
134,1.5,419930.69798338966,5853170.8828267,0.5369,31
134,2.0,419930.66442990093,5853171.386129031,0.3355,31
134,2.5,419930.6308764122,5853171.889431362,0.4026,31
134,3.0,419930.530215946,5853172.392733693,0.3355,31
134,3.5,419930.4295554798,5853172.862482536,0.3355,31
134,4.0,419930.4631089685,5853173.365784867,0.4026,31
134,4.5,419930.39600199106,5853173.869087198,0.3355,31
134,5.0,419930.2953415249,5853174.33883604,0.2684,31
134,5.5,419930.2617880361,5853174.842138371,0.4026,31
134,6.0,419930.1611275699,5853175.3454407025,0.3796,31
134,6.5,419930.0604671037,5853175.815189544,0.5534,31
134,7.0,419930.0604671037,5853176.318491875,0.4697,31
134,7.5,419929.9933601262,5853176.821794206,0.5369,31
134,8.0,419929.92625314876,5853177.325096537,0.604,31
134,8.5,419929.89269966003,5853177.828398868,0.5534,31
134,9.0,419929.8591461713,5853178.298147711,0.604,31
134,9.5,419929.7920391938,5853178.801450042,0.6711,31
134,10.0,419929.75848570507,5853179.304752373,0.7382,31
135,0.0,420111.5512876752,5852784.816385307,0.6909,272
135,0.5,420111.1821992991,5852785.185473683,0.6331,272
135,1.0,420110.8802179005,5852785.554562059,0.5694,272
135,1.5,420110.5111295244,5852785.923650435,0.5241,272
135,2.0,420110.14204114827,5852786.225631834,0.5241,272
135,2.5,420109.7729527722,5852786.59472021,0.4745,272
135,3.0,420109.4038643961,5852786.896701609,0.4745,272
135,3.5,420109.03477602004,5852787.232236496,0.4297,272
135,4.0,420108.6321341552,5852787.534217895,0.4745,272
135,4.5,420108.2630457791,5852787.869752782,0.4745,272
135,5.0,420107.86040391424,5852788.20528767,0.5241,272
135,5.5,420107.4913155382,5852788.507269068,0.4502,272
135,6.0,420107.12222716206,5852788.842803955,0.5241,272
135,6.5,420106.753138786,5852789.1783388425,0.5241,272
135,7.0,420106.3840504099,5852789.51387373,0.4745,272
135,7.5,420105.98140854505,5852789.815855129,0.5241,272
135,8.0,420105.612320169,5852790.151390016,0.5241,272
135,8.5,420105.2432317929,5852790.4869249035,0.5241,272
135,9.0,420104.84058992803,5852790.822459791,0.5111,272
135,9.5,420104.471501552,5852791.12444119,0.4745,272
135,10.0,420104.10241317586,5852791.459976077,0.4839,272
136,0.0,419900.3991830613,5853164.474110352,0.3614,36
136,0.5,419899.929434219,5853164.641877796,0.3355,36
136,1.0,419899.426131888,5853164.742538261,0.3001,36
136,1.5,419898.9563830457,5853164.876752216,0.3355,36
136,2.0,419898.4530807147,5853164.977412683,0.3422,36
136,2.5,419897.9833318724,5853165.04451966,0.4244,36
136,3.0,419897.4800295413,5853165.111626638,0.4026,36
136,3.5,419896.9767272103,5853165.145180127,0.3913,36
136,4.0,419896.47342487925,5853165.212287104,0.3355,36
136,4.5,419895.9701225482,5853165.279394082,0.3355,36
136,5.0,419895.50037370593,5853165.346501059,0.3355,36
136,5.5,419894.9970713749,5853165.4471615255,0.3422,36
136,6.0,419894.4937690438,5853165.514268503,0.3614,36
136,6.5,419894.0240202015,5853165.614928969,0.3355,36
136,7.0,419893.5207178705,5853165.682035946,0.3913,36
136,7.5,419893.0174155395,5853165.749142923,0.3422,36
136,8.0,419892.5476666972,5853165.84980339,0.3614,36
136,8.5,419892.04436436616,5853165.950463857,0.3355,36
136,9.0,419891.5410620351,5853166.051124322,0.3355,36
136,9.5,419891.0713131928,5853166.1182313,0.3001,36
136,10.0,419890.56801086175,5853166.2524452545,0.2013,36
137,0.0,420011.09214240045,5853281.30735813,0.5534,26
137,0.5,420011.5954447315,5853281.30735813,0.5369,26
137,1.0,420012.09874706256,5853281.30735813,0.4697,26
137,1.5,420012.6020493936,5853281.340911618,0.4026,26
137,2.0,420013.1053517246,5853281.340911618,0.4026,26
137,2.5,420013.5751005669,5853281.340911618,0.4697,26
137,3.0,420014.0784028979,5853281.374465107,0.4697,26
137,3.5,420014.58170522895,5853281.408018596,0.4697,26
137,4.0,420015.08500756003,5853281.441572084,0.4502,26
137,4.5,420015.58830989106,5853281.475125574,0.4697,26
137,5.0,420016.0916122221,5853281.508679062,0.4697,26
137,5.5,420016.5949145531,5853281.575786039,0.5111,26
137,6.0,420017.0646633954,5853281.609339528,0.5534,26
137,6.5,420017.5679657264,5853281.642893017,0.4697,26
137,7.0,420018.0712680575,5853281.642893017,0.4502,26
137,7.5,420018.57457038853,5853281.676446506,0.4026,26
137,8.0,420019.07787271956,5853281.676446506,0.4026,26
137,8.5,420019.5811750506,5853281.743553483,0.3422,26
137,9.0,420020.0844773816,5853281.7771069715,0.3422,26
137,9.5,420020.5877797127,5853281.810660461,0.3614,26
137,10.0,420021.057528555,5853281.877767438,0.1342,26
138,0.0,419799.1347540569,5852911.480805284,0.5773,74
138,0.5,419799.4367354556,5852911.883447149,0.5694,74
138,1.0,419799.7387168542,5852912.286089014,0.4745,74
138,1.5,419800.0406982528,5852912.65517739,0.5111,74
138,2.0,419800.3426796514,5852913.057819255,0.4839,74
138,2.5,419800.64466105006,5852913.46046112,0.4839,74
138,3.0,419800.9801959374,5852913.863102985,0.5241,74
138,3.5,419801.24862384726,5852914.265744849,0.4745,74
138,4.0,419801.5506052459,5852914.6683867145,0.4745,74
138,4.5,419801.8525866445,5852915.071028579,0.4502,74
138,5.0,419802.15456804313,5852915.473670444,0.4297,74
138,5.5,419802.4565494418,5852915.84275882,0.4745,74
138,6.0,419802.7585308404,5852916.245400685,0.4745,74
138,6.5,419803.060512239,5852916.648042549,0.4502,74
138,7.0,419803.32894014893,5852917.084237903,0.4502,74
138,7.5,419803.63092154753,5852917.486879768,0.4839,74
138,8.0,419803.8993494574,5852917.889521633,0.4745,74
138,8.5,419804.201330856,5852918.292163498,0.4745,74
138,9.0,419804.5033122547,5852918.694805362,0.4297,74
138,9.5,419804.7046331871,5852919.164554205,0.242,74
138,10.0,419804.93950760824,5852919.600749559,0.1342,74
139,0.0,419932.0065694504,5853158.837124244,0.4697,31
139,0.5,419931.9394624729,5853159.340426575,0.4026,31
139,1.0,419931.9394624729,5853159.8437289065,0.4697,31
139,1.5,419931.9059089842,5853160.347031238,0.4697,31
139,2.0,419931.8723554954,5853160.816780079,0.4697,31
139,2.5,419931.8388020067,5853161.32008241,0.4697,31
139,3.0,419931.7716950292,5853161.823384741,0.4697,31
139,3.5,419931.7381415405,5853162.326687072,0.4697,31
139,4.0,419931.70458805177,5853162.8299894035,0.4697,31
139,4.5,419931.63748107426,5853163.333291735,0.5369,31
139,5.0,419931.5703740968,5853163.803040577,0.5369,31
139,5.5,419931.5368206081,5853164.306342908,0.5369,31
139,6.0,419931.50326711935,5853164.809645239,0.541,31
139,6.5,419931.4361601419,5853165.31294757,0.5369,31
139,7.0,419931.33549967565,5853165.816249901,0.4697,31
139,7.5,419931.3019461869,5853166.285998744,0.4026,31
139,8.0,419931.2348392095,5853166.789301074,0.4026,31
139,8.5,419931.16773223196,5853167.292603405,0.4244,31
139,9.0,419931.1006252545,5853167.795905736,0.4697,31
139,9.5,419930.9999647883,5853168.265654579,0.4745,31
140,0.0,419933.6506903984,5853150.952054392,0.0671,37
140,0.5,419933.1473880674,5853150.98560788,0.2684,37
140,1.0,419932.64408573636,5853150.952054392,0.3355,37
140,1.5,419932.14078340534,5853150.98560788,0.3355,37
140,2.0,419931.67103456304,5853150.98560788,0.3355,37
140,2.5,419931.16773223196,5853151.019161369,0.3355,37
140,3.0,419930.66442990093,5853151.086268346,0.2684,37
140,3.5,419930.1611275699,5853151.119821835,0.2684,37
140,4.0,419929.6578252389,5853151.153375324,0.2684,37
140,4.5,419929.15452290786,5853151.220482301,0.3355,37
140,5.0,419928.68477406556,5853151.287589279,0.3355,37
140,5.5,419928.1814717345,5853151.321142768,0.3614,37
140,6.0,419927.67816940346,5853151.354696256,0.3913,37
140,6.5,419927.17486707243,5853151.388249745,0.4026,37
140,7.0,419926.6715647414,5853151.388249745,0.4026,37
140,7.5,419926.1682624104,5853151.421803233,0.4026,37
140,8.0,419925.6649600793,5853151.421803233,0.4026,37
140,8.5,419925.1616577483,5853151.455356723,0.4026,37
140,9.0,419924.691908906,5853151.455356723,0.4026,37
140,9.5,419924.18860657496,5853151.488910211,0.3913,37
141,0.0,419976.5656024914,5852780.2195573505,0.242,202
141,0.5,419976.3307280702,5852780.655752704,0.3001,202
141,1.0,419976.06230016035,5852781.0919480575,0.3001,202
141,1.5,419975.8274257392,5852781.528143411,0.3355,202
141,2.0,419975.59255131806,5852781.964338765,0.3001,202
141,2.5,419975.29056991945,5852782.366980629,0.3355,202
141,3.0,419975.0221420096,5852782.803175983,0.3355,202
141,3.5,419974.7537140997,5852783.2058178475,0.3355,202
141,4.0,419974.51883967855,5852783.6420132015,0.3913,202
141,4.5,419974.2504117686,5852784.078208555,0.4839,202
141,5.0,419973.98198385874,5852784.48085042,0.5241,202
141,5.5,419973.68000246014,5852784.883492284,0.5241,202
141,6.0,419973.37802106154,5852785.28613415,0.5241,202
141,6.5,419973.0760396629,5852785.688776014,0.541,202
141,7.0,419972.7740582643,5852786.091417879,0.5694,202
141,7.5,419972.5056303544,5852786.527613233,0.5111,202
141,8.0,419972.2372024445,5852786.930255097,0.5111,202
141,8.5,419971.9687745346,5852787.366450451,0.4502,202
141,9.0,419971.7003466247,5852787.769092316,0.4244,202
141,9.5,419971.43191871484,5852788.20528767,0.3913,202
142,0.0,419837.0501963283,5853001.639029518,0.4082,66
142,0.5,419836.8488753959,5853002.108778359,0.3913,66
142,1.0,419836.61400097475,5853002.544973713,0.4297,66
142,1.5,419836.3791265536,5853002.981169066,0.4839,66
142,2.0,419836.14425213245,5853003.41736442,0.4885,66
142,2.5,419835.9429312,5853003.887113263,0.6187,66
142,3.0,419835.7080567789,5853004.323308616,0.6909,66
142,3.5,419835.50673584646,5853004.75950397,0.6909,66
142,4.0,419835.2383079366,5853005.195699323,0.6609,66
142,4.5,419834.9698800267,5853005.631894677,0.6331,66
142,5.0,419834.7014521168,5853006.034536541,0.6002,66
142,5.5,419834.4330242069,5853006.470731895,0.6002,66
142,6.0,419834.164596297,5853006.87337376,0.541,66
142,6.5,419833.89616838715,5853007.309569114,0.5694,66
142,7.0,419833.62774047727,5853007.745764467,0.5694,66
142,7.5,419833.3593125674,5853008.148406332,0.6002,66
142,8.0,419833.05733116873,5853008.551048197,0.6002,66
142,8.5,419832.78890325886,5853008.987243551,0.7134,66
142,9.0,419832.520475349,5853009.389885415,0.7259,66
142,9.5,419832.2184939504,5853009.79252728,0.7503,66
143,0.0,420200.702907246,5852810.350590235,0.4745,294
143,0.5,420200.87067468965,5852810.820339077,0.4244,294
143,1.0,420201.0048886446,5852811.29008792,0.3614,294
143,1.5,420201.1726560883,5852811.759836762,0.3913,294
143,2.0,420201.34042353195,5852812.263139093,0.3422,294
143,2.5,420201.50819097564,5852812.732887935,0.3355,294
143,3.0,420201.6424049306,5852813.202636777,0.3001,294
143,3.5,420201.7766188855,5852813.67238562,0.2684,294
143,4.0,420201.9108328405,5852814.1421344625,0.242,294
143,4.5,420202.1121537729,5852814.611883304,0.2767,294
143,5.0,420202.27992121654,5852815.081632147,0.242,294
143,5.5,420202.4141351715,5852815.584934478,0.3001,294
143,6.0,420202.5483491265,5852816.05468332,0.2684,294
143,6.5,420202.7161165701,5852816.524432163,0.3001,294
143,7.0,420202.8838840138,5852816.994181004,0.2767,294
143,7.5,420203.0180979688,5852817.463929847,0.2767,294
143,8.0,420203.1858654124,5852817.933678689,0.3001,294
143,8.5,420203.3536328561,5852818.403427532,0.2767,294
143,9.0,420203.48784681107,5852818.906729863,0.2684,294
143,9.5,420203.6556142547,5852819.376478705,0.2684,294
144,0.0,419931.50326711935,5853169.809115061,0.5773,29
144,0.5,419931.8723554954,5853170.178203437,0.6187,29
144,1.0,419932.2414438715,5853170.513738324,0.5694,29
144,1.5,419932.5769787589,5853170.849273211,0.5694,29
144,2.0,419932.94606713497,5853171.184808099,0.5694,29
144,2.5,419933.28160202235,5853171.553896475,0.5241,29
144,3.0,419933.68424388714,5853171.889431362,0.5773,29
144,3.5,419934.05333226325,5853172.224966249,0.6002,29
144,4.0,419934.42242063937,5853172.560501137,0.5773,29
144,4.5,419934.7915090154,5853172.896036024,0.5694,29
144,5.0,419935.16059739154,5853173.231570912,0.5694,29
144,5.5,419935.4961322789,5853173.567105799,0.5694,29
144,6.0,419935.865220655,5853173.936194175,0.5241,29
144,6.5,419936.2007555423,5853174.271729062,0.4839,29
144,7.0,419936.56984391843,5853174.640817438,0.5694,29
144,7.5,419936.90537880576,5853175.009905815,0.4502,29
144,8.0,419937.24091369315,5853175.378994191,0.5241,29
144,8.5,419937.6100020692,5853175.714529078,0.4745,29
144,9.0,419937.9790904453,5853176.016510477,0.6187,29
144,9.5,419938.34817882144,5853176.385598853,0.5694,29
145,0.0,419896.9096202328,5852884.705121273,0.2684,107
145,0.5,419897.2787086089,5852885.007102672,0.4297,107
145,1.0,419897.647796985,5852885.376191048,0.4297,107
145,1.5,419898.0168853611,5852885.745279424,0.4297,107
145,2.0,419898.35242024844,5852886.080814311,0.4297,107
145,2.5,419898.72150862456,5852886.416349199,0.3796,107
145,3.0,419899.0905970006,5852886.785437575,0.3796,107
145,3.5,419899.426131888,5852887.120972462,0.3796,107
145,4.0,419899.79522026406,5852887.490060839,0.3796,107
145,4.5,419900.13075515145,5852887.825595725,0.3796,107
145,5.0,419900.49984352756,5852888.194684102,0.3796,107
145,5.5,419900.8353784149,5852888.563772478,0.3355,107
145,6.0,419901.1709133022,5852888.8993073655,0.3355,107
145,6.5,419901.54000167834,5852889.2683957415,0.2847,107
145,7.0,419901.90909005445,5852889.603930629,0.2847,107
145,7.5,419902.2446249418,5852889.939465516,0.2847,107
145,8.0,419902.6137133179,5852890.308553892,0.2847,107
145,8.5,419902.94924820523,5852890.677642268,0.2847,107
145,9.0,419903.31833658135,5852891.0131771555,0.2847,107
145,9.5,419903.6538714687,5852891.382265531,0.2847,107
146,0.0,419895.23194579605,5852861.553214046,0.3355,125
146,0.5,419895.7352481271,5852861.653874512,0.3355,125
146,1.0,419896.2049969694,5852861.720981489,0.3355,125
146,1.5,419896.7082993004,5852861.8216419555,0.3355,125
146,2.0,419897.2116016314,5852861.922302422,0.3355,125
146,2.5,419897.6813504737,5852861.989409399,0.3355,125
146,3.0,419898.18465280475,5852862.090069866,0.3355,125
146,3.5,419898.6879551358,5852862.190730331,0.3001,125
146,4.0,419899.1577039781,5852862.2578373095,0.3355,125
146,4.5,419899.66100630915,5852862.358497775,0.3001,125
146,5.0,419900.1643086402,5852862.425604753,0.3355,125
146,5.5,419900.6340574825,5852862.526265219,0.2684,125
146,6.0,419901.1373598135,5852862.593372197,0.2684,125
146,6.5,419901.6406621446,5852862.660479174,0.2684,125
146,7.0,419902.1104109869,5852862.761139641,0.2684,125
146,7.5,419902.6137133179,5852862.828246618,0.2684,125
146,8.0,419903.1170156489,5852862.928907084,0.2684,125
146,8.5,419903.5867644912,5852863.02956755,0.2684,125
146,9.0,419904.09006682225,5852863.1302280165,0.2684,125
146,9.5,419904.59336915327,5852863.230888482,0.2684,125
147,0.0,419791.98786095623,5853013.78539244,0.0671,64
147,0.5,419792.4240563098,5853013.550518018,0.5369,64
147,1.0,419792.9273586408,5853013.51696453,0.604,64
147,1.5,419793.43066097185,5853013.584071508,0.4697,64
147,2.0,419793.93396330293,5853013.617624996,0.4697,64
147,2.5,419794.4037121452,5853013.651178485,0.4026,64
147,3.0,419794.90701447625,5853013.651178485,0.4697,64
147,3.5,419795.4103168073,5853013.651178485,0.4697,64
147,4.0,419795.9136191383,5853013.617624996,0.4697,64
147,4.5,419796.4169214693,5853013.550518018,0.604,64
147,5.0,419796.9202238004,5853013.584071508,0.5369,64
147,5.5,419797.42352613143,5853013.617624996,0.4697,64
147,6.0,419797.8932749737,5853013.617624996,0.4697,64
147,6.5,419798.39657730475,5853013.651178485,0.4026,64
147,7.0,419798.8998796358,5853013.684731973,0.3355,64
147,7.5,419799.4031819668,5853013.684731973,0.4026,64
147,8.0,419799.9064842979,5853013.684731973,0.3913,64
147,8.5,419800.4097866289,5853013.751838951,0.3422,64
147,9.0,419800.8795354712,5853013.852499417,0.0949,64
148,0.0,420146.2455950279,5852805.887976233,0.0671,279
148,0.5,420145.8429531631,5852806.189957632,0.1898,279
148,1.0,420145.44031129824,5852806.458385542,0.2122,279
148,1.5,420145.03766943346,5852806.76036694,0.242,279
148,2.0,420144.6014740799,5852807.02879485,0.2767,279
148,2.5,420144.19883221504,5852807.330776249,0.242,279
148,3.0,420143.8297438389,5852807.632757647,0.2847,279
148,3.5,420143.42710197414,5852807.934739046,0.2847,279
148,4.0,420142.9909066206,5852808.203166956,0.3355,279
148,4.5,420142.58826475573,5852808.505148355,0.3796,279
148,5.0,420142.1856228909,5852808.807129753,0.3796,279
148,5.5,420141.81653451483,5852809.14266464,0.3796,279
148,6.0,420141.4474461387,5852809.444646039,0.3913,279
148,6.5,420141.0448042739,5852809.780180926,0.3913,279
148,7.0,420140.642162409,5852810.082162325,0.3355,279
148,7.5,420140.273074033,5852810.417697213,0.3796,279
148,8.0,420139.8704321681,5852810.7196786115,0.3355,279
148,8.5,420139.501343792,5852811.055213499,0.3796,279
148,9.0,420139.13225541596,5852811.390748386,0.3796,279
149,0.0,419854.3302430272,5853195.913729297,0.0671,9
149,0.5,419853.8940476736,5853196.182157207,0.1501,9
149,1.0,419853.4914058088,5853196.484138606,0.1501,9
149,1.5,419853.1223174327,5853196.786120004,0.1501,9
149,2.0,419852.7196755679,5853197.088101403,0.1501,9
149,2.5,419852.2834802143,5853197.356529313,0.1898,9
149,3.0,419851.88083834946,5853197.6249572225,0.2122,9
149,3.5,419851.4446429959,5853197.893385133,0.2122,9
149,4.0,419851.0420011311,5853198.195366532,0.2122,9
149,4.5,419850.63935926626,5853198.463794441,0.242,9
149,5.0,419850.2367174014,5853198.76577584,0.242,9
149,5.5,419849.8340755366,5853199.101310727,0.2847,9
149,6.0,419849.4314336718,5853199.369738637,0.242,9
149,6.5,419849.02879180695,5853199.671720035,0.2122,9
149,7.0,419848.6261499421,5853199.973701434,0.242,9
149,7.5,419848.22350807727,5853200.275682833,0.242,9
149,8.0,419847.8208662125,5853200.577664231,0.2847,9
149,8.5,419847.45177783637,5853200.87964563,0.242,9
149,9.0,419847.0491359715,5853201.181627029,0.242,9
150,0.0,420028.1373146782,5852877.491121195,0.0671,162
150,0.5,420027.8688867683,5852877.89376306,0.3614,162
150,1.0,420027.6004588584,5852878.329958414,0.3355,162
150,1.5,420027.33203094854,5852878.766153767,0.3355,162
150,2.0,420027.03004954994,5852879.168795632,0.242,162
150,2.5,420026.76162164006,5852879.571437497,0.242,162
150,3.0,420026.49319373013,5852880.007632851,0.242,162
150,3.5,420026.22476582025,5852880.410274715,0.242,162
150,4.0,420025.92278442165,5852880.81291658,0.242,162
150,4.5,420025.6543565118,5852881.249111934,0.242,162
150,5.0,420025.4194820906,5852881.685307287,0.2767,162
150,5.5,420025.1510541807,5852882.121502641,0.2767,162
150,6.0,420024.91617975954,5852882.557697995,0.3001,162
150,6.5,420024.7148588272,5852882.993893348,0.3422,162
150,7.0,420024.5806448722,5852883.497195679,0.3614,162
150,7.5,420024.44643091725,5852883.966944521,0.3355,162
150,8.0,420024.2786634736,5852884.436693364,0.3001,162
150,8.5,420024.14444951864,5852884.906442205,0.3422,162
150,9.0,420023.97668207495,5852885.376191048,0.3355,162
151,0.0,420017.7357331701,5852921.915940281,0.2684,160
151,0.5,420018.23903550114,5852921.94949377,0.2684,160
151,1.0,420018.7423378322,5852921.983047259,0.2684,160
151,1.5,420019.24564016325,5852922.016600748,0.2684,160
151,2.0,420019.71538900555,5852922.050154236,0.2684,160
151,2.5,420020.2186913366,5852922.117261213,0.2013,160
151,3.0,420020.7219936676,5852922.150814703,0.2684,160
151,3.5,420021.2252959986,5852922.150814703,0.2684,160
151,4.0,420021.7285983297,5852922.150814703,0.2122,160
151,4.5,420022.2319006607,5852922.184368191,0.2122,160
151,5.0,420022.73520299175,5852922.21792168,0.2013,160
151,5.5,420023.20495183405,5852922.251475168,0.2013,160
151,6.0,420023.7082541651,5852922.285028657,0.1342,160
151,6.5,420024.2115564961,5852922.285028657,0.2013,160
151,7.0,420024.7148588272,5852922.285028657,0.1342,160
151,7.5,420025.2181611582,5852922.251475168,0.2013,160
151,8.0,420025.72146348923,5852922.21792168,0.2013,160
151,8.5,420026.22476582025,5852922.184368191,0.2013,160
151,9.0,420026.7280681513,5852922.21792168,0.1342,160
152,0.0,420118.6981807759,5852834.710423057,0.3913,282
152,0.5,420118.26198542234,5852834.945297479,0.4244,282
152,1.0,420117.8257900688,5852835.213725388,0.4502,282
152,1.5,420117.42314820393,5852835.482153298,0.4297,282
152,2.0,420116.98695285036,5852835.717027719,0.4297,282
152,2.5,420116.5507574968,5852835.985455629,0.4297,282
152,3.0,420116.1145621432,5852836.22033005,0.3355,282
152,3.5,420115.6783667897,5852836.455204471,0.4839,282
152,4.0,420115.24217143614,5852836.690078893,0.5111,282
152,4.5,420114.80597608257,5852836.958506802,0.4839,282
152,5.0,420114.369780729,5852837.193381224,0.5111,282
152,5.5,420113.93358537543,5852837.428255645,0.5241,282
152,6.0,420113.49739002186,5852837.663130065,0.5241,282
152,6.5,420113.0611946683,5852837.931557976,0.5111,282
152,7.0,420112.591445826,5852838.1664323965,0.541,282
152,7.5,420112.1552504724,5852838.401306818,0.5111,282
152,8.0,420111.71905511885,5852838.6026277505,0.5734,282
152,8.5,420111.2828597653,5852838.837502171,0.6002,282
152,9.0,420110.8466644117,5852839.105930082,0.541,282
153,0.0,420026.7951751288,5853282.213302325,0.3422,26
153,0.5,420027.2984774598,5853282.213302325,0.4026,26
153,1.0,420027.80177979084,5853282.246855814,0.3355,26
153,1.5,420028.30508212186,5853282.280409303,0.3355,26
153,2.0,420028.8083844529,5853282.280409303,0.3355,26
153,2.5,420029.27813329524,5853282.280409303,0.3001,26
153,3.0,420029.78143562627,5853282.313962792,0.3355,26
153,3.5,420030.2847379573,5853282.347516281,0.3355,26
153,4.0,420030.7880402883,5853282.347516281,0.3355,26
153,4.5,420031.29134261934,5853282.381069769,0.3355,26
153,5.0,420031.79464495037,5853282.414623258,0.3355,26
153,5.5,420032.29794728145,5853282.414623258,0.3355,26
153,6.0,420032.8012496125,5853282.414623258,0.3355,26
153,6.5,420033.27099845477,5853282.481730236,0.2684,26
153,7.0,420033.7743007858,5853282.515283724,0.2684,26
153,7.5,420034.2776031168,5853282.515283724,0.2684,26
153,8.0,420034.7809054479,5853282.515283724,0.2684,26
153,8.5,420035.2842077789,5853282.548837213,0.2684,26
153,9.0,420035.78751010995,5853282.582390701,0.2013,26
154,0.0,419912.7804204048,5853281.173144175,0.3355,22
154,0.5,419913.2501692471,5853281.374465107,0.3614,22
154,1.0,419913.68636460067,5853281.609339528,0.3614,22
154,1.5,419914.0890064655,5853281.877767438,0.3913,22
154,2.0,419914.5252018191,5853282.146195348,0.3614,22
154,2.5,419914.96139717265,5853282.381069769,0.3796,22
154,3.0,419915.3975925262,5853282.649497679,0.3614,22
154,3.5,419915.800234391,5853282.917925589,0.3614,22
154,4.0,419916.2364297446,5853283.186353499,0.3614,22
154,4.5,419916.67262509814,5853283.454781408,0.3614,22
154,5.0,419917.1088204517,5853283.68965583,0.3614,22
154,5.5,419917.51146231656,5853283.9580837395,0.3355,22
154,6.0,419917.98121115885,5853284.192958161,0.3614,22
154,6.5,419918.3838530237,5853284.461386071,0.3355,22
154,7.0,419918.8200483772,5853284.696260492,0.3614,22
154,7.5,419919.2562437308,5853284.931134913,0.3355,22
154,8.0,419919.69243908435,5853285.1995628225,0.3355,22
154,8.5,419920.0950809492,5853285.467990733,0.3796,22
154,9.0,419920.53127630276,5853285.736418643,0.242,22
155,0.0,419973.310914084,5853279.998772069,0.4885,24
155,0.5,419973.1767001291,5853280.468520911,0.5734,24
155,1.0,419973.04248617415,5853280.9718232425,0.4697,24
155,1.5,419972.94182570797,5853281.441572084,0.4244,24
155,2.0,419972.7740582643,5853281.944874415,0.4026,24
155,2.5,419972.67339779803,5853282.414623258,0.4026,24
155,3.0,419972.57273733185,5853282.917925589,0.4082,24
155,3.5,419972.5056303544,5853283.387674431,0.5111,24
155,4.0,419972.4385233769,5853283.890976762,0.4026,24
155,4.5,419972.40496988816,5853284.3942790935,0.4697,24
155,5.0,419972.37141639943,5853284.897581425,0.5369,24
155,5.5,419972.3378629107,5853285.400883756,0.4697,24
155,6.0,419972.304309422,5853285.870632597,0.4745,24
155,6.5,419972.170095467,5853286.373934928,0.4244,24
155,7.0,419972.0358815121,5853286.843683771,0.3913,24
155,7.5,419971.90166755713,5853287.346986102,0.4244,24
155,8.0,419971.80100709095,5853287.8167349445,0.3355,24
155,8.5,419971.7674536022,5853288.320037276,0.4026,24
155,9.0,419971.666793136,5853288.823339607,0.4745,24
156,0.0,419902.5801598292,5853237.318734397,0.2847,19
156,0.5,419902.1104109869,5853237.520055329,0.3001,19
156,1.0,419901.6406621446,5853237.687822773,0.2684,19
156,1.5,419901.204466791,5853237.889143705,0.3001,19
156,2.0,419900.7347179487,5853238.090464638,0.3001,19
156,2.5,419900.2649691064,5853238.258232081,0.2684,19
156,3.0,419899.79522026406,5853238.4595530145,0.3001,19
156,3.5,419899.32547142176,5853238.627320458,0.2767,19
156,4.0,419898.88927606825,5853238.862194879,0.3001,19
156,4.5,419898.4195272259,5853239.063515811,0.2767,19
156,5.0,419897.9497783836,5853239.231283255,0.3001,19
156,5.5,419897.5135830301,5853239.432604187,0.3001,19
156,6.0,419897.04383418773,5853239.600371631,0.3001,19
156,6.5,419896.57408534543,5853239.801692563,0.3355,19
156,7.0,419896.10433650314,5853239.969460007,0.3355,19
156,7.5,419895.63458766084,5853240.1372274505,0.3001,19
156,8.0,419895.16483881854,5853240.338548384,0.3355,19
156,8.5,419894.69508997625,5853240.506315827,0.3355,19
157,0.0,419950.6958626762,5852924.969307756,0.7651,148
157,0.5,419951.1991650072,5852925.002861245,0.7503,148
157,1.0,419951.70246733824,5852925.069968223,0.6744,148
157,1.5,419952.17221618054,5852925.103521711,0.6711,148
157,2.0,419952.67551851156,5852925.1370752,0.6744,148
157,2.5,419953.1788208426,5852925.204182178,0.6609,148
157,3.0,419953.68212317367,5852925.237735666,0.6711,148
157,3.5,419954.1854255047,5852925.271289155,0.6187,148
157,4.0,419954.6887278357,5852925.304842643,0.604,148
157,4.5,419955.19203016674,5852925.3719496215,0.6077,148
157,5.0,419955.66177900904,5852925.439056599,0.604,148
157,5.5,419956.16508134006,5852925.472610087,0.604,148
157,6.0,419956.66838367115,5852925.539717065,0.604,148
157,6.5,419957.17168600217,5852925.606824042,0.541,148
157,7.0,419957.6749883332,5852925.640377531,0.6002,148
157,7.5,419958.1447371755,5852925.707484509,0.5369,148
157,8.0,419958.6480395065,5852925.741037997,0.5369,148
157,8.5,419959.15134183754,5852925.8081449745,0.5111,148
158,0.0,420026.22476582025,5852920.674461198,0.0671,160
158,0.5,420025.72146348923,5852920.674461198,0.2013,160
158,1.0,420025.2181611582,5852920.708014687,0.2013,160
158,1.5,420024.7148588272,5852920.775121665,0.2013,160
158,2.0,420024.2451099849,5852920.842228642,0.2122,160
158,2.5,420023.7418076538,5852920.942889108,0.2122,160
158,3.0,420023.2385053228,5852921.009996085,0.2684,160
158,3.5,420022.7687564805,5852921.0771030625,0.3001,160
158,4.0,420022.26545414946,5852921.144210041,0.3355,160
158,4.5,420021.76215181843,5852921.211317018,0.2684,160
158,5.0,420021.2588494874,5852921.278423996,0.2122,160
158,5.5,420020.7555471563,5852921.311977484,0.2684,160
158,6.0,420020.285798314,5852921.345530973,0.2684,160
158,6.5,420019.782495983,5852921.41263795,0.2684,160
158,7.0,420019.279193652,5852921.41263795,0.2684,160
158,7.5,420018.77589132095,5852921.446191439,0.2684,160
158,8.0,420018.2725889899,5852921.479744928,0.2684,160
158,8.5,420017.76928665885,5852921.546851905,0.2767,160
159,0.0,419882.58228054264,5852807.364329738,0.4026,169
159,0.5,419882.0789782116,5852807.364329738,0.4026,169
159,1.0,419881.5756758806,5852807.397883226,0.4026,169
159,1.5,419881.07237354957,5852807.397883226,0.4026,169
159,2.0,419880.56907121855,5852807.397883226,0.4026,169
159,2.5,419880.09932237625,5852807.397883226,0.4026,169
159,3.0,419879.59602004517,5852807.397883226,0.4697,169
159,3.5,419879.09271771414,5852807.397883226,0.4697,169
159,4.0,419878.5894153831,5852807.397883226,0.4697,169
159,4.5,419878.0861130521,5852807.397883226,0.4026,169
159,5.0,419877.58281072107,5852807.397883226,0.4026,169
159,5.5,419877.07950839,5852807.397883226,0.4026,169
159,6.0,419876.57620605896,5852807.397883226,0.4244,169
159,6.5,419876.07290372794,5852807.397883226,0.4697,169
159,7.0,419875.5696013969,5852807.397883226,0.4697,169
159,7.5,419875.0998525546,5852807.397883226,0.4697,169
159,8.0,419874.5965502236,5852807.397883226,0.5369,169
159,8.5,419874.0932478925,5852807.397883226,0.5369,169
160,0.0,419956.9032580923,5853088.777439764,0.3001,50
160,0.5,419956.4670627387,5853089.045867674,0.2767,50
160,1.0,419956.03086738515,5853089.280742095,0.2767,50
160,1.5,419955.5946720316,5853089.515616517,0.3001,50
160,2.0,419955.158476678,5853089.750490937,0.2847,50
160,2.5,419954.72228132444,5853090.018918848,0.3001,50
160,3.0,419954.2860859709,5853090.253793268,0.3001,50
160,3.5,419953.8498906173,5853090.522221178,0.3355,50
160,4.0,419953.4472487525,5853090.7570956,0.3355,50
160,4.5,419953.01105339895,5853090.99197002,0.3796,50
160,5.0,419952.5748580454,5853091.260397931,0.4244,50
160,5.5,419952.1386626918,5853091.495272351,0.4244,50
160,6.0,419951.70246733824,5853091.730146773,0.3614,50
160,6.5,419951.23271849594,5853091.965021194,0.3355,50
160,7.0,419950.7965231424,5853092.199895615,0.2767,50
160,7.5,419950.3603277888,5853092.4347700365,0.2122,50
160,8.0,419949.92413243523,5853092.669644457,0.1501,50
160,8.5,419949.45438359294,5853092.87096539,0.1898,50
161,0.0,419899.7281132866,5853273.657162698,0.6331,22
161,0.5,419900.1643086402,5853273.892037119,0.6002,22
161,1.0,419900.60050399374,5853274.1269115405,0.5694,22
161,1.5,419901.0366993473,5853274.39533945,0.5734,22
161,2.0,419901.4728947009,5853274.630213872,0.5241,22
161,2.5,419901.90909005445,5853274.898641781,0.541,22
161,3.0,419902.345285408,5853275.133516202,0.541,22
161,3.5,419902.7814807616,5853275.3683906235,0.5111,22
161,4.0,419903.2176761151,5853275.603265044,0.4839,22
161,4.5,419903.6538714687,5853275.838139466,0.4839,22
161,5.0,419904.09006682225,5853276.106567375,0.5111,22
161,5.5,419904.5262621758,5853276.341441797,0.5111,22
161,6.0,419904.9624575294,5853276.576316218,0.5694,22
161,6.5,419905.39865288296,5853276.811190639,0.6002,22
161,7.0,419905.8012947478,5853277.1131720375,0.541,22
161,7.5,419906.23749010137,5853277.381599948,0.5694,22
161,8.0,419906.64013196615,5853277.650027857,0.5241,22
161,8.5,419907.0763273197,5853277.918455767,0.4745,22
162,0.0,419951.60180687206,5852768.844924669,0.1342,195
162,0.5,419951.1320580297,5852768.979138624,0.1342,195
162,1.0,419950.6623091874,5852769.146906068,0.2013,195
162,1.5,419950.1590068564,5852769.314673511,0.242,195
162,2.0,419949.7228115028,5852769.482440955,0.242,195
162,2.5,419949.2530626605,5852769.650208399,0.1898,195
162,3.0,419948.7833138182,5852769.817975842,0.2122,195
162,3.5,419948.3135649759,5852769.985743286,0.242,195
162,4.0,419947.8438161336,5852770.187064218,0.242,195
162,4.5,419947.3740672913,5852770.354831662,0.2767,195
162,5.0,419946.90431844903,5852770.556152594,0.2684,195
162,5.5,419946.43456960673,5852770.7574735265,0.242,195
162,6.0,419945.99837425316,5852770.95879446,0.242,195
162,6.5,419945.52862541087,5852771.160115392,0.2122,195
162,7.0,419945.0924300573,5852771.394989813,0.2122,195
162,7.5,419944.6562347037,5852771.629864234,0.1898,195
162,8.0,419944.22003935016,5852771.864738655,0.2767,195
162,8.5,419943.7838439966,5852772.099613076,0.3001,195
163,0.0,419918.28319255746,5852770.119957241,0.0671,174
163,0.5,419917.81344371516,5852770.3212781735,0.1898,174
163,1.0,419917.3772483616,5852770.556152594,0.242,174
163,1.5,419916.97460649675,5852770.858133993,0.2767,174
163,2.0,419916.57196463196,5852771.160115392,0.242,174
163,2.5,419916.1693227671,5852771.428543301,0.2767,174
163,3.0,419915.73312741355,5852771.696971212,0.2767,174
163,3.5,419915.3304855487,5852771.99895261,0.3001,174
163,4.0,419914.9278436839,5852772.26738052,0.3355,174
163,4.5,419914.5252018191,5852772.569361919,0.3355,174
163,5.0,419914.0890064655,5852772.837789829,0.3796,174
163,5.5,419913.68636460067,5852773.139771227,0.4244,174
163,6.0,419913.2837227358,5852773.408199137,0.4502,174
163,6.5,419912.88108087104,5852773.710180536,0.4297,174
163,7.0,419912.4784390062,5852774.012161934,0.4244,174
163,7.5,419912.07579714135,5852774.314143333,0.4244,174
163,8.0,419911.6731552765,5852774.6161247315,0.4244,174
163,8.5,419911.2705134117,5852774.91810613,0.3796,174
164,0.0,419962.07049535756,5853198.094706065,0.242,28
164,0.5,419962.5737976886,5853198.027599088,0.242,28
164,1.0,419963.07710001967,5853197.994045598,0.2013,28
164,1.5,419963.5804023507,5853197.994045598,0.2684,28
164,2.0,419964.050151193,5853198.0611525765,0.2684,28
164,2.5,419964.553453524,5853198.161813042,0.1342,28
164,3.0,419965.05675585504,5853198.22892002,0.2013,28
164,3.5,419965.52650469734,5853198.262473509,0.2767,28
164,4.0,419966.0298070284,5853198.329580486,0.3355,28
164,4.5,419966.53310935944,5853198.430240952,0.2013,28
164,5.0,419967.00285820174,5853198.530901419,0.242,28
164,5.5,419967.50616053276,5853198.564454908,0.2684,28
164,6.0,419968.0094628638,5853198.598008396,0.2013,28
164,6.5,419968.5127651948,5853198.598008396,0.2684,28
164,7.0,419969.0160675259,5853198.598008396,0.2684,28
164,7.5,419969.5193698569,5853198.598008396,0.2684,28
164,8.0,419970.02267218794,5853198.564454908,0.2013,28
164,8.5,419970.52597451897,5853198.530901419,0.2013,28
165,0.0,419891.7423829675,5852918.359270475,0.1501,81
165,0.5,419891.2726341252,5852918.49348443,0.2013,81
165,1.0,419890.7693317942,5852918.560591408,0.2684,81
165,1.5,419890.26602946315,5852918.661251874,0.2684,81
165,2.0,419889.79628062085,5852918.76191234,0.242,81
165,2.5,419889.2929782898,5852918.862572806,0.242,81
165,3.0,419888.78967595875,5852918.963233273,0.2684,81
165,3.5,419888.31992711645,5852919.063893739,0.3001,81
165,4.0,419887.8166247854,5852919.164554205,0.3001,81
165,4.5,419887.3468759431,5852919.265214671,0.2684,81
165,5.0,419886.8435736121,5852919.3323216485,0.3355,81
165,5.5,419886.3402712811,5852919.432982115,0.3001,81
165,6.0,419885.8705224388,5852919.533642581,0.2684,81
165,6.5,419885.36722010776,5852919.600749559,0.3355,81
165,7.0,419884.8639177767,5852919.701410024,0.3001,81
165,7.5,419884.3941689344,5852919.802070491,0.2684,81
165,8.0,419883.89086660335,5852919.869177468,0.3355,81
165,8.5,419883.42111776106,5852919.969837935,0.3001,81
166,0.0,420100.8477247685,5852812.8335484015,0.1501,269
166,0.5,420101.3174736108,5852813.001315845,0.2013,269
166,1.0,420101.7872224531,5852813.202636777,0.242,269
166,1.5,420102.2234178067,5852813.40395771,0.2684,269
166,2.0,420102.69316664897,5852813.605278642,0.2684,269
166,2.5,420103.12936200254,5852813.806599575,0.2767,269
166,3.0,420103.59911084484,5852814.007920507,0.2767,269
166,3.5,420104.06885968713,5852814.20924144,0.2767,269
166,4.0,420104.5050550407,5852814.410562372,0.2767,269
166,4.5,420104.974803883,5852814.611883304,0.2767,269
166,5.0,420105.4445527253,5852814.813204237,0.2684,269
166,5.5,420105.9143015676,5852815.0145251695,0.2767,269
166,6.0,420106.35049692116,5852815.215846102,0.3001,269
166,6.5,420106.82024576346,5852815.417167034,0.2767,269
166,7.0,420107.25644111703,5852815.652041455,0.3001,269
166,7.5,420107.6926364706,5852815.853362388,0.3355,269
166,8.0,420108.1623853129,5852816.088236809,0.2767,269
166,8.5,420108.5650271777,5852816.356664719,0.3001,269
167,0.0,419837.8219265692,5853012.7116808,0.1342,61
167,0.5,419837.3186242382,5853012.7116808,0.2013,61
167,1.0,419836.81532190717,5853012.778787778,0.2684,61
167,1.5,419836.3455730649,5853012.845894755,0.2684,61
167,2.0,419835.8422707338,5853012.879448243,0.2684,61
167,2.5,419835.33896840276,5853012.913001733,0.2013,61
167,3.0,419834.83566607174,5853012.98010871,0.2013,61
167,3.5,419834.3323637407,5853013.047215687,0.2013,61
167,4.0,419833.8626148984,5853013.114322665,0.2013,61
167,4.5,419833.3593125674,5853013.147876154,0.2684,61
167,5.0,419832.8560102363,5853013.214983131,0.2013,61
167,5.5,419832.3527079053,5853013.24853662,0.2684,61
167,6.0,419831.84940557426,5853013.315643597,0.2684,61
167,6.5,419831.34610324324,5853013.349197086,0.2684,61
167,7.0,419830.87635440094,5853013.416304064,0.242,61
167,7.5,419830.3730520699,5853013.449857553,0.2684,61
167,8.0,419829.86974973883,5853013.51696453,0.2684,61
167,8.5,419829.3664474078,5853013.617624996,0.1342,61
168,0.0,419807.0869308873,5852922.620563544,0.3796,74
168,0.5,419807.3889122859,5852923.02320541,0.3796,74
168,1.0,419807.6573401958,5852923.425847274,0.3355,74
168,1.5,419807.95932159445,5852923.828489139,0.3796,74
168,2.0,419808.26130299305,5852924.231131004,0.3614,74
168,2.5,419808.5297309029,5852924.667326357,0.3355,74
168,3.0,419808.8317123016,5852925.069968223,0.3614,74
168,3.5,419809.10014021146,5852925.472610087,0.3355,74
168,4.0,419809.40212161007,5852925.875251952,0.3355,74
168,4.5,419809.67054951994,5852926.311447306,0.3355,74
168,5.0,419809.9389774298,5852926.71408917,0.2767,74
168,5.5,419810.20740533975,5852927.150284524,0.2122,74
168,6.0,419810.4758332496,5852927.586479878,0.242,74
168,6.5,419810.77781464823,5852927.955568254,0.2847,74
168,7.0,419811.0462425581,5852928.391763607,0.242,74
168,7.5,419811.34822395677,5852928.760851983,0.2122,74
168,8.0,419811.6837588441,5852929.163493848,0.1898,74
168,8.5,419811.9857402427,5852929.566135713,0.242,74
169,0.0,419911.4718343441,5853233.996939012,0.2122,19
169,0.5,419911.0020855018,5853234.164706456,0.242,19
169,1.0,419910.5323366595,5853234.332473899,0.2767,19
169,1.5,419910.0625878172,5853234.500241343,0.2767,19
169,2.0,419909.5928389749,5853234.668008787,0.2684,19
169,2.5,419909.1230901326,5853234.83577623,0.2767,19
169,3.0,419908.6533412903,5853235.003543674,0.3355,19
169,3.5,419908.183592448,5853235.171311118,0.3355,19
169,4.0,419907.7138436057,5853235.339078561,0.3355,19
169,4.5,419907.2440947634,5853235.506846005,0.3001,19
169,5.0,419906.7743459211,5853235.708166937,0.2767,19
169,5.5,419906.3045970788,5853235.875934381,0.3001,19
169,6.0,419905.8348482365,5853236.043701825,0.3001,19
169,6.5,419905.3650993942,5853236.245022758,0.3001,19
169,7.0,419904.89535055193,5853236.412790202,0.2767,19
169,7.5,419904.42560170963,5853236.580557645,0.2684,19
169,8.0,419903.98940635606,5853236.781878578,0.2767,19
170,0.0,419953.4472487525,5852851.822702312,0.0671,135
170,0.5,419953.01105339895,5852852.024023245,0.242,135
170,1.0,419952.5748580454,5852852.326004643,0.2767,135
170,1.5,419952.17221618054,5852852.627986042,0.2847,135
170,2.0,419951.7695743157,5852852.929967441,0.2847,135
170,2.5,419951.3669324509,5852853.198395351,0.2767,135
170,3.0,419950.96429058607,5852853.500376749,0.2847,135
170,3.5,419950.59520220995,5852853.802358148,0.3001,135
170,4.0,419950.1925603451,5852854.1043395465,0.3355,135
170,4.5,419949.7899184803,5852854.406320945,0.3355,135
170,5.0,419949.3872766155,5852854.708302343,0.3355,135
170,5.5,419948.98463475064,5852855.043837231,0.3355,135
170,6.0,419948.5819928858,5852855.3458186295,0.3355,135
170,6.5,419948.179351021,5852855.61424654,0.3001,135
170,7.0,419947.77670915617,5852855.916227938,0.3001,135
170,7.5,419947.40762078005,5852856.251762825,0.3614,135
170,8.0,419947.0049789152,5852856.553744224,0.3355,135
171,0.0,419939.0528020849,5853176.687580251,0.3355,29
171,0.5,419939.45544394973,5853176.956008161,0.3001,29
171,1.0,419939.925192792,5853177.190882582,0.3355,29
171,1.5,419940.36138814554,5853177.425757004,0.3355,29
171,2.0,419940.7975834991,5853177.660631425,0.242,29
171,2.5,419941.20022536395,5853177.962612824,0.242,29
171,3.0,419941.66997420625,5853178.163933756,0.3001,29
171,3.5,419942.1061695598,5853178.398808178,0.3001,29
171,4.0,419942.50881142466,5853178.667236087,0.3001,29
171,4.5,419942.94500677823,5853178.935663997,0.2847,29
171,5.0,419943.3140951543,5853179.271198885,0.2847,29
171,5.5,419943.6496300417,5853179.6402872605,0.1898,29
171,6.0,419943.985164929,5853180.0093756365,0.2767,29
171,6.5,419944.28714632767,5853180.412017501,0.242,29
171,7.0,419944.58912772627,5853180.814659366,0.2767,29
171,7.5,419944.9246626136,5853181.183747742,0.2767,29
171,8.0,419945.260197501,5853181.552836118,0.242,29
172,0.0,419907.64673662826,5852777.6023852285,0.1342,174
172,0.5,419907.3783087184,5852778.0385805825,0.4745,174
172,1.0,419907.00922034227,5852778.340561981,0.4745,174
172,1.5,419906.6065784774,5852778.676096869,0.4745,174
172,2.0,419906.2039366126,5852778.978078268,0.4839,174
172,2.5,419905.8012947478,5852779.280059665,0.5111,174
172,3.0,419905.4322063717,5852779.582041064,0.4745,174
172,3.5,419905.02956450684,5852779.884022463,0.4244,174
172,4.0,419904.62692264206,5852780.186003862,0.4745,174
172,4.5,419904.2242807772,5852780.48798526,0.4297,174
172,5.0,419903.82163891237,5852780.75641317,0.4745,174
172,5.5,419903.4189970475,5852781.058394569,0.4745,174
172,6.0,419902.98280169396,5852781.326822478,0.4745,174
172,6.5,419902.5801598292,5852781.628803877,0.4745,174
172,7.0,419902.17751796433,5852781.897231787,0.4502,174
172,7.5,419901.74132261076,5852782.132106208,0.4839,174
172,8.0,419901.27157376846,5852782.366980629,0.5111,174
173,0.0,420123.5969901313,5852816.960627516,0.3355,274
173,0.5,420124.10029246233,5852816.994181004,0.3355,274
173,1.0,420124.60359479336,5852816.994181004,0.3355,274
173,1.5,420125.10689712444,5852816.994181004,0.2684,274
173,2.0,420125.57664596674,5852816.893520539,0.1342,274
173,2.5,420126.07994829776,5852816.994181004,0.1898,274
173,3.0,420126.5832506288,5852817.027734494,0.2767,274
173,3.5,420127.0865529598,5852817.061287982,0.2684,274
173,4.0,420127.5563018021,5852817.061287982,0.2684,274
173,4.5,420128.0596041332,5852817.061287982,0.2684,274
173,5.0,420128.5629064642,5852817.061287982,0.2684,274
173,5.5,420129.06620879524,5852817.094841471,0.2684,274
173,6.0,420129.56951112626,5852817.094841471,0.2684,274
173,6.5,420130.0728134573,5852817.094841471,0.2684,274
173,7.0,420130.57611578837,5852817.1283949595,0.2684,274
173,7.5,420131.0794181194,5852817.1283949595,0.2684,274
173,8.0,420131.5827204504,5852817.1283949595,0.2684,274
174,0.0,419872.4826804332,5852904.602340094,0.1501,96
174,0.5,419872.0800385684,5852904.904321493,0.1898,96
174,1.0,419871.7109501923,5852905.206302891,0.1898,96
174,1.5,419871.2747548387,5852905.508284289,0.1898,96
174,2.0,419870.8721129739,5852905.7767122,0.1898,96
174,2.5,419870.5030245978,5852906.112247087,0.1898,96
174,3.0,419870.1339362217,5852906.447781974,0.1501,96
174,3.5,419869.69774086814,5852906.716209884,0.1898,96
174,4.0,419869.2950990033,5852906.984637794,0.2122,96
174,4.5,419868.8589036497,5852907.253065703,0.242,96
174,5.0,419868.45626178494,5852907.555047102,0.242,96
174,5.5,419868.0536199201,5852907.857028501,0.242,96
174,6.0,419867.65097805526,5852908.12545641,0.242,96
174,6.5,419867.2483361904,5852908.427437809,0.242,96
174,7.0,419866.8121408369,5852908.69586572,0.2122,96
174,7.5,419866.4430524608,5852908.997847118,0.2767,96
174,8.0,419866.0068571072,5852909.299828516,0.2847,96
175,0.0,420022.90297043545,5852850.581223229,0.4697,166
175,0.5,420023.37271927774,5852850.748990673,0.6711,166
175,1.0,420023.7418076538,5852851.08452556,0.5773,166
175,1.5,420024.0773425412,5852851.453613936,0.4244,166
175,2.0,420024.47998440603,5852851.755595335,0.2767,166
175,2.5,420024.94973324833,5852851.956916267,0.2122,166
175,3.0,420025.4194820906,5852852.091130222,0.2767,166
175,3.5,420025.8892309329,5852852.292451154,0.3001,166
175,4.0,420026.3254262865,5852852.493772087,0.3001,166
175,4.5,420026.7951751288,5852852.728646508,0.2767,166
175,5.0,420027.23137048236,5852852.963520929,0.242,166
175,5.5,420027.6675658359,5852853.164841861,0.242,166
175,6.0,420028.1373146782,5852853.399716283,0.2122,166
175,6.5,420028.57351003174,5852853.634590704,0.2122,166
175,7.0,420029.0097053853,5852853.869465125,0.1898,166
175,7.5,420029.4459007389,5852854.1043395465,0.1898,166
175,8.0,420029.88209609245,5852854.339213967,0.1501,166
176,0.0,419938.54949975386,5853176.721133741,0.2767,29
176,0.5,419938.81792766374,5853177.157329094,0.3355,29
176,1.0,419939.15346255107,5853177.492863981,0.3796,29
176,1.5,419939.48899743846,5853177.861952357,0.4297,29
176,2.0,419939.8580858145,5853178.197487244,0.4297,29
176,2.5,419940.22717419063,5853178.56657562,0.4297,29
176,3.0,419940.56270907796,5853178.902110508,0.4297,29
176,3.5,419940.89824396535,5853179.304752373,0.3614,29
176,4.0,419941.2337788527,5853179.673840749,0.3614,29
176,4.5,419941.6364207175,5853179.975822148,0.4297,29
176,5.0,419942.00550909364,5853180.311357035,0.4745,29
176,5.5,419942.4081509584,5853180.613338433,0.4745,29
176,6.0,419942.77723933454,5853180.948873321,0.4297,29
176,6.5,419943.1127742219,5853181.3179616975,0.3796,29
176,7.0,419943.44830910926,5853181.687050073,0.3355,29
176,7.5,419943.75029050786,5853182.089691938,0.3355,29
176,8.0,419944.08582539525,5853182.458780314,0.242,29
177,0.0,419883.3540107836,5852859.674218676,0.2122,137
177,0.5,419882.95136891876,5852859.942646586,0.242,137
177,1.0,419882.5151735652,5852860.244627985,0.242,137
177,1.5,419882.11253170035,5852860.5130558945,0.2767,137
177,2.0,419881.70988983556,5852860.781483805,0.2767,137
177,2.5,419881.273694482,5852861.083465204,0.2767,137
177,3.0,419880.87105261715,5852861.351893113,0.2767,137
177,3.5,419880.4348572636,5852861.620321023,0.3001,137
177,4.0,419880.03221539874,5852861.888748933,0.3001,137
177,4.5,419879.59602004517,5852862.157176843,0.3001,137
177,5.0,419879.1933781804,5852862.425604753,0.3001,137
177,5.5,419878.7571828268,5852862.694032663,0.2767,137
177,6.0,419878.35454096197,5852862.962460573,0.3001,137
177,6.5,419877.9183456084,5852863.230888482,0.3001,137
177,7.0,419877.48215025483,5852863.4993163925,0.3355,137
177,7.5,419877.07950839,5852863.767744302,0.2847,137
177,8.0,419876.6433130364,5852864.002618724,0.3355,137
178,0.0,419942.03906258236,5852872.021902531,0.3796,132
178,0.5,419941.73708118376,5852872.424544396,0.3355,132
178,1.0,419941.4015462964,5852872.793632772,0.3913,132
178,1.5,419941.09956489777,5852873.196274637,0.3796,132
178,2.0,419940.7640300104,5852873.565363013,0.3913,132
178,2.5,419940.4620486118,5852873.968004878,0.3913,132
178,3.0,419940.1265137244,5852874.337093254,0.3796,132
178,3.5,419939.8245323258,5852874.739735119,0.4297,132
178,4.0,419939.5225509272,5852875.142376984,0.3913,132
178,4.5,419939.2205695286,5852875.5114653595,0.4244,132
178,5.0,419938.8850346412,5852875.914107225,0.3913,132
178,5.5,419938.5830532426,5852876.316749089,0.3913,132
178,6.0,419938.2810718439,5852876.685837465,0.3796,132
178,6.5,419937.9790904453,5852877.088479331,0.3796,132
178,7.0,419937.643555558,5852877.491121195,0.3614,132
178,7.5,419937.34157415933,5852877.860209571,0.3355,132
178,8.0,419937.006039272,5852878.229297947,0.3001,132
179,0.0,419886.9442340783,5852879.437223542,0.2767,115
179,0.5,419886.474485236,5852879.604990985,0.3001,115
179,1.0,419886.0047363937,5852879.772758429,0.3001,115
179,1.5,419885.5349875514,5852879.940525873,0.3001,115
179,2.0,419885.0652387091,5852880.108293316,0.3001,115
179,2.5,419884.5954898668,5852880.27606076,0.3001,115
179,3.0,419884.1257410245,5852880.443828204,0.3001,115
179,3.5,419883.6559921822,5852880.611595647,0.3355,115
179,4.0,419883.1862433399,5852880.779363091,0.3355,115
179,4.5,419882.7164944976,5852880.947130535,0.3355,115
179,5.0,419882.2467456553,5852881.1148979785,0.3001,115
179,5.5,419881.7434433243,5852881.249111934,0.3614,115
179,6.0,419881.273694482,5852881.416879377,0.3422,115
179,6.5,419880.8039456397,5852881.584646821,0.3355,115
179,7.0,419880.3341967974,5852881.718860776,0.3614,115
179,7.5,419879.8644479551,5852881.88662822,0.3422,115
179,8.0,419879.39469911275,5852882.054395664,0.3355,115
180,0.0,419878.99205724796,5852987.278136338,1.1891,57
180,0.5,419879.1933781804,5852987.747885181,1.0841,57
180,1.0,419879.361145624,5852988.217634023,1.0611,57
180,1.5,419879.5289130677,5852988.687382866,0.9908,57
180,2.0,419879.73023400013,5852989.123578219,0.9608,57
180,2.5,419879.9651084213,5852989.593327061,0.9323,57
180,3.0,419880.1664293537,5852990.029522414,0.9128,57
180,3.5,419880.3677502861,5852990.499271257,0.8488,57
180,4.0,419880.53551772976,5852990.969020099,0.8408,57
180,4.5,419880.7368386622,5852991.438768942,0.7826,57
180,5.0,419880.9381595946,5852991.874964295,0.7651,57
180,5.5,419881.1059270383,5852992.3447131375,0.6609,57
180,6.0,419881.273694482,5852992.81446198,0.541,57
180,6.5,419881.4750154144,5852993.284210823,0.4885,57
180,7.0,419881.6092293693,5852993.753959664,0.5734,57
180,7.5,419881.7434433243,5852994.223708507,0.6844,57
180,8.0,419881.8776572792,5852994.727010838,0.8053,57
181,0.0,420185.13408847264,5852992.982229424,0.5369,244
181,0.5,420184.63078614156,5852993.015782912,0.4026,244
181,1.0,420184.12748381053,5852993.015782912,0.4026,244
181,1.5,420183.6241814795,5852993.015782912,0.4026,244
181,2.0,420183.1208791485,5852993.015782912,0.4026,244
181,2.5,420182.6511303062,5852993.015782912,0.4244,244
181,3.0,420182.14782797516,5852993.049336401,0.4026,244
181,3.5,420181.6445256441,5852993.049336401,0.4697,244
181,4.0,420181.14122331305,5852993.082889889,0.4697,244
181,4.5,420180.63792098203,5852993.116443379,0.4697,244
181,5.0,420180.134618651,5852993.116443379,0.4697,244
181,5.5,420179.63131632,5852993.149996867,0.4697,244
181,6.0,420179.1280139889,5852993.183550356,0.4502,244
181,6.5,420178.6582651466,5852993.2171038445,0.4244,244
181,7.0,420178.1549628156,5852993.284210823,0.4244,244
181,7.5,420177.65166048455,5852993.317764311,0.4502,244
181,8.0,420177.1483581535,5852993.3513178,0.4697,244
182,0.0,420196.3409537104,5852806.76036694,0.3913,293
182,0.5,420196.60938162025,5852807.196562294,0.3614,293
182,1.0,420196.8442560414,5852807.632757647,0.3355,293
182,1.5,420197.1126839513,5852808.068953001,0.3355,293
182,2.0,420197.3475583724,5852808.505148355,0.3001,293
182,2.5,420197.58243279357,5852808.941343708,0.3355,293
182,3.0,420197.8173072147,5852809.377539062,0.3355,293
182,3.5,420198.01862814714,5852809.813734415,0.3355,293
182,4.0,420198.2535025683,5852810.2834832575,0.3614,293
182,4.5,420198.48837698944,5852810.7196786115,0.3913,293
182,5.0,420198.68969792186,5852811.155873965,0.3355,293
182,5.5,420198.95812583173,5852811.5920693185,0.3001,293
182,6.0,420199.1930002529,5852812.028264672,0.3355,293
182,6.5,420199.42787467403,5852812.464460026,0.3614,293
182,7.0,420199.6627490952,5852812.900655379,0.3355,293
182,7.5,420199.93117700506,5852813.336850733,0.3614,293
182,8.0,420200.1660514262,5852813.773046086,0.3355,293
183,0.0,419977.2702257549,5852790.788906302,0.0949,206
183,0.5,419976.8340304013,5852790.990227235,0.1342,206
183,1.0,419976.39783504774,5852791.258655145,0.1342,206
183,1.5,419975.9616396942,5852791.493529566,0.1501,206
183,2.0,419975.5254443406,5852791.728403986,0.1501,206
183,2.5,419975.08924898703,5852791.996831897,0.1501,206
183,3.0,419974.65305363346,5852792.2317063175,0.1898,206
183,3.5,419974.2168582799,5852792.500134228,0.1898,206
183,4.0,419973.7806629263,5852792.768562137,0.1898,206
183,4.5,419973.37802106154,5852793.036990047,0.1501,206
183,5.0,419972.94182570797,5852793.271864468,0.2122,206
183,5.5,419972.5056303544,5852793.50673889,0.2122,206
183,6.0,419972.0694350008,5852793.775166799,0.242,206
183,6.5,419971.63323964726,5852794.010041221,0.242,206
183,7.0,419971.1970442937,5852794.27846913,0.242,206
183,7.5,419970.79440242884,5852794.546897041,0.242,206
183,8.0,419970.3582070753,5852794.7817714615,0.242,206
184,0.0,420120.208087769,5852869.807372275,0.2013,262
184,0.5,420120.47651567886,5852870.210014139,0.541,262
184,1.0,420120.8791575437,5852870.511995538,0.6002,262
184,1.5,420121.3153528973,5852870.780423448,0.6331,262
184,2.0,420121.75154825085,5852871.048851358,0.6331,262
184,2.5,420122.1541901157,5852871.317279268,0.6609,262
184,3.0,420122.55683198053,5852871.619260667,0.6609,262
184,3.5,420122.9259203566,5852871.954795553,0.6187,262
184,4.0,420123.32856222143,5852872.256776952,0.5241,262
184,4.5,420123.69765059755,5852872.59231184,0.541,262
184,5.0,420124.10029246233,5852872.894293238,0.5694,262
184,5.5,420124.5029343272,5852873.196274637,0.5694,262
184,6.0,420124.905576192,5852873.498256036,0.541,262
184,6.5,420125.30821805686,5852873.766683945,0.5694,262
184,7.0,420125.71085992164,5852874.068665344,0.5773,262
184,7.5,420126.1135017865,5852874.370646743,0.541,262
185,0.0,419895.70169463835,5852847.225874356,0.0671,138
185,0.5,419895.2990527735,5852847.494302265,0.1898,138
185,1.0,419894.86285741994,5852847.762730176,0.1898,138
185,1.5,419894.42666206637,5852847.997604596,0.1898,138
185,2.0,419893.9904667128,5852848.232479017,0.1501,138
185,2.5,419893.55427135923,5852848.5009069275,0.1898,138
185,3.0,419893.1516294944,5852848.769334838,0.1898,138
185,3.5,419892.7154341409,5852849.037762747,0.1501,138
185,4.0,419892.2792387873,5852849.306190657,0.1501,138
185,4.5,419891.87659692246,5852849.574618567,0.1501,138
185,5.0,419891.40684808017,5852849.8094929885,0.1898,138
185,5.5,419890.9706527266,5852850.044367409,0.1898,138
185,6.0,419890.56801086175,5852850.31279532,0.2122,138
185,6.5,419890.1318155082,5852850.581223229,0.242,138
185,7.0,419889.7291736434,5852850.849651139,0.242,138
185,7.5,419889.2929782898,5852851.08452556,0.242,138
186,0.0,419887.2126619882,5852923.224526342,0.2013,83
186,0.5,419887.64885734173,5852923.425847274,0.3913,83
186,1.0,419888.0850526953,5852923.727828673,0.4244,83
186,1.5,419888.48769456014,5852923.996256582,0.4244,83
186,2.0,419888.9238899137,5852924.264684493,0.3796,83
186,2.5,419889.32653177856,5852924.566665892,0.3913,83
186,3.0,419889.7291736434,5852924.835093801,0.3614,83
186,3.5,419890.1318155082,5852925.1370752,0.3913,83
186,4.0,419890.534457373,5852925.439056599,0.3614,83
186,4.5,419890.93709923787,5852925.707484509,0.3614,83
186,5.0,419891.37329459144,5852926.009465907,0.3355,83
186,5.5,419891.7759364562,5852926.311447306,0.3355,83
186,6.0,419892.17857832107,5852926.579875216,0.3614,83
186,6.5,419892.5812201859,5852926.848303125,0.3614,83
186,7.0,419893.0174155395,5852927.150284524,0.3796,83
186,7.5,419893.3865039156,5852927.452265923,0.3796,83
187,0.0,420111.08153883286,5852851.789148823,0.3355,296
187,0.5,420111.58484116395,5852851.822702312,0.3355,296
187,1.0,420112.08814349497,5852851.9233627785,0.3422,296
187,1.5,420112.55789233727,5852851.990469756,0.3355,296
187,2.0,420113.0611946683,5852852.124683711,0.2684,296
187,2.5,420113.5309435106,5852852.225344177,0.2684,296
187,3.0,420114.0342458416,5852852.292451154,0.2767,296
187,3.5,420114.5375481727,5852852.3595581325,0.3355,296
187,4.0,420115.007297015,5852852.493772087,0.2684,296
187,4.5,420115.510599346,5852852.560879065,0.2767,296
187,5.0,420116.01390167704,5852852.627986042,0.3355,296
187,5.5,420116.48365051934,5852852.728646508,0.2684,296
187,6.0,420116.98695285036,5852852.7957534855,0.3001,296
187,6.5,420117.4902551814,5852852.896413952,0.2684,296
187,7.0,420117.9600040237,5852852.963520929,0.2684,296
187,7.5,420118.46330635477,5852852.997074418,0.1342,296
188,0.0,420128.3615855318,5852806.76036694,0.3001,275
188,0.5,420127.95894366695,5852807.062348339,0.3001,275
188,1.0,420127.5898552909,5852807.397883226,0.3614,275
188,1.5,420127.18721342605,5852807.699864625,0.3614,275
188,2.0,420126.81812504993,5852808.035399512,0.3796,275
188,2.5,420126.4154831851,5852808.337380911,0.3913,275
188,3.0,420126.04639480903,5852808.672915799,0.3796,275
188,3.5,420125.6437529442,5852808.9748971965,0.4244,275
188,4.0,420125.2746645681,5852809.276878595,0.3796,275
188,4.5,420124.8720227033,5852809.578859994,0.3796,275
188,5.0,420124.46938083845,5852809.914394882,0.3796,275
188,5.5,420124.0667389736,5852810.21637628,0.4297,275
188,6.0,420123.66409710876,5852810.518357678,0.4502,275
188,6.5,420123.2950087327,5852810.820339077,0.4745,275
188,7.0,420122.9259203566,5852811.155873965,0.4297,275
188,7.5,420122.55683198053,5852811.491408852,0.4297,275
189,0.0,419963.3790814183,5853103.306100386,0.3796,48
189,0.5,419963.8823837493,5853103.373207364,0.3913,48
189,1.0,419964.3856860803,5853103.406760853,0.3355,48
189,1.5,419964.8554349226,5853103.440314341,0.3355,48
189,2.0,419965.3587372537,5853103.47386783,0.2684,48
189,2.5,419965.8620395847,5853103.507421319,0.2684,48
189,3.0,419966.36534191575,5853103.540974808,0.2684,48
189,3.5,419966.8686442468,5853103.5745282965,0.3355,48
189,4.0,419967.3719465778,5853103.5745282965,0.3355,48
189,4.5,419967.8752489089,5853103.608081785,0.2013,48
189,5.0,419968.3785512399,5853103.5745282965,0.2684,48
189,5.5,419968.8483000822,5853103.5745282965,0.2684,48
189,6.0,419969.3516024132,5853103.5745282965,0.2684,48
189,6.5,419969.85490474425,5853103.608081785,0.242,48
189,7.0,419970.3582070753,5853103.675188763,0.2013,48
189,7.5,419970.86150940636,5853103.775849229,0.1342,48
190,0.0,419816.7503356432,5853014.825550591,0.2684,61
190,0.5,419816.24703331216,5853014.859104079,0.2767,61
190,1.0,419815.74373098114,5853014.859104079,0.3355,61
190,1.5,419815.24042865005,5853014.926211056,0.3422,61
190,2.0,419814.77067980776,5853014.959764546,0.3355,61
190,2.5,419814.26737747673,5853015.026871523,0.3355,61
190,3.0,419813.7640751457,5853015.060425011,0.4026,61
190,3.5,419813.2607728147,5853015.1275319895,0.3355,61
190,4.0,419812.75747048366,5853015.161085478,0.3913,61
190,4.5,419812.28772164136,5853015.194638967,0.3355,61
190,5.0,419811.7844193103,5853015.261745944,0.3422,61
190,5.5,419811.28111697925,5853015.328852922,0.3422,61
190,6.0,419810.77781464823,5853015.395959899,0.3355,61
190,6.5,419810.2745123172,5853015.429513387,0.3422,61
190,7.0,419809.8047634749,5853015.496620365,0.4082,61
190,7.5,419809.3014611439,5853015.597280831,0.3614,61
191,0.0,419911.60604829906,5852893.865223698,0.3355,106
191,0.5,419911.10274596803,5852893.932330675,0.3355,106
191,1.0,419910.63299712574,5852894.032991142,0.3614,106
191,1.5,419910.1296947947,5852894.133651608,0.3913,106
191,2.0,419909.6599459524,5852894.267865563,0.3355,106
191,2.5,419909.15664362133,5852894.334972541,0.4026,106
191,3.0,419908.6533412903,5852894.4356330065,0.4026,106
191,3.5,419908.183592448,5852894.536293473,0.3913,106
191,4.0,419907.680290117,5852894.636953939,0.4026,106
191,4.5,419907.2105412747,5852894.771167894,0.3422,106
191,5.0,419906.7407924324,5852894.972488826,0.1501,106
191,5.5,419906.23749010137,5852895.073149293,0.2013,106
191,6.0,419905.7677412591,5852895.039595804,0.4244,106
191,6.5,419905.264438928,5852895.14025627,0.4244,106
191,7.0,419904.76113659696,5852895.240916736,0.4697,106
192,0.0,420188.2210094363,5852997.008648071,0.2122,254
192,0.5,420187.9525815264,5852997.444843425,0.3001,254
192,1.0,420187.6506001278,5852997.813931801,0.3001,254
192,1.5,420187.34861872916,5852998.216573666,0.2767,254
192,2.0,420187.0130838418,5852998.619215531,0.242,254
192,2.5,420186.74465593195,5852999.021857396,0.2847,254
192,3.0,420186.4426745333,5852999.424499261,0.2847,254
192,3.5,420186.1406931347,5852999.827141126,0.2847,254
192,4.0,420185.8722652248,5853000.22978299,0.3355,254
192,4.5,420185.60383731493,5853000.665978344,0.3355,254
192,5.0,420185.3018559163,5853001.068620209,0.3796,254
192,5.5,420184.99987451767,5853001.471262074,0.3796,254
192,6.0,420184.69789311907,5853001.873903939,0.3796,254
192,6.5,420184.3623582317,5853002.2429923145,0.3355,254
192,7.0,420183.9597163669,5853002.544973713,0.3614,254
193,0.0,419923.08134144667,5852898.495605144,0.3913,92
193,0.5,419922.6451460931,5852898.764033054,0.3614,92
193,1.0,419922.2089507395,5852898.998907475,0.3614,92
193,1.5,419921.77275538596,5852899.233781896,0.3614,92
193,2.0,419921.3701135212,5852899.502209806,0.3614,92
193,2.5,419920.9339181676,5852899.737084227,0.3913,92
193,3.0,419920.49772281403,5852900.005512137,0.3913,92
193,3.5,419920.06152746046,5852900.240386558,0.4244,92
193,4.0,419919.6253321069,5852900.508814468,0.4297,92
193,4.5,419919.22269024205,5852900.777242377,0.4244,92
193,5.0,419918.7864948885,5852901.012116799,0.4502,92
193,5.5,419918.3502995349,5852901.2805447085,0.4839,92
193,6.0,419917.9141041814,5852901.548972619,0.4502,92
193,6.5,419917.47790882783,5852901.78384704,0.4502,92
193,7.0,419917.075266963,5852902.05227495,0.4502,92
194,0.0,419978.3439373944,5852780.622199215,0.3355,203
194,0.5,419978.0755094845,5852781.058394569,0.3614,203
194,1.0,419977.80708157463,5852781.4610364335,0.3355,203
194,1.5,419977.5722071535,5852781.897231787,0.3614,203
194,2.0,419977.3037792436,5852782.3334271405,0.3796,203
194,2.5,419977.06890482246,5852782.7696224945,0.3796,203
194,3.0,419976.8340304013,5852783.2058178475,0.3913,203
194,3.5,419976.5656024914,5852783.6420132015,0.3913,203
194,4.0,419976.3307280702,5852784.078208555,0.4244,203
194,4.5,419976.0958536491,5852784.5144039085,0.4502,203
194,5.0,419975.86097922793,5852784.9505992625,0.4502,203
194,5.5,419975.6261048068,5852785.420348104,0.4502,203
194,6.0,419975.4247838744,5852785.856543458,0.4502,203
194,6.5,419975.223462942,5852786.326292301,0.4244,203
194,7.0,419974.98858852085,5852786.762487654,0.4839,203
195,0.0,420106.61892483104,5852901.24699122,0.1898,215
195,0.5,420107.0551201846,5852901.51541913,0.242,215
195,1.0,420107.45776204945,5852901.78384704,0.2847,215
195,1.5,420107.92751089175,5852901.985167972,0.3614,215
195,2.0,420108.39725973405,5852902.1529354155,0.3355,215
195,2.5,420108.86700857634,5852902.287149371,0.3355,215
195,3.0,420109.33675741864,5852902.454916814,0.3001,215
195,3.5,420109.80650626094,5852902.622684258,0.2767,215
195,4.0,420110.27625510324,5852902.790451702,0.2767,215
195,4.5,420110.74600394553,5852902.991772634,0.2767,215
195,5.0,420111.21575278783,5852903.193093567,0.2767,215
195,5.5,420111.6519481414,5852903.394414499,0.2122,215
195,6.0,420112.1216969837,5852903.562181943,0.242,215
195,6.5,420112.591445826,5852903.763502875,0.242,215
195,7.0,420113.0611946683,5852903.931270319,0.1898,215
196,0.0,420147.3193066675,5852874.16932581,0.1898,292
196,0.5,420147.08443224634,5852874.605521164,0.1898,292
196,1.0,420146.8831113139,5852875.075270006,0.2013,292
196,1.5,420146.58112991526,5852875.477911871,0.2122,292
196,2.0,420146.3462554941,5852875.914107225,0.1898,292
196,2.5,420146.0442740955,5852876.316749089,0.1898,292
196,3.0,420145.7758461856,5852876.719390954,0.242,292
196,3.5,420145.50741827575,5852877.155586308,0.1898,292
196,4.0,420145.2054368771,5852877.558228172,0.242,292
196,4.5,420144.9034554785,5852877.960870038,0.242,292
196,5.0,420144.6014740799,5852878.363511902,0.242,292
196,5.5,420144.33304617,5852878.766153767,0.242,292
196,6.0,420144.03106477135,5852879.168795632,0.242,292
196,6.5,420143.72908337275,5852879.571437497,0.2122,292
196,7.0,420143.42710197414,5852879.974079361,0.242,292
197,0.0,419959.2855557925,5853104.346258537,0.242,48
197,0.5,419959.68819765735,5853104.648239936,0.242,48
197,1.0,419960.1243930109,5853104.8831143575,0.2767,48
197,1.5,419960.5270348757,5853105.151542267,0.3001,48
197,2.0,419960.99678371806,5853105.386416689,0.2767,48
197,2.5,419961.39942558284,5853105.654844598,0.3001,48
197,3.0,419961.8356209364,5853105.88971902,0.3614,48
197,3.5,419962.27181629,5853106.12459344,0.3913,48
197,4.0,419962.70801164355,5853106.39302135,0.3913,48
197,4.5,419963.17776048585,5853106.594342283,0.3355,48
197,5.0,419963.6139558394,5853106.829216704,0.2767,48
197,5.5,419964.0837046817,5853107.030537636,0.2767,48
197,6.0,419964.5199000353,5853107.231858568,0.2767,48
197,6.5,419964.9896488776,5853107.433179501,0.3001,48
197,7.0,419965.42584423115,5853107.634500434,0.2767,48
198,0.0,419743.6708371768,5853199.772380502,0.4839,3
198,0.5,419744.10703253036,5853200.040808411,0.4502,3
198,1.0,419744.5096743952,5853200.309236322,0.4502,3
198,1.5,419744.9458697488,5853200.577664231,0.5111,3
198,2.0,419745.38206510234,5853200.812538653,0.4502,3
198,2.5,419745.8182604559,5853201.0474130735,0.4244,3
198,3.0,419746.2209023207,5853201.349394472,0.4839,3
198,3.5,419746.65709767427,5853201.617822383,0.4745,3
198,4.0,419747.0597395391,5853201.886250292,0.4297,3
198,4.5,419747.46238140395,5853202.154678202,0.4502,3
198,5.0,419747.8985767575,5853202.423106112,0.4244,3
198,5.5,419748.3347721111,5853202.691534022,0.3913,3
198,6.0,419748.7374139759,5853202.959961931,0.4297,3
198,6.5,419749.17360932945,5853203.2283898415,0.4244,3
198,7.0,419749.609804683,5853203.496817752,0.4297,3
199,0.0,419952.33998362423,5852957.985940672,0.3001,151
199,0.5,419952.7761789778,5852958.220815093,0.3001,151
199,1.0,419953.2459278201,5852958.4221360255,0.3001,151
199,1.5,419953.68212317367,5852958.657010447,0.3355,151
199,2.0,419954.15187201597,5852958.8583313795,0.3614,151
199,2.5,419954.58806736954,5852959.059652312,0.3614,151
199,3.0,419955.02426272305,5852959.2945267325,0.3614,151
199,3.5,419955.4604580766,5852959.562954643,0.3614,151
199,4.0,419955.8966534302,5852959.797829064,0.3614,151
199,4.5,419956.33284878376,5852960.066256974,0.3355,151
199,5.0,419956.7354906486,5852960.334684883,0.2767,151
199,5.5,419957.13813251344,5852960.636666282,0.2122,151
199,6.0,419957.574327867,5852960.905094192,0.2767,151
199,6.5,419957.9769697318,5852961.173522102,0.3001,151
199,7.0,419958.41316508537,5852961.441950012,0.3614,151
200,0.0,419769.6412374583,5853199.235524682,0.3913,5
200,0.5,419769.1379351272,5853199.336185148,0.3422,5
200,1.0,419768.6681862849,5853199.436845615,0.3614,5
200,1.5,419768.1984374426,5853199.57105957,0.3913,5
200,2.0,419767.6951351116,5853199.671720035,0.3913,5
200,2.5,419767.19183278055,5853199.8059339905,0.3913,5
200,3.0,419766.72208393825,5853199.940147946,0.3355,5
200,3.5,419766.25233509595,5853200.074361901,0.3422,5
200,4.0,419765.7490327649,5853200.175022366,0.4026,5
200,4.5,419765.2792839226,5853200.208575855,0.4026,5
200,5.0,419764.77598159155,5853200.275682833,0.4026,5
200,5.5,419764.30623274925,5853200.409896788,0.3614,5
200,6.0,419763.83648390695,5853200.644771209,0.3913,5
200,6.5,419763.4002885534,5853200.87964563,0.4839,5
200,7.0,419762.9305397111,5853201.0474130735,0.3355,5
201,0.0,419968.5127651948,5853158.367375402,0.5773,38
201,0.5,419968.14367681876,5853158.702910289,0.6643,38
201,1.0,419967.80814193137,5853159.071998665,0.5773,38
201,1.5,419967.4390535553,5853159.441087041,0.6187,38
201,2.0,419967.1035186679,5853159.776621928,0.6187,38
201,2.5,419966.73443029186,5853160.112156816,0.6643,38
201,3.0,419966.36534191575,5853160.481245192,0.6643,38
201,3.5,419966.0298070284,5853160.816780079,0.6643,38
201,4.0,419965.6607186523,5853161.152314967,0.7134,38
201,4.5,419965.2916302762,5853161.487849854,0.6909,38
201,5.0,419964.92254190013,5853161.856938231,0.6187,38
201,5.5,419964.58700701274,5853162.192473118,0.6187,38
201,6.0,419964.2179186367,5853162.561561494,0.6187,38
201,6.5,419963.84883026057,5853162.8970963815,0.541,38
201,7.0,419963.47974188445,5853163.232631269,0.0671,34
202,0.0,420084.20519435557,5852820.852832209,0.4502,265
202,0.5,420084.67494319787,5852820.987046164,0.4026,265
202,1.0,420085.1782455289,5852821.08770663,0.3913,265
202,1.5,420085.6479943712,5852821.188367097,0.3355,265
202,2.0,420086.1512967023,5852821.35613454,0.3913,265
202,2.5,420086.62104554457,5852821.523901984,0.3614,265
202,3.0,420087.09079438687,5852821.62456245,0.3614,265
202,3.5,420087.5940967179,5852821.725222916,0.3355,265
202,4.0,420088.0973990489,5852821.792329893,0.3355,265
202,4.5,420088.5671478912,5852821.825883383,0.3355,265
202,5.0,420089.07045022224,5852821.8594368715,0.3355,265
202,5.5,420089.5737525533,5852821.926543849,0.3355,265
202,6.0,420090.07705488434,5852821.993650827,0.3355,265
202,6.5,420090.58035721537,5852822.060757804,0.3355,265
202,7.0,420091.05010605766,5852822.094311292,0.2684,265
203,0.0,419943.91805795155,5853102.836351545,0.4244,47
203,0.5,419943.5154160867,5853103.1383329425,0.4745,47
203,1.0,419943.1127742219,5853103.440314341,0.4502,47
203,1.5,419942.7101323571,5853103.708742252,0.4502,47
203,2.0,419942.2739370035,5853103.977170161,0.4502,47
203,2.5,419941.87129513867,5853104.245598071,0.4297,47
203,3.0,419941.4350997851,5853104.54757947,0.4745,47
203,3.5,419941.03245792026,5853104.816007379,0.4839,47
203,4.0,419940.6298160555,5853105.08443529,0.5241,47
203,4.5,419940.1936207019,5853105.352863199,0.4745,47
203,5.0,419939.75742534833,5853105.621291109,0.4244,47
203,5.5,419939.3547834835,5853105.88971902,0.3796,47
203,6.0,419938.95214161865,5853106.191700418,0.3796,47
203,6.5,419938.5830532426,5853106.527235305,0.3796,47
203,7.0,419938.18041137775,5853106.829216704,0.3796,47
204,0.0,419895.36615975096,5852865.478972228,0.1342,122
204,0.5,419895.869462082,5852865.445418739,0.2767,122
204,1.0,419896.37276441307,5852865.445418739,0.3355,122
204,1.5,419896.8760667441,5852865.478972228,0.2684,122
204,2.0,419897.3458155864,5852865.512525717,0.3355,122
204,2.5,419897.8491179174,5852865.546079205,0.3001,122
204,3.0,419898.35242024844,5852865.579632694,0.2684,122
204,3.5,419898.85572257946,5852865.613186182,0.2684,122
204,4.0,419899.35902491055,5852865.646739671,0.2684,122
204,4.5,419899.8623272416,5852865.646739671,0.2684,122
204,5.0,419900.3656295726,5852865.6802931605,0.2684,122
204,5.5,419900.8689319036,5852865.646739671,0.2013,122
204,6.0,419901.3386807459,5852865.646739671,0.1501,122
204,6.5,419901.84198307694,5852865.6802931605,0.2013,122
204,7.0,419902.345285408,5852865.613186182,0.0671,122
205,0.0,420140.54150194285,5852825.08057179,0.242,283
205,0.5,420140.07175310055,5852825.248339234,0.2767,283
205,1.0,420139.60200425825,5852825.416106678,0.3355,283
205,1.5,420139.13225541596,5852825.583874121,0.3001,283
205,2.0,420138.66250657366,5852825.785195054,0.3355,283
205,2.5,420138.19275773136,5852825.952962497,0.3355,283
205,3.0,420137.72300888906,5852826.1542834295,0.3355,283
205,3.5,420137.25326004677,5852826.322050873,0.3614,283
205,4.0,420136.8170646932,5852826.523371805,0.3614,283
205,4.5,420136.3473158509,5852826.691139249,0.4244,283
205,5.0,420135.8775670086,5852826.892460181,0.4082,283
205,5.5,420135.4078181663,5852827.060227625,0.3913,283
205,6.0,420134.97162281274,5852827.261548558,0.3913,283
205,6.5,420134.50187397044,5852827.496422979,0.3001,283
205,7.0,420134.03212512814,5852827.664190423,0.3422,283
206,0.0,419867.65097805526,5852887.926256192,0.2013,109
206,0.5,419867.34899665666,5852888.328898056,0.4745,109
206,1.0,419867.0805687468,5852888.76509341,0.5111,109
206,1.5,419866.8121408369,5852889.167735275,0.5734,109
206,2.0,419866.57726641576,5852889.603930629,0.5734,109
206,2.5,419866.34239199455,5852890.040125982,0.5773,109
206,3.0,419866.1075175734,5852890.476321336,0.5734,109
206,3.5,419865.87264315225,5852890.91251669,0.5734,109
206,4.0,419865.6377687311,5852891.382265531,0.5111,109
206,4.5,419865.40289430995,5852891.818460885,0.5111,109
206,5.0,419865.1344664001,5852892.22110275,0.6002,109
206,5.5,419864.8660384902,5852892.657298104,0.6002,109
206,6.0,419864.63116406905,5852893.093493457,0.6331,109
206,6.5,419864.3627361592,5852893.529688811,0.6331,109
207,0.0,419879.76378748886,5852854.439874434,0.3355,142
207,0.5,419879.39469911275,5852854.80896281,0.3355,142
207,1.0,419879.0591642254,5852855.144497697,0.3355,142
207,1.5,419878.6900758493,5852855.513586073,0.3355,142
207,2.0,419878.35454096197,5852855.849120961,0.3796,142
207,2.5,419877.98545258585,5852856.2182093365,0.3796,142
207,3.0,419877.6499176985,5852856.587297712,0.3796,142
207,3.5,419877.31438281114,5852856.9228326,0.3796,142
207,4.0,419876.9452944351,5852857.258367487,0.3796,142
207,4.5,419876.57620605896,5852857.593902375,0.3355,142
207,5.0,419876.1735641941,5852857.929437262,0.3355,142
207,5.5,419875.80447581806,5852858.264972149,0.3355,142
207,6.0,419875.43538744195,5852858.566953548,0.3355,142
207,6.5,419875.0662990659,5852858.902488436,0.3796,142
208,0.0,420140.138860078,5852824.375948527,0.3001,284
208,0.5,420139.70266472443,5852824.577269459,0.3355,284
208,1.0,420139.23291588214,5852824.81214388,0.3355,284
208,1.5,420138.79672052857,5852825.047018302,0.3355,284
208,2.0,420138.36052517506,5852825.2818927225,0.3355,284
208,2.5,420137.8907763327,5852825.483213655,0.3614,284
208,3.0,420137.4545809792,5852825.684534587,0.3614,284
208,3.5,420137.0183856256,5852825.919409009,0.2767,284
208,4.0,420136.51508329454,5852826.087176452,0.3913,284
208,4.5,420136.078887941,5852826.288497385,0.3913,284
208,5.0,420135.6091390987,5852826.489818317,0.3614,284
208,5.5,420135.17294374516,5852826.724692738,0.3355,284
208,6.0,420134.70319490286,5852826.892460181,0.3355,284
208,6.5,420134.2669995493,5852827.127334603,0.3614,284
209,0.0,419947.9780300886,5852802.364859916,0.4244,210
209,0.5,419948.3806719534,5852802.633287826,0.3796,210
209,1.0,419948.81686730694,5852802.901715736,0.3913,210
209,1.5,419949.2530626605,5852803.136590157,0.3913,210
209,2.0,419949.7228115028,5852803.371464578,0.3422,210
209,2.5,419950.1590068564,5852803.572785511,0.3001,210
209,3.0,419950.6287556987,5852803.774106443,0.2767,210
209,3.5,419951.06495105225,5852804.008980864,0.2767,210
209,4.0,419951.5011464058,5852804.277408774,0.3614,210
209,4.5,419951.90378827066,5852804.512283195,0.3355,210
209,5.0,419952.37353711296,5852804.747157617,0.3614,210
209,5.5,419952.8097324665,5852804.982032037,0.3614,210
209,6.0,419953.2459278201,5852805.250459948,0.3001,210
209,6.5,419953.6485696849,5852805.485334368,0.2767,210
210,0.0,419903.2847830926,5852875.880553735,0.3355,121
210,0.5,419903.2847830926,5852876.3838560665,0.3355,121
210,1.0,419903.2847830926,5852876.887158398,0.3355,121
210,1.5,419903.2847830926,5852877.390460729,0.3355,121
210,2.0,419903.2847830926,5852877.89376306,0.3355,121
210,2.5,419903.2847830926,5852878.397065391,0.3355,121
210,3.0,419903.2847830926,5852878.866814233,0.3355,121
210,3.5,419903.2512296039,5852879.370116564,0.3355,121
210,4.0,419903.2512296039,5852879.8734188955,0.3355,121
210,4.5,419903.2512296039,5852880.376721227,0.3355,121
210,5.0,419903.2512296039,5852880.880023558,0.4026,121
210,5.5,419903.2512296039,5852881.383325889,0.4026,121
210,6.0,419903.2512296039,5852881.88662822,0.4026,121
210,6.5,419903.2176761151,5852882.389930551,0.4026,121
211,0.0,419894.2588946227,5852877.35690724,0.4244,113
211,0.5,419894.0240202015,5852877.793102594,0.4297,113
211,1.0,419893.8226992691,5852878.262851436,0.4244,113
211,1.5,419893.58782484796,5852878.69904679,0.4745,113
211,2.0,419893.3865039156,5852879.135242144,0.541,113
211,2.5,419893.2187364719,5852879.604990985,0.541,113
211,3.0,419893.0509690282,5852880.074739828,0.5369,113
211,3.5,419892.8832015845,5852880.578042159,0.4502,113
211,4.0,419892.6818806521,5852881.014237513,0.4082,113
211,4.5,419892.51411320845,5852881.483986354,0.4502,113
211,5.0,419892.31279227603,5852881.953735197,0.4502,113
211,5.5,419892.14502483234,5852882.4234840395,0.5111,113
211,6.0,419891.9437038999,5852882.859679393,0.6002,113
211,6.5,419891.70882947877,5852883.329428235,0.5734,113
212,0.0,419963.412634907,5853163.46750569,0.4244,34
212,0.5,419963.915937238,5853163.46750569,0.5369,34
212,1.0,419964.41923956905,5853163.433952201,0.4697,34
212,1.5,419964.92254190013,5853163.433952201,0.4026,34
212,2.0,419965.3922907424,5853163.46750569,0.3355,34
212,2.5,419965.89559307345,5853163.568166156,0.3355,34
212,3.0,419966.3988954045,5853163.635273133,0.3614,34
212,3.5,419966.9021977355,5853163.7359336,0.4026,34
212,4.0,419967.3719465778,5853163.803040577,0.3355,34
212,4.5,419967.8752489089,5853163.836594066,0.3355,34
212,5.0,419968.3785512399,5853163.937254532,0.4697,34
212,5.5,419968.8818535709,5853163.970808021,0.4026,34
212,6.0,419969.3516024132,5853164.004361509,0.3355,34
212,6.5,419969.85490474425,5853163.970808021,0.2013,34
213,0.0,419957.3058999571,5852764.717845554,0.1501,196
213,0.5,419956.9032580923,5852765.019826953,0.1501,196
213,1.0,419956.5341697162,5852765.321808352,0.1898,196
213,1.5,419956.13152785134,5852765.62378975,0.1898,196
213,2.0,419955.72888598655,5852765.925771149,0.1898,196
213,2.5,419955.3262441217,5852766.227752548,0.1898,196
213,3.0,419954.92360225687,5852766.529733947,0.1898,196
213,3.5,419954.520960392,5852766.865268834,0.1898,196
213,4.0,419954.15187201597,5852767.167250232,0.1898,196
213,4.5,419953.7492301511,5852767.469231631,0.1898,196
213,5.0,419953.3465882863,5852767.7712130295,0.1898,196
213,5.5,419952.94394642144,5852768.073194428,0.1898,196
213,6.0,419952.54130455665,5852768.375175826,0.1898,196
213,6.5,419952.1386626918,5852768.677157225,0.1898,196
214,0.0,419851.5117499734,5853196.920333959,0.3355,9
214,0.5,419851.10910810856,5853197.188761869,0.3355,9
214,1.0,419850.7064662437,5853197.524296757,0.2847,9
214,1.5,419850.33737786766,5853197.859831644,0.2847,9
214,2.0,419849.96828949155,5853198.195366532,0.2847,9
214,2.5,419849.59920111543,5853198.530901419,0.2847,9
214,3.0,419849.2301127394,5853198.832882817,0.2847,9
214,3.5,419848.82747087453,5853199.168417704,0.242,9
214,4.0,419848.4583824984,5853199.503952592,0.2767,9
214,4.5,419848.08929412236,5853199.839487479,0.242,9
214,5.0,419847.6866522575,5853200.141468878,0.242,9
214,5.5,419847.3175638814,5853200.477003765,0.242,9
214,6.0,419846.94847550534,5853200.812538653,0.2847,9
214,6.5,419846.5793871292,5853201.14807354,0.242,9
215,0.0,420165.40463709604,5852979.225299042,0.0671,239
215,0.5,420165.2033161636,5852979.695047884,0.1898,239
215,1.0,420164.9684417425,5852980.131243237,0.2122,239
215,1.5,420164.7335673213,5852980.567438591,0.2767,239
215,2.0,420164.4986929002,5852981.003633945,0.3001,239
215,2.5,420164.263818479,5852981.439829298,0.2847,239
215,3.0,420163.9953905691,5852981.876024652,0.2684,239
215,3.5,420163.79406963673,5852982.312220005,0.242,239
215,4.0,420163.5256417268,5852982.748415359,0.1898,239
215,4.5,420163.29076730565,5852983.184610712,0.2767,239
215,5.0,420163.0223393958,5852983.620806066,0.242,239
215,5.5,420162.72035799717,5852984.023447931,0.242,239
215,6.0,420162.4519300873,5852984.426089796,0.242,239
215,6.5,420162.18350217736,5852984.862285149,0.242,239
216,0.0,419770.11098630057,5853197.893385133,0.5111,6
216,0.5,419769.6412374583,5853198.0611525765,0.4745,6
216,1.0,419769.1714886159,5853198.195366532,0.4745,6
216,1.5,419768.6681862849,5853198.329580486,0.4745,6
216,2.0,419768.1984374426,5853198.463794441,0.4885,6
216,2.5,419767.7286886003,5853198.598008396,0.4697,6
216,3.0,419767.2253862693,5853198.732222351,0.4502,6
216,3.5,419766.755637427,5853198.899989795,0.4745,6
216,4.0,419766.2858885847,5853199.067757239,0.4502,6
216,4.5,419765.8161397424,5853199.201971193,0.4745,6
216,5.0,419765.31283741136,5853199.336185148,0.541,6
216,5.5,419764.84308856906,5853199.436845615,0.604,6
216,6.0,419764.339786238,5853199.57105957,0.6844,6
216,6.5,419763.8700373957,5853199.671720035,0.7651,6
217,0.0,419848.1564010998,5852934.599159024,0.8488,73
217,0.5,419848.65970343084,5852934.632712512,0.7006,73
217,1.0,419849.1630057619,5852934.733372978,0.6366,73
217,1.5,419849.6327546042,5852934.867586933,0.6002,73
217,2.0,419850.1025034465,5852935.001800888,0.5534,73
217,2.5,419850.60580577754,5852935.136014843,0.5534,73
217,3.0,419851.07555461983,5852935.2702287985,0.5111,73
217,3.5,419851.54530346213,5852935.404442753,0.5111,73
217,4.0,419852.0150523044,5852935.572210196,0.4502,73
217,4.5,419852.4848011467,5852935.73997764,0.4502,73
217,5.0,419852.954549989,5852935.907745084,0.4244,73
217,5.5,419853.4242988313,5852936.0755125275,0.3913,73
217,6.0,419853.8940476736,5852936.243279971,0.4082,73
217,6.5,419854.39735000464,5852936.377493926,0.3913,73
218,0.0,420126.4154831851,5852822.127864781,0.242,280
218,0.5,420126.0128413203,5852822.396292691,0.242,280
218,1.0,420125.57664596674,5852822.69827409,0.3001,280
218,1.5,420125.1740041019,5852822.966701999,0.2847,280
218,2.0,420124.7378087483,5852823.23512991,0.3355,280
218,2.5,420124.3351668835,5852823.50355782,0.3355,280
218,3.0,420123.8989715299,5852823.771985729,0.3001,280
218,3.5,420123.4963296651,5852824.0404136395,0.3355,280
218,4.0,420123.06013431156,5852824.308841549,0.3001,280
218,4.5,420122.6574924467,5852824.610822948,0.3355,280
218,5.0,420122.25485058187,5852824.879250858,0.3355,280
218,5.5,420121.852208717,5852825.181232256,0.3614,280
218,6.0,420121.4160133635,5852825.449660166,0.3355,280
218,6.5,420121.0133714987,5852825.7180880755,0.3355,280
219,0.0,420212.7150562134,5853014.55712268,0.5694,251
219,0.5,420213.0505911007,5853014.926211056,0.5694,251
219,1.0,420213.4196794768,5853015.295299433,0.5694,251
219,1.5,420213.7552143642,5853015.630834321,0.5694,251
219,2.0,420214.12430274027,5853015.9999226965,0.5694,251
219,2.5,420214.45983762766,5853016.369011072,0.5694,251
219,3.0,420214.795372515,5853016.70454596,0.5694,251
219,3.5,420215.1644608911,5853017.073634336,0.5694,251
219,4.0,420215.49999577843,5853017.409169223,0.5241,251
219,4.5,420215.8355306658,5853017.778257599,0.5694,251
219,5.0,420216.2046190419,5853018.147345975,0.5241,251
219,5.5,420216.54015392927,5853018.482880862,0.5241,251
219,6.0,420216.9092423053,5853018.851969238,0.4745,251
219,6.5,420217.27833068144,5853019.187504126,0.4745,251
220,0.0,419953.2794813088,5852785.521008571,0.3001,201
220,0.5,419953.14526735386,5852785.990757413,0.2767,201
220,1.0,419953.01105339895,5852786.494059744,0.2767,201
220,1.5,419952.9103929327,5852786.963808586,0.3355,201
220,2.0,419952.7761789778,5852787.467110917,0.3355,201
220,2.5,419952.64196502283,5852787.9368597595,0.3001,201
220,3.0,419952.54130455665,5852788.440162091,0.3614,201
220,3.5,419952.4070906017,5852788.909910933,0.3355,201
220,4.0,419952.2728766467,5852789.379659776,0.3001,201
220,4.5,419952.1051092031,5852789.849408617,0.3001,201
220,5.0,419951.9373417594,5852790.31915746,0.3001,201
220,5.5,419951.7695743157,5852790.822459791,0.3001,201
220,6.0,419951.6353603608,5852791.292208633,0.3614,201
220,6.5,419951.53469989455,5852791.761957475,0.4697,201
221,0.0,420118.26198542234,5852776.696441033,0.1898,272
221,0.5,420117.89289704623,5852777.065529409,0.1898,272
221,1.0,420117.5573621589,5852777.401064296,0.1501,272
221,1.5,420117.2218272715,5852777.770152672,0.1898,272
221,2.0,420116.85273889545,5852778.10568756,0.242,272
221,2.5,420116.48365051934,5852778.441222447,0.2847,272
221,3.0,420116.148115632,5852778.810310824,0.242,272
221,3.5,420115.84613423335,5852779.212952688,0.2767,272
221,4.0,420115.510599346,5852779.615594553,0.2847,272
221,4.5,420115.20861794736,5852779.984682929,0.242,272
221,5.0,420114.87308306,5852780.353771306,0.242,272
221,5.5,420114.5375481727,5852780.722859682,0.2122,272
221,6.0,420114.2020132853,5852781.125501546,0.242,272
221,6.5,420113.93358537543,5852781.528143411,0.1342,272
222,0.0,420096.9890735639,5852947.819233585,0.1342,224
222,0.5,420097.3246084512,5852948.188321961,0.2847,224
222,1.0,420097.6601433386,5852948.557410337,0.242,224
222,1.5,420097.9621247372,5852948.960052202,0.242,224
222,2.0,420098.2641061359,5852949.362694067,0.1898,224
222,2.5,420098.5996410232,5852949.731782443,0.1898,224
222,3.0,420098.9016224218,5852950.134424308,0.242,224
222,3.5,420099.2371573092,5852950.503512684,0.242,224
222,4.0,420099.5391387078,5852950.906154549,0.242,224
222,4.5,420099.8075666177,5852951.308796414,0.242,224
222,5.0,420100.10954801633,5852951.711438279,0.242,224
222,5.5,420100.44508290367,5852952.080526655,0.1898,224
222,6.0,420100.8141712798,5852952.416061542,0.1898,224
222,6.5,420101.21681314457,5852952.718042941,0.2122,224
223,0.0,419809.8047634749,5853014.120927327,0.2684,64
223,0.5,419810.30806580593,5853014.188034304,0.4026,64
223,1.0,419810.81136813696,5853014.221587793,0.4026,64
223,1.5,419811.28111697925,5853014.2551412815,0.3355,64
223,2.0,419811.7844193103,5853014.288694771,0.3355,64
223,2.5,419812.28772164136,5853014.32224826,0.3355,64
223,3.0,419812.7910239724,5853014.355801748,0.2684,64
223,3.5,419813.2943263034,5853014.389355237,0.2684,64
223,4.0,419813.79762863443,5853014.389355237,0.2684,64
223,4.5,419814.30093096546,5853014.422908725,0.2684,64
223,5.0,419814.80423329654,5853014.490015703,0.1501,64
223,5.5,419815.27398213884,5853014.490015703,0.2013,64
223,6.0,419815.77728446986,5853014.523569192,0.1898,64
223,6.5,419816.2805868009,5853014.55712268,0.1342,64
224,0.0,419901.27157376846,5853163.199077779,0.8109,36
224,0.5,419900.76827143744,5853163.299738246,0.4697,36
224,1.0,419900.29852259514,5853163.366845223,0.5111,36
224,1.5,419899.79522026406,5853163.46750569,0.5734,36
224,2.0,419899.32547142176,5853163.601719645,0.5734,36
224,2.5,419898.85572257946,5853163.769487089,0.5111,36
224,3.0,419898.35242024844,5853163.870147554,0.6002,36
224,3.5,419897.88267140614,5853164.004361509,0.6002,36
224,4.0,419897.3793690751,5853164.1385754645,0.6187,36
224,4.5,419896.9096202328,5853164.27278942,0.6002,36
224,5.0,419896.4398713905,5853164.407003375,0.5111,36
224,5.5,419895.9365690595,5853164.50766384,0.4502,36
224,6.0,419895.4332667284,5853164.5747708175,0.4026,36
224,6.5,419894.9635178861,5853164.641877796,0.5111,36
225,0.0,419899.3925783993,5852853.097734884,0.0671,141
225,0.5,419899.79522026406,5852853.366162795,0.1501,141
225,1.0,419900.1978621289,5852853.701697681,0.1501,141
225,1.5,419900.60050399374,5852854.00367908,0.1501,141
225,2.0,419900.96959236986,5852854.305660479,0.1501,141
225,2.5,419901.37223423464,5852854.641195366,0.1501,141
225,3.0,419901.74132261076,5852854.976730254,0.1501,141
225,3.5,419902.1104109869,5852855.278711652,0.1501,141
225,4.0,419902.47949936293,5852855.647800028,0.0949,141
225,4.5,419902.84858773905,5852855.949781427,0.1501,141
225,5.0,419903.2512296039,5852856.285316315,0.1501,141
225,5.5,419903.62031797995,5852856.620851202,0.1501,141
225,6.0,419903.98940635606,5852856.9228326,0.1501,141
225,6.5,419904.3584947321,5852857.258367487,0.0949,141
226,0.0,420162.14994868863,5852863.633530348,0.2684,291
226,0.5,420161.6466463576,5852863.667083836,0.2013,291
226,1.0,420161.1433440266,5852863.700637325,0.2013,291
226,1.5,420160.64004169556,5852863.734190813,0.2013,291
226,2.0,420160.17029285326,5852863.767744302,0.2013,291
226,2.5,420159.6669905222,5852863.801297791,0.2013,291
226,3.0,420159.16368819115,5852863.868404768,0.2013,291
226,3.5,420158.66038586013,5852863.9355117455,0.2122,291
226,4.0,420158.1570835291,5852864.002618724,0.2684,291
226,4.5,420157.6873346868,5852864.103279189,0.2013,291
226,5.0,420157.1840323558,5852864.170386167,0.2013,291
226,5.5,420156.6807300247,5852864.271046633,0.2013,291
226,6.0,420156.2109811824,5852864.338153611,0.2122,291
226,6.5,420155.7076788514,5852864.472367566,0.2122,291
227,0.0,420116.85273889545,5852779.884022463,0.242,272
227,0.5,420116.48365051934,5852780.2195573505,0.2847,272
227,1.0,420116.1145621432,5852780.555092238,0.242,272
227,1.5,420115.74547376717,5852780.890627125,0.242,272
227,2.0,420115.37638539105,5852781.226162013,0.242,272
227,2.5,420115.007297015,5852781.5616969,0.1898,272
227,3.0,420114.6382086389,5852781.897231787,0.2122,272
227,3.5,420114.26912026276,5852782.266320163,0.2847,272
227,4.0,420113.9000318867,5852782.601855051,0.2847,272
227,4.5,420113.5644969993,5852782.970943427,0.3355,272
227,5.0,420113.228962112,5852783.340031803,0.3355,272
227,5.5,420112.8934272246,5852783.709120179,0.3796,272
227,6.0,420112.591445826,5852784.078208555,0.3355,272
227,6.5,420112.2223574499,5852784.413743442,0.3614,272
228,0.0,420126.9523390049,5852815.115185635,0.2013,277
228,0.5,420127.4220878472,5852815.282953079,0.604,277
228,1.0,420127.9253901782,5852815.350060057,0.5369,277
228,1.5,420128.42869250925,5852815.350060057,0.4697,277
228,2.0,420128.93199484027,5852815.383613545,0.4026,277
228,2.5,420129.40174368257,5852815.383613545,0.4026,277
228,3.0,420129.90504601365,5852815.417167034,0.3614,277
228,3.5,420130.4083483447,5852815.450720523,0.3355,277
228,4.0,420130.9116506757,5852815.450720523,0.3355,277
228,4.5,420131.4149530067,5852815.484274012,0.3355,277
228,5.0,420131.91825533775,5852815.517827501,0.2684,277
228,5.5,420132.42155766883,5852815.517827501,0.3355,277
228,6.0,420132.92485999985,5852815.517827501,0.3355,277
228,6.5,420133.4281623309,5852815.517827501,0.3355,277
229,0.0,420138.02499028767,5852851.08452556,0.2122,290
229,0.5,420138.15920424263,5852851.554274403,0.4502,290
229,1.0,420138.3940786638,5852851.990469756,0.4502,290
229,1.5,420138.62895308493,5852852.460218598,0.3913,290
229,2.0,420138.93093448353,5852852.862860464,0.3913,290
229,2.5,420139.1658089047,5852853.299055817,0.4244,290
229,3.0,420139.40068332583,5852853.735251171,0.3614,290
229,3.5,420139.6691112357,5852854.137893035,0.3913,290
229,4.0,420139.9375391456,5852854.574088389,0.3614,290
229,4.5,420140.17241356673,5852855.010283742,0.3614,290
229,5.0,420140.4072879879,5852855.446479096,0.3355,290
229,5.5,420140.6757158978,5852855.882674449,0.3355,290
229,6.0,420140.9441438077,5852856.318869803,0.3614,290
229,6.5,420141.17901822884,5852856.755065156,0.3355,290
230,0.0,420124.7042552596,5852822.262078736,0.4839,278
230,0.5,420124.30161339475,5852822.530506646,0.4839,278
230,1.0,420123.8989715299,5852822.832488045,0.5111,278
230,1.5,420123.4963296651,5852823.134469443,0.5111,278
230,2.0,420123.0936878003,5852823.436450842,0.4839,278
230,2.5,420122.69104593544,5852823.738432241,0.4745,278
230,3.0,420122.2884040706,5852824.0404136395,0.4745,278
230,3.5,420121.8857622058,5852824.308841549,0.4745,278
230,4.0,420121.48312034097,5852824.610822948,0.4839,278
230,4.5,420121.0469249874,5852824.9128043465,0.541,278
230,5.0,420120.64428312256,5852825.181232256,0.541,278
230,5.5,420120.2416412577,5852825.483213655,0.6002,278
230,6.0,420119.83899939293,5852825.785195054,0.6909,278
231,0.0,419964.553453524,5852769.482440955,0.2684,200
231,0.5,419964.11725817044,5852769.750868864,0.3001,200
231,1.0,419963.6810628169,5852769.952189798,0.3355,200
231,1.5,419963.2448674633,5852770.187064218,0.2767,200
231,2.0,419962.80867210974,5852770.421938639,0.2767,200
231,2.5,419962.33892326744,5852770.656813061,0.3001,200
231,3.0,419961.93628140265,5852770.92524097,0.3355,200
231,3.5,419961.5000860491,5852771.160115392,0.3001,200
231,4.0,419961.0303372068,5852771.361436324,0.3001,200
231,4.5,419960.5941418532,5852771.596310745,0.2684,200
231,5.0,419960.1243930109,5852771.764078189,0.2767,200
231,5.5,419959.6546441686,5852771.965399121,0.3913,200
231,6.0,419959.21844881505,5852772.200273543,0.4502,200
232,0.0,419904.59336915327,5852909.870237825,0.3796,86
232,0.5,419904.1907272885,5852910.138665735,0.3913,86
232,1.0,419903.78808542364,5852910.440647134,0.3796,86
232,1.5,419903.3518900701,5852910.742628532,0.3796,86
232,2.0,419902.94924820523,5852911.011056442,0.3796,86
232,2.5,419902.5466063404,5852911.313037841,0.3913,86
232,3.0,419902.1439644756,5852911.6150192395,0.4244,86
232,3.5,419901.74132261076,5852911.917000638,0.4244,86
232,4.0,419901.3386807459,5852912.218982036,0.3913,86
232,4.5,419900.9360388811,5852912.4874099465,0.4502,86
232,5.0,419900.5333970163,5852912.789391345,0.4502,86
232,5.5,419900.13075515145,5852913.091372744,0.4745,86
232,6.0,419899.7281132866,5852913.393354142,0.5241,86
233,0.0,419877.2472758337,5852887.758488748,0.0671,111
233,0.5,419877.1130618787,5852888.228237591,0.1898,111
233,1.0,419876.91174094635,5852888.697986433,0.1898,111
233,1.5,419876.71042001393,5852889.167735275,0.1898,111
233,2.0,419876.5090990815,5852889.603930629,0.2122,111
233,2.5,419876.3077781491,5852890.073679471,0.2122,111
233,3.0,419876.10645721667,5852890.509874824,0.2122,111
233,3.5,419875.90513628424,5852890.979623667,0.2122,111
233,4.0,419875.7038153518,5852891.4493725095,0.2013,111
233,4.5,419875.5360479082,5852891.919121351,0.2122,111
233,5.0,419875.33472697577,5852892.388870194,0.2122,111
233,5.5,419875.13340604334,5852892.825065548,0.1898,111
233,6.0,419874.9320851109,5852893.29481439,0.1501,111
234,0.0,419900.90248539235,5852874.873949074,0.0949,115
234,0.5,419900.43273655005,5852875.008163028,0.1342,115
234,1.0,419899.96298770775,5852875.175930472,0.1342,115
234,1.5,419899.4596853767,5852875.310144427,0.1501,115
234,2.0,419898.98993653443,5852875.444358382,0.1898,115
234,2.5,419898.52018769213,5852875.5785723375,0.2013,115
234,3.0,419898.05043884984,5852875.746339781,0.2013,115
234,3.5,419897.58069000754,5852875.914107225,0.2013,115
234,4.0,419897.11094116524,5852876.115428157,0.2013,115
234,4.5,419896.64119232295,5852876.249642112,0.2122,115
234,5.0,419896.1378899919,5852876.417409556,0.2122,115
234,5.5,419895.66814114957,5852876.55162351,0.242,115
234,6.0,419895.19839230727,5852876.719390954,0.2122,115
235,0.0,419876.54265257024,5852896.281074887,0.1342,110
235,0.5,419876.1400107054,5852896.583056286,0.2767,110
235,1.0,419875.77092232934,5852896.885037685,0.2847,110
235,1.5,419875.4018339532,5852897.220572572,0.2847,110
235,2.0,419874.9991920884,5852897.55610746,0.2847,110
235,2.5,419874.6301037123,5852897.891642346,0.3355,110
235,3.0,419874.2610153362,5852898.227177233,0.3355,110
235,3.5,419873.8919269601,5852898.562712121,0.3355,110
235,4.0,419873.52283858403,5852898.898247008,0.3355,110
235,4.5,419873.1537502079,5852899.233781896,0.3355,110
235,5.0,419872.78466183186,5852899.569316783,0.3355,110
235,5.5,419872.382019967,5852899.871298182,0.3355,110
235,6.0,419872.0129315909,5852900.206833069,0.3355,110
236,0.0,419999.2813143655,5852910.507754111,0.2013,159
236,0.5,419998.8115655232,5852910.675521554,0.2684,159
236,1.0,419998.3418166809,5852910.876842488,0.3355,159
236,1.5,419997.90562132734,5852911.07816342,0.3614,159
236,2.0,419997.43587248505,5852911.279484352,0.4244,159
236,2.5,419996.9996771315,5852911.514358773,0.4244,159
236,3.0,419996.5634817779,5852911.782786683,0.3355,159
236,3.5,419996.12728642434,5852912.017661104,0.2767,159
236,4.0,419995.7581980482,5852912.319642503,0.3913,159
236,4.5,419995.38910967216,5852912.65517739,0.4745,159
236,5.0,419995.02002129605,5852913.024265766,0.4745,159
236,5.5,419994.6844864087,5852913.393354142,0.4839,159
236,6.0,419994.3153980326,5852913.7288890295,0.5694,159
237,0.0,420024.5470913835,5852852.896413952,0.3355,166
237,0.5,420024.98328673706,5852853.164841861,0.3001,166
237,1.0,420025.3859286019,5852853.433269772,0.2767,166
237,1.5,420025.7885704667,5852853.735251171,0.2847,166
237,2.0,420026.1576588428,5852854.070786058,0.3355,166
237,2.5,420026.56030070764,5852854.372767456,0.3355,166
237,3.0,420026.9293890837,5852854.741855833,0.4297,166
237,3.5,420027.2984774598,5852855.07739072,0.4297,166
237,4.0,420027.63401234715,5852855.4129256075,0.3614,166
237,4.5,420028.00310072326,5852855.7820139835,0.2847,166
237,5.0,420028.30508212186,5852856.151102359,0.242,166
237,5.5,420028.64061700925,5852856.520190735,0.2122,166
237,6.0,420028.9761518966,5852856.889279111,0.242,166
238,0.0,420138.19275773136,5852952.785149918,0.4026,225
238,0.5,420138.66250657366,5852952.919363873,0.2684,225
238,1.0,420139.1658089047,5852952.952917362,0.2684,225
238,1.5,420139.6691112357,5852952.952917362,0.2684,225
238,2.0,420140.17241356673,5852952.952917362,0.2684,225
238,2.5,420140.6757158978,5852952.98647085,0.2013,225
238,3.0,420141.17901822884,5852952.98647085,0.2013,225
238,3.5,420141.68232055986,5852952.98647085,0.2013,225
238,4.0,420142.1856228909,5852952.98647085,0.2684,225
238,4.5,420142.6553717332,5852952.98647085,0.2684,225
238,5.0,420143.1586740642,5852952.98647085,0.2684,225
238,5.5,420143.6619763953,5852952.952917362,0.242,225
238,6.0,420144.1652787263,5852952.919363873,0.2013,225
239,0.0,419871.14054088376,5852901.414758664,0.2013,99
239,0.5,419870.7714525077,5852901.750293551,0.6643,99
239,1.0,419870.4023641316,5852902.119381927,0.604,99
239,1.5,419870.06682924426,5852902.454916814,0.4745,99
239,2.0,419869.6641873794,5852902.790451702,0.4745,99
239,2.5,419869.2950990033,5852903.092433101,0.4745,99
239,3.0,419868.8924571385,5852903.427967988,0.4745,99
239,3.5,419868.5233687624,5852903.763502875,0.4297,99
239,4.0,419868.1542803863,5852904.065484274,0.4745,99
239,4.5,419867.7516385215,5852904.367465672,0.4745,99
239,5.0,419867.3825501454,5852904.7030005595,0.5241,99
239,5.5,419867.01346176927,5852905.038535447,0.5241,99
239,6.0,419866.6108199045,5852905.340516846,0.5694,99
240,0.0,419904.62692264206,5852905.441177312,0.0671,87
240,0.5,419904.1907272885,5852905.6424982445,0.2847,87
240,1.0,419903.78808542364,5852905.978033132,0.2847,87
240,1.5,419903.3854435588,5852906.280014531,0.242,87
240,2.0,419903.01635518274,5852906.615549418,0.242,87
240,2.5,419902.6137133179,5852906.917530816,0.2847,87
240,3.0,419902.21107145306,5852907.219512215,0.242,87
240,3.5,419901.84198307694,5852907.521493614,0.2847,87
240,4.0,419901.43934121216,5852907.823475013,0.2767,87
240,4.5,419901.0366993473,5852908.12545641,0.242,87
240,5.0,419900.6340574825,5852908.460991298,0.242,87
240,5.5,419900.2649691064,5852908.762972697,0.242,87
240,6.0,419899.82877375284,5852909.031400607,0.242,87
241,0.0,419951.7695743157,5852768.979138624,0.242,196
241,0.5,419951.3669324509,5852769.281120023,0.242,196
241,1.0,419950.9978440748,5852769.583101421,0.242,196
241,1.5,419950.59520220995,5852769.918636308,0.242,196
241,2.0,419950.2261138339,5852770.220617707,0.242,196
241,2.5,419949.82347196905,5852770.522599106,0.242,196
241,3.0,419949.4208301042,5852770.858133993,0.2767,196
241,3.5,419949.0517417281,5852771.160115392,0.2767,196
241,4.0,419948.6490998633,5852771.495650279,0.242,196
241,4.5,419948.2800114872,5852771.797631677,0.242,196
241,5.0,419947.87736962235,5852772.133166565,0.242,196
241,5.5,419947.5082812463,5852772.435147963,0.242,196
241,6.0,419947.10563938145,5852772.770682851,0.2847,196
242,0.0,420212.01043294993,5852913.024265766,0.3001,260
242,0.5,420212.4801817922,5852913.158479721,0.2767,260
242,1.0,420212.98348412325,5852913.259140188,0.3355,260
242,1.5,420213.4867864543,5852913.3598006535,0.2767,260
242,2.0,420213.9565352966,5852913.393354142,0.2684,260
242,2.5,420214.45983762766,5852913.46046112,0.2767,260
242,3.0,420214.9631399587,5852913.561121586,0.2684,260
242,3.5,420215.432888801,5852913.661782052,0.2767,260
242,4.0,420215.936191132,5852913.7959960075,0.2122,260
242,4.5,420216.4059399743,5852913.963763451,0.1898,260
242,5.0,420216.8756888166,5852914.131530895,0.1501,260
242,5.5,420217.3454376589,5852914.332851827,0.1342,260
242,6.0,420217.8151865012,5852914.467065782,0.2013,260
243,0.0,419950.0247929015,5852851.218739515,0.242,136
243,0.5,419949.75636499154,5852851.654934868,0.242,136
243,1.0,419949.48793708166,5852852.057576734,0.242,136
243,1.5,419949.18595568306,5852852.460218598,0.2122,136
243,2.0,419948.9175277732,5852852.896413952,0.242,136
243,2.5,419948.6490998633,5852853.299055817,0.242,136
243,3.0,419948.3806719534,5852853.735251171,0.2122,136
243,3.5,419948.1122440435,5852854.137893035,0.2122,136
243,4.0,419947.8438161336,5852854.574088389,0.1898,136
243,4.5,419947.541834735,5852854.976730254,0.2122,136
243,5.0,419947.27340682514,5852855.379372118,0.2122,136
243,5.5,419947.0049789152,5852855.815567472,0.242,136
243,6.0,419946.73655100534,5852856.251762825,0.2122,136
244,0.0,419929.6578252389,5852756.59790128,0.2013,180
244,0.5,419929.3558438402,5852757.000543145,0.242,180
244,1.0,419928.98675546417,5852757.369631521,0.3355,180
244,1.5,419928.6512205768,5852757.705166409,0.3355,180
244,2.0,419928.3492391782,5852758.107808273,0.3355,180
244,2.5,419928.01370429085,5852758.476896649,0.3355,180
244,3.0,419927.67816940346,5852758.845985026,0.3355,180
244,3.5,419927.37618800486,5852759.248626891,0.3001,180
244,4.0,419927.00709962874,5852759.6177152665,0.2847,180
244,4.5,419926.6715647414,5852759.953250154,0.3355,180
244,5.0,419926.336029854,5852760.355892018,0.3796,180
244,5.5,419926.0004949667,5852760.691426906,0.3796,180
244,6.0,419925.6314065906,5852761.026961793,0.3355,180
245,0.0,419769.10438163846,5853201.013859585,1.0088,4
245,0.5,419768.63463279617,5853201.215180517,0.8301,4
245,1.0,419768.1984374426,5853201.450054939,0.6609,4
245,1.5,419767.762242089,5853201.68492936,0.6002,4
245,2.0,419767.32604673546,5853201.9198037805,0.6002,4
245,2.5,419766.88985138194,5853202.154678202,0.5734,4
245,3.0,419766.4536560284,5853202.423106112,0.541,4
245,3.5,419766.0174606748,5853202.657980533,0.6331,4
245,4.0,419765.58126532123,5853202.892854954,0.6331,4
245,4.5,419765.14506996766,5853203.127729375,0.5773,4
245,5.0,419764.7088746141,5853203.362603797,0.6609,4
245,5.5,419764.2391257718,5853203.563924729,0.6909,4
245,6.0,419763.7693769295,5853203.765245661,0.6187,4
246,0.0,419949.0517417281,5852931.881326436,0.6844,150
246,0.5,419949.5214905704,5852932.04909388,0.6331,150
246,1.0,419949.99123941275,5852932.216861323,0.6909,150
246,1.5,419950.46098825504,5852932.418182256,0.6609,150
246,2.0,419950.89718360855,5852932.619503188,0.6909,150
246,2.5,419951.3669324509,5852932.82082412,0.7006,150
246,3.0,419951.8366812932,5852933.022145052,0.7228,150
246,3.5,419952.2728766467,5852933.223465986,0.6609,150
246,4.0,419952.7426254891,5852933.391233429,0.6909,150
246,4.5,419953.2123743314,5852933.592554362,0.6609,150
246,5.0,419953.68212317367,5852933.793875294,0.6187,150
246,5.5,419954.11831852724,5852933.9616427375,0.5734,150
246,6.0,419954.58806736954,5852934.16296367,0.242,150
247,0.0,420170.13567900774,5852823.23512991,0.2767,286
247,0.5,420169.6323766767,5852823.335790376,0.3001,286
247,1.0,420169.1626278344,5852823.436450842,0.2767,286
247,1.5,420168.6593255034,5852823.50355782,0.2684,286
247,2.0,420168.1895766611,5852823.637771774,0.2767,286
247,2.5,420167.68627433,5852823.738432241,0.2684,286
247,3.0,420167.182971999,5852823.839092706,0.2684,286
247,3.5,420166.7132231567,5852823.906199684,0.3355,286
247,4.0,420166.20992082567,5852824.00686015,0.3355,286
247,4.5,420165.7401719834,5852824.107520617,0.3001,286
247,5.0,420165.23686965235,5852824.208181083,0.3355,286
247,5.5,420164.7335673213,5852824.308841549,0.3355,286
247,6.0,420164.263818479,5852824.443055504,0.2767,286
248,0.0,419867.81874549895,5852956.576694145,0.1898,70
248,0.5,419867.7851920102,5852957.079996476,0.2684,70
248,1.0,419867.684531544,5852957.5497453185,0.4026,70
248,1.5,419867.65097805526,5852958.05304765,0.2767,70
248,2.0,419867.65097805526,5852958.556349981,0.0,0
248,2.5,419867.5503175891,5852959.059652312,0.3614,70
248,3.0,419867.4161036341,5852959.529401154,0.4697,70
248,3.5,419867.3825501454,5852960.032703485,0.5111,70
248,4.0,419867.3154431679,5852960.536005816,0.5369,70
248,4.5,419867.2483361904,5852961.005754658,0.5369,70
248,5.0,419867.18122921296,5852961.509056989,0.5369,70
248,5.5,419867.1141222355,5852962.01235932,0.5369,70
248,6.0,419867.0805687468,5852962.515661651,0.5734,70
249,0.0,420127.65696226835,5852846.252823182,0.2767,288
249,0.5,420127.1536599373,5852846.286376671,0.3355,288
249,1.0,420126.65035760624,5852846.3199301595,0.3355,288
249,1.5,420126.1470552752,5852846.353483648,0.3355,288
249,2.0,420125.6773064329,5852846.3870371375,0.4026,288
249,2.5,420125.1740041019,5852846.420590626,0.4026,288
249,3.0,420124.67070177087,5852846.487697603,0.4026,288
249,3.5,420124.16739943984,5852846.521251092,0.4502,288
249,4.0,420123.66409710876,5852846.554804581,0.3001,288
249,4.5,420123.16079477774,5852846.621911558,0.4026,288
249,5.0,420122.69104593544,5852846.689018535,0.4697,288
249,5.5,420122.1877436044,5852846.756125513,0.4697,288
249,6.0,420121.6844412734,5852846.856785979,0.2013,288
250,0.0,420200.73646073474,5852814.410562372,0.1342,293
250,0.5,420200.87067468965,5852814.880311214,0.3355,293
250,1.0,420201.0719956221,5852815.350060057,0.3614,293
250,1.5,420201.3068700432,5852815.78625541,0.3355,293
250,2.0,420201.5752979531,5852816.222450764,0.3355,293
250,2.5,420201.81017237424,5852816.658646117,0.3355,293
250,3.0,420202.01149330667,5852817.094841471,0.3001,293
250,3.5,420202.2463677278,5852817.531036824,0.3001,293
250,4.0,420202.48124214896,5852818.0007856665,0.3001,293
250,4.5,420202.7161165701,5852818.4369810205,0.3355,293
250,5.0,420202.95099099126,5852818.873176374,0.2847,293
250,5.5,420203.1858654124,5852819.3093717275,0.2684,293
250,6.0,420203.42073983356,5852819.745567081,0.2767,293
251,0.0,419945.3944114559,5852956.476033679,0.242,152
251,0.5,419945.83060680947,5852956.7109081,0.2122,152
251,1.0,419946.30035565177,5852956.912229032,0.2122,152
251,1.5,419946.73655100534,5852957.147103454,0.2013,152
251,2.0,419947.20629984763,5852957.348424386,0.1898,152
251,2.5,419947.6424952012,5852957.5497453185,0.1501,152
251,3.0,419948.1122440435,5852957.717512762,0.1898,152
251,3.5,419948.5819928858,5852957.918833694,0.1898,152
251,4.0,419949.0517417281,5852958.120154627,0.1898,152
251,4.5,419949.48793708166,5852958.32147556,0.1898,152
251,5.0,419949.95768592396,5852958.522796492,0.1501,152
251,5.5,419950.42743476626,5852958.724117424,0.1501,152
252,0.0,419955.795992964,5853231.950176199,0.4502,21
252,0.5,419956.29929529503,5853232.017283177,0.242,21
252,1.0,419956.7690441373,5853232.151497132,0.2684,21
252,1.5,419957.2387929796,5853232.319264576,0.2684,21
252,2.0,419957.7085418219,5853232.45347853,0.2684,21
252,2.5,419958.21184415295,5853232.587692485,0.2122,21
252,3.0,419958.68159299524,5853232.72190644,0.2013,21
252,3.5,419959.15134183754,5853232.889673884,0.2122,21
252,4.0,419959.6210906799,5853233.090994816,0.242,21
252,4.5,419960.0572860334,5853233.359422727,0.1501,21
252,5.0,419960.45992789825,5853233.661404124,0.1501,21
252,5.5,419960.8625697631,5853233.896278546,0.1501,21
253,0.0,420246.9731682125,5853055.425271961,0.3355,257
253,0.5,420247.17448914493,5853055.861467314,0.242,257
253,1.0,420247.44291705487,5853056.297662668,0.2767,257
253,1.5,420247.71134496474,5853056.733858021,0.3001,257
253,2.0,420247.9462193859,5853057.170053375,0.3001,257
253,2.5,420248.18109380704,5853057.606248729,0.242,257
253,3.0,420248.38241473946,5853058.0759975705,0.2767,257
253,3.5,420248.6172891606,5853058.5121929245,0.242,257
253,4.0,420248.78505660425,5853058.981941767,0.2122,257
253,4.5,420248.95282404794,5853059.451690609,0.1501,257
253,5.0,420249.1876984691,5853059.887885963,0.1898,257
253,5.5,420249.42257289024,5853060.324081316,0.2122,257
254,0.0,419861.4771361279,5853146.590100856,0.1342,16
254,0.5,419861.0073872856,5853146.757868299,0.1342,16
254,1.0,419860.50408495456,5853146.858528766,0.1342,16
254,1.5,419860.03433611227,5853146.9591892315,0.2013,16
254,2.0,419859.53103378124,5853147.059849698,0.1898,16
254,2.5,419859.06128493894,5853147.126956675,0.2013,16
254,3.0,419858.5579826079,5853147.194063653,0.2013,16
254,3.5,419858.05468027684,5853147.227617142,0.2684,16
254,4.0,419857.5513779458,5853147.294724119,0.2013,16
254,4.5,419857.0480756148,5853147.361831097,0.1898,16
254,5.0,419856.5783267725,5853147.428938074,0.2013,16
254,5.5,419856.07502444147,5853147.529598541,0.1342,16
255,0.0,419905.86840172525,5853095.756565421,0.1898,13
255,0.5,419905.5999738154,5853096.159207286,0.2122,13
255,1.0,419905.2979924167,5853096.595402639,0.242,13
255,1.5,419905.02956450684,5853096.998044504,0.242,13
255,2.0,419904.76113659696,5853097.434239858,0.3355,13
255,2.5,419904.45915519836,5853097.803328234,0.4244,13
255,3.0,419904.15717379976,5853098.239523588,0.3913,13
255,3.5,419903.92229937855,5853098.675718941,0.3355,13
255,4.0,419903.6538714687,5853099.078360806,0.3001,13
255,4.5,419903.3518900701,5853099.481002671,0.3355,13
255,5.0,419903.0834621602,5853099.917198025,0.3355,13
255,5.5,419902.8150342503,5853100.319839889,0.3001,13
256,0.0,420118.09421797865,5852777.770152672,0.1342,272
256,0.5,420117.72512960254,5852778.139241049,0.1898,272
256,1.0,420117.3895947152,5852778.508329425,0.2122,272
256,1.5,420117.0540598279,5852778.877417801,0.242,272
256,2.0,420116.7185249405,5852779.212952688,0.242,272
256,2.5,420116.3494365644,5852779.582041064,0.242,272
256,3.0,420115.9803481883,5852779.917575952,0.242,272
256,3.5,420115.6112598122,5852780.253110839,0.2847,272
256,4.0,420115.24217143614,5852780.588645726,0.2847,272
256,4.5,420114.87308306,5852780.924180614,0.2847,272
256,5.0,420114.5375481727,5852781.259715501,0.2847,272
256,5.5,420114.1684597966,5852781.595250389,0.242,272
257,0.0,419817.6898333278,5853009.691866814,0.0671,60
257,0.5,419817.18653099675,5853009.79252728,0.2122,60
257,1.0,419816.71678215446,5853009.926741235,0.2767,60
257,1.5,419816.24703331216,5853010.094508679,0.2767,60
257,2.0,419815.77728446986,5853010.262276122,0.3001,60
257,2.5,419815.30753562757,5853010.3964900775,0.3001,60
257,3.0,419814.83778678527,5853010.564257521,0.2767,60
257,3.5,419814.368037943,5853010.765578453,0.242,60
257,4.0,419813.8982891007,5853010.933345897,0.2684,60
257,4.5,419813.4285402584,5853011.067559852,0.3355,60
257,5.0,419812.9252379273,5853011.201773807,0.3001,60
257,5.5,419812.455489085,5853011.369541251,0.2767,60
258,0.0,419876.6097595477,5852897.0528051285,0.4244,99
258,0.5,419876.24067117163,5852897.388340016,0.3796,99
258,1.0,419875.8380293068,5852897.690321414,0.3355,99
258,1.5,419875.4689409307,5852898.025856301,0.3796,99
258,2.0,419875.0998525546,5852898.361391189,0.4297,99
258,2.5,419874.6972106898,5852898.663372587,0.3796,99
258,3.0,419874.32812231366,5852898.998907475,0.4297,99
258,3.5,419873.9590339376,5852899.334442362,0.3913,99
258,4.0,419873.55639207276,5852899.636423761,0.4244,99
258,4.5,419873.18730369664,5852899.971958648,0.4244,99
258,5.0,419872.78466183186,5852900.273940046,0.4297,99
258,5.5,419872.382019967,5852900.575921445,0.4502,99
259,0.0,419923.5846437777,5853151.992212542,0.3355,37
259,0.5,419924.0879461087,5853152.059319519,0.3422,37
259,1.0,419924.5576949511,5853152.159979986,0.3614,37
259,1.5,419925.0609972821,5853152.294193941,0.3355,37
259,2.0,419925.5307461244,5853152.461961384,0.2767,37
259,2.5,419926.0004949667,5853152.596175339,0.3422,37
259,3.0,419926.470243809,5853152.797496271,0.3355,37
259,3.5,419926.9399926513,5853152.965263715,0.3355,37
259,4.0,419927.4432949823,5853153.032370693,0.2684,37
259,4.5,419927.9130438246,5853153.065924182,0.2684,37
259,5.0,419928.41634615563,5853153.133031159,0.2767,37
259,5.5,419928.9196484867,5853153.200138137,0.3001,37
260,0.0,419858.79285702907,5852898.092963279,0.2767,108
260,0.5,419858.4908756304,5852898.495605144,0.2767,108
260,1.0,419858.1888942318,5852898.86469352,0.3355,108
260,1.5,419857.8533593444,5852899.267335385,0.3355,108
260,2.0,419857.5513779458,5852899.66997725,0.2847,108
260,2.5,419857.2158430585,5852900.0390656255,0.2847,108
260,3.0,419856.9138616598,5852900.44170749,0.2847,108
260,3.5,419856.5783267725,5852900.810795867,0.2847,108
260,4.0,419856.2763453739,5852901.213437731,0.2847,108
260,4.5,419855.9743639752,5852901.582526107,0.3001,108
260,5.0,419855.6388290879,5852901.985167972,0.3355,108
260,5.5,419855.3032942005,5852902.354256349,0.3796,108
261,0.0,420147.88971597597,5852843.702758038,0.2684,289
261,0.5,420147.38641364494,5852843.736311527,0.2684,289
261,1.0,420146.8831113139,5852843.7698650155,0.2684,289
261,1.5,420146.3798089829,5852843.803418504,0.3355,289
261,2.0,420145.91006014054,5852843.870525482,0.2684,289
261,2.5,420145.4067578095,5852843.904078971,0.2684,289
261,3.0,420144.9034554785,5852843.937632459,0.2684,289
261,3.5,420144.40015314746,5852844.004739437,0.2684,289
261,4.0,420143.89685081644,5852844.071846414,0.2684,289
261,4.5,420143.42710197414,5852844.105399903,0.2684,289
261,5.0,420142.92379964306,5852844.138953391,0.2684,289
261,5.5,420142.42049731204,5852844.172506881,0.2684,289
262,0.0,419948.98463475064,5852935.907745084,0.1342,157
262,0.5,419948.5819928858,5852936.209726483,0.1898,157
262,1.0,419948.179351021,5852936.511707881,0.1898,157
262,1.5,419947.8102626449,5852936.81368928,0.242,157
262,2.0,419947.40762078005,5852937.149224168,0.242,157
262,2.5,419947.0049789152,5852937.417652077,0.242,157
262,3.0,419946.6023370504,5852937.753186964,0.2847,157
262,3.5,419946.2332486743,5852938.055168363,0.242,157
262,4.0,419945.83060680947,5852938.357149762,0.2847,157
262,4.5,419945.4279649447,5852938.65913116,0.2847,157
262,5.0,419945.02532307984,5852938.961112559,0.2847,157
262,5.5,419944.622681215,5852939.263093958,0.2767,157
263,0.0,420221.60673072835,5852994.827671304,0.5534,150
263,0.5,420222.07647957065,5852994.995438748,0.5734,150
263,1.0,420222.54622841295,5852995.19675968,0.5734,150
263,1.5,420222.9824237665,5852995.3980806125,0.4839,150
263,2.0,420223.4521726088,5852995.599401545,0.541,150
263,2.5,420223.9219214511,5852995.800722477,0.5111,150
263,3.0,420224.3916702934,5852995.968489921,0.5534,150
263,3.5,420224.827865647,5852996.136257364,0.6002,150
263,4.0,420225.2976144893,5852996.337578297,0.6002,150
263,4.5,420225.7673633316,5852996.53889923,0.6002,150
263,5.0,420226.20355868514,5852996.773773651,0.5694,150
263,5.5,420226.6397540387,5852997.008648071,0.6331,150
264,0.0,419962.0033883801,5853198.262473509,0.3001,28
264,0.5,419962.4731372224,5853198.430240952,0.2684,28
264,1.0,419962.9428860647,5853198.564454908,0.2122,28
264,1.5,419963.4461883957,5853198.665115373,0.2684,28
264,2.0,419963.94949072675,5853198.732222351,0.2684,28
264,2.5,419964.41923956905,5853198.76577584,0.2684,28
264,3.0,419964.92254190013,5853198.832882817,0.2122,28
264,3.5,419965.42584423115,5853198.866436305,0.2013,28
264,4.0,419965.9291465622,5853198.866436305,0.2684,28
264,4.5,419966.4324488932,5853198.866436305,0.2684,28
264,5.0,419966.9357512242,5853198.899989795,0.2013,28
264,5.5,419967.4390535553,5853198.899989795,0.2013,28
265,0.0,419806.48296809004,5852922.7547774995,0.5369,75
265,0.5,419806.01321924775,5852922.855437966,0.5734,75
265,1.0,419805.5099169167,5852923.02320541,0.5534,75
265,1.5,419805.0401680744,5852923.157419365,0.6002,75
265,2.0,419804.5704192321,5852923.291633319,0.6187,75
265,2.5,419804.0671169011,5852923.425847274,0.6187,75
265,3.0,419803.5973680588,5852923.560061229,0.6609,75
265,3.5,419803.1276192165,5852923.694275185,0.6366,75
265,4.0,419802.6578703742,5852923.862042628,0.5534,75
265,4.5,419802.15456804313,5852923.962703094,0.6002,75
265,5.0,419801.68481920083,5852924.096917049,0.6366,75
265,5.5,419801.21507035854,5852924.264684493,0.5734,75
266,0.0,419932.4092113152,5853152.864603249,0.3355,31
266,0.5,419932.3756578265,5853153.36790558,0.3355,31
266,1.0,419932.34210433776,5853153.8712079115,0.3355,31
266,1.5,419932.34210433776,5853154.374510243,0.3355,31
266,2.0,419932.34210433776,5853154.844259084,0.3355,31
266,2.5,419932.308550849,5853155.347561415,0.2684,31
266,3.0,419932.27499736025,5853155.850863746,0.3355,31
266,3.5,419932.2414438715,5853156.354166077,0.3355,31
266,4.0,419932.2414438715,5853156.8574684085,0.4026,31
266,4.5,419932.2078903828,5853157.36077074,0.3913,31
266,5.0,419932.10722991655,5853157.864073071,0.3001,31
266,5.5,419932.0736764278,5853158.333821913,0.3913,31
267,0.0,419881.6092293693,5852920.271819334,0.3355,81
267,0.5,419881.1059270383,5852920.372479799,0.3422,81
267,1.0,419880.636178196,5852920.439586777,0.3355,81
267,1.5,419880.132875865,5852920.540247243,0.3614,81
267,2.0,419879.6295735339,5852920.6409077095,0.3355,81
267,2.5,419879.1598246916,5852920.708014687,0.3422,81
267,3.0,419878.6565223606,5852920.808675153,0.3422,81
267,3.5,419878.15322002955,5852920.87578213,0.3355,81
267,4.0,419877.68347118725,5852920.976442597,0.3422,81
267,4.5,419877.1801688562,5852921.0771030625,0.3355,81
267,5.0,419876.71042001393,5852921.211317018,0.242,81
267,5.5,419876.2071176829,5852921.311977484,0.1501,81
268,0.0,419901.5064481896,5852900.508814468,0.4026,90
268,0.5,419901.0031458586,5852900.575921445,0.4026,90
268,1.0,419900.49984352756,5852900.609474934,0.4026,90
268,1.5,419900.03009468527,5852900.676581912,0.4082,90
268,2.0,419899.5267923542,5852900.743688889,0.4244,90
268,2.5,419899.02349002316,5852900.810795867,0.4244,90
268,3.0,419898.52018769213,5852900.877902844,0.4082,90
268,3.5,419898.0168853611,5852900.911456333,0.4026,90
268,4.0,419897.5471365188,5852900.978563311,0.4026,90
268,4.5,419897.04383418773,5852901.079223776,0.4026,90
268,5.0,419896.5405318567,5852901.146330754,0.4026,90
268,5.5,419896.0372295257,5852901.179884243,0.4082,90
269,0.0,419868.2213873638,5852911.480805284,0.1501,97
269,0.5,419868.6240292286,5852911.782786683,0.1898,97
269,1.0,419869.0266710934,5852912.084768082,0.1898,97
269,1.5,419869.39575946954,5852912.38674948,0.1898,97
269,2.0,419869.7984013344,5852912.722284367,0.1501,97
269,2.5,419870.20104319917,5852913.024265766,0.1501,97
269,3.0,419870.603685064,5852913.326247165,0.1501,97
269,3.5,419870.9727734401,5852913.628228564,0.1898,97
269,4.0,419871.3754153049,5852913.930209962,0.1898,97
269,4.5,419871.77805716975,5852914.232191361,0.1501,97
269,5.0,419872.14714554587,5852914.567726248,0.1501,97
269,5.5,419872.5497874107,5852914.869707647,0.1501,97
270,0.0,420179.22867445514,5852995.934936432,0.3422,243
270,0.5,420179.6648698087,5852996.136257364,0.3001,243
270,1.0,420180.1010651623,5852996.404685275,0.2122,243
270,1.5,420180.5708140046,5852996.606006207,0.242,243
270,2.0,420181.00700935815,5852996.840880628,0.2122,243
270,2.5,420181.47675820044,5852997.042201561,0.1898,243
270,3.0,420181.94650704274,5852997.209969005,0.2013,243
270,3.5,420182.41625588504,5852997.377736448,0.2122,243
270,4.0,420182.88600472733,5852997.545503892,0.2122,243
270,4.5,420183.35575356963,5852997.713271336,0.2013,243
270,5.0,420183.8255024119,5852997.881038779,0.1898,243
270,5.5,420184.2952512542,5852998.048806222,0.1342,243
271,0.0,420177.9871953719,5852932.01554039,0.0671,236
271,0.5,420177.5174465296,5852932.216861323,0.242,236
271,1.0,420177.1148046648,5852932.451735744,0.3001,236
271,1.5,420176.67860931123,5852932.753717143,0.242,236
271,2.0,420176.2759674464,5852933.022145052,0.2122,236
271,2.5,420175.8397720928,5852933.290572963,0.2767,236
271,3.0,420175.437130228,5852933.559000873,0.2847,236
271,3.5,420175.0009348744,5852933.827428782,0.2767,236
271,4.0,420174.5647395209,5852934.062303203,0.3001,236
271,4.5,420174.09499067854,5852934.263624136,0.4244,236
271,5.0,420173.69234881375,5852934.532052046,0.3355,236
272,0.0,419883.3204572949,5852854.741855833,0.0671,138
272,0.5,419882.8507084526,5852854.943176765,0.2767,138
272,1.0,419882.414513099,5852855.178051186,0.3001,138
272,1.5,419881.97831774544,5852855.4129256075,0.3001,138
272,2.0,419881.54212239187,5852855.647800028,0.3001,138
272,2.5,419881.1059270383,5852855.916227938,0.2767,138
272,3.0,419880.6697316847,5852856.117548871,0.3001,138
272,3.5,419880.23353633116,5852856.352423292,0.3355,138
272,4.0,419879.7973409776,5852856.587297712,0.3614,138
272,4.5,419879.361145624,5852856.855725623,0.3001,138
272,5.0,419878.8913967817,5852857.057046555,0.2767,138
273,0.0,419869.966168778,5853198.128259554,0.242,10
273,0.5,419869.73129435687,5853198.564454908,0.3001,10
273,1.0,419869.52997342445,5853199.034203749,0.2767,10
273,1.5,419869.3286524921,5853199.470399103,0.3355,10
273,2.0,419869.1608850484,5853199.940147946,0.3913,10
273,2.5,419868.92601062724,5853200.409896788,0.3355,10
273,3.0,419868.6911362061,5853200.846092141,0.3355,10
273,3.5,419868.4227082962,5853201.248734006,0.4244,10
273,4.0,419868.1542803863,5853201.68492936,0.4839,10
273,4.5,419867.91940596513,5853202.121124714,0.5111,10
273,5.0,419867.684531544,5853202.557320067,0.5111,10
274,0.0,420145.17188338836,5852867.592842018,0.0671,291
274,0.5,420144.66858105734,5852867.55928853,0.3422,291
274,1.0,420144.19883221504,5852867.693502484,0.3913,291
274,1.5,420143.695529884,5852867.827716439,0.3913,291
274,2.0,420143.2257810417,5852867.995483883,0.4244,291
274,2.5,420142.7560321994,5852868.129697838,0.4082,291
274,3.0,420142.2862833571,5852868.297465282,0.4502,291
274,3.5,420141.81653451483,5852868.465232725,0.4502,291
274,4.0,420141.34678567253,5852868.59944668,0.4244,291
274,4.5,420140.87703683024,5852868.767214124,0.4502,291
274,5.0,420140.4072879879,5852868.934981568,0.4745,291
275,0.0,420122.55683198053,5852853.869465125,0.0671,296
275,0.5,420123.0265808228,5852853.970125591,0.2684,296
275,1.0,420123.52988315385,5852854.1043395465,0.2767,296
275,1.5,420123.99963199615,5852854.238553502,0.2122,296
275,2.0,420124.5029343272,5852854.339213967,0.242,296
275,2.5,420125.0062366582,5852854.439874434,0.2684,296
275,3.0,420125.4759855005,5852854.5405349,0.2767,296
275,3.5,420125.9457343428,5852854.708302343,0.2013,296
275,4.0,420126.4490366739,5852854.80896281,0.2684,296
275,4.5,420126.9187855162,5852854.943176765,0.2122,296
275,5.0,420127.4220878472,5852855.07739072,0.2013,296
276,0.0,419893.1516294944,5852877.390460729,0.2684,115
276,0.5,419892.6818806521,5852877.558228172,0.242,115
276,1.0,419892.2121318098,5852877.6924421275,0.2767,115
276,1.5,419891.7423829675,5852877.860209571,0.2684,115
276,2.0,419891.2390806365,5852877.994423526,0.2684,115
276,2.5,419890.7693317942,5852878.16219097,0.3001,115
276,3.0,419890.2995829519,5852878.296404925,0.3001,115
276,3.5,419889.8298341096,5852878.464172369,0.3422,115
276,4.0,419889.3600852673,5852878.631939813,0.3422,115
276,4.5,419888.890336425,5852878.799707256,0.3355,115
276,5.0,419888.38703409396,5852878.9339212105,0.3355,115
277,0.0,419883.9579735808,5852854.641195366,0.3355,139
277,0.5,419884.4612759119,5852854.674748855,0.3001,139
277,1.0,419884.9310247542,5852854.775409321,0.3614,139
277,1.5,419885.4343270852,5852854.876069787,0.3355,139
277,2.0,419885.93762941624,5852854.943176765,0.3422,139
277,2.5,419886.44093174726,5852855.010283742,0.3913,139
277,3.0,419886.91068058956,5852855.07739072,0.4026,139
277,3.5,419887.4139829206,5852855.178051186,0.3355,139
277,4.0,419887.91728525166,5852855.245158164,0.3614,139
277,4.5,419888.38703409396,5852855.312265141,0.3355,139
277,5.0,419888.890336425,5852855.4129256075,0.3355,139
278,0.0,420125.0733436357,5852830.65045092,0.3796,282
278,0.5,420124.67070177087,5852830.91887883,0.3614,282
278,1.0,420124.2345064173,5852831.220860229,0.3614,282
278,1.5,420123.83186455246,5852831.489288138,0.3796,282
278,2.0,420123.3956691989,5852831.7577160485,0.3614,282
278,2.5,420122.99302733404,5852832.026143958,0.4244,282
278,3.0,420122.55683198053,5852832.294571868,0.4244,282
278,3.5,420122.1541901157,5852832.562999778,0.4502,282
278,4.0,420121.7179947621,5852832.831427688,0.4502,282
278,4.5,420121.3153528973,5852833.099855598,0.4297,282
278,5.0,420120.8791575437,5852833.368283507,0.4502,282
279,0.0,419926.0340484554,5853164.809645239,0.6643,29
279,0.5,419926.40313683153,5853165.145180127,0.6002,29
279,1.0,419926.7722252076,5853165.480715014,0.5694,29
279,1.5,419927.17486707243,5853165.782696413,0.6002,29
279,2.0,419927.54395544855,5853166.1182313,0.6187,29
279,2.5,419927.8794903359,5853166.487319676,0.6187,29
279,3.0,419928.248578712,5853166.822854564,0.6187,29
279,3.5,419928.61766708805,5853167.158389451,0.6187,29
279,4.0,419928.98675546417,5853167.493924338,0.5773,29
279,4.5,419929.389397329,5853167.795905736,0.5694,29
279,5.0,419929.7920391938,5853168.097887135,0.4745,29
280,0.0,419893.1851829832,5852877.759549105,0.1898,117
280,0.5,419892.98386205075,5852878.229297947,0.1501,117
280,1.0,419892.7489876296,5852878.665493301,0.1898,117
280,1.5,419892.51411320845,5852879.101688654,0.1898,117
280,2.0,419892.2792387873,5852879.537884008,0.1898,117
280,2.5,419892.0779178549,5852880.007632851,0.1898,117
280,3.0,419891.87659692246,5852880.443828204,0.1898,117
280,3.5,419891.6417225013,5852880.880023558,0.1898,117
280,4.0,419891.40684808017,5852881.3497724,0.2122,117
280,4.5,419891.171973659,5852881.785967753,0.2122,117
280,5.0,419890.9706527266,5852882.222163107,0.2122,117
281,0.0,419919.08847628714,5852867.55928853,0.2684,127
281,0.5,419919.08847628714,5852868.062590861,0.3355,127
281,1.0,419919.0549227984,5852868.565893192,0.2684,127
281,1.5,419919.0549227984,5852869.069195523,0.3001,127
281,2.0,419919.02136930963,5852869.572497854,0.2684,127
281,2.5,419919.02136930963,5852870.042246696,0.2684,127
281,3.0,419919.02136930963,5852870.545549027,0.2684,127
281,3.5,419918.9878158209,5852871.048851358,0.2684,127
281,4.0,419918.9878158209,5852871.552153689,0.3355,127
281,4.5,419918.9542623322,5852872.05545602,0.3355,127
281,5.0,419918.92070884345,5852872.558758351,0.3355,127
282,0.0,419944.3206998164,5852868.700107146,0.4745,134
282,0.5,419943.9516114403,5852869.069195523,0.4745,134
282,1.0,419943.61607655295,5852869.438283899,0.4745,134
282,1.5,419943.28054166556,5852869.773818786,0.4745,134
282,2.0,419942.94500677823,5852870.142907162,0.4745,134
282,2.5,419942.5759184021,5852870.511995538,0.4745,134
282,3.0,419942.2403835148,5852870.881083914,0.4745,134
282,3.5,419941.9048486274,5852871.25017229,0.4745,134
282,4.0,419941.56931374007,5852871.585707177,0.4839,134
282,4.5,419941.2337788527,5852871.954795553,0.5241,134
282,5.0,419940.8646904766,5852872.32388393,0.5241,134
283,0.0,420117.5909156476,5852827.966171822,0.2013,280
283,0.5,420117.1882737828,5852828.2681532195,0.3614,280
283,1.0,420116.78563191794,5852828.570134618,0.3355,280
283,1.5,420116.38299005316,5852828.838562529,0.3355,280
283,2.0,420115.9803481883,5852829.140543927,0.3796,280
283,2.5,420115.54415283474,5852829.408971837,0.3796,280
283,3.0,420115.1415109699,5852829.677399747,0.3355,280
283,3.5,420114.6717621276,5852829.878720679,0.3355,280
283,4.0,420114.23556677403,5852830.147148589,0.3614,280
283,4.5,420113.8329249092,5852830.415576499,0.3796,280
283,5.0,420113.4302830444,5852830.684004409,0.3913,280
284,0.0,419919.28979721956,5852892.48953066,0.2684,106
284,0.5,419918.7864948885,5852892.590191126,0.2684,106
284,1.0,419918.3167460462,5852892.690851592,0.2684,106
284,1.5,419917.81344371516,5852892.724405081,0.2684,106
284,2.0,419917.31014138414,5852892.825065548,0.2767,106
284,2.5,419916.84039254184,5852892.892172525,0.3355,106
284,3.0,419916.3370902108,5852892.992832991,0.3355,106
284,3.5,419915.83378787973,5852893.093493457,0.2767,106
284,4.0,419915.36403903743,5852893.160600435,0.3001,106
284,4.5,419914.8607367064,5852893.261260901,0.2684,106
284,5.0,419914.3574343754,5852893.29481439,0.2684,106
285,0.0,419969.0160675259,5853102.3330492135,0.2013,48
285,0.5,419968.5127651948,5853102.3330492135,0.2684,48
285,1.0,419968.0094628638,5853102.366602702,0.2684,48
285,1.5,419967.50616053276,5853102.400156191,0.3355,48
285,2.0,419967.03641169047,5853102.433709679,0.3355,48
285,2.5,419966.53310935944,5853102.500816657,0.3355,48
285,3.0,419966.0298070284,5853102.601477123,0.2013,48
285,3.5,419965.52650469734,5853102.668584101,0.2013,48
285,4.0,419965.05675585504,5853102.769244567,0.2013,48
285,4.5,419964.553453524,5853102.903458522,0.2013,48
285,5.0,419964.0837046817,5853102.970565499,0.2013,48
286,0.0,419958.0440767093,5853162.595114983,0.242,34
286,0.5,419958.54737904033,5853162.66222196,0.3355,34
286,1.0,419959.01712788263,5853162.762882426,0.3355,34
286,1.5,419959.52043021366,5853162.8970963815,0.3355,34
286,2.0,419960.0237325447,5853162.93064987,0.3355,34
286,2.5,419960.493481387,5853162.964203359,0.3001,34
286,3.0,419960.99678371806,5853163.064863825,0.2767,34
286,3.5,419961.5000860491,5853163.131970802,0.2684,34
286,4.0,419962.0033883801,5853163.199077779,0.3001,34
286,4.5,419962.4731372224,5853163.266184757,0.3355,34
286,5.0,419962.97643955343,5853163.400398713,0.3614,34
287,0.0,419866.1746245509,5852912.4874099465,0.242,94
287,0.5,419865.77198268607,5852912.755837857,0.2847,94
287,1.0,419865.3693408212,5852913.057819255,0.3355,94
287,1.5,419864.9666989564,5852913.3598006535,0.3355,94
287,2.0,419864.5640570916,5852913.661782052,0.3355,94
287,2.5,419864.16141522676,5852913.963763451,0.3355,94
287,3.0,419863.7587733619,5852914.265744849,0.3355,94
287,3.5,419863.3561314971,5852914.567726248,0.3001,94
287,4.0,419862.9534896323,5852914.869707647,0.3355,94
287,4.5,419862.5844012562,5852915.171689046,0.3001,94
287,5.0,419862.18175939133,5852915.507223933,0.2847,94
288,0.0,420147.1515392238,5852814.007920507,0.0671,277
288,0.5,420146.6817903815,5852814.1421344625,0.2122,277
288,1.0,420146.1784880505,5852814.20924144,0.2684,277
288,1.5,420145.6751857194,5852814.276348417,0.2684,277
288,2.0,420145.2054368771,5852814.377008883,0.2767,277
288,2.5,420144.70213454607,5852814.44411586,0.2122,277
288,3.0,420144.19883221504,5852814.544776327,0.2684,277
288,3.5,420143.695529884,5852814.645436794,0.2684,277
288,4.0,420143.2257810417,5852814.712543771,0.2767,277
288,4.5,420142.7224787107,5852814.779650748,0.3355,277
288,5.0,420142.2191763796,5852814.846757726,0.3001,277
289,0.0,420146.1784880505,5852951.476563858,0.3355,225
289,0.5,420145.6751857194,5852951.476563858,0.2684,225
289,1.0,420145.17188338836,5852951.510117346,0.2767,225
289,1.5,420144.66858105734,5852951.5772243235,0.2767,225
289,2.0,420144.19883221504,5852951.610777812,0.3001,225
289,2.5,420143.695529884,5852951.644331302,0.2684,225
289,3.0,420143.192227553,5852951.711438279,0.3355,225
289,3.5,420142.6889252219,5852951.744991767,0.3355,225
289,4.0,420142.1856228909,5852951.778545256,0.2684,225
289,4.5,420141.68232055986,5852951.845652234,0.2684,225
289,5.0,420141.21257171757,5852951.912759211,0.3355,225
290,0.0,420141.81653451483,5852857.761669818,0.3614,290
290,0.5,420142.0849624247,5852858.197865172,0.3614,290
290,1.0,420142.31983684585,5852858.600507037,0.3614,290
290,1.5,420142.58826475573,5852859.036702391,0.3796,290
290,2.0,420142.8566926656,5852859.472897744,0.3913,290
290,2.5,420143.09156708675,5852859.909093098,0.3614,290
290,3.0,420143.3264415079,5852860.345288451,0.3355,290
290,3.5,420143.5948694178,5852860.781483805,0.3614,290
290,4.0,420143.8297438389,5852861.217679159,0.3001,290
290,4.5,420144.1317252376,5852861.620321023,0.3355,290
290,5.0,420144.36659965874,5852862.056516376,0.242,290
291,0.0,419903.8887458898,5852865.848060604,0.242,122
291,0.5,419904.3920482209,5852865.915167581,0.2684,122
291,1.0,419904.89535055193,5852865.94872107,0.1501,122
291,1.5,419905.3650993942,5852865.982274558,0.2684,122
291,2.0,419905.86840172525,5852866.015828048,0.242,122
291,2.5,419906.3717040563,5852866.082935025,0.2122,122
291,3.0,419906.8750063873,5852866.116488514,0.2013,122
291,3.5,419907.3783087184,5852866.183595492,0.2013,122
291,4.0,419907.8816110494,5852866.21714898,0.1342,122
291,4.5,419908.3513598917,5852866.284255957,0.2013,122
291,5.0,419908.85466222273,5852866.317809446,0.0671,122
292,0.0,420092.32513862965,5852945.03429402,0.1501,223
292,0.5,420092.6942270057,5852945.369828908,0.242,223
292,1.0,420093.09686887055,5852945.671810307,0.2847,223
292,1.5,420093.4995107354,5852945.9737917045,0.2767,223
292,2.0,420093.86859911145,5852946.309326592,0.2847,223
292,2.5,420094.23768748756,5852946.611307991,0.3355,223
292,3.0,420094.6403293524,5852946.946842878,0.2847,223
292,3.5,420095.0429712172,5852947.248824277,0.2847,223
292,4.0,420095.4120595933,5852947.550805676,0.2847,223
292,4.5,420095.7811479694,5852947.886340562,0.1898,223
292,5.0,420096.1837898342,5852948.22187545,0.2122,223
293,0.0,419917.3772483616,5852767.469231631,0.3614,173
293,0.5,419917.8805506926,5852767.569892097,0.4026,173
293,1.0,419918.3502995349,5852767.670552563,0.4082,173
293,1.5,419918.853601866,5852767.804766518,0.4026,173
293,2.0,419919.3233507083,5852767.905426985,0.3614,173
293,2.5,419919.8266530393,5852768.00608745,0.3422,173
293,3.0,419920.2964018816,5852768.140301405,0.3614,173
293,3.5,419920.7661507239,5852768.274515361,0.3355,173
293,4.0,419921.26945305493,5852768.408729316,0.3355,173
293,4.5,419921.73920189723,5852768.576496759,0.2684,173
293,5.0,419922.2089507395,5852768.744264203,0.0671,173
294,0.0,419868.7246896948,5853198.027599088,0.2767,10
294,0.5,419868.5233687624,5853198.4973479295,0.2767,10
294,1.0,419868.32204783,5853198.9335432835,0.2122,10
294,1.5,419868.18783387507,5853199.436845615,0.2767,10
294,2.0,419867.98651294265,5853199.873040968,0.2767,10
294,2.5,419867.81874549895,5853200.34278981,0.3355,10
294,3.0,419867.61742456653,5853200.812538653,0.3422,10
294,3.5,419867.44965712284,5853201.282287495,0.3422,10
294,4.0,419867.2483361904,5853201.752036337,0.3913,10
294,4.5,419867.0805687468,5853202.221785179,0.3614,10
294,5.0,419866.9128013031,5853202.691534022,0.4244,10
295,0.0,419904.4927086871,5852895.710665579,0.2013,105
295,0.5,419904.9624575294,5852895.844879533,0.2013,105
295,1.0,419905.4322063717,5852896.012646977,0.2013,105
295,1.5,419905.901955214,5852896.180414421,0.2013,105
295,2.0,419906.3717040563,5852896.381735354,0.1501,105
295,2.5,419906.8414528986,5852896.549502797,0.1501,105
295,3.0,419907.3112017409,5852896.717270241,0.1501,105
295,3.5,419907.78095058317,5852896.885037685,0.1898,105
295,4.0,419908.25069942547,5852897.0528051285,0.1898,105
295,4.5,419908.72044826776,5852897.220572572,0.1898,105
296,0.0,419887.07844803325,5852879.772758429,0.3796,116
296,0.5,419886.7429131459,5852880.141846805,0.3355,116
296,1.0,419886.44093174726,5852880.54448867,0.3796,116
296,1.5,419886.10539685993,5852880.913577046,0.3913,116
296,2.0,419885.76986197254,5852881.282665422,0.3796,116
296,2.5,419885.46788057394,5852881.685307287,0.4297,116
296,3.0,419885.13234568655,5852882.054395664,0.3614,116
296,3.5,419884.8639177767,5852882.457037528,0.3001,116
296,4.0,419884.52838288934,5852882.859679393,0.3355,116
296,4.5,419884.22640149074,5852883.228767769,0.3355,116
297,0.0,420174.6653999871,5852928.257549652,0.0949,238
297,0.5,420175.0344883632,5852928.626638029,0.1898,238
297,1.0,420175.3700232505,5852928.962172916,0.1898,238
297,1.5,420175.73911162664,5852929.331261292,0.1898,238
297,2.0,420176.07464651397,5852929.6667961795,0.1898,238
297,2.5,420176.4437348901,5852930.002331067,0.2122,238
297,3.0,420176.81282326614,5852930.371419443,0.242,238
297,3.5,420177.1483581535,5852930.70695433,0.1898,238
297,4.0,420177.5174465296,5852931.076042706,0.242,238
297,4.5,420177.8865349057,5852931.411577594,0.1898,238
298,0.0,419982.26969557645,5853243.492576324,0.6002,20
298,0.5,419981.9006072004,5853243.8616647,0.5694,20
298,1.0,419981.59862580174,5853244.230753076,0.4839,20
298,1.5,419981.2295374257,5853244.599841453,0.5694,20
298,2.0,419980.8940025383,5853244.968929829,0.6187,20
298,2.5,419980.55846765096,5853245.304464716,0.6187,20
298,3.0,419980.18937927485,5853245.673553092,0.6187,20
298,3.5,419979.8202908988,5853245.975534491,0.6331,20
298,4.0,419979.41764903395,5853246.311069379,0.6187,20
298,4.5,419979.04856065783,5853246.6130507765,0.6331,20
299,0.0,419917.7463367377,5853117.566333099,0.4082,43
299,0.5,419918.08187162504,5853117.935421475,0.4244,43
299,1.0,419918.45096000115,5853118.237402874,0.3796,43
299,1.5,419918.8871553547,5853118.539384273,0.3614,43
299,2.0,419919.28979721956,5853118.807812182,0.3614,43
299,2.5,419919.7259925731,5853119.0762400925,0.3796,43
299,3.0,419920.1286344379,5853119.344668002,0.4244,43
299,3.5,419920.5648297915,5853119.613095912,0.3913,43
299,4.0,419920.96747165633,5853119.881523822,0.4297,43
299,4.5,419921.3701135212,5853120.18350522,0.4244,43
300,0.0,419895.7688016158,5852872.625865328,0.2122,117
300,0.5,419895.53392719466,5852873.062060682,0.1898,117
300,1.0,419895.33260626224,5852873.531809525,0.1501,117
300,1.5,419895.0977318411,5852873.968004878,0.1898,117
300,2.0,419894.86285741994,5852874.404200232,0.1898,117
300,2.5,419894.6279829988,5852874.840395585,0.1898,117
300,3.0,419894.39310857764,5852875.310144427,0.1898,117
300,3.5,419894.1917876452,5852875.746339781,0.2013,117
300,4.0,419893.9569132241,5852876.182535134,0.1898,117
300,4.5,419893.7220388029,5852876.618730488,0.1342,117
301,0.0,420193.3546932129,5852992.915122446,0.2684,244
301,0.5,420192.8513908818,5852992.948675935,0.2013,244
301,1.0,420192.3480885508,5852992.948675935,0.2684,244
301,1.5,420191.84478621976,5852992.948675935,0.2684,244
301,2.0,420191.34148388874,5852992.982229424,0.2684,244
301,2.5,420190.87173504644,5852992.982229424,0.3355,244
301,3.0,420190.36843271536,5852993.015782912,0.2684,244
301,3.5,420189.86513038434,5852993.015782912,0.2684,244
301,4.0,420189.3618280533,5852993.015782912,0.2684,244
301,4.5,420188.8585257223,5852993.015782912,0.2684,244
302,0.0,420097.89501775976,5852818.067892645,0.2122,268
302,0.5,420098.36476660206,5852818.235660088,0.2684,268
302,1.0,420098.83451544435,5852818.4369810205,0.2122,268
302,1.5,420099.2707107979,5852818.638301953,0.1501,268
302,2.0,420099.77401312895,5852818.772515908,0.2013,268
302,2.5,420100.2102084825,5852818.97383684,0.2013,268
302,3.0,420100.6799573248,5852819.108050795,0.2013,268
302,3.5,420101.18325965584,5852819.275818239,0.1501,268
302,4.0,420101.65300849814,5852819.376478705,0.1501,268
302,4.5,420102.12275734043,5852819.51069266,0.2013,268
303,0.0,419863.96009429434,5852891.415819021,0.1342,108
303,0.5,419863.624559407,5852891.784907397,0.1898,108
303,1.0,419863.2890245196,5852892.153995773,0.242,108
303,1.5,419862.9534896323,5852892.523084149,0.3001,108
303,2.0,419862.6179547449,5852892.925726013,0.3355,108
303,2.5,419862.3159733463,5852893.29481439,0.3001,108
303,3.0,419862.0139919477,5852893.697456255,0.3355,108
303,3.5,419861.71201054903,5852894.100098119,0.3001,108
303,4.0,419861.41002915043,5852894.502739985,0.2847,108
303,4.5,419861.1080477518,5852894.905381849,0.242,108
304,0.0,420085.4466734388,5852806.626152986,0.3796,270
304,0.5,420085.1782455289,5852807.02879485,0.3913,270
304,1.0,420084.8762641303,5852807.431436715,0.3796,270
304,1.5,420084.5742827317,5852807.867632069,0.4244,270
304,2.0,420084.272301333,5852808.236720445,0.3796,270
304,2.5,420083.9703199344,5852808.639362309,0.3913,270
304,3.0,420083.6683385358,5852809.042004175,0.4244,270
304,3.5,420083.3663571372,5852809.444646039,0.3913,270
304,4.0,420083.0308222498,5852809.813734415,0.4297,270
304,4.5,420082.7288408512,5852810.21637628,0.4502,270
305,0.0,419970.6266349852,5853104.27915156,0.0949,48
305,0.5,419970.1233326541,5853104.312705048,0.2013,48
305,1.0,419969.6200303231,5853104.346258537,0.1501,48
305,1.5,419969.1167279921,5853104.346258537,0.2013,48
305,2.0,419968.6469791498,5853104.379812026,0.2013,48
305,2.5,419968.14367681876,5853104.379812026,0.2013,48
305,3.0,419967.64037448773,5853104.413365515,0.2013,48
305,3.5,419967.13707215665,5853104.379812026,0.2684,48
305,4.0,419966.6337698256,5853104.379812026,0.2684,48
305,4.5,419966.1304674946,5853104.413365515,0.2684,48
306,0.0,419896.57408534543,5852872.256776952,0.3355,113
306,0.5,419896.37276441307,5852872.726525795,0.3355,113
306,1.0,419896.2385504581,5852873.196274637,0.2122,113
306,1.5,419895.9701225482,5852873.63246999,0.3355,113
306,2.0,419895.7688016158,5852874.068665344,0.3001,113
306,2.5,419895.53392719466,5852874.538414187,0.3422,113
306,3.0,419895.33260626224,5852874.97460954,0.3614,113
306,3.5,419895.1312853298,5852875.444358382,0.3614,113
306,4.0,419894.9299643974,5852875.880553735,0.3913,113
306,4.5,419894.728643465,5852876.350302578,0.3614,113
307,0.0,419882.28029914404,5852995.19675968,0.6002,57
307,0.5,419882.44806658773,5852995.666508523,0.6187,57
307,1.0,419882.64938752016,5852996.136257364,0.6744,57
307,1.5,419882.75004798634,5852996.606006207,0.5534,57
307,2.0,419882.8171549638,5852997.109308538,0.4697,57
307,2.5,419882.95136891876,5852997.579057381,0.4502,57
307,3.0,419883.11913636245,5852998.048806222,0.4082,57
307,3.5,419883.25335031736,5852998.552108553,0.3614,57
307,4.0,419883.4546712498,5852998.988303907,0.3913,57
307,4.5,419883.6559921822,5852999.45805275,0.3913,57
308,0.0,419965.05675585504,5852938.860452093,0.4297,150
308,0.5,419965.4929512086,5852939.095326514,0.4502,150
308,1.0,419965.9627000509,5852939.296647446,0.4502,150
308,1.5,419966.3988954045,5852939.4979683785,0.4244,150
308,2.0,419966.8686442468,5852939.699289312,0.3913,150
308,2.5,419967.33839308907,5852939.900610244,0.3913,150
308,3.0,419967.77458844264,5852940.101931176,0.3614,150
308,3.5,419968.24433728494,5852940.303252108,0.4244,150
308,4.0,419968.6805326385,5852940.538126529,0.3913,150
308,4.5,419969.1502814808,5852940.739447462,0.3422,150
309,0.0,420121.8186552283,5852844.877130144,0.3355,287
309,0.5,420122.3219575594,5852844.910683633,0.2684,287
309,1.0,420122.8252598904,5852844.910683633,0.2684,287
309,1.5,420123.32856222143,5852844.877130144,0.2684,287
309,2.0,420123.83186455246,5852844.877130144,0.2684,287
309,2.5,420124.30161339475,5852844.843576656,0.3355,287
309,3.0,420124.8049157258,5852844.843576656,0.3355,287
309,3.5,420125.30821805686,5852844.843576656,0.2684,287
309,4.0,420125.8115203879,5852844.843576656,0.2684,287
309,4.5,420126.3148227189,5852844.843576656,0.2684,287
310,0.0,419878.3880944507,5852914.76904718,0.2122,82
310,0.5,419878.62296887184,5852915.205242534,0.242,82
310,1.0,419878.857843293,5852915.641437888,0.2122,82
310,1.5,419879.12627120287,5852916.077633241,0.242,82
310,2.0,419879.39469911275,5852916.480275106,0.242,82
310,2.5,419879.6631270227,5852916.91647046,0.1898,82
310,3.0,419879.9651084213,5852917.319112324,0.242,82
310,3.5,419880.23353633116,5852917.755307678,0.2122,82
310,4.0,419880.50196424103,5852918.157949543,0.1898,82
310,4.5,419880.7703921509,5852918.594144897,0.1501,82
311,0.0,419881.776996813,5852995.297420146,0.3614,57
311,0.5,419881.84410379047,5852995.800722477,0.3355,57
311,1.0,419881.97831774544,5852996.27047132,0.4082,57
311,1.5,419882.0789782116,5852996.773773651,0.3913,57
311,2.0,419882.2131921666,5852997.243522493,0.4244,57
311,2.5,419882.3474061215,5852997.713271336,0.3913,57
311,3.0,419882.414513099,5852998.216573666,0.4697,57
311,3.5,419882.44806658773,5852998.719875997,0.4697,57
311,4.0,419882.48162007646,5852999.223178328,0.4026,57
311,4.5,419882.58228054264,5852999.692927171,0.2767,57
312,0.0,419923.9537321538,5852861.284786136,0.0671,126
312,0.5,419923.4504298228,5852861.284786136,0.2013,126
312,1.0,419922.94712749176,5852861.351893113,0.242,126
312,1.5,419922.4773786494,5852861.419000091,0.2122,126
312,2.0,419921.9740763184,5852861.486107068,0.2013,126
312,2.5,419921.47077398736,5852861.553214046,0.2013,126
312,3.0,419920.96747165633,5852861.620321023,0.2013,126
312,3.5,419920.4641693253,5852861.687428,0.2013,126
312,4.0,419919.994420483,5852861.754534978,0.2013,126
312,4.5,419919.4911181519,5852861.788088467,0.2684,126
313,0.0,419905.49931334914,5852863.365102437,0.2684,125
313,0.5,419906.0026156802,5852863.465762904,0.2684,125
313,1.0,419906.4723645225,5852863.56642337,0.2013,125
313,1.5,419906.97566685354,5852863.633530348,0.242,125
313,2.0,419907.47896918457,5852863.734190813,0.242,125
313,2.5,419907.94871802686,5852863.83485128,0.2684,125
313,3.0,419908.4520203579,5852863.969065235,0.242,125
313,3.5,419908.9217692002,5852864.069725701,0.2013,125
313,4.0,419909.4250715312,5852864.136832679,0.242,125
313,4.5,419909.89482037356,5852864.237493144,0.2013,125
314,0.0,419874.16035487,5852903.260200544,0.2013,101
314,0.5,419874.32812231366,5852903.729949387,0.2013,101
314,1.0,419874.49588975735,5852904.199698228,0.1898,101
314,1.5,419874.66365720105,5852904.669447071,0.1898,101
314,2.0,419874.83142464474,5852905.139195913,0.1501,101
314,2.5,419874.9991920884,5852905.608944756,0.1342,101
314,3.0,419875.2005130208,5852906.078693598,0.1898,101
314,3.5,419875.3682804645,5852906.54844244,0.1501,101
314,4.0,419875.5696013969,5852907.018191283,0.1898,101
314,4.5,419875.73736884055,5852907.487940125,0.1501,101
315,0.0,419825.407135737,5853013.986713372,0.1898,61
315,0.5,419824.903833406,5853014.053820349,0.2684,61
315,1.0,419824.4005310749,5853014.087373838,0.2122,61
315,1.5,419823.9307822326,5853014.120927327,0.2013,61
315,2.0,419823.4274799016,5853014.188034304,0.2013,61
315,2.5,419822.92417757056,5853014.221587793,0.2013,61
315,3.0,419822.42087523954,5853014.2551412815,0.2684,61
315,3.5,419821.9175729085,5853014.32224826,0.2013,61
315,4.0,419821.4142705774,5853014.355801748,0.2684,61
315,4.5,419820.94452173513,5853014.422908725,0.2013,61
316,0.0,420215.432888801,5852828.033278799,0.1342,295
316,0.5,420214.9631399587,5852828.234599731,0.1501,295
316,1.0,420214.5269446051,5852828.435920663,0.1501,295
316,1.5,420214.0571957628,5852828.603688107,0.1342,295
316,2.0,420213.5874469205,5852828.771455551,0.1501,295
316,2.5,420213.1176980782,5852828.972776484,0.1501,295
316,3.0,420212.68150272465,5852829.174097416,0.1501,295
316,3.5,420212.21175388235,5852829.408971837,0.1501,295
316,4.0,420211.7755585288,5852829.610292769,0.1501,295
316,4.5,420211.3058096865,5852829.811613701,0.1342,295
317,0.0,420166.7132231567,5853014.389355237,0.242,255
317,0.5,420167.11586502154,5853014.6913366355,0.1898,255
317,1.0,420167.5520603751,5853014.959764546,0.2122,255
317,1.5,420167.9882557287,5853015.161085478,0.1898,255
317,2.0,420168.42445108225,5853015.429513387,0.1898,255
317,2.5,420168.82709294703,5853015.697941298,0.1898,255
317,3.0,420169.2297348119,5853015.9999226965,0.1501,255
317,3.5,420169.6323766767,5853016.301904094,0.1342,255
317,4.0,420170.0685720303,5853016.536778516,0.1501,255
317,4.5,420170.50476738386,5853016.771652937,0.1342,255
318,0.0,420180.3359395834,5852954.462824355,0.0671,237
318,0.5,420180.03395818477,5852954.865466219,0.1898,237
318,1.0,420179.73197678616,5852955.268108085,0.242,237
318,1.5,420179.39644189883,5852955.603642972,0.2847,237
318,2.0,420179.0273535227,5852955.972731348,0.3355,237
318,2.5,420178.6918186354,5852956.341819724,0.2847,237
318,3.0,420178.356283748,5852956.7109081,0.2847,237
318,3.5,420178.0543023494,5852957.113549965,0.2847,237
318,4.0,420177.718767462,5852957.482638341,0.3355,237
318,4.5,420177.34967908595,5852957.818173229,0.3355,237
319,0.0,419745.6504930122,5853201.718482848,0.6002,2
319,0.5,419746.05313487706,5853201.986910759,0.6609,2
319,1.0,419746.4893302306,5853202.288892157,0.6609,2
319,1.5,419746.8919720954,5853202.557320067,0.6711,2
319,2.0,419747.328167449,5853202.825747977,0.7228,2
319,2.5,419747.7308093138,5853203.094175886,0.7503,2
319,3.0,419748.1670046674,5853203.362603797,0.6909,2
319,3.5,419748.60320002097,5853203.631031706,0.7134,2
319,4.0,419749.00584188575,5853203.899459616,0.7228,2
319,4.5,419749.4420372393,5853204.134334037,0.6909,2
320,0.0,420178.6918186354,5853010.262276122,0.5111,256
320,0.5,420178.356283748,5853010.631364498,0.6331,256
320,1.0,420178.0543023494,5853011.034006364,0.5734,256
320,1.5,420177.81942792825,5853011.470201717,0.5694,256
320,2.0,420177.5510000184,5853011.906397071,0.6002,256
320,2.5,420177.3161255972,5853012.342592424,0.6331,256
320,3.0,420177.01414419856,5853012.745234289,0.6909,256
320,3.5,420176.7457162887,5853013.147876154,0.6909,256
320,4.0,420176.4772883788,5853013.584071508,0.6187,256
320,4.5,420176.20886046893,5853013.986713372,0.6002,256
321,0.0,419957.7085418219,5852807.901185557,0.2122,211
321,0.5,419957.27234646835,5852808.1696134675,0.242,211
321,1.0,419956.86970460357,5852808.404487888,0.3001,211
321,1.5,419956.43350925,5852808.672915799,0.2767,211
321,2.0,419955.9973138964,5852808.941343708,0.242,211
321,2.5,419955.5946720316,5852809.209771618,0.242,211
321,3.0,419955.158476678,5852809.478199528,0.1898,211
321,3.5,419954.7558348132,5852809.746627438,0.242,211
321,4.0,419954.3196394596,5852810.015055347,0.2767,211
321,4.5,419953.8834441061,5852810.249929769,0.3001,211
322,0.0,420026.76162164006,5852882.457037528,0.5734,162
322,0.5,420026.5267472189,5852882.893232882,0.4839,162
322,1.0,420026.2918727977,5852883.329428235,0.4502,162
322,1.5,420026.02344488783,5852883.765623589,0.4502,162
322,2.0,420025.75501697796,5852884.168265454,0.4297,162
322,2.5,420025.4865890681,5852884.6044608075,0.3913,162
322,3.0,420025.2181611582,5852885.040656161,0.4502,162
322,3.5,420024.98328673706,5852885.476851515,0.4839,162
322,4.0,420024.7148588272,5852885.879493379,0.5241,162
322,4.5,420024.3793239398,5852886.248581755,0.5241,162
323,0.0,419969.85490474425,5852941.04142886,0.3614,150
323,0.5,419970.32465358655,5852941.209196304,0.3614,150
323,1.0,419970.7608489401,5852941.410517237,0.3614,150
323,1.5,419971.2305977824,5852941.645391658,0.3355,150
323,2.0,419971.7003466247,5852941.84671259,0.3001,150
323,2.5,419972.1365419783,5852942.048033522,0.3001,150
323,3.0,419972.6062908206,5852942.249354455,0.2767,150
323,3.5,419973.04248617415,5852942.484228876,0.3001,150
323,4.0,419973.51223501645,5852942.685549809,0.3001,150
323,4.5,419973.9148768813,5852942.953977719,0.1898,150
324,0.0,419960.8625697631,5852800.183883148,0.0671,205
324,0.5,419960.493481387,5852800.519418036,0.3355,205
324,1.0,419960.0572860334,5852800.787845945,0.3614,205
324,1.5,419959.6210906799,5852800.989166878,0.2684,205
324,2.0,419959.15134183754,5852801.19048781,0.0949,205
324,2.5,419958.74869997276,5852801.492469208,0.3614,205
324,3.0,419958.3460581079,5852801.760897119,0.3796,205
324,3.5,419957.8763092656,5852801.962218051,0.4502,205
324,4.0,419957.44011391205,5852802.197092473,0.4082,205
324,4.5,419957.0039185585,5852802.398413405,0.4082,205
325,0.0,419968.3114442624,5853105.185095755,0.4244,48
325,0.5,419968.8147465935,5853105.218649245,0.3001,48
325,1.0,419969.3180489245,5853105.285756222,0.3355,48
325,1.5,419969.7877977668,5853105.352863199,0.3355,48
325,2.0,419970.2911000978,5853105.419970177,0.3001,48
325,2.5,419970.79440242884,5853105.487077154,0.3001,48
325,3.0,419971.26415127114,5853105.621291109,0.3001,48
325,3.5,419971.7674536022,5853105.7555050645,0.3355,48
325,4.0,419972.2372024445,5853105.88971902,0.2684,48
325,4.5,419972.74050477555,5853105.990379485,0.242,48
326,0.0,419883.6224386935,5852905.843819177,0.3355,102
326,0.5,419884.1257410245,5852905.843819177,0.3355,102
326,1.0,419884.6290433555,5852905.877372665,0.3355,102
326,1.5,419885.13234568655,5852905.910926154,0.3355,102
326,2.0,419885.63564801763,5852905.910926154,0.3355,102
326,2.5,419886.10539685993,5852905.944479643,0.3355,102
326,3.0,419886.60869919095,5852905.978033132,0.2684,102
326,3.5,419887.112001522,5852905.978033132,0.3001,102
326,4.0,419887.615303853,5852906.0115866205,0.2684,102
326,4.5,419888.1186061841,5852905.944479643,0.1898,102
327,0.0,419919.12202977587,5852854.439874434,0.0671,127
327,0.5,419919.12202977587,5852854.943176765,0.1342,127
327,1.0,419919.08847628714,5852855.446479096,0.1342,127
327,1.5,419919.08847628714,5852855.949781427,0.2013,127
327,2.0,419919.0549227984,5852856.453083758,0.2013,127
327,2.5,419919.0549227984,5852856.9228326,0.2013,127
327,3.0,419919.0549227984,5852857.426134931,0.2013,127
327,3.5,419919.0549227984,5852857.929437262,0.2013,127
327,4.0,419919.02136930963,5852858.432739593,0.1342,127
327,4.5,419919.08847628714,5852858.936041924,0.0671,127
328,0.0,420200.1324979375,5853030.797011228,0.3913,257
328,0.5,420200.6022467798,5853030.998332161,0.3355,257
328,1.0,420201.03844213334,5853031.233206582,0.3614,257
328,1.5,420201.4746374869,5853031.468081003,0.3355,257
328,2.0,420201.9108328405,5853031.702955425,0.2847,257
328,2.5,420202.34702819405,5853031.971383334,0.242,257
328,3.0,420202.7832235476,5853032.206257756,0.2122,257
328,3.5,420203.2194189012,5853032.441132177,0.1898,257
328,4.0,420203.6891677435,5853032.60889962,0.2122,257
329,0.0,419855.70593606535,5853147.764472961,0.1342,16
329,0.5,419856.2092383964,5853147.8315799385,0.1342,16
329,1.0,419856.7125407274,5853147.8315799385,0.2013,16
329,1.5,419857.18228956976,5853147.898686917,0.1342,16
329,2.0,419857.6855919008,5853147.932240405,0.1342,16
329,2.5,419858.1888942318,5853147.932240405,0.1342,16
329,3.0,419858.6921965628,5853147.965793894,0.1342,16
329,3.5,419859.19549889385,5853147.965793894,0.2013,16
329,4.0,419859.69880122493,5853147.932240405,0.1342,16
330,0.0,420215.7348701996,5852912.151875059,0.5111,261
330,0.5,420216.2046190419,5852912.286089014,0.4502,261
330,1.0,420216.6743678842,5852912.4874099465,0.3913,261
330,1.5,420217.1441167265,5852912.65517739,0.3913,261
330,2.0,420217.61386556877,5852912.822944834,0.3614,261
330,2.5,420218.08361441107,5852912.990712278,0.4297,261
330,3.0,420218.55336325336,5852913.19203321,0.541,261
330,3.5,420219.0231120957,5852913.3598006535,0.4502,261
330,4.0,420219.492860938,5852913.494014609,0.4502,261
331,0.0,419862.4166338125,5852911.950554127,0.0671,96
331,0.5,419861.9804384589,5852912.185428548,0.0949,96
331,1.0,419861.5442431054,5852912.453856458,0.2767,96
331,1.5,419861.14160124055,5852912.755837857,0.2847,96
331,2.0,419860.7389593757,5852913.024265766,0.3355,96
331,2.5,419860.33631751087,5852913.326247165,0.3355,96
331,3.0,419859.9336756461,5852913.628228564,0.3355,96
331,3.5,419859.53103378124,5852913.930209962,0.3355,96
331,4.0,419859.1283919164,5852914.232191361,0.3355,96
332,0.0,419905.3315459055,5852772.133166565,0.4502,176
332,0.5,419905.1637784618,5852772.602915407,0.4502,176
332,1.0,419904.9960110181,5852773.07266425,0.4745,176
332,1.5,419904.7946900857,5852773.542413092,0.5111,176
332,2.0,419904.55981566454,5852773.978608445,0.5111,176
332,2.5,419904.3249412434,5852774.414803799,0.541,176
332,3.0,419904.09006682225,5852774.850999152,0.541,176
332,3.5,419903.8551924011,5852775.287194506,0.5111,176
332,4.0,419903.6538714687,5852775.756943349,0.541,176
333,0.0,419875.43538744195,5852905.340516846,0.3355,100
333,0.5,419875.77092232934,5852905.709605222,0.3355,100
333,1.0,419876.10645721667,5852906.078693598,0.3001,100
333,1.5,419876.40843861527,5852906.481335463,0.242,100
333,2.0,419876.7775269914,5852906.81687035,0.2847,100
333,2.5,419877.07950839,5852907.219512215,0.242,100
333,3.0,419877.4150432774,5852907.588600591,0.2847,100
333,3.5,419877.7505781647,5852907.957688967,0.2847,100
333,4.0,419878.0861130521,5852908.326777344,0.2847,100
334,0.0,419901.7748760995,5852900.844349355,0.3355,89
334,0.5,419901.57355516707,5852901.314098198,0.3001,89
334,1.0,419901.3386807459,5852901.750293551,0.3614,89
334,1.5,419901.10380632477,5852902.186488905,0.3355,89
334,2.0,419900.8689319036,5852902.622684258,0.3001,89
334,2.5,419900.6676109712,5852903.092433101,0.3614,89
334,3.0,419900.43273655005,5852903.528628455,0.3001,89
334,3.5,419900.2314156176,5852903.964823808,0.3001,89
334,4.0,419899.9965411965,5852904.43457265,0.3001,89
335,0.0,420152.587204399,5852812.732887935,0.1342,277
335,0.5,420152.0839020679,5852812.8335484015,0.1342,277
335,1.0,420151.6141532256,5852813.001315845,0.1501,277
335,1.5,420151.1444043833,5852813.101976312,0.1342,277
335,2.0,420150.6411020523,5852813.202636777,0.1342,277
335,2.5,420150.17135321,5852813.336850733,0.1342,277
335,3.0,420149.668050879,5852813.471064688,0.1501,277
335,3.5,420149.1983020367,5852813.605278642,0.1342,277
335,4.0,420148.7285531944,5852813.7059391085,0.2122,277
336,0.0,419994.8858073411,5853118.942026137,0.1501,46
336,0.5,419995.3555561834,5853119.109793581,0.2122,46
336,1.0,419995.82530502573,5853119.277561025,0.2013,46
336,1.5,419996.29505386803,5853119.41177498,0.1342,46
336,2.0,419996.79835619905,5853119.579542424,0.2122,46
336,2.5,419997.2345515526,5853119.780863356,0.1898,46
336,3.0,419997.6707469062,5853120.015737777,0.1342,46
336,3.5,419998.1404957485,5853120.21705871,0.2122,46
336,4.0,419998.57669110206,5853120.451933131,0.2013,46
337,0.0,419881.5756758806,5852905.6424982445,0.1898,93
337,0.5,419881.24014099326,5852906.0115866205,0.1898,93
337,1.0,419880.87105261715,5852906.380674996,0.1898,93
337,1.5,419880.53551772976,5852906.716209884,0.1898,93
337,2.0,419880.19998284243,5852907.08529826,0.242,93
337,2.5,419879.8308944663,5852907.454386637,0.242,93
337,3.0,419879.495359579,5852907.823475013,0.242,93
337,3.5,419879.1598246916,5852908.1590099,0.242,93
337,4.0,419878.79073631554,5852908.528098276,0.242,93
338,0.0,419933.3487089998,5853153.9047614,0.2122,31
338,0.5,419933.21449504484,5853154.374510243,0.242,31
338,1.0,419933.08028108993,5853154.877812574,0.2767,31
338,1.5,419932.94606713497,5853155.347561415,0.2013,31
338,2.0,419932.91251364624,5853155.850863746,0.2013,31
338,2.5,419932.8454066688,5853156.354166077,0.2013,31
338,3.0,419932.7782996913,5853156.82391492,0.2013,31
338,3.5,419932.7111927138,5853157.327217251,0.2013,31
338,4.0,419932.5769787589,5853157.830519582,0.2013,31
339,0.0,420184.02682334435,5853000.733085321,0.0671,252
339,0.5,420183.65773496823,5853001.068620209,0.4082,252
339,1.0,420183.3222000809,5853001.437708585,0.4297,252
339,1.5,420183.053772171,5853001.84035045,0.3913,252
339,2.0,420182.75179077237,5853002.276545803,0.4745,252
339,2.5,420182.4833628625,5853002.6791876685,0.4839,252
339,3.0,420182.2149349526,5853003.081829533,0.5241,252
339,3.5,420181.94650704274,5853003.518024887,0.5241,252
339,4.0,420181.61097215535,5853003.887113263,0.4745,252
340,0.0,419892.14502483234,5853204.771850323,0.2847,11
340,0.5,419892.44700623094,5853205.174492188,0.2122,11
340,1.0,419892.78254111833,5853205.543580565,0.242,11
340,1.5,419893.08452251693,5853205.912668941,0.242,11
340,2.0,419893.45361089305,5853206.281757317,0.1501,11
340,2.5,419893.75559229165,5853206.684399181,0.0949,11
340,3.0,419894.05757369025,5853207.0870410465,0.1898,11
340,3.5,419894.39310857764,5853207.456129422,0.1342,11
340,4.0,419894.728643465,5853207.825217798,0.0671,11
341,0.0,420140.87703683024,5852952.348954565,0.3355,225
341,0.5,420141.38033916126,5852952.315401075,0.3355,225
341,1.0,420141.8836414923,5852952.281847587,0.2767,225
341,1.5,420142.3869438233,5852952.248294098,0.3355,225
341,2.0,420142.8566926656,5852952.281847587,0.2684,225
341,2.5,420143.35999499663,5852952.281847587,0.2684,225
341,3.0,420143.8632973277,5852952.315401075,0.2684,225
341,3.5,420144.36659965874,5852952.382508053,0.2684,225
341,4.0,420144.86990198976,5852952.449615031,0.242,225
342,0.0,420110.64534347935,5852851.017418583,0.1342,297
342,0.5,420111.1486458104,5852851.118079049,0.2013,297
342,1.0,420111.6183946527,5852851.185186027,0.2013,297
342,1.5,420112.1216969837,5852851.285846492,0.2013,297
342,2.0,420112.6249993147,5852851.386506959,0.2013,297
342,2.5,420113.094748157,5852851.487167425,0.2013,297
342,3.0,420113.59805048804,5852851.587827891,0.2013,297
342,3.5,420114.0677993304,5852851.688488358,0.2013,297
342,4.0,420114.5711016614,5852851.822702312,0.2122,297
343,0.0,419868.0200664314,5852951.040368504,0.4026,70
343,0.5,419867.98651294265,5852951.543670835,0.3422,70
343,1.0,419867.9529594539,5852952.046973166,0.3422,70
343,1.5,419867.9529594539,5852952.550275497,0.4026,70
343,2.0,419867.91940596513,5852953.02002434,0.4026,70
343,2.5,419867.8858524764,5852953.523326671,0.4026,70
343,3.0,419867.8858524764,5852954.026629001,0.4026,70
343,3.5,419867.81874549895,5852954.529931332,0.4026,70
343,4.0,419867.7516385215,5852955.033233663,0.4244,70
344,0.0,420086.11774321354,5852820.148208946,0.3422,266
344,0.5,420086.58749205584,5852820.282422901,0.3355,266
344,1.0,420087.09079438687,5852820.416636855,0.3001,266
344,1.5,420087.56054322916,5852820.517297322,0.3355,266
344,2.0,420088.0638455602,5852820.651511277,0.3001,266
344,2.5,420088.5335944025,5852820.785725232,0.2767,266
344,3.0,420089.0368967335,5852820.886385698,0.3355,266
344,3.5,420089.5066455758,5852821.020599653,0.3422,266
344,4.0,420089.9763944181,5852821.12126012,0.3355,266
345,0.0,419900.566950505,5852894.60340045,0.2847,91
345,0.5,419900.90248539235,5852894.972488826,0.3001,91
345,1.0,419901.23802027974,5852895.341577203,0.3355,91
345,1.5,419901.57355516707,5852895.710665579,0.3355,91
345,2.0,419901.90909005445,5852896.079753955,0.3355,91
345,2.5,419902.2446249418,5852896.448842331,0.2847,91
345,3.0,419902.5801598292,5852896.817930707,0.2847,91
345,3.5,419902.9156947165,5852897.187019083,0.2847,91
345,4.0,419903.2512296039,5852897.55610746,0.2847,91
346,0.0,420076.5214454351,5852908.360330832,0.3355,220
346,0.5,420076.08525008155,5852908.595205253,0.3614,220
346,1.0,420075.649054728,5852908.830079675,0.3355,220
346,1.5,420075.1793058857,5852909.031400607,0.3355,220
346,2.0,420074.81021750957,5852909.333382006,0.3796,220
346,2.5,420074.4411291335,5852909.702470382,0.2767,220
346,3.0,420074.20625471236,5852910.138665735,0.242,220
346,3.5,420073.870719825,5852910.507754111,0.1501,220
346,4.0,420073.4345244714,5852910.742628532,0.0671,220
347,0.0,419871.84516414726,5852942.618442832,0.242,72
347,0.5,419872.0800385684,5852943.054638185,0.3614,72
347,1.0,419872.3484664783,5852943.490833539,0.3001,72
347,1.5,419872.61689438816,5852943.893475403,0.3355,72
347,2.0,419872.88532229804,5852944.329670757,0.2847,72
347,2.5,419873.1537502079,5852944.732312622,0.3355,72
347,3.0,419873.4221781178,5852945.1685079755,0.3355,72
347,3.5,419873.6906060277,5852945.604703329,0.2847,72
348,0.0,419881.54212239187,5853143.738054313,0.1898,15
348,0.5,419881.9447642567,5853144.040035712,0.1898,15
348,1.0,419882.3809596102,5853144.274910133,0.1898,15
348,1.5,419882.8171549638,5853144.509784554,0.1898,15
348,2.0,419883.25335031736,5853144.7782124635,0.1501,15
348,2.5,419883.68954567093,5853145.013086885,0.1501,15
348,3.0,419884.1257410245,5853145.247961306,0.1501,15
348,3.5,419884.52838288934,5853145.516389216,0.1342,15
349,0.0,419884.4948294006,5853000.397550434,0.3614,57
349,0.5,419884.83036428795,5853000.76663881,0.3355,57
349,1.0,419885.0987921978,5853001.202834164,0.2847,57
349,1.5,419885.36722010776,5853001.605476028,0.242,57
349,2.0,419885.6020945289,5853002.041671382,0.3001,57
349,2.5,419885.83696895005,5853002.477866735,0.3001,57
349,3.0,419886.13895034866,5853002.914062089,0.3614,57
349,3.5,419886.40737825853,5853003.316703954,0.3355,57
350,0.0,419788.16276324034,5853015.161085478,0.5241,63
350,0.5,419787.72656788677,5853015.429513387,0.541,63
350,1.0,419787.323926022,5853015.697941298,0.541,63
350,1.5,419786.8877306684,5853015.932815718,0.6187,63
350,2.0,419786.45153531485,5853016.201243629,0.6711,63
350,2.5,419786.0153399613,5853016.469671538,0.7228,63
350,3.0,419785.61269809643,5853016.738099448,0.7503,63
350,3.5,419785.17650274286,5853017.006527359,0.7826,63
351,0.0,420133.22684139846,5852817.363269381,0.1501,280
351,0.5,420132.8241995336,5852817.665250779,0.242,280
351,1.0,420132.42155766883,5852817.933678689,0.242,280
351,1.5,420131.98536231526,5852818.235660088,0.2767,280
351,2.0,420131.5827204504,5852818.504087998,0.242,280
351,2.5,420131.1800785856,5852818.806069396,0.242,280
351,3.0,420130.77743672073,5852819.108050795,0.242,280
351,3.5,420130.37479485595,5852819.410032194,0.242,280
352,0.0,419904.7946900857,5853162.628668471,0.3614,36
352,0.5,419904.3584947321,5853162.863542892,0.3614,36
352,1.0,419903.8887458898,5853163.064863825,0.3355,36
352,1.5,419903.45255053625,5853163.266184757,0.2767,36
352,2.0,419902.98280169396,5853163.46750569,0.242,36
352,2.5,419902.51305285166,5853163.635273133,0.242,36
352,3.0,419902.04330400936,5853163.836594066,0.3001,36
352,3.5,419901.6071086558,5853164.037914998,0.3614,36
353,0.0,419883.68954567093,5852790.755352814,0.3614,171
353,0.5,419883.42111776106,5852791.157994678,0.3001,171
353,1.0,419883.1526898512,5852791.594190031,0.3001,171
353,1.5,419882.8842619413,5852792.030385385,0.3001,171
353,2.0,419882.64938752016,5852792.466580739,0.3355,171
353,2.5,419882.3809596102,5852792.869222604,0.3355,171
353,3.0,419882.1460851891,5852793.305417958,0.3355,171
353,3.5,419881.84410379047,5852793.741613311,0.3913,171
354,0.0,419921.80630887474,5852760.456552485,0.4745,179
354,0.5,419921.5714344536,5852760.892747839,0.3355,179
354,1.0,419921.30300654366,5852761.328943192,0.3796,179
354,1.5,419921.0345786338,5852761.7315850565,0.3913,179
354,2.0,419920.7325972352,5852762.134226922,0.3913,179
354,2.5,419920.4641693253,5852762.570422275,0.4297,179
354,3.0,419920.1957414154,5852762.97306414,0.4297,179
354,3.5,419919.86020652804,5852763.375706005,0.3614,179
355,0.0,420228.1832145205,5852997.713271336,0.3001,150
355,0.5,420228.6865168516,5852997.813931801,0.2684,150
355,1.0,420229.1562656939,5852997.813931801,0.2767,150
355,1.5,420229.6595680249,5852997.914592268,0.2684,150
355,2.0,420230.1293168672,5852998.048806222,0.2767,150
355,2.5,420230.63261919824,5852998.183020177,0.2013,150
355,3.0,420231.10236804053,5852998.350787621,0.1898,150
355,3.5,420231.57211688283,5852998.552108553,0.1501,150
356,0.0,419978.2097234395,5853133.7055611815,0.5694,44
356,0.5,419978.4445978606,5853134.141756535,0.2847,44
356,1.0,419978.78013274795,5853134.5108449105,0.242,44
356,1.5,419979.14922112407,5853134.879933286,0.2847,44
356,2.0,419979.4847560114,5853135.249021663,0.2847,44
356,2.5,419979.8202908988,5853135.618110039,0.2847,44
356,3.0,419980.1558257861,5853135.953644927,0.2847,44
356,3.5,419980.52491416223,5853136.289179814,0.2767,44
357,0.0,419891.20552714774,5852884.570907318,0.4026,113
357,0.5,419891.0042062153,5852885.040656161,0.5111,113
357,1.0,419890.8028852829,5852885.476851515,0.541,113
357,1.5,419890.6015643505,5852885.946600356,0.541,113
357,2.0,419890.40024341806,5852886.38279571,0.5734,113
357,2.5,419890.1989224857,5852886.852544553,0.5734,113
357,3.0,419889.9976015533,5852887.322293395,0.5534,113
357,3.5,419889.7627271321,5852887.758488748,0.6002,113
358,0.0,419949.82347196905,5852949.060712668,0.2013,156
358,0.5,419949.320169638,5852949.094266158,0.2013,156
358,1.0,419948.81686730694,5852949.161373135,0.1898,156
358,1.5,419948.34711846465,5852949.228480112,0.2013,156
358,2.0,419947.8438161336,5852949.329140578,0.2013,156
358,2.5,419947.3405138026,5852949.3962475555,0.1898,156
358,3.0,419946.8707649603,5852949.496908022,0.1342,156
358,3.5,419946.3674626293,5852949.631121977,0.1342,156
359,0.0,419948.4477789309,5852956.476033679,0.4026,151
359,0.5,419948.9175277732,5852956.610247634,0.3614,151
359,1.0,419949.3872766155,5852956.778015078,0.3422,151
359,1.5,419949.8905789465,5852956.912229032,0.3355,151
359,2.0,419950.3267743001,5852957.147103454,0.3614,151
359,2.5,419950.7965231424,5852957.348424386,0.3614,151
359,3.0,419951.26627198467,5852957.51619183,0.3422,151
359,3.5,419951.73602082697,5852957.683959274,0.3614,151
360,0.0,419884.7632573105,5852904.199698228,0.2767,103
360,0.5,419885.2330061528,5852904.367465672,0.2767,103
360,1.0,419885.7027549951,5852904.568786605,0.2684,103
360,1.5,419886.1725038374,5852904.736554049,0.242,103
360,2.0,419886.60869919095,5852904.937874981,0.2684,103
360,2.5,419887.07844803325,5852905.139195913,0.242,103
360,3.0,419887.54819687555,5852905.340516846,0.242,103
360,3.5,419887.9843922291,5852905.541837778,0.2122,103
361,0.0,419917.8805506926,5853117.3314586785,0.4244,43
361,0.5,419918.3502995349,5853117.465672633,0.3355,43
361,1.0,419918.7864948885,5853117.700547054,0.3355,43
361,1.5,419919.22269024205,5853118.002528453,0.3355,43
361,2.0,419919.59177861817,5853118.304509851,0.2847,43
361,2.5,419920.02797397174,5853118.572937761,0.2847,43
361,3.0,419920.4306158366,5853118.841365671,0.242,43
361,3.5,419920.8668111901,5853119.14334707,0.242,43
362,0.0,419997.93917481607,5853121.223663371,0.1501,46
362,0.5,419998.4424771471,5853121.290770349,0.1342,46
362,1.0,419998.9122259894,5853121.391430815,0.1342,46
362,1.5,419999.4155283204,5853121.52564477,0.1342,46
362,2.0,419999.8852771627,5853121.693412214,0.1342,46
362,2.5,420000.355026005,5853121.827626169,0.1342,46
362,3.0,420000.85832833603,5853121.961840124,0.1342,46
362,3.5,420001.3280771784,5853122.129607568,0.1501,46
363,0.0,419871.0398804176,5852881.148451467,0.4244,109
363,0.5,419870.83855948516,5852881.61820031,0.3913,109
363,1.0,419870.603685064,5852882.054395664,0.3913,109
363,1.5,419870.36881064286,5852882.490591017,0.3614,109
363,2.0,419870.16748971044,5852882.960339859,0.3913,109
363,2.5,419869.9326152893,5852883.396535213,0.4244,109
363,3.0,419869.6641873794,5852883.832730566,0.4244,109
363,3.5,419869.3286524921,5852884.168265454,0.1501,109
364,0.0,419922.5109321382,5853120.384826153,0.3001,43
364,0.5,419923.0142344692,5853120.351272664,0.2684,43
364,1.0,419923.4839833115,5853120.485486619,0.242,43
364,1.5,419923.9537321538,5853120.653254063,0.3001,43
364,2.0,419924.4234809961,5853120.821021507,0.3355,43
364,2.5,419924.92678332713,5853120.955235462,0.3001,43
364,3.0,419925.3965321694,5853121.055895927,0.2013,43
364,3.5,419925.89983450045,5853121.1901098825,0.1342,43
365,0.0,419941.4015462964,5852922.419242612,0.5369,147
365,0.5,419941.2673323414,5852922.888991455,0.604,147
365,1.0,419941.20022536395,5852923.392293786,0.604,147
365,1.5,419941.20022536395,5852923.895596117,0.5369,147
365,2.0,419941.20022536395,5852924.398898448,0.4697,147
365,2.5,419941.20022536395,5852924.902200779,0.4026,147
365,3.0,419940.99890443153,5852925.338396132,0.604,147
365,3.5,419940.9317974541,5852925.841698463,0.5369,147
366,0.0,419897.010280699,5853093.3071607435,0.2684,17
366,0.5,419896.8760667441,5853093.776909586,0.1342,17
366,1.0,419896.7082993004,5853094.246658428,0.242,17
366,1.5,419896.506978368,5853094.71640727,0.2767,17
366,2.0,419896.30565743556,5853095.186156113,0.2767,17
366,2.5,419896.10433650314,5853095.622351466,0.2013,17
366,3.0,419895.9365690595,5853096.092100308,0.2122,17
366,3.5,419895.7688016158,5853096.561849151,0.3001,17
367,0.0,419957.9769697318,5852764.482971134,0.242,197
367,0.5,419957.60788135574,5852764.818506021,0.242,197
367,1.0,419957.2387929796,5852765.154040908,0.2847,197
367,1.5,419956.86970460357,5852765.489575795,0.3355,197
367,2.0,419956.50061622745,5852765.858664172,0.3355,197
367,2.5,419956.16508134006,5852766.227752548,0.3001,197
367,3.0,419955.82954645273,5852766.563287435,0.2847,197
367,3.5,419955.4604580766,5852766.932375811,0.3355,197
368,0.0,419996.7648027103,5852909.970898291,0.1342,159
368,0.5,419996.3957143342,5852910.3064331785,0.242,159
368,1.0,419996.0266259581,5852910.641968066,0.1898,159
368,1.5,419995.6239840933,5852910.943949465,0.1898,159
368,2.0,419995.2548957172,5852911.279484352,0.242,159
368,2.5,419994.85225385235,5852911.581465751,0.2847,159
368,3.0,419994.44961198757,5852911.883447149,0.2847,159
368,3.5,419994.0469701227,5852912.185428548,0.3355,159
369,0.0,420145.5409717645,5852952.852256896,0.1501,225
369,0.5,420146.0107206068,5852953.053577828,0.1501,225
369,1.0,420146.44691596035,5852953.2548987605,0.1342,225
369,1.5,420146.91666480264,5852953.489773181,0.1342,225
369,2.0,420147.38641364494,5852953.623987136,0.0671,225
369,2.5,420147.85616248724,5852953.79175458,0.1501,225
369,3.0,420148.32591132954,5852953.959522024,0.1342,225
369,3.5,420148.7621066831,5852954.194396445,0.1898,225
370,0.0,419881.8776572792,5853144.61044502,0.1898,15
370,0.5,419882.28029914404,5853144.912426419,0.1501,15
370,1.0,419882.64938752016,5853145.214407817,0.1342,15
370,1.5,419883.0855828737,5853145.516389216,0.1501,15
370,2.0,419883.4546712498,5853145.818370615,0.1501,15
370,2.5,419883.8237596259,5853146.1539055025,0.1342,15
370,3.0,419884.22640149074,5853146.4558869,0.1342,15
370,3.5,419884.6290433555,5853146.757868299,0.0949,15
371,0.0,419903.92229937855,5852891.617139953,0.3355,107
371,0.5,419904.29138775467,5852891.986228329,0.3355,107
371,1.0,419904.62692264206,5852892.3217632165,0.3355,107
371,1.5,419904.9624575294,5852892.690851592,0.3355,107
371,2.0,419905.3315459055,5852893.059939968,0.3355,107
371,2.5,419905.70063428156,5852893.395474856,0.2847,107
371,3.0,419906.03616916895,5852893.731009743,0.3001,107
371,3.5,419906.43881103373,5852894.032991142,0.242,107
372,0.0,419938.1133044003,5852921.211317018,0.4697,145
372,0.5,419938.0461974228,5852921.714619349,0.604,145
372,1.0,419938.0461974228,5852922.21792168,0.604,145
372,1.5,419938.0461974228,5852922.721224011,0.604,145
372,2.0,419938.01264393405,5852923.190972853,0.5369,145
372,2.5,419938.01264393405,5852923.694275185,0.604,145
372,3.0,419937.9790904453,5852924.197577516,0.604,145
372,3.5,419937.9455369566,5852924.700879847,0.6711,145
373,0.0,419874.5629967348,5852921.647512372,0.1342,81
373,0.5,419874.0596944038,5852921.647512372,0.3355,81
373,1.0,419873.55639207276,5852921.714619349,0.4082,81
373,1.5,419873.08664323046,5852921.815279815,0.4082,81
373,2.0,419872.58334089944,5852921.915940281,0.4082,81
373,2.5,419872.11359205714,5852922.016600748,0.4026,81
373,3.0,419871.61028972606,5852922.117261213,0.4697,81
373,3.5,419871.14054088376,5852922.251475168,0.5111,81
374,0.0,420178.859586079,5852994.4585829275,0.2684,243
374,0.5,420179.36288841005,5852994.4585829275,0.2013,243
374,1.0,420179.86619074113,5852994.492136417,0.1898,243
374,1.5,420180.3359395834,5852994.592796883,0.1501,243
374,2.0,420180.83924191445,5852994.727010838,0.1898,243
374,2.5,420181.30899075675,5852994.827671304,0.1501,243
374,3.0,420181.8122930878,5852994.92833177,0.1342,243
374,3.5,420182.3155954188,5852995.028992237,0.1342,243
375,0.0,420176.07464651397,5853010.128062167,0.1342,256
375,0.5,420176.04109302524,5853010.631364498,0.0671,256
375,1.0,420175.9068790703,5853011.101113341,0.2013,256
375,1.5,420175.77266511536,5853011.604415672,0.2013,256
375,2.0,420175.70555813785,5853012.074164514,0.2013,256
375,2.5,420175.6720046491,5853012.5774668455,0.2013,256
375,3.0,420175.6384511604,5853013.080769177,0.2013,256
375,3.5,420175.60489767167,5853013.584071508,0.2684,256
376,0.0,420103.59911084484,5852824.677929925,0.2013,266
376,0.5,420104.06885968713,5852824.81214388,0.1501,266
376,1.0,420104.57216201816,5852824.879250858,0.2013,266
376,1.5,420105.0754643492,5852824.9128043465,0.2013,266
376,2.0,420105.5787666802,5852825.013464812,0.1342,266
376,2.5,420106.04851552256,5852825.08057179,0.2013,266
376,3.0,420106.5518178536,5852825.181232256,0.1898,266
376,3.5,420107.0551201846,5852825.248339234,0.1898,266
377,0.0,420028.4057425881,5852878.363511902,0.0671,162
377,0.5,420028.17086816696,5852878.799707256,0.3614,162
377,1.0,420028.00310072326,5852879.269456098,0.4502,162
377,1.5,420027.80177979084,5852879.73920494,0.4502,162
377,2.0,420027.5669053697,5852880.175400294,0.3913,162
377,2.5,420027.36558443727,5852880.645149136,0.3614,162
377,3.0,420027.1978169936,5852881.08134449,0.3422,162
377,3.5,420026.9964960612,5852881.5510933325,0.3913,162
378,0.0,419963.00999304216,5853103.238993409,0.4026,48
378,0.5,419962.50669071113,5853103.238993409,0.4026,48
378,1.0,419962.0033883801,5853103.272546898,0.3001,48
378,1.5,419961.5000860491,5853103.272546898,0.2684,48
378,2.0,419960.99678371806,5853103.272546898,0.2684,48
378,2.5,419960.5270348757,5853103.272546898,0.2684,48
378,3.0,419960.0237325447,5853103.306100386,0.2684,48
378,3.5,419959.52043021366,5853103.339653876,0.3001,48
379,0.0,420029.71432864876,5852879.235902609,0.0671,162
379,0.5,420029.4459007389,5852879.638544475,0.3614,162
379,1.0,420029.1439193403,5852880.074739828,0.4297,162
379,1.5,420028.8754914304,5852880.477381692,0.4297,162
379,2.0,420028.539956543,5852880.846470069,0.3796,162
379,2.5,420028.2379751444,5852881.249111934,0.3355,162
379,3.0,420027.9359937458,5852881.651753798,0.3796,162
379,3.5,420027.6004588584,5852882.020842174,0.3796,162
380,0.0,419773.23146075296,5853200.678324698,0.3913,4
380,0.5,419772.72815842193,5853200.745431675,0.3913,4
380,1.0,419772.25840957963,5853200.812538653,0.4026,4
380,1.5,419771.7551072486,5853200.87964563,0.3355,4
380,2.0,419771.2518049176,5853200.980306096,0.3913,4
380,2.5,419770.7485025865,5853201.0474130735,0.3422,4
380,3.0,419770.2787537442,5853201.1145200515,0.4026,4
380,3.5,419769.7754514132,5853201.14807354,0.4026,4
381,0.0,419873.85837347136,5852946.275773103,0.2767,65
381,0.5,419873.4557316066,5852946.544201014,0.4297,65
381,1.0,419873.05308974173,5852946.879735901,0.3913,65
381,1.5,419872.6504478769,5852947.14816381,0.3796,65
381,2.0,419872.24780601205,5852947.483698698,0.4297,65
381,2.5,419871.878717636,5852947.785680097,0.3796,65
381,3.0,419871.47607577115,5852948.087661495,0.3913,65
381,3.5,419871.0734339063,5852948.389642893,0.4244,65
382,0.0,419987.53759330796,5852791.157994678,0.1342,208
382,0.5,419987.97378866153,5852791.392869099,0.3001,208
382,1.0,419988.44353750383,5852791.594190031,0.3001,208
382,1.5,419988.8797328574,5852791.7955109645,0.3422,208
382,2.0,419989.3494816997,5852791.996831897,0.3355,208
382,2.5,419989.78567705327,5852792.2317063175,0.2767,208
382,3.0,419990.25542589556,5852792.43302725,0.2767,208
382,3.5,419990.69162124913,5852792.634348183,0.2767,208
383,0.0,420192.3816420395,5852936.578814859,0.6844,241
383,0.5,420192.5158559945,5852937.048563701,0.7006,241
383,1.0,420192.6500699494,5852937.551866032,0.7228,241
383,1.5,420192.75073041563,5852938.021614875,0.6744,241
383,2.0,420192.88494437054,5852938.524917206,0.6844,241
383,2.5,420193.0191583255,5852938.994666047,0.7006,241
383,3.0,420193.1533722805,5852939.46441489,0.7412,241
383,3.5,420193.25403274666,5852939.967717221,0.6744,241
384,0.0,419824.03144269885,5852918.661251874,0.0671,79
384,0.5,419824.33342409745,5852919.063893739,0.3355,79
384,1.0,419824.66895898484,5852919.432982115,0.3796,79
384,1.5,419825.00449387217,5852919.802070491,0.3796,79
384,2.0,419825.3735822483,5852920.171158867,0.3796,79
384,2.5,419825.7091171356,5852920.506693754,0.3796,79
384,3.0,419826.07820551173,5852920.842228642,0.4297,79
384,3.5,419826.4472938878,5852921.177763529,0.4297,79
385,0.0,420164.86778127623,5853012.644573823,0.3355,255
385,0.5,420164.9684417425,5853013.147876154,0.2684,255
385,1.0,420165.1026556974,5853013.617624996,0.2122,255
385,1.5,420165.3039766298,5853014.087373838,0.2684,255
385,2.0,420165.4717440735,5853014.55712268,0.1898,255
385,2.5,420165.6730650059,5853014.993318034,0.1501,255
385,3.0,420165.90793942707,5853015.429513387,0.1342,255
385,3.5,420166.17636733694,5853015.865708741,0.0949,255
386,0.0,419946.26680216304,5852950.771940594,0.5369,153
386,0.5,419945.763499832,5852950.805494083,0.3614,153
386,1.0,419945.2937509897,5852950.939708037,0.3422,153
386,1.5,419944.8240021474,5852951.107475481,0.2684,153
386,2.0,419944.3542533051,5852951.275242925,0.3355,153
386,2.5,419943.8845044628,5852951.476563858,0.2767,153
386,3.0,419943.44830910926,5852951.67788479,0.242,153
386,3.5,419942.97856026696,5852951.879205722,0.1342,153
387,0.0,419885.30011313024,5853003.618685353,0.4745,57
387,0.5,419885.4343270852,5853004.088434195,0.4026,57
387,1.0,419885.6020945289,5853004.558183038,0.3001,57
387,1.5,419885.76986197254,5853005.061485369,0.3001,57
387,2.0,419885.93762941624,5853005.53123421,0.3422,57
387,2.5,419886.10539685993,5853005.967429564,0.4082,57
387,3.0,419886.3402712811,5853006.437178407,0.3355,57
387,3.5,419886.5415922135,5853006.87337376,0.1898,57
388,0.0,419976.1965141153,5853275.3683906235,0.2122,24
388,0.5,419975.9951931829,5853275.838139466,0.2122,24
388,1.0,419975.7938722505,5853276.274334819,0.2122,24
388,1.5,419975.59255131806,5853276.744083662,0.2122,24
388,2.0,419975.3576768969,5853277.180279015,0.3001,24
388,2.5,419975.0556954983,5853277.58292088,0.242,24
388,3.0,419974.82082107716,5853278.019116233,0.242,24
388,3.5,419974.585946656,5853278.455311587,0.242,24
389,0.0,420118.6310737984,5852814.175687951,0.0671,275
389,0.5,420118.3626458885,5852814.5783298155,0.3001,275
389,1.0,420118.0271110012,5852814.9474181915,0.4297,275
389,1.5,420117.6580226251,5852815.282953079,0.4745,275
389,2.0,420117.25538076024,5852815.618487966,0.4745,275
389,2.5,420116.8862923842,5852815.954022854,0.5241,275
389,3.0,420116.48365051934,5852816.2560042525,0.4839,275
389,3.5,420116.0810086545,5852816.557985651,0.4745,275
390,0.0,419904.76113659696,5853162.12536614,0.5734,36
390,0.5,419904.29138775467,5853162.259580095,0.5534,36
390,1.0,419903.78808542364,5853162.39379405,0.541,36
390,1.5,419903.31833658135,5853162.561561494,0.4885,36
390,2.0,419902.84858773905,5853162.695775448,0.5111,36
390,2.5,419902.37883889675,5853162.8299894035,0.6366,36
390,3.0,419901.90909005445,5853162.997756847,0.8053,36
390,3.5,419901.43934121216,5853163.199077779,0.9608,36
391,0.0,419893.1851829832,5853241.0096181575,0.4244,19
391,0.5,419892.7154341409,5853241.177385601,0.4244,19
391,1.0,419892.2456852986,5853241.311599556,0.4082,19
391,1.5,419891.7759364562,5853241.512920489,0.4502,19
391,2.0,419891.3061876139,5853241.680687932,0.4697,19
391,2.5,419890.8364387716,5853241.848455376,0.4502,19
391,3.0,419890.3331364406,5853241.982669331,0.5369,19
391,3.5,419889.8633875983,5853242.116883286,0.6331,19
392,0.0,419894.6279829988,5852865.176990829,0.0671,122
392,0.5,419894.1582341565,5852865.277651295,0.3355,122
392,1.0,419893.65493182547,5852865.311204785,0.4026,122
392,1.5,419893.1516294944,5852865.277651295,0.4026,122
392,2.0,419892.64832716336,5852865.2440978065,0.4026,122
392,2.5,419892.14502483234,5852865.210544318,0.4026,122
392,3.0,419891.6417225013,5852865.210544318,0.4026,122
392,3.5,419891.1384201703,5852865.176990829,0.4697,122
393,0.0,419830.07107067126,5853052.00281611,0.0671,54
393,0.5,419829.56776834023,5853052.0363695985,0.1342,54
393,1.0,419829.0644660092,5853052.069923087,0.1898,54
393,1.5,419828.5611636782,5853052.069923087,0.2013,54
393,2.0,419828.0578613471,5853052.103476576,0.2013,54
393,2.5,419827.5881125048,5853052.103476576,0.2684,54
393,3.0,419827.0848101738,5853052.137030065,0.2122,54
394,0.0,419871.14054088376,5852849.843046477,0.3001,143
394,0.5,419870.67079204146,5852850.044367409,0.3001,143
394,1.0,419870.20104319917,5852850.212134853,0.2767,143
394,1.5,419869.7648478456,5852850.413455785,0.2767,143
394,2.0,419869.2615455146,5852850.54766974,0.3614,143
394,2.5,419868.7917966723,5852850.715437184,0.4244,143
394,3.0,419868.32204783,5852850.883204628,0.3614,143
395,0.0,419964.7212209677,5853104.816007379,0.4244,48
395,0.5,419965.22452329873,5853104.8831143575,0.4026,48
395,1.0,419965.69427214103,5853104.950221335,0.4026,48
395,1.5,419966.19757447205,5853105.050881801,0.4026,48
395,2.0,419966.7008768031,5853105.08443529,0.4244,48
395,2.5,419967.20417913416,5853105.117988778,0.5369,48
395,3.0,419967.7074814652,5853105.185095755,0.6002,48
396,0.0,419905.9355087027,5852773.408199137,0.2767,175
396,0.5,419905.8012947478,5852773.87794798,0.4502,175
396,1.0,419905.5999738154,5852774.347696821,0.4502,175
396,1.5,419905.4322063717,5852774.817445664,0.4502,175
396,2.0,419905.23088543926,5852775.287194506,0.4745,175
396,2.5,419905.02956450684,5852775.723389859,0.5111,175
396,3.0,419904.8282435744,5852776.193138702,0.541,175
397,0.0,419922.3767181832,5852760.490105974,0.3913,178
397,0.5,419922.2089507395,5852760.959854816,0.4745,178
397,1.0,419922.0076298071,5852761.429603659,0.5111,178
397,1.5,419921.80630887474,5852761.865799012,0.541,178
397,2.0,419921.6049879423,5852762.335547854,0.541,178
397,2.5,419921.4036670099,5852762.771743208,0.5734,178
397,3.0,419921.2023460775,5852763.24149205,0.5734,178
398,0.0,420189.529595497,5852939.061773025,0.1342,242
398,0.5,420189.9993443393,5852939.229540469,0.2684,242
398,1.0,420190.4690931816,5852939.397307913,0.3001,242
398,1.5,420190.9388420239,5852939.5650753565,0.2767,242
398,2.0,420191.4085908662,5852939.7328428,0.2767,242
398,2.5,420191.8783397085,5852939.934163732,0.3001,242
398,3.0,420192.3480885508,5852940.101931176,0.3001,242
399,0.0,419772.56039097824,5853197.322975824,0.242,4
399,0.5,419772.1577491134,5853197.6249572225,0.2767,4
399,1.0,419771.78866073734,5853197.96049211,0.2847,4
399,1.5,419771.4195723612,5853198.296026997,0.3355,4
399,2.0,419771.15114445135,5853198.698668862,0.3913,4
399,2.5,419770.815609564,5853199.067757239,0.3796,4
399,3.0,419770.4800746766,5853199.436845615,0.3001,4
400,0.0,419892.44700623094,5853205.711348008,0.2847,11
400,0.5,419892.78254111833,5853206.080436384,0.1898,11
400,1.0,419893.08452251693,5853206.483078249,0.1898,11
400,1.5,419893.45361089305,5853206.852166625,0.1501,11
400,2.0,419893.7891457804,5853207.221255001,0.1501,11
400,2.5,419894.12468066777,5853207.556789888,0.0949,11
400,3.0,419894.42666206637,5853207.9594317535,0.0949,11
401,0.0,419958.58093252906,5853234.567348321,0.5241,21
401,0.5,419958.9500209052,5853234.902883208,0.4745,21
401,1.0,419959.35266276996,5853235.204864606,0.5241,21
401,1.5,419959.7217511461,5853235.540399494,0.5241,21
401,2.0,419960.1243930109,5853235.8423808925,0.4839,21
401,2.5,419960.5270348757,5853236.110808803,0.3796,21
401,3.0,419960.9632302293,5853236.379236712,0.3913,21
402,0.0,419952.5748580454,5852811.222980943,0.2013,211
402,0.5,419952.1386626918,5852811.457855363,0.2122,211
402,1.0,419951.73602082697,5852811.759836762,0.2767,211
402,1.5,419951.3333789621,5852812.028264672,0.2767,211
402,2.0,419950.89718360855,5852812.33024607,0.3001,211
402,2.5,419950.49454174377,5852812.598673981,0.2847,211
402,3.0,419950.0583463902,5852812.86710189,0.3355,211
403,0.0,419919.356904197,5852764.31520369,0.0671,179
403,0.5,419919.02136930963,5852764.684292066,0.242,179
403,1.0,419918.719387911,5852765.08693393,0.3614,179
403,1.5,419918.4174065124,5852765.489575795,0.3913,179
403,2.0,419918.1825320913,5852765.925771149,0.4244,179
403,2.5,419917.8805506926,5852766.328413013,0.4297,179
403,3.0,419917.61212278274,5852766.764608367,0.4297,179
404,0.0,419952.2728766467,5852959.428740688,0.1898,152
404,0.5,419952.7426254891,5852959.596508131,0.1342,152
404,1.0,419953.2123743314,5852959.7307220865,0.1501,152
404,1.5,419953.68212317367,5852959.89848953,0.1342,152
404,2.0,419954.1854255047,5852960.032703485,0.1898,152
404,2.5,419954.655174347,5852960.16691744,0.1501,152
404,3.0,419955.1249231893,5852960.334684883,0.1342,152
405,0.0,419955.56111854286,5852956.778015078,0.1342,151
405,0.5,419955.09136970056,5852956.945782522,0.1342,151
405,1.0,419954.58806736954,5852957.046442987,0.2013,151
405,1.5,419954.11831852724,5852957.147103454,0.2013,151
405,2.0,419953.61501619616,5852957.281317409,0.1898,151
405,2.5,419953.14526735386,5852957.415531363,0.1342,151
405,3.0,419952.67551851156,5852957.5497453185,0.1501,151
406,0.0,419948.3135649759,5852956.610247634,0.3001,151
406,0.5,419948.6490998633,5852956.97933601,0.242,151
406,1.0,419949.01818823937,5852957.314870898,0.2767,151
406,1.5,419949.4208301042,5852957.583298807,0.2847,151
406,2.0,419949.82347196905,5852957.885280206,0.242,151
406,2.5,419950.2596673226,5852958.153708116,0.242,151
406,3.0,419950.6623091874,5852958.455689514,0.242,151
407,0.0,419869.99972226674,5852908.494544787,0.242,95
407,0.5,419869.69774086814,5852908.897186652,0.242,95
407,1.0,419869.3622059808,5852909.266275028,0.242,95
407,1.5,419869.0266710934,5852909.635363404,0.1342,95
407,2.0,419868.65758271737,5852909.970898291,0.0671,95
407,2.5,419868.38915480743,5852910.3735401565,0.242,95
407,3.0,419868.0536199201,5852910.776182021,0.242,95
408,0.0,420205.1319677591,5852823.570664797,0.2684,294
408,0.5,420205.2997352028,5852824.0404136395,0.2122,294
408,1.0,420205.46750264644,5852824.510162481,0.2122,294
408,1.5,420205.6017166014,5852824.979911324,0.242,294
408,2.0,420205.7694840451,5852825.449660166,0.2684,294
408,2.5,420205.93725148874,5852825.919409009,0.242,294
408,3.0,420206.13857242116,5852826.38915785,0.2013,294
409,0.0,419871.77805716975,5852916.278954173,0.0671,93
409,0.5,419871.30830832745,5852916.480275106,0.4297,93
409,1.0,419870.9727734401,5852916.815809993,0.4244,93
409,1.5,419870.63723855274,5852917.18489837,0.3796,93
409,2.0,419870.3017036654,5852917.587540234,0.4297,93
409,2.5,419869.99972226674,5852917.95662861,0.4745,93
409,3.0,419869.6641873794,5852918.359270475,0.4839,93
410,0.0,419993.1745794156,5852914.970368113,0.2684,158
410,0.5,419993.10747243813,5852915.473670444,0.242,158
410,1.0,419993.0068119719,5852915.943419286,0.2684,158
410,1.5,419992.872598017,5852916.446721617,0.3001,158
410,2.0,419992.738384062,5852916.91647046,0.3355,158
410,2.5,419992.60417010705,5852917.386219302,0.3422,158
410,3.0,419992.46995615214,5852917.889521633,0.3422,158
411,0.0,420180.47015353834,5853006.705606316,0.242,256
411,0.5,420180.20172562846,5853007.14180167,0.3001,256
411,1.0,420179.9668512073,5853007.577997023,0.3355,256
411,1.5,420179.69842329744,5853007.980638889,0.3913,256
411,2.0,420179.42999538756,5853008.416834242,0.3614,256
411,2.5,420179.1951209664,5853008.853029596,0.3614,256
411,3.0,420178.92669305654,5853009.289224949,0.3001,256
412,0.0,419847.25045690394,5852939.162433491,0.1898,71
412,0.5,419846.8478150391,5852939.46441489,0.242,71
412,1.0,419846.47872666304,5852939.799949777,0.3796,71
412,1.5,419846.10963828693,5852940.135484665,0.3355,71
412,2.0,419845.7069964221,5852940.437466064,0.2847,71
412,2.5,419845.337908046,5852940.773000951,0.2847,71
412,3.0,419844.9688196699,5852941.108535838,0.3355,71
413,0.0,419979.1827746128,5853133.571347226,0.8053,44
413,0.5,419979.6860769438,5853133.537793738,0.7382,44
413,1.0,419980.18937927485,5853133.504240248,0.6711,44
413,1.5,419980.69268160587,5853133.47068676,0.5369,44
413,2.0,419981.1624304482,5853133.504240248,0.4697,44
413,2.5,419981.66573277925,5853133.571347226,0.3355,44
413,3.0,419982.1690351103,5853133.6384542035,0.3355,44
414,0.0,419905.5999738154,5852900.206833069,0.242,91
414,0.5,419905.9355087027,5852900.575921445,0.2767,91
414,1.0,419906.2710435901,5852900.945009821,0.2847,91
414,1.5,419906.6065784774,5852901.314098198,0.2847,91
414,2.0,419906.9421133648,5852901.683186574,0.242,91
414,2.5,419907.2440947634,5852902.085828438,0.1898,91
414,3.0,419907.57962965075,5852902.454916814,0.1898,91
415,0.0,419885.7363084838,5852807.632757647,0.1342,170
415,0.5,419885.2330061528,5852807.666311136,0.1898,170
415,1.0,419884.72970382177,5852807.733418114,0.1342,170
415,1.5,419884.25995497947,5852807.766971602,0.1501,170
415,2.0,419883.7566526484,5852807.83407858,0.1898,170
415,2.5,419883.25335031736,5852807.901185557,0.1501,170
415,3.0,419882.75004798634,5852808.001846024,0.1898,170
416,0.0,419870.83855948516,5852948.75873127,0.242,69
416,0.5,419871.2747548387,5852948.993605691,0.2013,69
416,1.0,419871.744503681,5852949.161373135,0.242,69
416,1.5,419872.2142525233,5852949.329140578,0.2122,69
416,2.0,419872.6840013656,5852949.530461511,0.2013,69
416,2.5,419873.1537502079,5852949.698228954,0.2013,69
416,3.0,419873.6234990502,5852949.899549887,0.1342,69
417,0.0,420114.77242259384,5852943.45728005,0.5369,222
417,0.5,420114.77242259384,5852943.96058238,0.541,222
417,1.0,420114.73886910506,5852944.463884711,0.5369,222
417,1.5,420114.70531561633,5852944.967187042,0.5369,222
417,2.0,420114.6717621276,5852945.436935885,0.5369,222
417,2.5,420114.60465515015,5852945.940238216,0.4502,222
417,3.0,420114.5039946839,5852946.443540547,0.3355,222
418,0.0,419894.6279829988,5853164.608324307,0.4026,36
418,0.5,419894.12468066777,5853164.608324307,0.3355,36
418,1.0,419893.62137833674,5853164.641877796,0.3355,36
418,1.5,419893.11807600566,5853164.675431284,0.3355,36
418,2.0,419892.64832716336,5853164.708984773,0.2684,36
418,2.5,419892.14502483234,5853164.776091751,0.2684,36
418,3.0,419891.6417225013,5853164.843198728,0.3001,36
419,0.0,419895.03062486363,5853093.94467703,0.3355,17
419,0.5,419895.06417835236,5853094.44797936,0.242,17
419,1.0,419895.1312853298,5853094.951281691,0.2013,17
419,1.5,419895.16483881854,5853095.4210305335,0.1342,17
419,2.0,419895.23194579605,5853095.924332865,0.1342,17
419,2.5,419895.33260626224,5853096.427635196,0.2013,17
419,3.0,419895.3997132397,5853096.930937527,0.2013,17
420,0.0,419870.63723855274,5852909.568256427,0.0949,94
420,0.5,419870.2345966879,5852909.836684336,0.1501,94
420,1.0,419869.7984013344,5852910.105112246,0.1501,94
420,1.5,419869.3622059808,5852910.339986667,0.1342,94
420,2.0,419868.92601062724,5852910.608414577,0.0949,94
420,2.5,419868.5233687624,5852910.910395976,0.1501,94
420,3.0,419868.12072689756,5852911.1788238855,0.1501,94
421,0.0,420093.90215260023,5852795.352180771,0.0671,270
421,0.5,420093.667278179,5852795.788376124,0.2122,270
421,1.0,420093.39885026915,5852796.224571478,0.1898,270
421,1.5,420093.163975848,5852796.660766831,0.2122,270
421,2.0,420092.92910142685,5852797.096962185,0.242,270
421,2.5,420092.660673517,5852797.533157538,0.2767,270
421,3.0,420092.3586921184,5852797.935799403,0.242,270
422,0.0,419851.88083834946,5852940.202591642,0.4885,69
422,0.5,419852.35058719176,5852940.3703590855,0.4502,69
422,1.0,419852.82033603406,5852940.571680019,0.4082,69
422,1.5,419853.2565313876,5852940.8065544395,0.2847,69
422,2.0,419853.7262802299,5852941.007875372,0.3355,69
422,2.5,419854.1960290722,5852941.142089327,0.3913,69
422,3.0,419854.6322244258,5852941.343410259,0.4244,69
423,0.0,419880.23353633116,5852854.1043395465,0.3355,139
423,0.5,419880.7368386622,5852854.171446524,0.3355,139
423,1.0,419881.24014099326,5852854.205000012,0.3355,139
423,1.5,419881.70988983556,5852854.27210699,0.3355,139
423,2.0,419882.2131921666,5852854.372767456,0.2684,139
423,2.5,419882.7164944976,5852854.439874434,0.3001,139
423,3.0,419883.21979682863,5852854.506981411,0.3355,139
424,0.0,420178.22206979303,5852933.0892520305,0.3422,240
424,0.5,420177.75232095073,5852933.257019474,0.3001,240
424,1.0,420177.28257210844,5852933.391233429,0.3355,240
424,1.5,420176.7792697774,5852933.491893895,0.3355,240
424,2.0,420176.3095209351,5852933.693214827,0.4244,240
424,2.5,420175.87332558155,5852933.894535759,0.3913,240
424,3.0,420175.40357673925,5852934.129410181,0.3355,240
425,0.0,420174.5311860321,5852993.519085243,0.604,244
425,0.5,420174.0278837011,5852993.58619222,0.604,244
425,1.0,420173.5581348588,5852993.6532991985,0.604,244
425,1.5,420173.05483252776,5852993.686852687,0.604,244
425,2.0,420172.55153019674,5852993.753959664,0.604,244
425,2.5,420172.0482278657,5852993.787513154,0.604,244
425,3.0,420171.54492553463,5852993.787513154,0.604,244
426,0.0,419924.28926704114,5852762.97306414,0.0671,180
426,0.5,419923.88662517635,5852763.275045539,0.1898,180
426,1.0,419923.51753680024,5852763.610580426,0.2847,180
426,1.5,419923.1820019129,5852763.979668803,0.2847,180
426,2.0,419922.8464670255,5852764.3487571785,0.2847,180
426,2.5,419922.5109321382,5852764.717845554,0.3001,180
426,3.0,419922.1753972508,5852765.08693393,0.3355,180
427,0.0,419950.5280952325,5852761.026961793,0.0671,190
427,0.5,419950.12545336765,5852761.2953897035,0.1501,190
427,1.0,419949.7228115028,5852761.597371102,0.1501,190
427,1.5,419949.320169638,5852761.93290599,0.1501,190
427,2.0,419948.9510812619,5852762.234887388,0.1501,190
427,2.5,419948.54843939707,5852762.570422275,0.1501,190
427,3.0,419948.1457975322,5852762.872403674,0.1501,190
428,0.0,419928.8860949979,5852744.787073245,0.4026,177
428,0.5,419928.7183275543,5852745.256822088,0.3001,177
428,1.0,419928.5505601106,5852745.72657093,0.3614,177
428,1.5,419928.3492391782,5852746.196319772,0.4082,177
428,2.0,419928.14791824576,5852746.632515126,0.4502,177
428,2.5,419927.9130438246,5852747.102263968,0.4502,177
428,3.0,419927.7117228922,5852747.5384593215,0.4244,177
429,0.0,419936.8382718283,5852771.663417723,0.3001,191
429,0.5,419936.502736941,5852772.032506099,0.2847,191
429,1.0,419936.13364856486,5852772.368040986,0.2847,191
429,1.5,419935.76456018875,5852772.737129362,0.242,191
429,2.0,419935.4290253014,5852773.07266425,0.2847,191
429,2.5,419935.0934904141,5852773.441752626,0.2013,191
429,3.0,419934.82506250415,5852773.87794798,0.1501,191
430,0.0,420149.030534593,5852952.046973166,0.2122,225
430,0.5,420148.52723226196,5852952.114080143,0.2013,225
430,1.0,420148.02392993093,5852952.181187121,0.2013,225
430,1.5,420147.55418108864,5852952.21474061,0.242,225
430,2.0,420147.05087875755,5852952.281847587,0.1898,225
430,2.5,420146.5475764265,5852952.315401075,0.2013,225
430,3.0,420146.0442740955,5852952.416061542,0.2013,225
431,0.0,420026.22476582025,5852951.174582459,0.604,161
431,0.5,420026.56030070764,5852951.543670835,0.3796,161
431,1.0,420026.86228210625,5852951.9463126995,0.3796,161
431,1.5,420027.1307100161,5852952.348954565,0.3614,161
431,2.0,420027.36558443727,5852952.8187034065,0.242,161
431,2.5,420027.53335188096,5852953.2548987605,0.2767,161
431,3.0,420027.7682263021,5852953.724647603,0.3614,161
432,0.0,420153.3589346399,5852843.3336696625,0.0671,289
432,0.5,420152.85563230887,5852843.300116174,0.2684,289
432,1.0,420152.35232997785,5852843.300116174,0.242,289
432,1.5,420151.84902764676,5852843.367223151,0.2684,289
432,2.0,420151.37927880447,5852843.434330128,0.2013,289
432,2.5,420150.87597647344,5852843.467883618,0.2013,289
432,3.0,420150.3726741424,5852843.501437106,0.2013,289
433,0.0,419919.1555832646,5852862.123623354,0.2013,127
433,0.5,419919.12202977587,5852862.626925685,0.2122,127
433,1.0,419919.1555832646,5852863.1302280165,0.2684,127
433,1.5,419919.1555832646,5852863.633530348,0.2684,127
433,2.0,419919.1891367533,5852864.103279189,0.2122,127
433,2.5,419919.1891367533,5852864.60658152,0.2684,127
433,3.0,419919.2562437308,5852865.109883851,0.1342,127
434,0.0,419924.2221600637,5852756.161705927,0.4244,178
434,0.5,419924.02083913126,5852756.6314547695,0.4244,178
434,1.0,419923.85307168757,5852757.101203611,0.4502,178
434,1.5,419923.6517507552,5852757.537398965,0.4244,178
434,2.0,419923.4839833115,5852758.007147808,0.4502,178
434,2.5,419923.24910889036,5852758.476896649,0.4502,178
434,3.0,419923.04778795794,5852758.913092003,0.4082,178
435,0.0,420024.34577045107,5852853.097734884,0.1898,166
435,0.5,420024.6813053384,5852853.46682326,0.1898,166
435,1.0,420025.0168402258,5852853.835911636,0.1501,166
435,1.5,420025.3859286019,5852854.205000012,0.1501,166
435,2.0,420025.72146348923,5852854.5405349,0.1501,166
435,2.5,420026.09055186535,5852854.909623276,0.1501,166
435,3.0,420026.4260867527,5852855.278711652,0.0671,166
436,0.0,420188.32166990254,5852992.948675935,0.604,244
436,0.5,420187.81836757145,5852993.015782912,0.5369,244
436,1.0,420187.31506524043,5852993.015782912,0.4745,244
436,1.5,420186.8117629094,5852993.015782912,0.3355,244
436,2.0,420186.3420140671,5852993.015782912,0.3355,244
436,2.5,420185.8387117361,5852993.049336401,0.4026,244
436,3.0,420185.33540940506,5852993.015782912,0.4697,244
437,0.0,419886.5415922135,5852852.69509302,0.2684,138
437,0.5,419886.10539685993,5852852.963520929,0.2767,138
437,1.0,419885.7027549951,5852853.2319488395,0.2122,138
437,1.5,419885.2665596415,5852853.46682326,0.2767,138
437,2.0,419884.83036428795,5852853.735251171,0.2767,138
437,2.5,419884.3941689344,5852853.970125591,0.2847,138
437,3.0,419883.9915270696,5852854.27210699,0.242,138
438,0.0,419994.2818445439,5852908.762972697,0.2122,158
438,0.5,419994.2147375664,5852909.266275028,0.2684,158
438,1.0,419994.1476305889,5852909.769577359,0.2684,158
438,1.5,419994.08052361145,5852910.239326201,0.2684,158
438,2.0,419993.9798631452,5852910.742628532,0.2122,158
438,2.5,419993.8456491903,5852911.212377375,0.3001,158
438,3.0,419993.71143523534,5852911.715679706,0.3913,158
439,0.0,420114.5375481727,5852935.639317174,0.0671,222
439,0.5,420114.43688770646,5852936.109066016,0.1342,222
439,1.0,420114.30267375155,5852936.612368347,0.2684,222
439,1.5,420114.26912026276,5852937.115670678,0.2013,222
439,2.0,420114.369780729,5852937.585419521,0.2013,222
439,2.5,420114.43688770646,5852938.088721852,0.242,222
439,3.0,420114.5039946839,5852938.592024183,0.2013,222
440,0.0,419960.79546278564,5852937.015010213,0.5734,150
440,0.5,419961.26521162794,5852937.216331145,0.541,150
440,1.0,419961.7014069815,5852937.417652077,0.4745,150
440,1.5,419962.1711558238,5852937.585419521,0.4885,150
440,2.0,419962.6409046661,5852937.786740453,0.4502,150
440,2.5,419963.1106535084,5852937.988061385,0.4502,150
441,0.0,419953.9841045723,5852760.825640861,0.0949,189
441,0.5,419953.51435573,5852760.993408305,0.2122,189
441,1.0,419953.0781603764,5852761.228282726,0.1898,189
441,1.5,419952.64196502283,5852761.463157147,0.1501,189
441,2.0,419952.20576966926,5852761.698031568,0.1898,189
441,2.5,419951.7695743157,5852761.93290599,0.2122,189
442,0.0,420157.62022770935,5852912.185428548,0.3355,229
442,0.5,420158.05642306287,5852912.38674948,0.3913,229
442,1.0,420158.49261841644,5852912.65517739,0.3913,229
442,1.5,420158.92881377,5852912.890051811,0.3913,229
442,2.0,420159.3650091236,5852913.124926233,0.4244,229
442,2.5,420159.80120447715,5852913.393354142,0.3913,229
443,0.0,419885.7027549951,5852807.364329738,0.3422,169
443,0.5,419885.19945266406,5852807.364329738,0.3355,169
443,1.0,419884.69615033304,5852807.364329738,0.4026,169
443,1.5,419884.19284800196,5852807.364329738,0.4026,169
443,2.0,419883.68954567093,5852807.364329738,0.4026,169
443,2.5,419883.1862433399,5852807.364329738,0.4026,169
444,0.0,419791.55166560266,5853018.315113419,0.3355,60
444,0.5,419791.08191676036,5853018.516434351,0.541,60
444,1.0,419790.61216791807,5853018.650648306,0.5534,60
444,1.5,419790.14241907577,5853018.81841575,0.5534,60
444,2.0,419789.67267023347,5853018.952629705,0.6002,60
444,2.5,419789.2029213912,5853019.120397149,0.6366,60
445,0.0,419958.0440767093,5852808.1696134675,0.242,212
445,0.5,419957.60788135574,5852808.404487888,0.2122,212
445,1.0,419957.17168600217,5852808.672915799,0.242,212
445,1.5,419956.7690441373,5852808.941343708,0.3001,212
445,2.0,419956.33284878376,5852809.209771618,0.3355,212
445,2.5,419955.9302069189,5852809.478199528,0.3355,212
446,0.0,420161.71375333506,5852982.21155954,0.1501,239
446,0.5,420161.5124324027,5852982.681308381,0.1342,239
446,1.0,420161.3111114703,5852983.117503735,0.2013,239
446,1.5,420161.10979053786,5852983.587252578,0.242,239
446,2.0,420160.90846960543,5852984.023447931,0.2767,239
446,2.5,420160.74070216174,5852984.526750262,0.2767,239
447,0.0,419955.795992964,5853232.45347853,0.7134,21
447,0.5,419956.2321883176,5853232.688352952,0.6844,21
447,1.0,419956.66838367115,5853232.956780861,0.6643,21
447,1.5,419957.0374720472,5853233.25876226,0.6187,21
447,2.0,419957.4736674008,5853233.52719017,0.6366,21
447,2.5,419957.90986275434,5853233.762064591,0.8724,21
448,0.0,420083.768999002,5852821.08770663,0.1501,265
448,0.5,420084.17164086684,5852821.389688029,0.1898,265
448,1.0,420084.54072924296,5852821.725222916,0.1342,265
448,1.5,420084.9769245965,5852821.960097337,0.1342,265
448,2.0,420085.41311995004,5852822.194971759,0.1342,265
448,2.5,420085.8493153036,5852822.42984618,0.1342,265
449,0.0,419939.1870160398,5852874.2699862765,0.5694,134
449,0.5,419938.85148115247,5852874.639074652,0.5694,134
449,1.0,419938.5159462651,5852875.008163028,0.5773,134
449,1.5,419938.18041137775,5852875.377251405,0.6187,134
449,2.0,419937.8448764904,5852875.746339781,0.6187,134
449,2.5,419937.509341603,5852876.115428157,0.6187,134
450,0.0,419921.2358995662,5852776.7971014995,0.4244,177
450,0.5,419920.7661507239,5852776.998422432,0.3913,177
450,1.0,419920.32995537034,5852777.199743364,0.4082,177
450,1.5,419919.86020652804,5852777.401064296,0.3913,177
450,2.0,419919.4240111745,5852777.6023852285,0.4502,177
450,2.5,419918.9542623322,5852777.803706162,0.4745,177
451,0.0,419872.41557345574,5852941.880266079,0.2684,73
451,0.5,419872.88532229804,5852942.048033522,0.2684,73
451,1.0,419873.35507114034,5852942.182247478,0.2684,73
451,1.5,419873.82481998263,5852942.350014921,0.242,73
451,2.0,419874.32812231366,5852942.484228876,0.2684,73
451,2.5,419874.79787115596,5852942.65199632,0.242,73
452,0.0,419879.0591642254,5852901.649633085,0.3001,103
452,0.5,419879.5289130677,5852901.850954018,0.242,103
452,1.0,419879.9651084213,5852902.05227495,0.2684,103
452,1.5,419880.4348572636,5852902.253595882,0.3001,103
452,2.0,419880.87105261715,5852902.454916814,0.3355,103
452,2.5,419881.34080145945,5852902.689791236,0.3355,103
453,0.0,420115.5777063235,5852852.124683711,0.0671,297
453,0.5,420116.0810086545,5852852.158237199,0.1898,297
453,1.0,420116.5507574968,5852852.292451154,0.1898,297
453,1.5,420117.0540598279,5852852.393111621,0.2013,297
453,2.0,420117.5238086702,5852852.527325576,0.2013,297
453,2.5,420118.0271110012,5852852.627986042,0.2122,297
454,0.0,419892.2456852986,5852853.701697681,0.1501,137
454,0.5,419891.84304343374,5852854.00367908,0.1501,137
454,1.0,419891.4404015689,5852854.27210699,0.1898,137
454,1.5,419891.0042062153,5852854.5405349,0.1898,137
454,2.0,419890.6015643505,5852854.842516298,0.1898,137
454,2.5,419890.1653689969,5852855.110944209,0.2122,137
455,0.0,420088.66780835745,5852801.928664562,0.2847,271
455,0.5,420088.29871998134,5852802.26419945,0.3355,271
455,1.0,420087.9296316052,5852802.633287826,0.3355,271
455,1.5,420087.56054322916,5852802.968822713,0.3355,271
455,2.0,420087.2250083418,5852803.3043576,0.3355,271
455,2.5,420086.8559199657,5852803.639892488,0.3796,271
456,0.0,419996.0937329356,5853122.666463387,0.1898,46
456,0.5,419996.46282131167,5853123.035551763,0.242,46
456,1.0,419996.8319096878,5853123.3710866505,0.242,46
456,1.5,419997.1674445751,5853123.7401750265,0.1898,46
456,2.0,419997.5365329512,5853124.042156425,0.242,46
456,2.5,419997.90562132734,5853124.377691313,0.1898,46
457,0.0,420146.5475764265,5852952.919363873,0.1501,225
457,0.5,420147.0173252688,5852953.053577828,0.2013,225
457,1.0,420147.52062759985,5852953.187791783,0.2013,225
457,1.5,420147.9903764422,5852953.322005738,0.1898,225
457,2.0,420148.4601252845,5852953.489773181,0.1501,225
457,2.5,420148.9298741268,5852953.623987136,0.1501,225
458,0.0,419903.45255053625,5852897.79098188,0.2847,91
458,0.5,419903.78808542364,5852898.160070256,0.2847,91
458,1.0,419904.123620311,5852898.529158632,0.2847,91
458,1.5,419904.45915519836,5852898.898247008,0.242,91
458,2.0,419904.76113659696,5852899.300888874,0.242,91
458,2.5,419905.1302249731,5852899.66997725,0.2767,91
459,0.0,419987.9402351728,5853238.795087901,0.3614,20
459,0.5,419987.53759330796,5853239.063515811,0.4244,20
459,1.0,419987.1349514432,5853239.36549721,0.3913,20
459,1.5,419986.73230957834,5853239.701032097,0.3796,20
459,2.0,419986.3296677135,5853240.003013496,0.4297,20
459,2.5,419985.9605793374,5853240.304994894,0.5694,20
460,0.0,419878.92495027045,5853142.630789185,0.1501,15
460,0.5,419879.3275921353,5853142.932770584,0.1501,15
460,1.0,419879.73023400013,5853143.234751982,0.1898,15
460,1.5,419880.132875865,5853143.503179892,0.1898,15
460,2.0,419880.56907121855,5853143.771607802,0.1898,15
460,2.5,419880.97171308333,5853144.0735892,0.1898,15
461,0.0,419901.8084295882,5852902.018721461,0.2767,88
461,0.5,419902.2781784305,5852902.1529354155,0.2684,88
461,1.0,419902.7814807616,5852902.253595882,0.2767,88
461,1.5,419903.2512296039,5852902.387809837,0.3355,88
461,2.0,419903.7545319349,5852902.522023792,0.3355,88
461,2.5,419904.2242807772,5852902.656237747,0.3422,88
462,0.0,420088.7349153349,5852802.431966893,0.3001,270
462,0.5,420088.4329339363,5852802.834608758,0.3355,270
462,1.0,420088.0973990489,5852803.203697135,0.3355,270
462,1.5,420087.7954176503,5852803.606338999,0.3355,270
462,2.0,420087.4598827629,5852803.975427375,0.3355,270
462,2.5,420087.1243478756,5852804.344515751,0.3355,270
463,0.0,419909.72705292987,5852901.448312152,0.1898,87
463,0.5,419909.324411065,5852901.750293551,0.1898,87
463,1.0,419908.9553226889,5852902.05227495,0.1898,87
463,1.5,419908.5526808241,5852902.354256349,0.1898,87
463,2.0,419908.1500389593,5852902.689791236,0.1898,87
463,2.5,419907.78095058317,5852902.991772634,0.1501,87
464,0.0,420129.3010832164,5852820.148208946,0.1898,280
464,0.5,420128.89844135154,5852820.450190345,0.242,280
464,1.0,420128.5293529755,5852820.752171743,0.2767,280
464,1.5,420128.0931576219,5852821.054153142,0.242,280
464,2.0,420127.6905157571,5852821.322581052,0.242,280
464,2.5,420127.2543204035,5852821.591008961,0.2767,280
465,0.0,420210.7689538667,5852965.065726795,0.3001,246
465,0.5,420210.5340794455,5852965.501922149,0.3001,246
465,1.0,420210.2992050244,5852965.938117502,0.2767,246
465,1.5,420210.0643306032,5852966.374312856,0.2767,246
465,2.0,420209.8294561821,5852966.844061699,0.2767,246
465,2.5,420209.6281352497,5852967.280257052,0.2767,246
466,0.0,419878.5894153831,5853176.318491875,0.242,8
466,0.5,419878.32098747324,5853176.721133741,0.242,8
466,1.0,419878.0190060746,5853177.157329094,0.242,8
466,1.5,419877.7505781647,5853177.559970959,0.2767,8
466,2.0,419877.48215025483,5853177.996166312,0.3355,8
466,2.5,419877.1801688562,5853178.398808178,0.2767,8
467,0.0,420113.732264443,5852781.863678298,0.4745,272
467,0.5,420113.3967295557,5852782.232766675,0.3796,272
467,1.0,420113.0611946683,5852782.601855051,0.2847,272
467,1.5,420112.72565978096,5852782.970943427,0.3355,272
467,2.0,420112.3901248936,5852783.340031803,0.3796,272
467,2.5,420112.08814349497,5852783.742673667,0.3796,272
468,0.0,420145.50741827575,5852818.806069396,0.0671,285
468,0.5,420145.03766943346,5852818.97383684,0.3614,285
468,1.0,420144.5343671024,5852819.074497307,0.4082,285
468,1.5,420144.0646182601,5852819.141604284,0.4697,285
468,2.0,420143.56131592905,5852819.24226475,0.541,285
468,2.5,420143.058013598,5852819.3093717275,0.604,285
469,0.0,420118.3626458885,5852934.196517158,0.0671,222
469,0.5,420118.2955389111,5852934.699819489,0.2767,222
469,1.0,420118.1948784449,5852935.169568332,0.3355,222
469,1.5,420118.09421797865,5852935.672870663,0.2122,222
469,2.0,420117.9600040237,5852936.1426195055,0.2684,222
469,2.5,420117.7586830913,5852936.612368347,0.2767,222
470,0.0,419876.9452944351,5852853.46682326,0.4502,139
470,0.5,419877.4485967661,5852853.567483727,0.4502,139
470,1.0,419877.9183456084,5852853.701697681,0.4082,139
470,1.5,419878.3880944507,5852853.802358148,0.4026,139
470,2.0,419878.8913967817,5852853.869465125,0.3913,139
470,2.5,419879.39469911275,5852853.970125591,0.3422,139
471,0.0,419866.34239199455,5852912.65517739,0.242,95
471,0.5,419866.04041059595,5852913.057819255,0.2847,95
471,1.0,419865.73842919734,5852913.46046112,0.2847,95
471,1.5,419865.40289430995,5852913.829549496,0.3001,95
471,2.0,419865.0673594226,5852914.198637872,0.3355,95
471,2.5,419864.73182453524,5852914.567726248,0.3355,95
472,0.0,419906.50591801124,5853097.065151482,0.0671,13
472,0.5,419906.2039366126,5853097.467793346,0.1898,13
472,1.0,419905.8348482365,5853097.836881722,0.1898,13
472,1.5,419905.49931334914,5853098.17241661,0.242,13
472,2.0,419905.1637784618,5853098.541504986,0.242,13
472,2.5,419904.7946900857,5853098.877039873,0.242,13
473,0.0,420056.75844056974,5852862.895353595,0.3355,165
473,0.5,420056.724887081,5852863.398655926,0.3355,165
473,1.0,420056.6913335923,5852863.901958257,0.3001,165
473,1.5,420056.5906731261,5852864.3717070995,0.3422,165
473,2.0,420056.49001265987,5852864.875009431,0.4026,165
473,2.5,420056.4229056824,5852865.378311762,0.3355,165
474,0.0,420167.6527208413,5852915.373009978,0.0671,230
474,0.5,420168.05536270613,5852915.674991377,0.2767,230
474,1.0,420168.4915580597,5852915.9098657975,0.242,230
474,1.5,420168.92775341327,5852916.144740218,0.242,230
474,2.0,420169.39750225557,5852916.37961464,0.2767,230
474,2.5,420169.83369760914,5852916.580935572,0.3001,230
475,0.0,419908.9553226889,5852862.996014061,0.2684,126
475,0.5,419908.4520203579,5852863.02956755,0.2684,126
475,1.0,419907.94871802686,5852863.096674528,0.2684,126
475,1.5,419907.47896918457,5852863.1302280165,0.2684,126
475,2.0,419906.97566685354,5852863.197334994,0.2767,126
475,2.5,419906.4723645225,5852863.264441972,0.1898,126
476,0.0,419953.68212317367,5852760.32233853,0.1342,183
476,0.5,419953.2123743314,5852760.523659462,0.1501,183
476,1.0,419952.7761789778,5852760.724980395,0.1501,183
476,1.5,419952.3064301355,5852760.9263013275,0.1501,183
476,2.0,419951.8366812932,5852761.094068771,0.1342,183
476,2.5,419951.3669324509,5852761.2953897035,0.1501,183
477,0.0,419824.9373868947,5853053.244295193,0.7228,55
477,0.5,419824.50119154115,5853053.479169614,0.8191,55
477,1.0,419824.0985496763,5853053.747597524,0.8191,55
477,1.5,419823.66235432273,5853053.982471945,0.6187,55
477,2.0,419823.1590519917,5853054.1166859,0.3355,55
477,2.5,419822.6893031494,5853054.250899855,0.1898,55
478,0.0,419905.8012947478,5853096.528295662,0.1342,13
478,0.5,419905.5328668379,5853096.964491015,0.1501,13
478,1.0,419905.2979924167,5853097.400686369,0.1501,13
478,1.5,419905.02956450684,5853097.803328234,0.1898,13
478,2.0,419904.7946900857,5853098.239523588,0.2122,13
478,2.5,419904.5262621758,5853098.675718941,0.242,13
479,0.0,419805.40925645054,5852920.003391423,0.3913,74
479,0.5,419805.71123784914,5852920.406033288,0.3913,74
479,1.0,419805.979665759,5852920.808675153,0.3913,74
479,1.5,419806.2480936689,5852921.244870506,0.4244,74
479,2.0,419806.5165215788,5852921.68106586,0.4244,74
479,2.5,419806.7849494887,5852922.083707725,0.4502,74
480,0.0,420020.38645878027,5852848.97065577,0.4082,166
480,0.5,420020.85620762256,5852849.171976702,0.4839,166
480,1.0,420021.2588494874,5852849.440404613,0.4839,166
480,1.5,420021.6614913522,5852849.7423860105,0.3913,166
480,2.0,420022.0305797283,5852850.044367409,0.3355,166
480,2.5,420022.43322159315,5852850.379902297,0.604,166
481,0.0,419955.4604580766,5852807.901185557,0.0671,209
481,0.5,419955.1249231893,5852808.270273933,0.1342,209
481,1.0,419954.8229417907,5852808.672915799,0.1501,209
481,1.5,419954.4874069033,5852809.042004175,0.0949,209
481,2.0,419954.1854255047,5852809.444646039,0.1501,209
481,2.5,419953.8834441061,5852809.847287904,0.1501,209
482,0.0,419974.6866071222,5853275.20062318,0.0949,24
482,0.5,419974.4181792123,5853275.636818533,0.2847,24
482,1.0,419974.2168582799,5853276.073013887,0.242,24
482,1.5,419974.04909083626,5853276.542762729,0.1898,24
482,2.0,419973.9148768813,5853277.012511571,0.242,24
482,2.5,419973.7806629263,5853277.515813902,0.2122,24
483,0.0,419995.48977013835,5852906.212907553,0.0671,158
483,0.5,419995.3555561834,5852906.682656395,0.2013,158
483,1.0,419995.154235251,5852907.152405238,0.1898,158
483,1.5,419994.9529143186,5852907.62215408,0.1898,158
483,2.0,419994.7515933862,5852908.058349433,0.2122,158
483,2.5,419994.516718965,5852908.494544787,0.1898,158
484,0.0,420147.58773457736,5852822.396292691,0.3001,283
484,0.5,420147.11798573507,5852822.564060135,0.2684,283
484,1.0,420146.64823689277,5852822.7318275785,0.2122,283
484,1.5,420146.1784880505,5852822.899595022,0.242,283
484,2.0,420145.7087392082,5852823.067362466,0.2767,283
484,2.5,420145.2389903659,5852823.23512991,0.3001,283
485,0.0,420219.72773535916,5852914.097977405,0.242,261
485,0.5,420219.99616326904,5852914.500619271,0.1898,261
485,1.0,420220.2645911789,5852914.936814624,0.1898,261
485,1.5,420220.46591211134,5852915.406563466,0.1501,261
485,2.0,420220.66723304376,5852915.84275882,0.1342,261
485,2.5,420220.8685539762,5852916.312507662,0.0949,261
486,0.0,419870.4694711091,5852948.792284759,0.2767,65
486,0.5,419870.100382733,5852949.094266158,0.4502,65
486,1.0,419869.69774086814,5852949.429801045,0.4297,65
486,1.5,419869.2950990033,5852949.731782443,0.4502,65
486,2.0,419868.92601062724,5852950.033763842,0.4502,65
486,2.5,419868.5233687624,5852950.335745241,0.4297,65
487,0.0,419958.4467185741,5853233.996939012,0.8109,21
487,0.5,419958.9500209052,5853234.097599478,0.5534,21
487,1.0,419959.4197697475,5853234.198259945,0.5534,21
487,1.5,419959.88951858977,5853234.366027389,0.5111,21
487,2.0,419960.35926743207,5853234.567348321,0.4745,21
487,2.5,419960.79546278564,5853234.768669253,0.4502,21
488,0.0,419966.9021977355,5852796.727873809,0.0671,206
488,0.5,419966.4995558707,5852797.029855207,0.2122,206
488,1.0,419966.0969140059,5852797.331836605,0.2847,206
488,1.5,419965.6607186523,5852797.600264516,0.3913,206
488,2.0,419965.25807678746,5852797.868692425,0.4297,206
488,2.5,419964.8889884114,5852798.2042273125,0.5773,206
489,0.0,419995.38910967216,5852911.984107615,0.2122,159
489,0.5,419994.9864678073,5852912.286089014,0.1898,159
489,1.0,419994.6173794312,5852912.621623902,0.242,159
489,1.5,419994.24829105515,5852912.957158789,0.2767,159
489,2.0,419993.87920267903,5852913.292693676,0.2847,159
489,2.5,419993.57722128043,5852913.695335541,0.242,159
490,0.0,419950.7294161649,5852761.865799012,0.1501,182
490,0.5,419950.29322081135,5852762.067119944,0.1898,182
490,1.0,419949.82347196905,5852762.301994366,0.1501,182
490,1.5,419949.3872766155,5852762.503315298,0.1501,182
490,2.0,419948.9175277732,5852762.70463623,0.1898,182
490,2.5,419948.4477789309,5852762.905957162,0.1342,182
491,0.0,419947.74315566744,5852763.073724606,0.1501,181
491,0.5,419947.3069603139,5852763.308599028,0.1342,181
491,1.0,419946.8372114716,5852763.50991996,0.1898,181
491,1.5,419946.401016118,5852763.711240892,0.1898,181
491,2.0,419945.9312672757,5852763.946115313,0.1898,181
491,2.5,419945.52862541087,5852764.214543223,0.1501,181
492,0.0,419936.23430903105,5852770.690366549,0.4244,193
492,0.5,419935.79811367753,5852770.92524097,0.4244,193
492,1.0,419935.3954718127,5852771.227222369,0.3355,193
492,1.5,419934.99282994785,5852771.529203768,0.4745,193
492,2.0,419934.6572950605,5852771.864738655,0.3796,193
492,2.5,419934.2546531957,5852772.200273543,0.3355,193
493,0.0,419775.2111165884,5853198.22892002,0.1898,4
493,0.5,419774.84202821227,5853198.598008396,0.2847,4
493,1.0,419774.4729398362,5853198.899989795,0.3355,4
493,1.5,419774.03674448264,5853199.134864216,0.3422,4
493,2.0,419773.56699564034,5853199.336185148,0.4244,4
493,2.5,419773.1308002868,5853199.53750608,0.4082,4
494,0.0,420095.7811479694,5852822.664720601,0.0671,266
494,0.5,420096.217343323,5852822.866041534,0.2122,266
494,1.0,420096.720645654,5852823.000255489,0.2684,266
494,1.5,420097.1903944963,5852823.1680229325,0.2684,266
494,2.0,420097.6601433386,5852823.302236887,0.2684,266
494,2.5,420098.1298921809,5852823.50355782,0.1342,266
495,0.0,419953.8163371286,5852948.288982428,0.5734,154
495,0.5,419953.3465882863,5852948.456749871,0.5369,154
495,1.0,419952.84328595526,5852948.557410337,0.5111,154
495,1.5,419952.4070906017,5852948.75873127,0.541,154
495,2.0,419951.9373417594,5852948.960052202,0.4082,154
495,2.5,419951.4675929171,5852949.161373135,0.4297,154
496,0.0,420148.82921366056,5852952.449615031,0.0671,225
496,0.5,420148.32591132954,5852952.483168519,0.2013,225
496,1.0,420147.8226089985,5852952.550275497,0.2013,225
496,1.5,420147.3528601562,5852952.583828986,0.2013,225
496,2.0,420146.8495578252,5852952.617382474,0.2013,225
496,2.5,420146.3462554941,5852952.650935963,0.2122,225
497,0.0,419925.29587170325,5852752.940571008,0.0671,178
497,0.5,419925.22876472573,5852753.443873339,0.3001,178
497,1.0,419925.0609972821,5852753.913622182,0.3355,178
497,1.5,419924.8932298384,5852754.383371023,0.3355,178
497,2.0,419924.7254623947,5852754.853119866,0.3422,178
497,2.5,419924.6248019285,5852755.3228687085,0.2684,178
498,0.0,419873.3215176516,5852897.287679549,0.242,111
498,0.5,419873.1537502079,5852897.757428392,0.2122,111
498,1.0,419872.9524292755,5852898.227177233,0.2122,111
498,1.5,419872.78466183186,5852898.696926076,0.2122,111
498,2.0,419872.58334089944,5852899.13312143,0.1501,111
498,2.5,419872.3484664783,5852899.6028702725,0.0671,111
499,0.0,419922.3767181832,5853120.753914529,0.5694,43
499,0.5,419922.77936004807,5853121.022342439,0.5111,43
499,1.0,419923.21555540164,5853121.290770349,0.4839,43
499,1.5,419923.6181972664,5853121.592751748,0.3355,43
499,2.0,419924.0879461087,5853121.79407268,0.3796,43
499,2.5,419924.45703448483,5853122.129607568,0.3913,43
500,0.0,420157.2175858445,5852911.279484352,0.3355,228
500,0.5,420157.6537811981,5852911.514358773,0.4244,228
500,1.0,420158.08997655165,5852911.782786683,0.4244,228
500,1.5,420158.49261841644,5852912.0512145925,0.4244,228
500,2.0,420158.92881377,5852912.319642503,0.3913,228
501,0.0,420210.7689538667,5852967.31381054,0.3355,245
501,0.5,420210.63473991177,5852967.783559383,0.3913,245
501,1.0,420210.43341897934,5852968.253308225,0.4244,245
501,1.5,420210.26565153565,5852968.723057068,0.4745,245
501,2.0,420210.097884092,5852969.19280591,0.4502,245
502,0.0,419950.76296965365,5852762.100673433,0.1898,187
502,0.5,419950.3267743001,5852762.335547854,0.2122,187
502,1.0,419949.8905789465,5852762.570422275,0.242,187
502,1.5,419949.45438359294,5852762.838850185,0.242,187
502,2.0,419949.01818823937,5852763.073724606,0.242,187
503,0.0,419959.2520023038,5853104.01072365,0.6002,48
503,0.5,419959.7553046348,5853103.977170161,0.4697,48
503,1.0,419960.2586069658,5853104.01072365,0.4502,48
503,1.5,419960.7619092969,5853104.044277139,0.5369,48
503,2.0,419961.2316581392,5853104.111384116,0.604,48
504,0.0,419901.0031458586,5852881.651753798,0.3355,118
504,0.5,419901.43934121216,5852881.920181708,0.3355,118
504,1.0,419901.84198307694,5852882.188609618,0.3355,118
504,1.5,419902.2781784305,5852882.457037528,0.3614,118
504,2.0,419902.68082029535,5852882.725465438,0.3913,118
505,0.0,419903.15056913765,5852883.2958747465,0.242,121
505,0.5,419903.15056913765,5852883.799177078,0.4026,121
505,1.0,419903.1841226264,5852884.302479409,0.4697,121
505,1.5,419903.1841226264,5852884.80578174,0.4697,121
505,2.0,419903.15056913765,5852885.309084071,0.4697,121
506,0.0,420192.75073041563,5852991.640089874,0.1898,244
506,0.5,420192.28098157333,5852991.774303829,0.2013,244
506,1.0,420191.81123273104,5852991.942071273,0.2122,244
506,1.5,420191.34148388874,5852992.109838717,0.2684,244
506,2.0,420190.87173504644,5852992.27760616,0.2684,244
507,0.0,420082.6952873625,5852820.752171743,0.3355,265
507,0.5,420082.9637152724,5852821.154813608,0.1898,265
507,1.0,420083.39991062594,5852821.4232415175,0.1501,265
507,1.5,420083.8361059795,5852821.658115939,0.1501,265
507,2.0,420084.272301333,5852821.89299036,0.1501,265
508,0.0,419876.3077781491,5852871.921242065,0.0671,109
508,0.5,419876.0393502392,5852872.32388393,0.1501,109
508,1.0,419875.77092232934,5852872.760079283,0.1898,109
508,1.5,419875.5024944194,5852873.196274637,0.1898,109
508,2.0,419875.26761999825,5852873.63246999,0.242,109
509,0.0,420168.4915580597,5852920.976442597,0.2767,232
509,0.5,420168.25668363855,5852921.41263795,0.2847,232
509,1.0,420168.0218092174,5852921.848833304,0.3001,232
509,1.5,420167.78693479626,5852922.285028657,0.3001,232
509,2.0,420167.58561386383,5852922.7547774995,0.3001,232
510,0.0,420178.8260325903,5852994.592796883,0.2767,243
510,0.5,420179.2957814326,5852994.760564326,0.2122,243
510,1.0,420179.7655302749,5852994.92833177,0.2013,243
510,1.5,420180.2352791172,5852995.129652702,0.1501,243
510,2.0,420180.7050279595,5852995.263866657,0.1898,243
511,0.0,420147.52062759985,5852866.653344333,0.2122,290
511,0.5,420147.7890555098,5852867.089539687,0.1898,290
511,1.0,420148.05748341966,5852867.492181552,0.2122,290
511,1.5,420148.32591132954,5852867.928376906,0.1898,290
511,2.0,420148.5943392394,5852868.33101877,0.2122,290
512,0.0,420065.11325926497,5852810.786785589,0.3355,264
512,0.5,420064.7106174001,5852811.055213499,0.3355,264
512,1.0,420064.3079755353,5852811.357194897,0.3796,264
512,1.5,420063.9053336705,5852811.692729784,0.3355,264
512,2.0,420063.4691383169,5852811.927604206,0.4244,264
513,0.0,419949.82347196905,5853143.570286869,0.541,40
513,0.5,419950.1925603451,5853143.905821756,0.6002,40
513,1.0,419950.49454174377,5853144.274910133,0.6609,40
513,1.5,419950.8300766311,5853144.643998509,0.6187,40
513,2.0,419951.23271849594,5853144.979533397,0.4297,40
514,0.0,419902.5801598292,5852892.657298104,0.1342,104
514,0.5,419902.1439644756,5852892.892172525,0.2847,104
514,1.0,419901.74132261076,5852893.227707412,0.2767,104
514,1.5,419901.37223423464,5852893.529688811,0.2847,104
514,2.0,419901.0031458586,5852893.865223698,0.2847,104
515,0.0,419877.2808293224,5852910.205772713,0.2013,93
515,0.5,419876.91174094635,5852910.574861089,0.3355,93
515,1.0,419876.57620605896,5852910.910395976,0.3355,93
515,1.5,419876.24067117163,5852911.279484352,0.3355,93
515,2.0,419875.90513628424,5852911.648572728,0.2847,93
516,0.0,420150.2720136762,5852865.881614093,0.2767,291
516,0.5,420149.8022648339,5852866.015828048,0.3001,291
516,1.0,420149.29896250286,5852866.150042002,0.2767,291
516,1.5,420148.82921366056,5852866.284255957,0.3614,291
516,2.0,420148.35946481826,5852866.418469912,0.3355,291
517,0.0,419886.77646663465,5853004.054880707,0.242,57
517,0.5,419886.97778756707,5853004.524629548,0.2122,57
517,1.0,419887.1455550107,5853004.994378391,0.2013,57
517,1.5,419887.38042943185,5853005.430573745,0.242,57
517,2.0,419887.5817503643,5853005.900322587,0.2122,57
518,0.0,420228.3174284755,5852997.142862027,0.4697,150
518,0.5,420228.7871773178,5852997.277075982,0.4026,150
518,1.0,420229.2904796488,5852997.377736448,0.3913,150
518,1.5,420229.7602284911,5852997.5119504025,0.3355,150
518,2.0,420230.2635308222,5852997.646164358,0.2767,150
519,0.0,419868.2549408525,5852947.584359164,0.2767,69
519,0.5,419868.7246896948,5852947.785680097,0.2767,69
519,1.0,419869.1608850484,5852947.987001029,0.2767,69
519,1.5,419869.6306338907,5852948.188321961,0.242,69
519,2.0,419870.06682924426,5852948.423196383,0.2767,69
520,0.0,419905.901955214,5852889.83880505,0.1342,104
520,0.5,419905.5328668379,5852890.174339937,0.1898,104
520,1.0,419905.1637784618,5852890.509874824,0.242,104
520,1.5,419904.76113659696,5852890.811856223,0.242,104
520,2.0,419904.3584947321,5852891.113837622,0.2122,104
521,0.0,419903.2176761151,5852897.958749324,0.2767,89
521,0.5,419903.01635518274,5852898.428498167,0.242,89
521,1.0,419902.7814807616,5852898.86469352,0.2767,89
521,1.5,419902.5466063404,5852899.300888874,0.3001,89
521,2.0,419902.31173191924,5852899.737084227,0.2767,89
522,0.0,420182.5169163512,5853006.504285384,0.0671,256
522,0.5,420182.14782797516,5853006.87337376,0.1501,256
522,1.0,420181.77873959905,5853007.208908647,0.1342,256
522,1.5,420181.40965122293,5853007.510890046,0.1342,256
522,2.0,420181.0405628469,5853007.8464249335,0.242,256
523,0.0,419946.2332486743,5852764.617185088,0.1501,190
523,0.5,419945.86416029825,5852764.952719975,0.1501,190
523,1.0,419945.49507192214,5852765.321808352,0.1501,190
523,1.5,419945.15953703475,5852765.657343239,0.1501,190
523,2.0,419944.7904486587,5852766.026431615,0.1501,190
524,0.0,419891.3397411027,5852806.659706474,0.1342,170
524,0.5,419890.8364387716,5852806.76036694,0.1342,170
524,1.0,419890.36668992933,5852806.8610274065,0.1342,170
524,1.5,419889.8633875983,5852806.928134384,0.0949,170
524,2.0,419889.393638756,5852807.062348339,0.0671,170
525,0.0,419863.4567919633,5852903.595735432,0.1898,98
525,0.5,419863.1548105647,5852903.998377296,0.1898,98
525,1.0,419862.8192756773,5852904.367465672,0.1898,98
525,1.5,419862.48374079,5852904.736554049,0.1898,98
525,2.0,419862.1482059026,5852905.105642425,0.1898,98
526,0.0,420169.19618132315,5852918.0237355875,0.242,231
526,0.5,420169.09552085696,5852918.527037919,0.2684,231
526,1.0,420168.9948603907,5852918.996786761,0.2684,231
526,1.5,420168.92775341327,5852919.500089092,0.2767,231
526,2.0,420168.7935394583,5852919.969837935,0.2684,231
527,0.0,420166.81388362293,5852923.560061229,0.3355,259
527,0.5,420166.7132231567,5852924.0633635605,0.3355,259
527,1.0,420166.64611617924,5852924.533112403,0.3422,259
527,1.5,420166.6125626905,5852925.036414734,0.3355,259
527,2.0,420166.5790092018,5852925.539717065,0.3355,259
528,0.0,419956.7019371599,5852817.463929847,0.1501,213
528,0.5,419956.33284878376,5852817.833018223,0.242,213
528,1.0,419955.9973138964,5852818.16855311,0.242,213
528,1.5,419955.6282255203,5852818.504087998,0.3355,213
528,2.0,419955.25913714425,5852818.839622885,0.3355,213
529,0.0,420201.23976306577,5853032.709560087,0.3422,257
529,0.5,420201.6424049306,5853032.977987996,0.2847,257
529,1.0,420202.0450467954,5853033.313522884,0.3001,257
529,1.5,420202.44768866024,5853033.6155042825,0.2767,257
529,2.0,420202.8503305251,5853033.917485681,0.242,257
530,0.0,419904.6604761308,5852863.56642337,0.2684,126
530,0.5,419904.15717379976,5852863.599976859,0.2767,126
530,1.0,419903.6538714687,5852863.667083836,0.2684,126
530,1.5,419903.15056913765,5852863.667083836,0.3614,126
530,2.0,419902.68082029535,5852863.734190813,0.3355,126
531,0.0,419908.183592448,5852899.770637715,0.1898,90
531,0.5,419907.680290117,5852899.804191205,0.2684,90
531,1.0,419907.17698778596,5852899.837744693,0.2684,90
531,1.5,419906.6736854549,5852899.871298182,0.2767,90
531,2.0,419906.2039366126,5852899.871298182,0.3355,90
532,0.0,419900.7347179487,5852894.334972541,0.2684,105
532,0.5,419901.204466791,5852894.502739985,0.2767,105
532,1.0,419901.6742156333,5852894.670507428,0.2767,105
532,1.5,419902.1439644756,5852894.838274872,0.2767,105
532,2.0,419902.6137133179,5852895.006042316,0.2767,105
533,0.0,419968.54631868354,5853105.520630643,0.2684,48
533,0.5,419969.0496210146,5853105.621291109,0.2013,48
533,1.0,419969.5193698569,5853105.721951576,0.2013,48
533,1.5,419970.02267218794,5853105.822612042,0.1501,48
533,2.0,419970.52597451897,5853105.88971902,0.1342,48
534,0.0,419869.89906180056,5852898.696926076,0.3614,100
534,0.5,419870.20104319917,5852899.099567941,0.3796,100
534,1.0,419870.53657808655,5852899.468656317,0.3796,100
534,1.5,419870.83855948516,5852899.871298182,0.3796,100
534,2.0,419871.17409437255,5852900.240386558,0.3355,100
535,0.0,419904.7946900857,5852900.072619114,0.3355,90
535,0.5,419904.29138775467,5852900.139726092,0.3355,90
535,1.0,419903.78808542364,5852900.206833069,0.3913,90
535,1.5,419903.31833658135,5852900.273940046,0.3614,90
535,2.0,419902.8150342503,5852900.341047024,0.3422,90
536,0.0,419936.368522986,5852875.914107225,0.3355,131
536,0.5,419935.8987741437,5852876.115428157,0.3422,131
536,1.0,419935.46257879015,5852876.316749089,0.3355,131
536,1.5,419934.99282994785,5852876.484516533,0.3614,131
536,2.0,419934.52308110555,5852876.685837465,0.3422,131
537,0.0,419989.31592821097,5852790.755352814,0.2767,207
537,0.5,419989.819230542,5852790.822459791,0.2684,207
537,1.0,419990.3225328731,5852790.856013279,0.3355,207
537,1.5,419990.7922817154,5852790.889566768,0.3355,207
537,2.0,419991.2955840464,5852790.956673746,0.3355,207
538,0.0,420114.5711016614,5852938.726238138,0.3355,222
538,0.5,420114.5711016614,5852939.229540469,0.2013,222
538,1.0,420114.6717621276,5852939.7328428,0.4026,222
538,1.5,420114.73886910506,5852940.202591642,0.3355,222
538,2.0,420114.77242259384,5852940.705893973,0.2684,222
539,0.0,420168.1224696836,5853017.006527359,0.2767,255
539,0.5,420168.1895766611,5853017.50982969,0.2013,255
539,1.0,420168.2902371273,5853017.979578531,0.1898,255
539,1.5,420168.4915580597,5853018.449327374,0.0949,255
539,2.0,420168.6928789921,5853018.885522728,0.0671,255
540,0.0,419924.5912484398,5853122.163161056,0.2767,43
540,0.5,419925.0609972821,5853122.364481988,0.3614,43
540,1.0,419925.4636391469,5853122.599356409,0.3355,43
540,1.5,419925.89983450045,5853122.901337808,0.242,43
540,2.0,419926.3024763653,5853123.13621223,0.3001,43
541,0.0,420115.71192027844,5852936.645921837,0.4026,221
541,0.5,420115.6783667897,5852937.149224168,0.2684,221
541,1.0,420115.6783667897,5852937.652526499,0.3355,221
541,1.5,420115.6112598122,5852938.155828829,0.3355,221
541,2.0,420115.5777063235,5852938.625577671,0.3355,221
542,0.0,419881.3743549482,5853144.442677576,0.1501,15
542,0.5,419881.64278285805,5853144.87887293,0.1501,15
542,1.0,419881.9112107679,5853145.281514795,0.1898,15
542,1.5,419882.2131921666,5853145.68415666,0.1898,15
542,2.0,419882.5151735652,5853146.053245036,0.1501,15
543,0.0,419797.6919540413,5853016.268350606,0.4244,60
543,0.5,419797.222205199,5853016.43611805,0.4502,60
543,1.0,419796.7524563567,5853016.603885493,0.4885,60
543,1.5,419796.2827075144,5853016.771652937,0.4885,60
543,2.0,419795.8129586721,5853016.905866892,0.5534,60
544,0.0,419975.0221420096,5853275.536158067,0.0671,24
544,0.5,419974.82082107716,5853276.00590691,0.1342,24
544,1.0,419974.585946656,5853276.442102263,0.1342,24
544,1.5,419974.35107223486,5853276.878297617,0.1501,24
544,2.0,419974.14975130244,5853277.31449297,0.1501,24
545,0.0,420140.44084147667,5852952.248294098,0.6609,225
545,0.5,420139.9375391456,5852952.348954565,0.5734,225
545,1.0,420139.4677903033,5852952.449615031,0.4697,225
545,1.5,420138.96448797226,5852952.483168519,0.4502,225
545,2.0,420138.46118564124,5852952.550275497,0.3614,225
546,0.0,420189.7980234069,5852995.230313169,0.3001,254
546,0.5,420189.46248851955,5852995.599401545,0.1501,254
546,1.0,420189.1605071209,5852996.002043409,0.1898,254
546,1.5,420188.82497223356,5852996.371131786,0.1501,254
546,2.0,420188.5229908349,5852996.773773651,0.242,254
547,0.0,420180.63792098203,5853008.181959821,0.3355,256
547,0.5,420180.3023860947,5853008.551048197,0.242,256
547,1.0,420180.00040469604,5853008.953690061,0.2847,256
547,1.5,420179.69842329744,5853009.356331927,0.2847,256
547,2.0,420179.36288841005,5853009.725420303,0.3355,256
548,0.0,419884.7632573105,5852889.939465516,0.0671,99
548,0.5,419884.4277224231,5852890.308553892,0.1898,99
548,1.0,419884.0250805583,5852890.610535291,0.242,99
548,1.5,419883.6559921822,5852890.946070178,0.242,99
548,2.0,419883.25335031736,5852891.248051577,0.1342,99
549,0.0,420136.68285073823,5852848.9371022815,0.4745,290
549,0.5,420136.9177251594,5852849.373297635,0.4244,290
549,1.0,420137.1525995805,5852849.8094929885,0.3913,290
549,1.5,420137.3874740017,5852850.245688342,0.3614,290
549,2.0,420137.65590191155,5852850.681883696,0.3796,290
550,0.0,420140.3066275217,5852809.880841393,0.3355,278
550,0.5,420139.90398565686,5852810.182822791,0.2847,278
550,1.0,420139.5348972808,5852810.518357678,0.3355,278
550,1.5,420139.13225541596,5852810.820339077,0.2847,278
550,2.0,420138.76316703984,5852811.155873965,0.3355,278
551,0.0,420231.30368897296,5852997.981699245,0.2013,150
551,0.5,420231.77343781525,5852998.1159132,0.1342,150
551,1.0,420232.2767401463,5852998.216573666,0.1501,150
551,1.5,420232.7464889886,5852998.38434111,0.1898,150
551,2.0,420233.2162378309,5852998.518555065,0.0671,150
552,0.0,419823.2597124579,5853054.787755675,0.0671,55
552,0.5,419822.7899636156,5853054.955523118,0.242,55
552,1.0,419822.3202147733,5853055.123290562,0.4697,55
552,1.5,419821.850465931,5853055.324611494,0.6844,55
552,2.0,419821.4142705774,5853055.525932427,0.875,55
553,0.0,419865.90619664104,5852909.702470382,0.1898,97
553,0.5,419866.3088385058,5852910.00445178,0.1501,97
553,1.0,419866.71148037066,5852910.3064331785,0.1501,97
553,1.5,419867.0805687468,5852910.641968066,0.1501,97
553,2.0,419867.48321061156,5852910.943949465,0.1501,97
554,0.0,420206.3398933536,5852826.858906693,0.242,294
554,0.5,420206.5076607973,5852827.328655535,0.2122,294
554,1.0,420206.67542824097,5852827.798404378,0.2013,294
554,1.5,420206.8096421959,5852828.2681532195,0.2013,294
554,2.0,420206.94385615084,5852828.771455551,0.2684,294
555,0.0,419997.36876550753,5852910.876842488,0.0671,159
555,0.5,419996.93257015396,5852911.145270397,0.0671,159
555,1.0,419996.5299282892,5852911.413698307,0.0949,159
555,1.5,419996.0937329356,5852911.648572728,0.0671,159
555,2.0,419995.69109107077,5852911.950554127,0.0671,159
556,0.0,419882.0789782116,5852920.6409077095,0.242,82
556,0.5,419882.3474061215,5852921.0771030625,0.242,82
556,1.0,419882.6158340314,5852921.479744928,0.2122,82
556,1.5,419882.8507084526,5852921.915940281,0.2013,82
556,2.0,419883.0184758962,5852922.3856891235,0.0671,82
557,0.0,419961.8020674477,5853236.748325088,0.3614,21
557,0.5,419962.23826280126,5853236.98319951,0.3001,21
557,1.0,419962.6409046661,5853237.285180909,0.3001,21
557,1.5,419963.07710001967,5853237.520055329,0.2767,21
557,2.0,419963.51329537324,5853237.78848324,0.2767,21
558,0.0,420165.40463709604,5853012.611020334,0.4297,255
558,0.5,420165.6730650059,5853013.013662199,0.4839,255
558,1.0,420165.9414929158,5853013.449857553,0.4502,255
558,1.5,420166.17636733694,5853013.886052906,0.4082,255
558,2.0,420166.4447952468,5853014.32224826,0.242,255
559,0.0,420177.5174465296,5852994.693457349,0.4026,243
559,0.5,420177.8865349057,5852995.028992237,0.3355,243
559,1.0,420178.28917677054,5852995.297420146,0.3001,243
559,1.5,420178.7253721241,5852995.565848056,0.3355,243
559,2.0,420179.1280139889,5852995.867829455,0.4297,243
560,0.0,419996.9996771315,5852910.3735401565,0.0949,159
560,0.5,419996.6641422441,5852910.742628532,0.1898,159
560,1.0,419996.29505386803,5852911.07816342,0.242,159
560,1.5,419995.9259654919,5852911.413698307,0.242,159
561,0.0,420131.91825533775,5852817.5645903135,0.3913,279
561,0.5,420131.51561347296,5852817.833018223,0.4244,279
561,1.0,420131.1129716081,5852818.134999622,0.4502,279
561,1.5,420130.7103297433,5852818.4369810205,0.4745,279
562,0.0,419897.647796985,5853094.649300293,0.2122,17
562,0.5,419897.4800295413,5853095.119049135,0.2122,17
562,1.0,419897.24515512015,5853095.555244489,0.2767,17
562,1.5,419896.9767272103,5853095.991439843,0.242,17
563,0.0,419875.80447581806,5852944.732312622,0.3355,65
563,0.5,419875.4018339532,5852945.03429402,0.3796,65
563,1.0,419874.9991920884,5852945.336275419,0.3913,65
563,1.5,419874.6301037123,5852945.638256817,0.3796,65
564,0.0,419919.0549227984,5852859.774879143,0.2013,127
564,0.5,419919.0549227984,5852860.278181474,0.2013,127
564,1.0,419919.0549227984,5852860.781483805,0.2013,127
564,1.5,419919.0549227984,5852861.284786136,0.2013,127
565,0.0,419912.5119924949,5852904.669447071,0.0671,88
565,0.5,419912.9817413372,5852904.870768003,0.2684,88
565,1.0,419913.4514901795,5852905.004981958,0.2684,88
565,1.5,419913.9212390218,5852905.139195913,0.2684,88
566,0.0,420057.93281267554,5852863.868404768,0.1342,165
566,0.5,420057.7314917431,5852864.338153611,0.3913,165
566,1.0,420057.46306383325,5852864.740795475,0.3614,165
566,1.5,420057.1946359233,5852865.176990829,0.3614,165
567,0.0,420247.37581007736,5853055.257504517,0.3614,257
567,0.5,420247.71134496474,5853055.626592893,0.242,257
567,1.0,420248.0468798521,5853055.995681269,0.2847,257
567,1.5,420248.3488612507,5853056.398323134,0.3355,257
568,0.0,419939.42189046094,5852767.871873495,0.3614,192
568,0.5,419939.0528020849,5852768.240961872,0.3796,192
568,1.0,419938.7508206862,5852768.610050248,0.2847,192
568,1.5,419938.4152857989,5852768.979138624,0.1501,192
569,0.0,420162.04928822245,5852983.5201456,0.3614,239
569,0.5,420161.88152077876,5852983.989894442,0.3001,239
569,1.0,420161.68019984633,5852984.459643285,0.3614,239
569,1.5,420161.41177193646,5852984.862285149,0.4244,239
570,0.0,419803.4296006151,5853014.355801748,0.3913,60
570,0.5,419802.9598517728,5853014.490015703,0.4502,60
570,1.0,419802.4901029305,5853014.657783147,0.4502,60
570,1.5,419801.9868005995,5853014.791997102,0.4502,60
571,0.0,419878.857843293,5853142.22814732,0.2684,15
571,0.5,419879.3275921353,5853142.429468253,0.2122,15
571,1.0,419879.76378748886,5853142.6643426735,0.2122,15
571,1.5,419880.19998284243,5853142.932770584,0.242,15
572,0.0,419927.611062426,5852748.276636074,0.0671,177
572,0.5,419927.47684847104,5852748.746384916,0.1342,177
572,1.0,419927.1413135837,5852749.149026781,0.4244,177
572,1.5,419926.90643916256,5852749.585222134,0.4502,177
573,0.0,420091.82183629856,5852798.841743599,0.3355,271
573,0.5,420091.4527479225,5852799.177278486,0.3355,271
573,1.0,420091.0836595464,5852799.546366862,0.2847,271
573,1.5,420090.74812465906,5852799.915455238,0.3355,271
574,0.0,419957.94341624307,5852807.766971602,0.2013,210
574,0.5,419958.41316508537,5852807.968292534,0.1501,210
574,1.0,419958.84936043894,5852808.203166956,0.1501,210
574,1.5,419959.2855557925,5852808.438041377,0.1501,210
575,0.0,419979.283435079,5853133.873328625,0.4502,44
575,0.5,419979.6860769438,5853134.175310023,0.2122,44
575,1.0,419980.1558257861,5853134.343077467,0.1342,44
575,1.5,419980.5920211397,5853134.544398399,0.1501,44
576,0.0,420135.1393902564,5852802.868162247,0.2684,276
576,0.5,420134.83740885777,5852803.270804112,0.2684,276
576,1.0,420134.50187397044,5852803.639892488,0.3355,276
576,1.5,420134.1998925718,5852804.042534352,0.3355,276
577,0.0,419946.33390914055,5853182.626547758,0.242,32
577,0.5,419946.5687835617,5853183.0627431115,0.3355,32
577,1.0,419946.8372114716,5853183.498938465,0.2847,32
577,1.5,419947.1391928702,5853183.90158033,0.242,32
578,0.0,420213.35257249937,5852912.65517739,0.2767,260
578,0.5,420213.82232134166,5852912.822944834,0.3355,260
578,1.0,420214.3256236727,5852912.890051811,0.3355,260
578,1.5,420214.8289260037,5852912.890051811,0.3355,260
579,0.0,420223.68704702996,5852914.500619271,0.0671,261
579,0.5,420223.18374469894,5852914.467065782,0.2684,261
579,1.0,420222.68044236785,5852914.500619271,0.2013,261
579,1.5,420222.17714003683,5852914.534172759,0.2013,261
580,0.0,420215.298674846,5852912.420302969,0.2684,260
580,0.5,420214.795372515,5852912.420302969,0.2684,260
580,1.0,420214.29207018396,5852912.38674948,0.2684,260
580,1.5,420213.78876785294,5852912.38674948,0.2684,260
581,0.0,420199.8976235163,5853031.166099605,0.4244,257
581,0.5,420200.2331584037,5853031.535187981,0.3614,257
581,1.0,420200.56869329105,5853031.904276357,0.2847,257
581,1.5,420200.87067468965,5853032.3069182215,0.242,257
582,0.0,420117.0205063391,5852867.727055973,0.5773,262
582,0.5,420117.42314820393,5852868.029037371,0.5694,262
582,1.0,420117.79223658005,5852868.364572259,0.5773,262
582,1.5,420118.2284319336,5852868.633000169,0.5773,262
583,0.0,420128.5629064642,5852855.3458186295,0.1501,296
583,0.5,420129.06620879524,5852855.446479096,0.1342,296
583,1.0,420129.53595763753,5852855.580693051,0.1342,296
583,1.5,420130.00570647983,5852855.714907005,0.1342,296
584,0.0,420079.07151057903,5852906.917530816,0.5111,219
584,0.5,420078.6688687142,5852907.219512215,0.5111,219
584,1.0,420078.26622684934,5852907.521493614,0.4745,219
584,1.5,420077.86358498456,5852907.823475013,0.4297,219
585,0.0,420205.400395669,5852823.47000433,0.242,293
585,0.5,420205.63527009013,5852823.906199684,0.2122,293
585,1.0,420205.83659102255,5852824.375948527,0.242,293
585,1.5,420206.0714654437,5852824.81214388,0.242,293
586,0.0,420144.2994926812,5852844.608702234,0.0671,288
586,0.5,420143.7961903502,5852844.675809212,0.1898,288
586,1.0,420143.3264415079,5852844.776469678,0.0949,288
586,1.5,420142.8231391769,5852844.810023166,0.242,288
587,0.0,419865.10091291135,5852901.78384704,0.0949,98
587,0.5,419864.73182453524,5852902.1529354155,0.1501,98
587,1.0,419864.3962896479,5852902.488470303,0.1898,98
587,1.5,419864.0943082493,5852902.891112168,0.1501,98
588,0.0,419985.5579374726,5853240.67408327,0.5369,20
588,0.5,419985.15529560775,5853240.976064669,0.4745,20
588,1.0,419984.7526537429,5853241.278046068,0.4244,20
588,1.5,419984.35001187806,5853241.546473978,0.3913,20
589,0.0,419868.1542803863,5852948.22187545,0.4026,70
589,0.5,419868.12072689756,5852948.725177781,0.4026,70
589,1.0,419868.0871734088,5852949.228480112,0.3355,70
589,1.5,419868.0871734088,5852949.731782443,0.4026,70
590,0.0,420151.07729740586,5852951.9463126995,0.0671,225
590,0.5,420150.57399507484,5852951.9463126995,0.2013,225
590,1.0,420150.0706927438,5852951.979866188,0.1342,225
590,1.5,420149.56739041273,5852952.0134196775,0.2013,225
591,0.0,420175.9068790703,5852822.060757804,0.2013,286
591,0.5,420175.40357673925,5852822.16141827,0.2122,286
591,1.0,420174.93382789695,5852822.262078736,0.2013,286
591,1.5,420174.4305255659,5852822.362739203,0.2122,286
592,0.0,420115.9803481883,5852939.330200935,0.1898,222
592,0.5,420115.8796877221,5852939.833503266,0.2013,222
592,1.0,420115.7790272559,5852940.303252108,0.2013,222
592,1.5,420115.74547376717,5852940.8065544395,0.2684,222
593,0.0,420115.24217143614,5852936.176172994,0.1898,222
593,0.5,420115.20861794736,5852936.679475325,0.2013,222
593,1.0,420115.1750644586,5852937.182777656,0.1501,222
593,1.5,420115.0408505037,5852937.652526499,0.2013,222
594,0.0,419897.3793690751,5852851.319399982,0.0671,141
594,0.5,419897.74845745123,5852851.654934868,0.1501,141
594,1.0,419898.1175458273,5852851.990469756,0.1501,141
594,1.5,419898.4866342034,5852852.326004643,0.1501,141
595,0.0,419941.9384021161,5852916.278954173,0.2013,147
595,0.5,419942.00550909364,5852916.7822565045,0.4026,147
595,1.0,419941.9384021161,5852917.285558836,0.4502,147
595,1.5,419941.9048486274,5852917.755307678,0.4026,147
596,0.0,420115.510599346,5852934.632712512,0.2013,221
596,0.5,420115.5777063235,5852935.136014843,0.1342,221
596,1.0,420115.6112598122,5852935.639317174,0.1342,221
596,1.5,420115.5777063235,5852936.109066016,0.1342,221
597,0.0,419818.8642054335,5853014.624229658,0.3355,61
597,0.5,419818.3609031025,5853014.657783147,0.3355,61
597,1.0,419817.8576007715,5853014.6913366355,0.2684,61
597,1.5,419817.35429844045,5853014.724890124,0.2684,61
598,0.0,419963.6139558394,5853237.889143705,0.4502,21
598,0.5,419964.050151193,5853238.157571616,0.4502,21
598,1.0,419964.45279305783,5853238.425999525,0.3913,21
598,1.5,419964.8889884114,5853238.694427435,0.4244,21
599,0.0,419924.45703448483,5852774.985213107,0.0949,177
599,0.5,419924.02083913126,5852775.253641018,0.3355,177
599,1.0,419923.6181972664,5852775.522068927,0.3422,177
599,1.5,419923.1820019129,5852775.756943349,0.3796,177
600,0.0,419876.91174094635,5853141.187989169,0.242,15
600,0.5,419877.3479362999,5853141.456417079,0.3001,15
600,1.0,419877.78413165343,5853141.6912915,0.2847,15
600,1.5,419878.220327007,5853141.926165922,0.3355,15
601,0.0,419996.2279468905,5853120.3177191755,0.242,46
601,0.5,419996.63058875536,5853120.619700574,0.3001,46
601,1.0,419997.0332306202,5853120.888128484,0.2847,46
601,1.5,419997.43587248505,5853121.1901098825,0.1898,46
602,0.0,420096.217343323,5852810.585464656,0.1342,269
602,0.5,420096.6870921653,5852810.7532321,0.2013,269
602,1.0,420097.1568410076,5852810.954553032,0.1898,269
602,1.5,420097.59303636116,5852811.155873965,0.2013,269
603,0.0,420187.34861872916,5852992.00917825,0.2013,244
603,0.5,420186.87886988686,5852992.176945694,0.0949,244
603,1.0,420186.40912104456,5852992.311159649,0.1501,244
603,1.5,420185.93937220227,5852992.478927093,0.1898,244
604,0.0,419903.3518900701,5853100.655374777,0.3001,13
604,0.5,419903.1170156489,5853101.09157013,0.242,13
604,1.0,419902.84858773905,5853101.494211995,0.1898,13
604,1.5,419902.5466063404,5853101.930407348,0.2122,13
605,0.0,419949.4208301042,5853143.805161291,0.3355,40
605,0.5,419949.6892580141,5853144.241356644,0.4745,40
605,1.0,419949.95768592396,5853144.643998509,0.4244,40
605,1.5,419950.2261138339,5853145.080193862,0.3614,40
606,0.0,419855.5717221104,5853147.697365984,0.2684,16
606,0.5,419855.06841977936,5853147.730919473,0.1342,16
606,1.0,419854.56511744834,5853147.730919473,0.2013,16
606,1.5,419854.09536860604,5853147.764472961,0.2013,16
607,0.0,419904.3584947321,5852895.878433023,0.2122,89
607,0.5,419904.123620311,5852896.314628376,0.242,89
607,1.0,419903.92229937855,5852896.784377218,0.2122,89
607,1.5,419903.6538714687,5852897.220572572,0.242,89
608,0.0,420127.38853435847,5852821.993650827,0.2013,273
608,0.5,420127.8918366895,5852822.027204315,0.1342,273
608,1.0,420128.3951390205,5852822.060757804,0.1501,273
608,1.5,420128.89844135154,5852822.094311292,0.1342,273
609,0.0,419994.71803989745,5853119.0762400925,0.242,46
609,0.5,419995.0871282735,5853119.41177498,0.2847,46
609,1.0,419995.48977013835,5853119.713756379,0.3355,46
609,1.5,419995.85885851446,5853120.015737777,0.242,46
610,0.0,420191.37503737747,5852994.0894945515,0.1501,254
610,0.5,420191.00594900135,5852994.425029439,0.1342,254
610,1.0,420190.6033071365,5852994.727010838,0.1501,254
610,1.5,420190.2006652717,5852995.028992237,0.1342,254
611,0.0,419889.32653177856,5852855.61424654,0.2767,139
611,0.5,419888.9238899137,5852855.916227938,0.2847,137
611,1.0,419888.52124804887,5852856.2182093365,0.242,137
611,1.5,419888.1186061841,5852856.486637247,0.242,137
612,0.0,419939.2205695286,5852767.402124654,0.4297,193
612,0.5,419938.85148115247,5852767.737659541,0.3001,193
612,1.0,419938.5159462651,5852768.106747917,0.1898,193
612,1.5,419938.2475183552,5852768.509389781,0.2767,193
613,0.0,419863.99364778306,5852908.293223854,0.1501,97
613,0.5,419864.3962896479,5852908.595205253,0.1898,97
613,1.0,419864.79893151275,5852908.897186652,0.1898,97
613,1.5,419865.2015733776,5852909.199168051,0.1898,97
614,0.0,420093.8350456227,5852822.262078736,0.3001,266
614,0.5,420094.304794465,5852822.396292691,0.2684,266
614,1.0,420094.80809679604,5852822.530506646,0.2684,266
614,1.5,420095.2778456384,5852822.664720601,0.2684,266
615,0.0,420017.09821688413,5852842.729706865,0.6187,167
615,0.5,420017.36664479406,5852843.165902219,0.4745,167
615,1.0,420017.63507270394,5852843.568544083,0.4745,167
615,1.5,420017.8699471251,5852844.004739437,0.3422,167
616,0.0,419882.2467456553,5852892.22110275,0.2767,99
616,0.5,419881.8776572792,5852892.556637637,0.2847,99
616,1.0,419881.50856890314,5852892.892172525,0.2847,99
616,1.5,419881.1059270383,5852893.227707412,0.3355,99
617,0.0,420192.8513908818,5852994.12304804,0.2847,250
617,0.5,420192.48230250576,5852994.4585829275,0.2847,250
617,1.0,420192.14676761837,5852994.827671304,0.3001,250
617,1.5,420191.8783397085,5852995.263866657,0.2847,250
618,0.0,420155.03660907666,5852910.977502953,0.3614,227
618,0.5,420155.47280443023,5852911.212377375,0.3913,227
618,1.0,420155.9089997838,5852911.480805284,0.3614,227
618,1.5,420156.3451951374,5852911.715679706,0.3355,227
619,0.0,420176.7792697774,5852956.476033679,0.1501,237
619,0.5,420176.7457162887,5852956.97933601,0.2684,237
619,1.0,420176.67860931123,5852957.482638341,0.2013,237
619,1.5,420176.67860931123,5852957.985940672,0.2013,237
620,0.0,419999.214207388,5853122.4315889655,0.1501,46
620,0.5,419999.51618878666,5853122.834230831,0.1501,46
620,1.0,419999.8852771627,5853123.169765718,0.1501,46
620,1.5,420000.2543655388,5853123.538854094,0.0949,46
621,0.0,419771.01693049644,5853200.074361901,0.4745,4
621,0.5,419770.5471816541,5853200.2421293445,0.3913,4
621,1.0,419770.0774328118,5853200.443450277,0.3913,4
621,1.5,419769.6076839695,5853200.61121772,0.3614,4
622,0.0,420090.68101768155,5852821.322581052,0.3355,266
622,0.5,420091.1507665239,5852821.456795007,0.3001,266
622,1.0,420091.6540688549,5852821.591008961,0.2684,266
622,1.5,420092.1238176972,5852821.758776405,0.2684,266
623,0.0,420191.5763583099,5852995.700062011,0.242,250
623,0.5,420191.2743769112,5852996.102703876,0.1898,250
623,1.0,420190.9388420239,5852996.438238763,0.2847,250
623,1.5,420190.53620015905,5852996.773773651,0.242,250
624,0.0,420027.8688867683,5852953.993075512,0.2013,161
624,0.5,420027.9024402571,5852954.496377843,0.1898,161
624,1.0,420027.9024402571,5852954.9996801745,0.2013,161
624,1.5,420027.96954723453,5852955.502982506,0.1898,161
625,0.0,420148.2923578408,5852951.5772243235,0.2684,225
625,0.5,420147.7890555098,5852951.610777812,0.2013,225
625,1.0,420147.2857531787,5852951.644331302,0.2013,225
625,1.5,420146.7824508477,5852951.610777812,0.2684,225
626,0.0,420062.9322824971,5852812.196032115,0.5111,264
626,0.5,420062.56319412106,5852812.565120491,0.3001,264
626,1.0,420062.19410574494,5852812.86710189,0.2847,264
626,1.5,420061.8250173689,5852813.202636777,0.2847,264
627,0.0,420166.47834873555,5853014.590676169,0.3422,255
627,0.5,420166.7467766454,5853015.026871523,0.3355,255
627,1.0,420167.01520455536,5853015.429513387,0.3355,255
627,1.5,420167.2500789765,5853015.865708741,0.3355,255
628,0.0,419956.43350925,5852806.995241362,0.2122,210
628,0.5,419956.86970460357,5852807.2301157825,0.242,210
628,1.0,419957.33945344586,5852807.431436715,0.2122,210
628,1.5,419957.7756487994,5852807.699864625,0.1501,210
629,0.0,419964.11725817044,5852798.472655223,0.3614,206
629,0.5,419963.6810628169,5852798.741083132,0.3355,206
629,1.0,419963.2448674633,5852798.975957554,0.2767,206
629,1.5,419962.775118621,5852799.1437249975,0.1342,206
630,0.0,419992.9061515057,5852913.19203321,0.3355,159
630,0.5,419992.5706166183,5852913.561121586,0.3355,159
630,1.0,419992.235081731,5852913.930209962,0.3796,159
630,1.5,419991.9331003324,5852914.332851827,0.3355,159
631,0.0,419864.32918267045,5852910.608414577,0.0671,96
631,0.5,419863.85943382815,5852910.80973551,0.242,96
631,1.0,419863.4567919633,5852911.111716908,0.242,96
632,0.0,419946.0990347194,5852951.1410289705,0.3355,154
632,0.5,419945.62928587705,5852951.342349903,0.3422,154
632,1.0,419945.15953703475,5852951.510117346,0.3422,154
633,0.0,420188.75786525605,5852995.431634101,0.1501,254
633,0.5,420188.5900978124,5852995.901382944,0.1898,254
633,1.0,420188.38877688,5852996.371131786,0.2013,254
634,0.0,420190.3013257379,5852992.512480581,0.3355,244
634,0.5,420189.7980234069,5852992.54603407,0.3355,244
634,1.0,420189.29472107586,5852992.579587558,0.3355,244
635,0.0,419938.1133044003,5852770.690366549,0.2847,191
635,0.5,419937.7442160242,5852771.025901437,0.242,191
635,1.0,419937.34157415933,5852771.327882836,0.242,191
636,0.0,420115.510599346,5852817.1283949595,0.4697,274
636,0.5,420115.007297015,5852817.1955019375,0.4026,274
636,1.0,420114.5039946839,5852817.1955019375,0.4026,274
637,0.0,420022.7687564805,5852850.983865094,0.4297,166
637,0.5,420023.03718439036,5852851.386506959,0.5694,166
637,1.0,420023.30561230023,5852851.822702312,0.4839,166
638,0.0,420192.14676761837,5852992.579587558,0.0949,244
638,0.5,420191.64346528734,5852992.579587558,0.1342,244
638,1.0,420191.1401629563,5852992.613141048,0.1342,244
639,0.0,420163.45853474934,5852981.40627581,0.1501,239
639,0.5,420163.2572138169,5852981.842471164,0.1898,239
639,1.0,420162.98878590704,5852982.278666517,0.1898,239
640,0.0,419883.3875642723,5852806.022190188,0.0949,168
640,0.5,419883.11913636245,5852806.458385542,0.1342,168
640,1.0,419882.8507084526,5852806.8610274065,0.1342,168
641,0.0,419993.4765608142,5853118.103188919,0.3355,46
641,0.5,419993.91275616776,5853118.33806334,0.3355,46
641,1.0,419994.3153980326,5853118.640044739,0.3001,46
642,0.0,419993.1745794156,5853118.33806334,0.3001,46
642,0.5,419993.4765608142,5853118.740705205,0.2847,46
642,1.0,419993.77854221285,5853119.14334707,0.2122,46
643,0.0,419999.31486785423,5853122.364481988,0.2013,46
643,0.5,419999.78461669653,5853122.565802921,0.2013,46
643,1.0,420000.2543655388,5853122.733570364,0.1898,46
644,0.0,420118.5304133322,5852778.810310824,0.0671,272
644,0.5,420118.09421797865,5852779.078738733,0.1501,272
644,1.0,420117.6915761138,5852779.380720132,0.1898,272
645,0.0,420220.33169815637,5852913.930209962,0.5111,261
645,0.5,420220.7343400212,5852914.232191361,0.2847,261
645,1.0,420221.1705353748,5852914.467065782,0.2767,261
646,0.0,419915.73312741355,5852769.0126921125,0.1342,179
646,0.5,419915.6660204361,5852769.515994444,0.4697,179
646,1.0,419915.43114601495,5852769.952189798,0.4839,179
647,0.0,419961.93628140265,5853235.137757629,0.242,21
647,0.5,419962.40603024495,5853235.339078561,0.2122,21
647,1.0,419962.8422255985,5853235.573952983,0.242,21
648,0.0,420116.48365051934,5852935.2702287985,0.242,221
648,0.5,420116.2487760982,5852935.706424152,0.242,221
648,1.0,420116.04745516577,5852936.176172994,0.2767,221
649,0.0,420016.82978897425,5852843.165902219,0.3355,167
649,0.5,420017.0646633954,5852843.602097572,0.3001,167
649,1.0,420017.2659843278,5852844.071846414,0.1501,167
650,0.0,419914.3574343754,5852862.358497775,0.2684,126
650,0.5,419913.85413204436,5852862.425604753,0.2684,126
650,1.0,419913.35082971334,5852862.459158242,0.2684,126
651,0.0,419892.4805597197,5853206.348864294,0.3614,11
651,0.5,419892.81609460706,5853206.71795267,0.242,11
651,1.0,419893.11807600566,5853207.120594535,0.1898,11
652,0.0,420194.9317071834,5852992.915122446,0.2013,244
652,0.5,420194.4284048524,5852992.848015469,0.2122,244
652,1.0,420193.9251025214,5852992.848015469,0.2684,244
653,0.0,419859.4639268037,5852907.991242456,0.1898,98
653,0.5,419859.09483842767,5852908.360330832,0.2847,98
653,1.0,419858.7593035403,5852908.729419208,0.242,98
654,0.0,419912.6797599386,5852864.8079024535,0.242,125
654,0.5,419913.18306226964,5852864.908562919,0.242,125
654,1.0,419913.65281111194,5852865.009223386,0.2013,125
655,0.0,420133.96501815063,5852844.944237121,0.2013,287
655,0.5,420134.4683204817,5852844.97779061,0.2013,287
655,1.0,420134.97162281274,5852844.97779061,0.2013,287
656,0.0,419831.51387068693,5853016.335457584,0.4026,62
656,0.5,419832.01717301796,5853016.335457584,0.4026,62
656,1.0,419832.520475349,5853016.369011072,0.4026,62
657,0.0,420163.3243207944,5852981.003633945,0.2122,239
657,0.5,420163.0223393958,5852981.40627581,0.2847,239
657,1.0,420162.7539114859,5852981.842471164,0.242,239
658,0.0,420117.25538076024,5852817.094841471,0.2684,274
658,0.5,420116.7520784292,5852817.094841471,0.3355,274
658,1.0,420116.2487760982,5852817.1283949595,0.4026,274
659,0.0,420116.8862923842,5852936.981456724,0.3001,221
659,0.5,420116.6178644743,5852937.3840985885,0.1898,221
659,1.0,420116.4165435419,5852937.853847431,0.2122,221
660,0.0,419994.2818445439,5853119.847970333,0.242,46
660,0.5,419994.4831654763,5853120.3177191755,0.2767,46
660,1.0,419994.71803989745,5853120.753914529,0.3355,46
661,0.0,420101.25036663335,5852824.141074105,0.2013,266
661,0.5,420101.72011547565,5852824.27528806,0.2013,266
661,1.0,420102.2234178067,5852824.375948527,0.2013,266
662,0.0,420168.1895766611,5853016.939420381,0.3355,255
662,0.5,420168.55866503716,5853017.274955268,0.1898,255
662,1.0,420168.89419992454,5853017.644043644,0.1898,255
663,0.0,420066.99225463415,5852808.572255332,0.1898,264
663,0.5,420066.62316625804,5852808.874236731,0.242,264
663,1.0,420066.254077882,5852809.243325107,0.1898,264
664,0.0,420114.9737435262,5852938.491363716,0.2684,221
664,0.5,420115.007297015,5852938.994666047,0.2122,221
664,1.0,420115.07440399245,5852939.4979683785,0.2684,221
665,0.0,419961.9698348914,5853104.27915156,0.5111,48
665,0.5,419962.4731372224,5853104.346258537,0.5111,48
665,1.0,419962.97643955343,5853104.379812026,0.5369,48
666,0.0,419799.8393773204,5853025.998862339,0.3355,59
666,0.5,419799.33607498935,5853026.065969317,0.3355,59
666,1.0,419798.8327726583,5853026.133076294,0.3355,59
667,0.0,420137.9578833102,5852811.793390251,0.3614,278
667,0.5,420137.55524144537,5852812.09537165,0.3355,278
667,1.0,420137.1525995805,5852812.3973530475,0.3355,278
668,0.0,420134.7367483916,5852814.44411586,0.3355,278
668,0.5,420134.33410652675,5852814.712543771,0.4297,278
668,1.0,420133.9314646619,5852815.048078658,0.4297,278
669,0.0,420132.8577530224,5852827.764850888,0.3614,284
669,0.5,420132.38800418004,5852827.966171822,0.3913,284
669,1.0,420131.95180882653,5852828.167492754,0.3614,284
670,0.0,419877.6499176985,5852905.541837778,0.3355,102
670,0.5,419878.15322002955,5852905.575391267,0.3355,102
670,1.0,419878.6565223606,5852905.608944756,0.3355,102
671,0.0,419883.89086660335,5853001.102173697,0.3001,57
671,0.5,419884.1257410245,5853001.538369051,0.2122,57
671,1.0,419884.3270619569,5853002.008117894,0.2684,57
672,0.0,419892.4134527422,5852906.145800576,0.0671,102
672,0.5,419892.91675507324,5852906.246461041,0.242,102
672,1.0,419893.3865039156,5852906.313568019,0.2013,102
673,0.0,419904.3584947321,5853099.21257476,0.242,13
673,0.5,419904.123620311,5853099.648770114,0.3796,13
673,1.0,419903.82163891237,5853100.051411979,0.3355,13
674,0.0,420213.2183585444,5852912.520963435,0.4026,260
674,0.5,420212.7150562134,5852912.520963435,0.4026,260
674,1.0,420212.21175388235,5852912.621623902,0.3422,260
675,0.0,420181.40965122293,5853005.128592346,0.3001,256
675,0.5,420181.14122331305,5853005.5647877,0.2767,256
675,1.0,420180.9063488919,5853006.000983053,0.1898,256
676,0.0,420228.85428429523,5852998.585662043,0.2013,150
676,0.5,420229.3240331375,5852998.753429486,0.2013,150
676,1.0,420229.7937819799,5852998.92119693,0.1898,150
677,0.0,420092.3586921184,5852822.027204315,0.2684,265
677,0.5,420092.8619944494,5852822.060757804,0.2013,265
677,1.0,420093.3652967804,5852822.127864781,0.1342,265
678,0.0,419983.6453886146,5853242.653739106,0.3355,20
678,0.5,419983.27630023856,5853242.989273993,0.3355,20
678,1.0,419982.8736583737,5853243.291255392,0.3355,20
679,0.0,419952.03800222557,5852959.562954643,0.2122,151
679,0.5,419952.4070906017,5852959.89848953,0.242,151
679,1.0,419952.8097324665,5852960.16691744,0.2767,151
680,0.0,419827.4874520386,5853051.231085869,0.541,54
680,0.5,419827.0848101738,5853051.499513779,0.6187,54
680,1.0,419826.68216830894,5853051.835048666,0.3614,54
681,0.0,419925.7320670568,5852753.846515204,0.0671,179
681,0.5,419925.5307461244,5852754.316264046,0.3001,179
681,1.0,419925.29587170325,5852754.7524594,0.2767,179
682,0.0,420190.6033071365,5852994.995438748,0.0949,250
682,0.5,420190.36843271536,5852995.431634101,0.242,250
682,1.0,420190.167111783,5852995.901382944,0.2767,250
683,0.0,419881.9112107679,5852808.3709344,0.2122,168
683,0.5,419881.6763363468,5852808.807129753,0.242,168
683,1.0,419881.3743549482,5852809.209771618,0.2684,168
684,0.0,420027.96954723453,5852953.925968535,0.2767,161
684,0.5,420028.43929607683,5852954.06018249,0.1342,161
684,1.0,420028.9090449191,5852954.261503423,0.242,161
685,0.0,419884.22640149074,5853001.001513232,0.3796,57
685,0.5,419884.4612759119,5853001.437708585,0.2767,57
685,1.0,419884.6290433555,5853001.907457427,0.2122,57
686,0.0,419995.22134222847,5853121.424984304,0.242,46
686,0.5,419995.48977013835,5853121.861179657,0.2013,46
686,1.0,419995.7246445595,5853122.263821523,0.1898,46
687,0.0,420047.6654451224,5852879.906972384,0.4697,164
687,0.5,420047.6654451224,5852880.410274715,0.3614,164
687,1.0,420047.69899861113,5852880.913577046,0.3355,164
688,0.0,420120.64428312256,5852825.952962497,0.3355,280
688,0.5,420120.2416412577,5852826.221390407,0.3355,280
688,1.0,420119.83899939293,5852826.523371805,0.3614,280
689,0.0,419865.57066175365,5852909.601809915,0.3001,96
689,0.5,419865.1680198888,5852909.870237825,0.3001,96
689,1.0,419864.73182453524,5852910.138665735,0.242,96
690,0.0,420190.9723955126,5852995.46518759,0.4244,250
690,0.5,420190.670414114,5852995.867829455,0.3913,250
690,1.0,420190.33487922663,5852996.236917831,0.3001,250
691,0.0,420180.67147447076,5853006.839820271,0.2013,256
691,0.5,420180.5708140046,5853007.343122602,0.2013,256
691,1.0,420180.53726051585,5853007.812871445,0.1342,256
692,0.0,419939.8580858145,5852766.194199059,0.0671,193
692,0.5,419939.6567648821,5852766.630394412,0.242,193
692,1.0,419939.3883369722,5852767.100143255,0.2767,193
693,0.0,420152.1510090454,5852865.311204785,0.2684,291
693,0.5,420151.6812602031,5852865.478972228,0.3001,291
693,1.0,420151.21151136083,5852865.613186182,0.3355,291
694,0.0,420154.43264627946,5852826.556925294,0.2013,286
694,0.5,420153.9293439484,5852826.5904787835,0.3355,286
694,1.0,420153.42604161735,5852826.5904787835,0.2684,286
695,0.0,420193.4553536791,5852940.739447462,0.6744,241
695,0.5,420193.55601414526,5852941.242749793,0.6744,241
695,1.0,420193.6566746115,5852941.712498635,0.7006,241
696,0.0,419996.26150037925,5853120.18350522,0.1898,46
696,0.5,419996.7648027103,5853120.21705871,0.0949,46
696,1.0,419997.2345515526,5853120.3177191755,0.0671,46
697,0.0,420167.31718595396,5853015.966369208,0.2684,255
697,0.5,420167.6527208413,5853016.335457584,0.242,255
697,1.0,420167.95470223995,5853016.738099448,0.242,255
698,0.0,420190.2006652717,5852993.955280597,0.0671,254
698,0.5,420190.06645131676,5852994.425029439,0.1501,254
698,1.0,420189.93223736185,5852994.92833177,0.1898,254
699,0.0,419993.40945383674,5852914.198637872,0.6002,159
699,0.5,419992.97325848317,5852914.467065782,0.541,159
699,1.0,419992.5370631296,5852914.701940203,0.4082,159
700,0.0,419973.4786815277,5853278.253990655,0.242,24
700,0.5,419973.2773605953,5853278.723739497,0.242,24
700,1.0,419973.1095931516,5853279.193488339,0.2013,24
701,0.0,420132.9919669773,5852828.133939265,0.3001,283
701,0.5,420132.522218135,5852828.3352601975,0.2767,283
701,1.0,420132.08602278144,5852828.570134618,0.2013,283
702,0.0,420177.5510000184,5852994.492136417,0.4026,243
702,0.5,420178.0543023494,5852994.492136417,0.3355,243
702,1.0,420178.5576046804,5852994.5256899055,0.3355,243
703,0.0,420193.6902281002,5852993.183550356,0.242,250
703,0.5,420193.3882467016,5852993.58619222,0.242,250
703,1.0,420193.05271181423,5852993.955280597,0.2767,250
704,0.0,420191.64346528734,5852994.357922462,0.5111,250
704,0.5,420191.37503737747,5852994.760564326,0.4502,250
704,1.0,420191.1401629563,5852995.230313169,0.3355,250
705,0.0,419948.179351021,5852950.201531285,0.5111,154
705,0.5,419947.7096021787,5852950.369298729,0.5734,154
705,1.0,419947.2398533364,5852950.537066173,0.4885,154
706,0.0,420141.2461252063,5852823.805539218,0.0949,284
706,0.5,420140.8099298527,5852824.0404136395,0.2013,284
706,1.0,420140.3401810104,5852824.241734572,0.0949,284
707,0.0,420119.4699110168,5852826.758246227,0.3796,280
707,0.5,420119.067269152,5852827.060227625,0.3796,280
707,1.0,420118.6981807759,5852827.395762512,0.2847,280
708,0.0,420120.44296219014,5852833.670264906,0.3001,282
708,0.5,420120.00676683657,5852833.905139327,0.3913,282
708,1.0,420119.53701799427,5852834.072906771,0.1501,282
709,0.0,420164.3644789452,5852979.25885253,0.0671,239
709,0.5,420164.0289440579,5852979.627940907,0.1898,239
709,1.0,420163.79406963673,5852980.06413626,0.0671,239
710,0.0,420138.2263112201,5852812.128925138,0.3913,279
710,0.5,420137.857222844,5852812.464460026,0.3614,279
710,1.0,420137.4545809792,5852812.766441424,0.3796,279
711,0.0,420125.3417715456,5852821.89299036,0.1342,273
711,0.5,420125.8450738766,5852821.960097337,0.1342,273
711,1.0,420126.34837620764,5852821.993650827,0.1501,273
712,0.0,420115.24217143614,5852940.00127071,0.5369,221
712,0.5,420115.20861794736,5852940.504573041,0.4082,221
712,1.0,420115.1750644586,5852941.007875372,0.4026,221
713,0.0,419924.5241414623,5852756.295919882,0.2013,179
713,0.5,419924.3228205299,5852756.765668724,0.1342,179
713,1.0,419924.1214995975,5852757.201864078,0.0671,179
714,0.0,420066.35473834816,5852809.981501859,0.2767,264
714,0.5,420065.9520964834,5852810.2834832575,0.3355,264
714,1.0,420065.482347641,5852810.48480419,0.5111,264
715,0.0,419890.031155042,5852807.2301157825,0.1898,169
715,0.5,419889.527852711,5852807.2972227605,0.3355,169
715,1.0,419889.0245503799,5852807.2972227605,0.3355,169
716,0.0,419921.8398623635,5852759.315733868,0.0671,179
716,0.5,419921.77275538596,5852759.819036199,0.1342,179
716,1.0,419921.77275538596,5852760.32233853,0.2847,179
717,0.0,420192.6500699494,5852993.888173619,0.3001,250
717,0.5,420192.2138745959,5852994.15660153,0.2767,250
717,1.0,420191.7441257535,5852994.324368973,0.4745,250
718,0.0,419998.2747097034,5853121.861179657,0.2122,46
718,0.5,419998.71090505697,5853122.129607568,0.1898,46
718,1.0,419999.14710041054,5853122.364481988,0.2013,46
719,0.0,419902.4459458742,5853100.990909664,0.3796,13
719,0.5,419902.17751796433,5853101.427105017,0.3614,13
719,1.0,419901.9426435432,5853101.863300371,0.3796,13
720,0.0,420226.97528892604,5852997.5119504025,0.1898,150
720,0.5,420227.3779307909,5852997.813931801,0.2767,150
720,1.0,420227.7805726557,5852998.1159132,0.3001,150
721,0.0,420206.3398933536,5852825.684534587,0.2013,293
721,0.5,420206.3398933536,5852826.187836918,0.2013,293
721,1.0,420206.3398933536,5852826.691139249,0.2013,293
722,0.0,419959.35266276996,5852763.308599028,0.3796,197
722,0.5,419958.9500209052,5852763.610580426,0.3614,197
722,1.0,419958.54737904033,5852763.912561825,0.3796,197
723,0.0,420077.5280500972,5852908.326777344,0.242,219
723,0.5,420077.22606869857,5852908.729419208,0.242,219
723,1.0,420076.8905338112,5852909.098507584,0.1342,219
724,0.0,419878.45520142815,5852908.863633163,0.242,93
724,0.5,419878.1196665408,5852909.232721539,0.1898,93
724,1.0,419877.7505781647,5852909.568256427,0.0671,93
725,0.0,419929.92625314876,5853180.512677968,0.7651,31
725,0.5,419930.09402059246,5853180.98242681,0.7651,31
726,0.0,420026.4260867527,5852950.87260106,0.5734,161
726,0.5,420026.895835595,5852951.040368504,0.3614,161
727,0.0,419885.83696895005,5853003.652238841,0.3355,57
727,0.5,419886.27316430357,5853003.887113263,0.1898,57
728,0.0,420156.8820509571,5852825.919409009,0.2013,286
728,0.5,420156.4123021148,5852826.120729941,0.3422,286
729,0.0,420207.9840143016,5852988.720936354,0.6909,248
729,0.5,420208.4202096552,5852988.955810775,0.6331,248
730,0.0,419983.41051419347,5853134.141756535,0.3001,44
730,0.5,419983.84670954704,5853134.376630955,0.3001,44
731,0.0,420169.36394876684,5853018.415773885,0.1501,255
731,0.5,420169.598823188,5853018.851969238,0.1501,255
732,0.0,419938.07975091157,5852918.694805362,0.604,145
732,0.5,419938.2475183552,5852919.164554205,0.4026,145
733,0.0,419773.03013982053,5853199.57105957,0.4082,4
733,0.5,419772.56039097824,5853199.738827013,0.4026,4
734,0.0,419907.680290117,5852903.562181943,0.2684,88
734,0.5,419908.183592448,5852903.662842409,0.2684,88
735,0.0,420207.0109631283,5852827.060227625,0.1898,293
735,0.5,420207.11162359454,5852827.529976468,0.1501,293
736,0.0,419899.2248109556,5852893.02638648,0.3355,91
736,0.5,419899.5603458429,5852893.395474856,0.3355,91
737,0.0,420130.67677625455,5852817.698804268,0.5111,278
737,0.5,420130.2741343897,5852818.0007856665,0.5694,278
738,0.0,420020.48711924645,5852850.212134853,0.242,166
738,0.5,420020.78910064505,5852850.6147767175,0.1898,166
739,0.0,420029.814989115,5852955.13389413,0.242,161
739,0.5,420030.1169705136,5852955.536535994,0.1501,161
740,0.0,419954.9907092343,5852806.257064609,0.242,210
740,0.5,419955.4269045879,5852806.491939031,0.3001,210
741,0.0,420020.2186913366,5852849.272637169,0.2013,166
741,0.5,420020.31935180275,5852849.775939499,0.2013,166
742,0.0,420128.32803204306,5852829.643846258,0.3422,284
742,0.5,420127.85828320077,5852829.811613701,0.3355,284
743,0.0,419947.4411742688,5852763.677687404,0.2122,185
743,0.5,419947.0049789152,5852763.946115313,0.242,185
744,0.0,419955.9973138964,5852934.766926467,0.5111,150
744,0.5,419956.50061622745,5852934.8340334445,0.2767,150
745,0.0,419935.19415088027,5852878.262851436,0.3913,129
745,0.5,419934.724402038,5852878.464172369,0.3796,129
746,0.0,419892.31279227603,5853206.751506159,0.1501,11
746,0.5,419892.51411320845,5853207.221255001,0.0949,11
747,0.0,420193.3882467016,5852993.082889889,0.0671,250
747,0.5,420193.08626530296,5852993.485531755,0.242,250
748,0.0,419982.5381234864,5853133.7055611815,0.3913,44
748,0.5,419982.9743188399,5853133.940435602,0.3001,44
749,0.0,420227.7805726557,5852998.1159132,0.3001,150
749,0.5,420228.2167680093,5852998.350787621,0.3355,150
750,0.0,419974.18330479116,5853277.918455767,0.3001,24
750,0.5,419974.18330479116,5853278.4217580985,0.2684,24
751,0.0,419994.4831654763,5852906.850423839,0.0671,158
751,0.5,419994.3153980326,5852907.3201726815,0.1342,158
752,0.0,419949.2530626605,5852949.966656865,0.3001,154
752,0.5,419948.7833138182,5852950.134424308,0.242,154
753,0.0,419908.58623431285,5852896.448842331,0.1898,107
753,0.5,419908.9553226889,5852896.817930707,0.242,107
754,0.0,419940.3949416343,5852767.066589766,0.1898,192
754,0.5,419940.05940674694,5852767.435678142,0.1501,192
755,0.0,419896.7082993004,5853096.394081707,0.3001,17
755,0.5,419896.37276441307,5853096.763170083,0.3355,17
756,0.0,419856.81320119364,5852910.675521554,0.0949,98
756,0.5,419856.5783267725,5852911.111716908,0.3001,98
757,0.0,420126.4490366739,5852830.415576499,0.3614,284
757,0.5,420125.9792878315,5852830.616897431,0.3614,284
758,0.0,420099.94178057264,5852823.839092706,0.1501,266
758,0.5,420100.44508290367,5852823.939753173,0.2013,266
759,0.0,420176.1417534914,5852993.888173619,0.3614,243
759,0.5,420176.54439535626,5852994.15660153,0.3614,243
760,0.0,420117.32248773775,5852937.3840985885,0.242,222
760,0.5,420117.0540598279,5852937.786740453,0.1898,222
761,0.0,420000.7241143811,5853202.892854954,0.2767,30
761,0.5,420000.992542291,5853203.295496819,0.2847,30
762,0.0,419881.50856890314,5852919.29876816,0.2767,83
762,0.5,419881.9447642567,5852919.500089092,0.3614,83
763,0.0,420192.2138745959,5852993.317764311,0.3355,250
763,0.5,420191.94544668595,5852993.720406176,0.4244,250
764,0.0,420145.60807874193,5852821.658115939,0.242,284
764,0.5,420145.17188338836,5852821.8594368715,0.242,284
765,0.0,420174.93382789695,5852992.646694536,0.3355,243
765,0.5,420175.437130228,5852992.713801513,0.2767,243
766,0.0,420193.8579955439,5852940.571680019,0.1501,242
766,0.5,420194.2941908975,5852940.8065544395,0.2767,242
767,0.0,420171.9475673995,5852822.765381067,0.0671,286
767,0.5,420171.4778185572,5852822.966701999,0.2767,286
768,0.0,419956.7690441373,5853099.179021272,0.4745,51
768,0.5,419956.29929529503,5853099.380342204,0.3001,51
769,0.0,420047.3970172125,5852881.920181708,0.0671,165
769,0.5,420047.2963567463,5852882.4234840395,0.3355,165
770,0.0,420231.2365819955,5852998.149466689,0.1342,150
770,0.5,420231.7063308378,5852998.350787621,0.1342,150
771,0.0,419952.3064301355,5853146.019691547,0.3355,40
771,0.5,419952.7090720003,5853146.321672946,0.3001,40
772,0.0,420147.11798573507,5852866.821111777,0.3001,291
772,0.5,420146.64823689277,5852866.955325732,0.3355,291
773,0.0,419824.70251247357,5853015.731494786,0.3422,62
773,0.5,419824.19921014254,5853015.664387809,0.4026,62
774,0.0,419941.66997420625,5852920.372479799,0.5734,147
774,0.5,419941.56931374007,5852920.87578213,0.6002,147
775,0.0,419772.09064213594,5853199.873040968,0.3614,4
775,0.5,419771.5873398049,5853199.973701434,0.3355,4
776,0.0,419964.48634654656,5852798.640422666,0.2847,204
776,0.5,419964.1843651479,5852799.043064531,0.4745,204
777,0.0,419983.3098537273,5853242.3182042185,0.5241,20
777,0.5,419982.90721186245,5853242.620185617,0.4745,20
778,0.0,420117.5909156476,5852936.209726483,0.2122,221
778,0.5,420117.288934249,5852936.578814859,0.1898,221
779,0.0,419961.5000860491,5853235.171311118,0.2684,21
779,0.5,419961.8020674477,5853235.540399494,0.1898,21
780,0.0,419886.9442340783,5853003.820006285,0.3001,57
780,0.5,419887.2797689657,5853004.189094661,0.2847,57
781,0.0,420149.36606948037,5852951.375903391,0.2684,225
781,0.5,420148.8627671493,5852951.40945688,0.2013,225
782,0.0,419888.85678293626,5852917.486879768,0.4839,84
782,0.5,419889.2929782898,5852917.72175419,0.4502,84
783,0.0,419966.0298070284,5853104.715346914,0.1342,48
783,0.5,419966.53310935944,5853104.748900402,0.1342,48
784,0.0,419994.013416634,5852906.850423839,0.2013,158
784,0.5,419994.0469701227,5852907.35372617,0.1501,158
785,0.0,420132.6899855787,5852845.749520851,0.3355,288
785,0.5,420132.1866832477,5852845.78307434,0.3355,288
786,0.0,420092.2244781634,5852822.027204315,0.2684,265
786,0.5,420091.7211758324,5852822.060757804,0.2684,265
787,0.0,420134.50187397044,5852815.383613545,0.0671,277
787,0.5,420133.99857163936,5852815.484274012,0.3355,277
788,0.0,420082.76239433995,5852820.651511277,0.4745,265
788,0.5,420083.265696671,5852820.685064766,0.5111,265
789,0.0,419964.7212209677,5853104.413365515,0.3355,48
789,0.5,419965.22452329873,5853104.4469190035,0.3355,48
790,0.0,420134.1998925718,5852817.1955019375,0.2013,274
790,0.5,420133.69659024075,5852817.1955019375,0.2013,274
791,0.0,419946.5352300729,5853182.492333802,0.2122,29
791,0.5,419946.9714254265,5853182.727208224,0.1898,29
792,0.0,420226.9417354373,5852997.142862027,0.6002,150
792,0.5,420227.44503776834,5852997.209969005,0.4026,150
793,0.0,420115.5777063235,5852939.095326514,0.604,221
793,0.5,420115.4099388798,5852939.5650753565,0.3355,221
794,0.0,419810.7442611595,5853011.973504048,0.0671,60
794,0.5,419810.2745123172,5853012.141271492,0.3913,60
795,0.0,419973.71355594887,5853278.38820461,0.2013,24
795,0.5,419973.5457885052,5853278.857953452,0.2122,24
796,0.0,420129.6701715925,5852818.638301953,0.3355,278
796,0.5,420129.2004227502,5852818.806069396,0.4297,278
797,0.0,419821.3471636,5853015.261745944,0.5734,62
797,0.5,419821.850465931,5853015.295299433,0.5369,62
798,0.0,419947.40762078005,5853184.43843615,0.242,32
798,0.5,419947.67604868993,5853184.874631503,0.1898,32
799,0.0,420188.0867954814,5852991.47232243,0.0671,244
799,0.5,420187.68415361654,5852991.740750341,0.0949,244
800,0.0,419859.2961593601,5852957.5497453185,0.9323,65
800,0.5,419859.2290523826,5852958.05304765,0.3614,65
801,0.0,420203.92404216464,5852820.483743833,0.2122,293
801,0.5,420204.12536309706,5852820.953492676,0.4244,293
802,0.0,420215.8355306658,5852912.554516924,0.1342,260
802,0.5,420216.3052795081,5852912.688730879,0.0949,260
803,0.0,420206.94385615084,5852828.939222994,0.2013,294
803,0.5,420207.044516617,5852829.442525325,0.1898,294
804,0.0,419879.42825260153,5852986.506406098,0.0671,57
804,0.5,419879.1598246916,5852986.942601451,0.6609,57
805,0.0,419847.5188848138,5852933.9616427375,0.1342,73
805,0.5,419847.8544197012,5852934.330731113,0.6002,73
806,0.0,420126.1135017865,5852829.979381145,0.3913,282
806,0.5,420125.6773064329,5852830.247809055,0.4244,282
807,0.0,420228.7200703403,5852998.753429486,0.1898,150
807,0.5,420228.95494476147,5852999.189624839,0.1501,150
808,0.0,419962.97643955343,5853103.540974808,0.2013,48
808,0.5,419962.50669071113,5853103.708742252,0.2684,48
809,0.0,419888.890336425,5852807.263669271,0.4026,169
809,0.5,419888.38703409396,5852807.2972227605,0.3422,169
810,0.0,419878.1867735183,5852986.942601451,0.1342,57
810,0.5,419878.6565223606,5852987.110368894,0.7503,57
811,0.0,419946.30035565177,5852764.3487571785,0.2767,185
811,0.5,419945.83060680947,5852764.516524622,0.1898,185
812,0.0,419978.31038390566,5853133.537793738,0.7228,44
812,0.5,419978.8136862367,5853133.537793738,0.7382,44
813,0.0,419892.61477367464,5852907.62215408,0.1342,103
813,0.5,419893.0509690282,5852907.857028501,0.1898,103
814,0.0,419871.9793781022,5852901.213437731,0.2847,100
814,0.5,419872.1806990346,5852901.683186574,0.2122,100
815,0.0,419919.0549227984,5852861.855195444,0.2684,126
815,0.5,419918.55162046733,5852861.955855911,0.1342,126
816,0.0,419924.5241414623,5853122.398035477,0.1898,43
816,0.5,419924.8596763497,5853122.767123853,0.1501,43
817,0.0,420162.41837659857,5852982.245113028,0.3355,239
817,0.5,420162.35126962105,5852982.748415359,0.2013,239
818,0.0,419994.18118407764,5852907.924135478,0.242,158
818,0.5,419994.2147375664,5852908.427437809,0.2684,158
819,0.0,419937.07314624946,5852770.858133993,0.2013,191
819,0.5,419936.93893229455,5852771.327882836,0.1342,191
820,0.0,419892.01081087743,5853205.577134053,0.6002,11
820,0.5,419892.2121318098,5853206.046882896,0.3913,11
821,0.0,420119.3021435731,5852834.140013749,0.0671,282
821,0.5,420118.93305519706,5852834.475548636,0.0949,282
822,0.0,419944.58912772627,5853223.729571459,0.9003,21
822,0.5,419944.08582539525,5853223.8302319255,0.2767,21
823,0.0,419880.6697316847,5853143.402519425,0.1501,15
823,0.5,419881.07237354957,5853143.670947336,0.1342,15
824,0.0,419770.51362816535,5853197.188761869,0.0671,4
824,0.5,419770.3458607217,5853197.658510711,0.2013,6
825,0.0,420204.4608979844,5852821.691669428,0.2122,293
825,0.5,420204.6622189168,5852822.16141827,0.242,293
826,0.0,419881.139480527,5852956.7109081,0.5773,68
826,0.5,419880.87105261715,5852957.113549965,0.5773,68
827,0.0,419948.81686730694,5852931.143149683,0.0671,150
827,0.5,419948.9175277732,5852931.646452014,0.5734,150
828,0.0,419936.1672020536,5852877.759549105,0.3614,129
828,0.5,419935.6974532113,5852877.960870038,0.3614,129
829,0.0,419772.0235351585,5853199.302631659,0.3614,4
829,0.5,419771.5873398049,5853199.53750608,0.3001,4
830,0.0,420163.6934091705,5852980.299010681,0.0671,239
830,0.5,420163.45853474934,5852980.735206035,0.0949,239
831,0.0,419948.21290450974,5852763.275045539,0.2122,185
831,0.5,419947.77670915617,5852763.50991996,0.242,185
832,0.0,420086.52038507833,5852805.351120413,0.1342,270
832,0.5,420086.1512967023,5852805.686655301,0.3614,270
833,0.0,420132.65643209,5852817.161948448,0.2684,274
833,0.5,420132.1531297589,5852817.161948448,0.2684,274
834,0.0,419959.15134183754,5852935.874191595,0.0671,150
834,0.5,419958.6480395065,5852935.874191595,0.4244,150
835,0.0,419762.7963257562,5853199.503952592,0.0949,6
835,0.5,419763.2660745985,5853199.671720035,0.6002,6
836,0.0,420156.0767672275,5852976.406805988,0.6909,233
836,0.5,420155.5734648965,5852976.507466454,0.1342,233
837,0.0,419886.91068058956,5852807.364329738,0.2013,169
837,0.5,419886.40737825853,5852807.397883226,0.4244,169
838,0.0,420148.9298741268,5852821.926543849,0.1898,283
838,0.5,420148.4601252845,5852822.094311292,0.2122,283
839,0.0,419954.92360225687,5852934.364284602,0.5734,150
839,0.5,419955.39335109916,5852934.532052046,0.3796,150
840,0.0,420063.2342638958,5852811.29008792,0.0949,264
840,0.5,420062.99938947463,5852811.726283273,0.1898,264
841,0.0,420116.1145621432,5852938.390703251,0.1501,221
841,0.5,420115.8796877221,5852938.826898604,0.1898,221
842,0.0,419903.7545319349,5852891.617139953,0.2767,107
842,0.5,419903.3518900701,5852891.919121351,0.2767,104
843,0.0,420077.3938361422,5852908.091902922,0.242,219
843,0.5,420076.9911942774,5852908.393884321,0.1898,219
844,0.0,420017.2324308391,5852842.494832444,0.875,167
844,0.5,420017.7021796814,5852842.59549291,0.7134,167
845,0.0,419901.3051272572,5853163.333291735,0.7503,36
845,0.5,419901.07025283604,5853163.769487089,0.3355,36
846,0.0,420154.0300044146,5852990.130182881,0.7228,234
846,0.5,420154.26487883576,5852990.566378235,0.1898,234
847,0.0,420156.7478370022,5853001.236387652,0.0671,255
847,0.5,420156.7478370022,5853001.739689983,0.6609,255
848,0.0,419751.2874791198,5853204.906064278,0.2122,2
848,0.5,419751.4888000522,5853205.3422596315,0.6331,2
849,0.0,419749.744018638,5853204.268547992,0.7651,2
849,0.5,419750.247320969,5853204.33565497,0.3355,2
850,0.0,419905.9355087027,5852764.2816502005,0.3001,173
850,0.5,419905.4322063717,5852764.2816502005,0.5734,173
851,0.0,419944.6562347037,5853223.125608662,0.242,21
851,0.5,419944.6562347037,5853223.628910993,0.9323,21
852,0.0,419958.8158069502,5852772.401594475,0.4502,200
852,0.5,419958.54737904033,5852772.837789829,0.0671,200
853,0.0,419984.68554676545,5853134.879933286,0.3355,44
853,0.5,419984.9539746753,5853135.31612864,0.0671,44
854,0.0,419959.21844881505,5853103.373207364,0.4026,48
854,0.5,419958.7822534615,5853103.641635274,0.6744,48
855,0.0,420177.18191164226,5852957.952387183,0.3355,237
855,0.5,420176.7457162887,5852958.220815093,0.3614,237
856,0.0,419953.61501619616,5852784.178869021,0.3355,201
856,0.5,419953.3465882863,5852784.615064375,0.0671,201
857,0.0,419880.6697316847,5852853.533930238,0.4297,142
857,0.5,419880.23353633116,5852853.802358148,0.2013,142
858,0.0,419903.5532110025,5853236.949646021,0.3001,19
858,0.5,419903.1170156489,5853237.218073931,0.0671,19
859,0.0,420162.3177161323,5852983.083950247,0.4297,239
859,0.5,420162.04928822245,5852983.5201456,0.3614,239
860,0.0,419903.2847830926,5852891.986228329,0.2847,104
860,0.5,419903.01635518274,5852892.422423682,0.0671,104
861,0.0,420024.31221696234,5852886.315688733,0.5111,162
861,0.5,420023.87602160877,5852886.584116642,0.6077,162
862,0.0,420222.9488702778,5852915.339456489,0.242,261
862,0.5,420223.21729818766,5852915.775651842,0.0671,261
863,0.0,419826.21241946664,5853052.170583554,0.9771,54
863,0.5,419825.77622411307,5853052.439011463,0.2122,54
864,0.0,419935.865220655,5852877.457567707,0.3355,130
864,0.5,419935.4290253014,5852877.725995616,0.2767,130
865,0.0,420193.6902281002,5852941.913819567,0.6744,241
865,0.5,420193.9586560101,5852942.350014921,0.3614,241
866,0.0,419974.01553734747,5853279.428362761,0.3355,24
866,0.5,419973.5793419939,5853279.69679067,0.5773,24
867,0.0,419960.99678371806,5853234.83577623,0.5111,21
867,0.5,419961.4329790716,5853235.104204141,0.4244,21
868,0.0,419873.6906060277,5852807.397883226,0.5369,169
868,0.5,419873.25441067416,5852807.666311136,0.1342,169
869,0.0,419891.70882947877,5853205.006724744,0.4839,11
869,0.5,419891.97725738864,5853205.442920098,0.6331,11
870,0.0,419978.7465792592,5853246.915032175,0.5694,20
870,0.5,419978.47815134935,5853247.351227529,0.5734,20
871,0.0,420117.5909156476,5852936.9479032345,0.242,222
871,0.5,420117.32248773775,5852937.3840985885,0.242,222
872,0.0,419906.9085598761,5852908.058349433,0.4244,86
872,0.5,419906.4723645225,5852908.326777344,0.3001,86
873,0.0,419944.2535928389,5853182.660101246,0.3001,29
873,0.5,419944.5220207488,5853183.0962966,0.3614,29
874,0.0,419942.94500677823,5853101.762639904,0.1501,48
874,0.5,419943.14632771065,5853102.232388747,0.9323,48
875,0.0,420221.77449817205,5852914.80260067,0.3001,261
875,0.5,420222.24424701434,5852915.003921602,0.3355,261
876,0.0,420122.3555110481,5852811.692729784,0.4297,275
876,0.5,420122.1541901157,5852812.162478627,0.0671,275
877,0.0,419802.9598517728,5853025.73043443,0.2684,59
877,0.5,419802.4901029305,5853025.931755362,0.0671,59
878,0.0,419791.08191676036,5853013.483411041,0.4697,63
878,0.5,419790.88059582794,5853013.953159884,0.0671,63
879,0.0,419945.96482076443,5852949.731782443,0.1501,156
879,0.5,419945.49507192214,5852949.933103375,0.0671,156
880,0.0,419893.65493182547,5853207.892324775,0.1898,11
880,0.5,419893.8562527579,5853208.362073618,0.0671,11
881,0.0,419902.345285408,5853102.198835258,0.242,13
881,0.5,419901.8755365657,5853102.400156191,0.5694,13
882,0.0,420065.6501150847,5852809.94794837,0.242,264
882,0.5,420065.4487941523,5852810.417697213,0.4839,264
883,0.0,419924.49058797356,5853153.569226513,0.1342,35
883,0.5,419924.96033681586,5853153.770547445,0.7503,35
884,0.0,420101.38458058826,5852952.852256896,0.2122,224
884,0.5,420101.85432943056,5852953.053577828,0.0671,224
885,0.0,419935.93232763244,5852871.585707177,0.4745,133
885,0.5,419935.46257879015,5852871.78702811,0.0671,133
886,0.0,420162.51903706475,5852981.171401389,0.0671,239
886,0.5,420162.3177161323,5852981.641150231,0.2013,239
887,0.0,419844.6668382713,5852941.343410259,0.3355,71
887,0.5,419844.197089429,5852941.544731191,0.0671,71
888,0.0,419875.97224326176,5853187.022054782,0.0671,11
888,0.5,419876.4755455928,5853187.089161759,0.6187,11
889,0.0,420201.1391025995,5853032.776667064,0.2684,257
889,0.5,420201.20620957704,5853033.279969395,0.2684,257
890,0.0,419876.6097595477,5853186.518752451,0.0671,11
890,0.5,419876.54265257024,5853187.022054782,0.5734,11
891,0.0,420153.49314859486,5852996.6395596955,0.6609,239
891,0.5,420152.9898462638,5852996.673113184,0.1342,239
892,0.0,420119.40280403936,5852826.120729941,0.6643,278
892,0.5,420119.4363575281,5852826.624032272,0.1501,280
893,0.0,420181.6445256441,5853011.134666829,0.7228,250
893,0.5,420181.61097215535,5853011.63796916,0.4502,250
894,0.0,419939.0528020849,5853096.763170083,0.3001,53
894,0.5,419938.54949975386,5853096.796723572,0.0671,53
895,0.0,419899.5603458429,5852909.232721539,0.3001,87
895,0.5,419899.2583644443,5852909.635363404,0.0671,87
896,0.0,419866.9128013031,5853202.72508751,0.4082,10
896,0.5,419866.9128013031,5853203.2283898415,0.7855,10
897,0.0,419856.2427918851,5852911.447251796,0.242,98
897,0.5,419855.8401500203,5852911.749233195,0.0671,98
898,0.0,419809.9389774298,5853012.241931958,0.3913,60
898,0.5,419809.53633556503,5853012.543913356,0.0671,60
899,0.0,420161.6466463576,5852985.4998014355,0.3355,239
899,0.5,420161.24400449276,5852985.801782834,0.2122,239
900,0.0,419889.6956201546,5852917.923075122,0.4502,84
900,0.5,419890.1989224857,5852917.923075122,0.0671,84
901,0.0,419929.1880763966,5853153.267245114,0.2684,37
901,0.5,419929.6913787276,5853153.267245114,0.0949,37
902,0.0,420145.0041159447,5852823.302236887,0.3355,283
902,0.5,420144.6014740799,5852823.6042182855,0.0671,283
903,0.0,420115.20861794736,5852959.193866267,0.6711,221
903,0.5,420115.6112598122,5852959.495847666,0.0671,221
904,0.0,420179.1951209664,5853009.893187746,0.3355,256
904,0.5,420178.79247910157,5853010.195169145,0.3355,256
905,0.0,420116.78563191794,5852938.189382318,0.1898,222
905,0.5,420116.38299005316,5852938.491363716,0.3001,222
906,0.0,419961.6678534927,5853237.352287886,0.2847,21
906,0.5,419962.07049535756,5853237.654269285,0.1342,21
907,0.0,419951.3333789621,5852959.026098823,0.2847,151
907,0.5,419951.73602082697,5852959.328080222,0.242,151
908,0.0,420065.9520964834,5852809.545306506,0.242,264
908,0.5,420065.6501150847,5852809.94794837,0.242,264
909,0.0,419960.15794649965,5852762.536868786,0.1342,196
909,0.5,419959.7553046348,5852762.838850185,0.1501,196
910,0.0,419951.8366812932,5853146.120352013,0.242,40
910,0.5,419952.1386626918,5853146.522993878,0.2013,40
911,0.0,419883.05202938494,5853000.330443457,0.4502,57
911,0.5,419883.4546712498,5853000.632424856,0.3913,57
912,0.0,419980.86044904956,5853136.591161212,0.242,44
912,0.5,419981.2630909144,5853136.893142611,0.0671,44
913,0.0,420127.6234087796,5852822.228525247,0.1342,273
913,0.5,420128.12671111064,5852822.228525247,0.0949,273
914,0.0,420161.982181245,5852985.13071306,0.2767,239
914,0.499,420161.6466463576,5852985.4998014355,0.3355,239
915,0.0,419938.07975091157,5853106.92987717,0.3796,47
915,0.499,419937.7442160242,5853107.298965546,0.2767,47
916,0.0,419801.5506052459,5853014.959764546,0.4885,60
916,0.499,419801.21507035854,5853015.328852922,0.0671,60
917,0.0,419795.51097727346,5853017.006527359,0.5734,60
917,0.499,419795.1754423861,5853017.375615735,0.1342,60
918,0.0,420086.88947345444,5852804.6800506385,0.2684,270
918,0.499,420086.72170601075,5852805.149799481,0.0671,270
919,0.0,420086.05063623603,5852805.787315767,0.3614,270
919,0.499,420085.8828687924,5852806.257064609,0.1342,270
920,0.0,419963.81527677184,5853103.004118988,0.242,48
920,0.499,419963.34552792954,5853103.171886432,0.3355,48
921,0.0,419985.8599188712,5852933.122805519,0.2684,149
921,0.499,419986.3296677135,5852933.290572963,0.0671,149
922,0.0,419973.94843037,5852927.653586855,0.2684,148
922,0.499,419974.4181792123,5852927.821354299,0.0671,148
923,0.0,420200.3002653812,5852813.907260041,0.2684,293
923,0.499,420200.6358002685,5852814.276348417,0.0949,293
924,0.0,419925.43008565815,5852774.515464265,0.3614,177
924,0.499,419925.0945507708,5852774.884552642,0.0671,177
925,0.0,420027.96954723453,5852955.570089484,0.1342,161
925,0.499,420028.1373146782,5852956.039838325,0.0671,161
926,0.0,419921.6049879423,5852776.461566612,0.0949,177
926,0.499,419921.2358995662,5852776.7971014995,0.4244,177
927,0.0,420021.0910820437,5852850.983865094,0.1898,166
927,0.499,420021.46017041977,5852851.319399982,0.0671,166
928,0.0,419938.07975091157,5852768.777817692,0.242,193
928,0.499,419937.9119834679,5852769.247566534,0.1898,193
929,0.0,419816.4483542446,5853014.55712268,0.1342,64
929,0.499,419816.9181030869,5853014.724890124,0.242,61
930,0.0,419899.3925783993,5852913.661782052,0.541,86
930,0.499,419899.2248109556,5852914.131530895,0.0671,86
931,0.0,420176.1417534914,5853014.087373838,0.6002,256
931,0.499,420175.77266511536,5853014.422908725,0.5534,256
932,0.0,419914.0890064655,5852893.29481439,0.1898,106
932,0.499,419913.6192576232,5852893.462581834,0.0671,106
933,0.0,419994.013416634,5852913.99731694,0.541,159
933,0.499,419993.5436677917,5852914.165084383,0.4697,159
934,0.0,420117.5238086702,5852779.078738733,0.242,272
934,0.499,420117.1882737828,5852779.447827109,0.1898,272
935,0.0,419771.45312584995,5853199.604613058,0.2767,4
935,0.499,419771.1175909626,5853199.973701434,0.4297,4
936,0.0,420167.2165254877,5853016.469671538,0.1501,255
936,0.499,420167.0487580441,5853016.939420381,0.0671,255
937,0.0,419917.51146231656,5852892.187549261,0.242,118
937,0.499,419917.8469972039,5852892.556637637,0.0671,118
938,0.0,419925.1616577483,5852755.054440798,0.2847,179
938,0.499,419924.82612286095,5852755.423529174,0.2013,179
939,0.0,419935.0934904141,5852877.860209571,0.3355,130
939,0.499,419934.62374157173,5852878.027977015,0.3001,130
940,0.0,419867.0805687468,5852962.683429095,0.5369,70
940,0.499,419866.7450338594,5852963.052517471,0.0671,70
941,0.0,420002.83798417146,5852922.251475168,0.6711,160
941,0.499,420002.36823532917,5852922.419242612,0.541,160
942,0.0,419820.67609382526,5853014.456462215,0.2013,61
942,0.499,419820.20634498296,5853014.624229658,0.0671,61
943,0.0,419919.59177861817,5852763.711240892,0.2847,179
943,0.499,419919.22269024205,5852764.04677578,0.0671,179
944,0.0,419923.7524112214,5853151.5224637,0.3355,37
944,0.499,419923.2826623791,5853151.6902311435,0.5111,37
945,0.0,419893.1516294944,5852807.330776249,0.2684,169
945,0.499,419892.6818806521,5852807.498543693,0.0671,169
946,0.0,419938.6166067313,5852867.55928853,0.4297,136
946,0.499,419938.2475183552,5852867.894823417,0.242,136
947,0.0,419959.7553046348,5852762.838850185,0.1501,196
947,0.499,419959.4197697475,5852763.207938561,0.3001,197
948,0.0,420103.93464573217,5852791.627743521,0.541,272
948,0.499,420103.76687828853,5852792.097492362,0.0671,272
949,0.0,419882.6829410089,5852999.994908569,0.3913,57
949,0.499,419883.05202938494,5853000.330443457,0.4502,57
950,0.0,419909.5928389749,5852897.52255397,0.1898,105
950,0.499,419910.0625878172,5852897.690321414,0.0671,105
951,0.0,420166.4447952468,5853016.134136651,0.0949,255
951,0.499,420166.7803301342,5853016.503225028,0.0671,255
952,0.0,420181.8122930878,5853010.664917987,0.7503,250
952,0.499,420181.6445256441,5853011.134666829,0.7228,250
953,0.0,419921.73920189723,5853120.384826153,0.4082,43
953,0.499,419922.2089507395,5853120.552593596,0.604,43
954,0.0,419801.11440989235,5852924.298237981,0.5369,75
954,0.495,419800.6782145388,5852924.533112403,0.0671,75
955,0.0,419905.66708079283,5853161.789831253,0.875,36
955,0.495,419905.23088543926,5853162.0247056745,0.9323,36
956,0.0,420126.65035760624,5852829.643846258,0.3614,282
956,0.495,420126.2141622527,5852829.878720679,0.3001,282
957,0.0,420116.2487760982,5852938.625577671,0.242,222
957,0.495,420116.01390167704,5852939.061773025,0.2013,222
958,0.0,419905.1637784618,5853162.12536614,0.7592,36
958,0.495,419904.92890404066,5853162.561561494,0.3355,36
959,0.0,419939.6903183709,5852873.968004878,0.242,134
959,0.495,419939.2541230173,5852874.202879299,0.4885,134
960,0.0,419896.57408534543,5853210.274622476,0.0671,12
960,0.495,419897.010280699,5853210.509496897,0.3913,12
961,0.0,419995.0871282735,5853121.693412214,0.1342,46
961,0.495,419995.32200269465,5853122.129607568,0.0671,46
962,0.0,419951.5682533833,5853145.281514795,0.3796,40
962,0.495,419951.8031278044,5853145.717710149,0.5241,40
963,0.0,419911.0020855018,5852775.085873574,0.4297,174
963,0.495,419910.76721108065,5852775.522068927,0.0671,174
964,0.0,419875.2340665095,5852942.786210275,0.242,73
964,0.495,419875.6702618631,5852943.021084696,0.0671,73
965,0.0,419961.4329790716,5853236.916092532,0.2684,21
965,0.495,419961.6678534927,5853237.352287886,0.2847,21
966,0.0,419937.7442160242,5853107.298965546,0.2767,47
966,0.495,419937.509341603,5853107.735160899,0.0671,47
967,0.0,419828.2256287908,5853050.66067656,0.5534,54
967,0.495,419827.7894334372,5853050.895550981,0.5241,54
968,0.0,419951.87023478193,5853145.784817126,0.4244,40
968,0.495,419952.3064301355,5853146.019691547,0.3355,40
969,0.0,419887.615303853,5852879.437223542,0.0671,116
969,0.495,419887.17910849943,5852879.672097963,0.2684,116
970,0.0,420047.1956962801,5852882.859679393,0.604,165
970,0.495,420046.96082185896,5852883.2958747465,0.6609,165
971,0.0,420111.8532690738,5852784.044655066,0.3614,272
971,0.495,420111.6183946527,5852784.48085042,0.2122,272
972,0.0,419893.4200574043,5853207.456129422,0.242,11
972,0.495,419893.65493182547,5853207.892324775,0.1898,11
973,0.0,420206.5747677747,5852826.825353204,0.242,293
973,0.495,420207.0109631283,5852827.060227625,0.1898,293
974,0.0,420115.007297015,5852959.026098823,0.8953,221
974,0.495,420114.5711016614,5852959.260973244,0.1501,221
975,0.0,420164.6664603438,5853011.63796916,0.5241,255
975,0.495,420164.90133476496,5853012.074164514,0.4745,255
976,0.0,420001.2609702009,5853203.698138684,0.2847,30
976,0.495,420001.495844622,5853204.134334037,0.0671,30
977,0.0,419770.1445397893,5853199.772380502,0.242,4
977,0.495,419769.7083444357,5853200.007254923,0.3614,4
978,0.0,419970.4253140528,5853147.898686917,0.1898,41
978,0.495,419970.86150940636,5853148.133561337,0.0671,41
979,0.0,420112.1216969837,5852784.5144039085,0.3913,272
979,0.495,420111.6855016301,5852784.749278329,0.4745,272
980,0.0,419982.5716769751,5853242.922167016,0.5241,20
980,0.495,419982.33680255397,5853243.358362369,0.4026,20
981,0.0,420140.9776972964,5852951.9463126995,0.3355,225
981,0.495,420140.54150194285,5852952.181187121,0.4697,225
982,0.0,419870.16748971044,5852922.184368191,0.0949,81
982,0.489,419870.63723855274,5852922.318582146,0.5369,81
983,0.0,419901.9426435432,5853101.863300371,0.3796,13
983,0.489,419901.8084295882,5853102.3330492135,0.6002,13
984,0.0,420148.5607857507,5852951.711438279,0.1342,225
984,0.489,420149.030534593,5852951.845652234,0.1342,225
985,0.0,420161.1433440266,5852985.264927015,0.3614,239
985,0.489,420161.0091300716,5852985.734675856,0.4082,239
986,0.0,419946.8707649603,5852950.671280128,0.3001,154
986,0.489,419946.401016118,5852950.805494083,0.6609,153
987,0.0,419770.4129676992,5853198.396687464,0.2013,4
987,0.489,419770.2787537442,5853198.866436305,0.1501,4
988,0.0,420124.10029246233,5852821.691669428,0.2013,273
988,0.489,420124.5700413046,5852821.825883383,0.0671,273
989,0.0,419853.7598337187,5853147.79802645,0.2013,16
989,0.489,419853.2900848764,5853147.932240405,0.0671,16
990,0.0,420082.46041294135,5852810.48480419,0.5694,270
990,0.489,420082.3261989864,5852810.954553032,0.2122,270
991,0.0,420023.9095750975,5852885.61106547,0.3355,162
991,0.489,420023.7753611425,5852886.080814311,0.3422,162
992,0.0,419877.6499176985,5852905.541837778,0.3355,102
992,0.489,419877.1801688562,5852905.676051733,0.0671,102
993,0.0,419922.8464670255,5852775.9247107925,0.4082,177
993,0.489,419922.3767181832,5852776.058924747,0.3355,177
994,0.0,419944.5220207488,5853183.0962966,0.3614,29
994,0.489,419944.6562347037,5853183.566045443,0.0671,29
995,0.0,420113.12830164575,5852830.8853253415,0.4502,280
995,0.489,420112.65855280345,5852831.019539297,0.1342,280
996,0.0,419955.4940115654,5852809.713073949,0.3355,212
996,0.489,419955.02426272305,5852809.847287904,0.1342,212
997,0.0,419925.89983450045,5852774.381250311,0.0949,177
997,0.489,419925.43008565815,5852774.515464265,0.3614,177
998,0.0,419937.1738067157,5852876.450963045,0.6187,134
998,0.489,419937.03959276073,5852876.920711887,0.2122,134
999,0.0,419826.58150784275,5852921.311977484,0.4745,79
999,0.489,419827.05125668505,5852921.446191439,0.0671,79
1000,0.0,419929.7920391938,5853180.042929125,0.8109,31
1000,0.489,419929.92625314876,5853180.512677968,0.7651,31
1001,0.0,419981.19598393695,5853209.771320145,0.6002,27
1001,0.489,419981.33019789186,5853210.241068987,0.0671,27
1002,0.0,419894.09112717904,5852877.088479331,0.2684,115
1002,0.489,419893.62137833674,5852877.222693285,0.2684,115
1003,0.0,420143.1586740642,5852880.309614249,0.2847,292
1003,0.489,420143.0244601093,5852880.779363091,0.0671,292
1004,0.0,420110.10848765954,5852836.857846336,0.3796,281
1004,0.489,420109.63873881724,5852836.992060292,0.0949,281
1005,0.0,420176.9470372211,5852994.425029439,0.3614,243
1005,0.489,420177.4167860634,5852994.559243394,0.5369,243
1006,0.0,420132.522218135,5852817.329715892,0.0671,279
1006,0.489,420132.0524692927,5852817.463929847,0.3355,279
1007,0.0,419956.936811581,5852802.431966893,0.3913,205
1007,0.489,419956.4670627387,5852802.5661808485,0.2013,205
1008,0.0,420096.3515572779,5852821.255474074,0.6002,267
1008,0.484,420095.94891541306,5852821.523901984,0.0671,267
1009,0.0,420117.92645053496,5852778.810310824,0.0671,272
1009,0.484,420117.5238086702,5852779.078738733,0.242,272
1010,0.0,419880.9381595946,5853143.335412448,0.1898,15
1010,0.484,419881.34080145945,5853143.603840359,0.2122,15
1011,0.0,419867.44965712284,5853202.959961931,0.541,10
1011,0.484,419867.04701525805,5853203.2283898415,0.7006,10
1012,0.0,419933.88556481956,5852772.636468896,0.2767,193
1012,0.484,419933.6171369097,5852773.039110761,0.0671,193
1013,0.0,419984.2829049006,5853134.611505377,0.3796,44
1013,0.484,419984.68554676545,5853134.879933286,0.3355,44
1014,0.0,420116.04745516577,5852816.59153914,0.4502,275
1014,0.484,420115.7790272559,5852816.994181004,0.6187,274
1015,0.0,419822.1860008184,5853015.295299433,0.4082,62
1015,0.484,419822.58864268323,5853015.5637273425,0.2684,62
1016,0.0,419872.9859827642,5852914.567726248,0.1898,93
1016,0.484,419872.71755485435,5852914.970368113,0.4244,93
1017,0.0,419941.66997420625,5852922.016600748,0.0949,147
1017,0.484,419941.4015462964,5852922.419242612,0.5369,147
1018,0.0,420016.5949145531,5852842.159297557,0.9323,167
1018,0.484,420016.99755641795,5852842.427725466,1.0924,167
1019,0.0,419905.3315459055,5853152.428407895,0.0671,37
1019,0.484,419905.7341877703,5853152.696835806,0.5734,37
1020,0.0,419883.7902061372,5852999.793587637,0.3614,57
1020,0.484,419884.05863404705,5853000.196229502,0.5534,57
1021,0.0,419794.7728005213,5853211.147013183,0.2684,7
1021,0.484,419795.1754423861,5853211.415441093,0.0949,7
1022,0.0,419897.91622489487,5853094.246658428,0.0671,17
1022,0.484,419897.647796985,5853094.649300293,0.2122,17
1023,0.0,419868.9931176047,5853197.6249572225,0.0949,10
1023,0.484,419868.7246896948,5853198.027599088,0.2767,10
1024,0.0,419835.8758242226,5853150.046110195,0.3355,16
1024,0.484,419835.47318235773,5853150.314538105,0.0671,16
1025,0.0,419832.2184939504,5853044.788816031,0.7134,56
1025,0.484,419831.81585208554,5853045.057243941,0.541,56
1026,0.0,419881.3743549482,5852919.533642581,0.1898,82
1026,0.484,419881.64278285805,5852919.936284446,0.2122,82
1027,0.0,419788.7331725489,5853019.288164592,0.6844,60
1027,0.484,419788.464744639,5853019.690806457,0.2013,60
1028,0.0,420190.4690931816,5852996.840880628,0.242,250
1028,0.48,420189.9993443393,5852996.941541094,0.6002,250
1029,0.0,419922.94712749176,5852758.443343161,0.0671,179
1029,0.48,419922.74580655934,5852758.879538515,0.1342,179
1030,0.0,419918.92070884345,5852872.927846727,0.3355,127
1030,0.48,419919.02136930963,5852873.3975955695,0.0671,127
1031,0.0,420178.75892561284,5853009.624759836,0.2767,256
1031,0.48,420178.6582651466,5853010.094508679,0.3001,256
1032,0.0,420088.9362362673,5852801.995771539,0.2684,270
1032,0.48,420088.7349153349,5852802.431966893,0.3001,270
1033,0.0,419881.4414619256,5853144.409124088,0.1342,15
1033,0.48,419881.8776572792,5853144.61044502,0.1898,15
1034,0.0,419981.02821649326,5853134.745719332,0.1501,44
1034,0.48,419981.49796533555,5853134.846379798,0.1501,44
1035,0.0,419971.16349080496,5853198.430240952,0.0671,28
1035,0.48,419970.69374196266,5853198.530901419,0.2013,28
1036,0.0,420230.66617268696,5852997.780378313,0.3001,150
1036,0.48,420231.10236804053,5852997.981699245,0.242,150
1037,0.0,420159.3650091236,5852912.554516924,0.3913,228
1037,0.48,420159.8347579659,5852912.65517739,0.0949,228
1038,0.0,420170.8403022712,5852993.61974571,0.1342,244
1038,0.48,420171.27649762476,5852993.821066642,0.604,244
1039,0.0,419934.69084854925,5852774.079268912,0.1898,191
1039,0.48,419934.4895276168,5852774.515464265,0.0671,191
1040,0.0,419992.3692956859,5852914.76904718,0.4244,159
1040,0.48,419991.8995468436,5852914.869707647,0.6609,159
1041,0.0,419769.84255839064,5853199.503952592,0.1898,4
1041,0.48,419769.6412374583,5853199.940147946,0.3001,4
1042,0.0,419953.0781603764,5853146.590100856,0.3355,40
1042,0.48,419953.5479092187,5853146.690761322,0.0949,40
1043,0.0,420027.399137926,5852882.222163107,0.3614,162
1043,0.48,420026.9629425724,5852882.4234840395,0.2767,162
1044,0.0,419904.7946900857,5852900.072619114,0.3355,90
1044,0.48,419905.264438928,5852900.173279581,0.0671,90
1045,0.0,419890.031155042,5852807.2301157825,0.1898,169
1045,0.48,419890.5009038843,5852807.330776249,0.0671,169
1046,0.0,420129.87149252486,5852819.040943817,0.5111,279
1046,0.48,420129.43529717135,5852819.24226475,0.1342,279
1047,0.0,419808.395516948,5853057.975337105,0.6609,54
1047,0.48,419808.2948564818,5853058.4450859465,0.0671,54
1048,0.0,419993.71143523534,5852911.715679706,0.3913,158
1048,0.48,419993.5101143029,5852912.151875059,0.3355,158
1049,0.0,420212.2788608598,5853014.355801748,0.2767,251
1049,0.48,420212.7150562134,5853014.55712268,0.5694,251
1050,0.0,419936.502736941,5852877.155586308,0.2767,130
1050,0.48,419936.0665415874,5852877.35690724,0.3355,130
1051,0.0,420163.5591952155,5852824.375948527,0.0671,286
1051,0.48,420164.0289440579,5852824.476608993,0.3355,286
1052,0.0,419818.8642054335,5853014.624229658,0.3355,61
1052,0.48,419819.3339542758,5853014.724890124,0.0671,61
1053,0.0,420164.6664603438,5852971.910638497,0.3796,237
1053,0.48,420164.23026499024,5852972.111959429,0.1342,237
1054,0.0,419846.8478150391,5853201.349394472,0.2767,9
1054,0.48,419846.4116196856,5853201.550715405,0.2122,9
1055,0.0,419891.3397411027,5852914.936814624,0.0949,85
1055,0.48,419891.7759364562,5852915.138135557,0.4697,85
1056,0.0,420145.0041159447,5852952.785149918,0.2013,225
1056,0.48,420144.5343671024,5852952.8858103845,0.2013,225
1057,0.0,420188.82497223356,5852992.680248025,0.3422,244
1057,0.48,420188.38877688,5852992.881568957,0.4697,244
1058,0.0,419965.25807678746,5853120.653254063,0.6331,52
1058,0.48,419965.3587372537,5853121.123002905,0.0671,52
1059,0.0,420114.80597608257,5852942.014480034,0.5369,222
1059,0.48,420114.90663654875,5852942.484228876,0.6187,222
1060,0.0,419838.52654983266,5853010.128062167,0.9678,67
1060,0.48,419838.6272102989,5853010.59781101,0.3001,67
1061,0.0,419925.5642996131,5853164.708984773,0.1501,29
1061,0.48,419926.0340484554,5853164.809645239,0.6643,29
1062,0.0,420117.72512960254,5852816.994181004,0.1342,274
1062,0.48,420117.25538076024,5852817.094841471,0.2684,274
1063,0.0,420126.4154831851,5852874.639074652,0.5241,262
1063,0.48,420126.8852320274,5852874.739735119,0.1342,262
1064,0.0,420018.13837503496,5852842.696153376,0.5369,167
1064,0.48,420018.60812387726,5852842.796813843,0.2013,167
1065,0.0,419869.42931295827,5852918.661251874,0.5111,93
1065,0.48,419869.3286524921,5852919.131000716,0.0671,93
1066,0.0,420113.5644969993,5852817.094841471,0.0671,274
1066,0.48,420114.0342458416,5852817.1955019375,0.4026,274
1067,0.0,420175.87332558155,5852992.848015469,0.242,243
1067,0.48,420176.3095209351,5852993.049336401,0.2122,243
1068,0.0,420126.65035760624,5852844.877130144,0.2684,287
1068,0.48,420127.12010644854,5852844.97779061,0.0671,287
1069,0.0,420207.41360499314,5852827.932618332,0.1501,293
1069,0.48,420207.61492592556,5852828.368813686,0.1898,293
1070,0.0,420209.8965631596,5853069.417076764,0.1342,258
1070,0.48,420210.3663120019,5853069.517737229,0.7503,258
1071,0.0,419993.27523988177,5852913.494014609,0.2767,158
1071,0.48,419993.0739189494,5852913.930209962,0.0671,158
1072,0.0,419941.83774164994,5852918.157949543,0.4082,147
1072,0.48,419941.9384021161,5852918.627698385,0.1342,147
1073,0.0,420206.2392328874,5852825.214785745,0.242,293
1073,0.48,420206.3398933536,5852825.684534587,0.2013,293
1074,0.0,419874.7307641785,5852859.204469834,0.3796,142
1074,0.48,419874.2610153362,5852859.3051303,0.0949,142
1075,0.0,419952.37353711296,5852770.656813061,0.4297,198
1075,0.48,419952.17221618054,5852771.093008414,0.0671,198
1076,0.0,420131.2807390518,5852845.749520851,0.0671,288
1076,0.48,420131.7504878941,5852845.850181317,0.3355,288
1077,0.0,419940.6633695442,5852872.59231184,0.3614,134
1077,0.48,419940.56270907796,5852873.062060682,0.0671,134
1078,0.0,420048.06808698724,5852881.3497724,0.5773,165
1078,0.48,420047.8667660548,5852881.785967753,0.4082,165
1079,0.0,420141.51455311617,5852814.779650748,0.0671,277
1079,0.48,420141.98430195847,5852814.880311214,0.2684,277
1080,0.0,419955.1249231893,5853231.91662271,0.7826,21
1080,0.48,419955.56111854286,5853232.117943643,0.8724,21
1081,0.0,419824.70251247357,5853015.731494786,0.3422,62
1081,0.48,419825.13870782714,5853015.932815718,0.0671,62
1082,0.0,420208.85640500876,5852989.190685197,0.6002,248
1082,0.48,420209.2926003623,5852989.392006129,0.6331,248
1083,0.0,420115.6448133009,5852941.209196304,0.2684,222
1083,0.48,420115.44349236856,5852941.645391658,0.242,222
1084,0.0,419896.00367603695,5852901.179884243,0.4026,90
1084,0.48,419895.5674806834,5852901.381205175,0.1501,90
1085,0.0,419991.9331003324,5852914.332851827,0.3355,159
1085,0.48,419991.83243986615,5852914.80260067,0.6609,159
1086,0.0,419903.1170156489,5852885.778832912,0.4026,121
1086,0.48,419902.9156947165,5852886.215028266,0.0671,121
1087,0.0,420219.05666558444,5852914.467065782,0.0671,260
1087,0.48,420218.58691674215,5852914.567726248,0.2013,260
1088,0.0,419881.7434433243,5852808.136059978,0.2013,170
1088,0.48,419881.273694482,5852808.236720445,0.1342,170
1089,0.0,419944.4549137713,5852939.363754424,0.2767,157
1089,0.48,419944.01871841773,5852939.5650753565,0.0671,157
1090,0.0,419784.8074143668,5853017.274955268,0.8408,63
1090,0.48,419784.70675390057,5853017.744704111,0.3001,63
1091,0.0,419949.01818823937,5852949.664675466,0.3355,155
1091,0.48,419948.5819928858,5852949.865996398,0.2013,155
1092,0.0,419972.74050477555,5853105.990379485,0.242,48
1092,0.48,419973.1767001291,5853106.191700418,0.0671,48
1093,0.0,420026.895835595,5852881.85307473,0.4244,162
1093,0.48,420026.7951751288,5852882.322823573,0.4082,162
1094,0.0,420118.46330635477,5852852.728646508,0.2122,297
1094,0.48,420118.89950170834,5852852.929967441,0.0671,297
1095,0.0,419851.0084476424,5852993.519085243,0.0671,67
1095,0.48,419850.80712670996,5852993.955280597,0.242,67
1096,0.0,419751.52235354093,5853205.4093666095,0.7134,2
1096,0.48,419751.9921023832,5853205.510027075,0.3422,2
1097,0.0,419878.4887549169,5852857.291920977,0.3001,138
1097,0.477,419878.1196665408,5852857.593902375,0.1342,138
1098,0.0,419958.9164674164,5852961.878145366,0.1501,151
1098,0.477,419959.2855557925,5852962.180126764,0.0671,151
1099,0.0,420056.8926545247,5852865.546079205,0.4244,165
1099,0.477,420056.5235661486,5852865.848060604,0.4026,165
1100,0.0,419868.7246896948,5852940.773000951,0.3614,73
1100,0.477,419869.09377807094,5852941.07498235,0.0671,73
1101,0.0,419918.5180669786,5852777.971473605,0.4745,177
1101,0.477,419918.21608558,5852778.340561981,0.0671,177
1102,0.0,419902.98280169396,5852895.14025627,0.2684,105
1102,0.477,419903.3518900701,5852895.442237669,0.4244,106
1103,0.0,419945.49507192214,5853101.796193394,0.4502,47
1103,0.477,419945.19309052353,5853102.16528177,0.2122,47
1104,0.0,419977.80708157463,5853133.20225885,0.7134,44
1104,0.477,419978.17616995075,5853133.504240248,0.8109,44
1105,0.0,419953.11171386513,5852960.368238373,0.2767,151
1105,0.477,419953.41369526373,5852960.737326749,0.0671,151
1106,0.0,419979.14922112407,5852785.957203924,0.0949,204
1106,0.477,419978.8472397254,5852786.326292301,0.1898,204
1107,0.0,419804.973061097,5852919.634303047,0.1342,74
1107,0.477,419805.342149473,5852919.936284446,0.3355,74
1108,0.0,419974.5523931673,5853278.555972054,0.242,24
1108,0.477,419974.2504117686,5853278.92506043,0.3001,24
1109,0.0,419932.47631829267,5853158.132500981,0.2684,31
1109,0.477,419932.17433689407,5853158.501589357,0.5534,31
1110,0.0,420002.97219812643,5853294.426772226,0.3001,25
1110,0.477,420003.27417952503,5853294.795860602,0.0671,25
1111,0.0,420207.682032903,5852988.351847978,0.4026,248
1111,0.477,420207.9840143016,5852988.720936354,0.6909,248
1112,0.0,419951.4675929171,5852792.030385385,0.4885,201
1112,0.477,419951.1656115185,5852792.399473761,0.0671,201
1113,0.0,419962.23826280126,5853103.775849229,0.3001,48
1113,0.477,419961.86917442514,5853104.077830628,0.5111,48
1114,0.0,419893.65493182547,5852927.687140344,0.3001,83
1114,0.477,419893.9569132241,5852928.05622872,0.0671,83
1115,0.0,419871.5096292599,5852849.541065078,0.0671,143
1115,0.477,419871.14054088376,5852849.843046477,0.3001,143
1116,0.0,419934.1875462182,5852876.8200514205,0.3355,131
1116,0.477,419933.8184578421,5852877.122032819,0.0671,131
1117,0.0,420185.60383731493,5852992.613141048,0.1898,244
1117,0.477,420185.2347489388,5852992.915122446,0.4839,244
1118,0.0,419878.62296887184,5853142.261700809,0.242,15
1118,0.477,419878.92495027045,5853142.630789185,0.1501,15
1119,0.0,419770.2787537442,5853198.866436305,0.1501,4
1119,0.477,419769.90966536815,5853199.168417704,0.3422,5
1120,0.0,419899.96298770775,5852893.965884164,0.4244,105
1120,0.477,419900.33207608387,5852894.267865563,0.3355,105
1121,0.0,419934.1875462182,5852772.26738052,0.3796,193
1121,0.477,419933.88556481956,5852772.636468896,0.2767,193
1122,0.0,420023.9095750975,5852852.560879065,0.4297,166
1122,0.477,420024.2786634736,5852852.862860464,0.242,166
1123,0.0,420029.5130077164,5852954.764805754,0.2767,161
1123,0.477,420029.814989115,5852955.13389413,0.242,161
1124,0.0,420222.5797819017,5852915.0374750905,0.2684,261
1124,0.477,420222.9488702778,5852915.339456489,0.242,261
1125,0.0,419963.17776048585,5853163.769487089,0.5241,38
1125,0.475,419962.8422255985,5853164.105021976,0.6187,38
1126,0.0,419876.44199210405,5852864.136832679,0.3355,137
1126,0.475,419876.10645721667,5852864.472367566,0.1342,137
1127,0.0,419832.5540288377,5853044.453281144,0.6187,56
1127,0.475,419832.2184939504,5853044.788816031,0.7134,56
1128,0.0,419997.93917481607,5853121.52564477,0.2013,46
1128,0.475,419998.2747097034,5853121.861179657,0.2122,46
1129,0.0,419929.72493221634,5853179.5731802825,0.8053,31
1129,0.475,419929.7920391938,5853180.042929125,0.8109,31
1130,0.0,419892.950308562,5852779.7833619965,0.242,172
1130,0.475,419893.4200574043,5852779.850468975,0.875,172
1131,0.0,419884.0250805583,5853000.363996945,0.4082,57
1131,0.475,419884.0921875358,5853000.833745788,0.2684,57
1132,0.0,419831.81585208554,5853045.057243941,0.541,56
1132,0.475,419831.34610324324,5853045.124350918,0.0671,56
1133,0.0,420029.177472829,5852954.429270866,0.2847,161
1133,0.475,420029.5130077164,5852954.764805754,0.2767,161
1134,0.0,419883.4546712498,5853000.632424856,0.3913,57
1134,0.475,419883.7902061372,5853000.967959743,0.3355,57
1135,0.0,420169.598823188,5853023.851439061,0.9003,256
1135,0.475,420169.53171621053,5853024.321187902,0.3913,256
1136,0.0,419973.0760396629,5853279.361255783,0.2013,24
1136,0.475,419973.1431466404,5853279.831004625,0.242,24
1137,0.0,419893.1516294944,5852807.330776249,0.2684,169
1137,0.475,419893.62137833674,5852807.397883226,0.1342,169
1138,0.0,419867.7851920102,5852955.570089484,0.3001,70
1138,0.475,419867.7180850327,5852956.039838325,0.4697,70
1139,0.0,419891.5410620351,5852883.664963122,0.541,113
1139,0.475,419891.20552714774,5852884.00049801,0.1342,113
1140,0.0,420175.57134418294,5853013.919606395,0.2684,256
1140,0.475,420175.6384511604,5853014.389355237,0.4885,256
1141,0.0,419858.0211267881,5852909.534702938,0.242,98
1141,0.475,419857.6855919008,5852909.870237825,0.2013,98
1142,0.0,420023.57404021017,5852852.225344177,0.4297,166
1142,0.475,420023.9095750975,5852852.560879065,0.4297,166
1143,0.0,419992.13442126475,5852790.923120257,0.1342,207
1143,0.475,419991.66467242246,5852790.990227235,0.3355,207
1144,0.0,419965.19096981,5853238.8957483675,0.4244,21
1144,0.475,419965.6607186523,5853238.962855345,0.0949,21
1145,0.0,420162.72035799717,5852982.681308381,0.242,239
1145,0.475,420162.3848231098,5852983.016843269,0.3001,239
1146,0.0,419921.2023460775,5853119.344668002,0.2767,43
1146,0.475,419921.5378809648,5853119.680202889,0.0671,43
1147,0.0,419968.07656984124,5853198.832882817,0.0671,28
1147,0.475,419967.60682099895,5853198.899989795,0.2013,28
1148,0.0,419939.925192792,5852767.066589766,0.3796,192
1148,0.475,419939.58965790464,5852767.402124654,0.2013,192
1149,0.0,419825.47424271447,5853052.439011463,0.3913,54
1149,0.475,419825.00449387217,5853052.506118441,0.6002,54
1150,0.0,420118.86594821955,5852825.952962497,0.0949,278
1150,0.475,420119.33569706185,5852826.020069474,0.6331,278
1151,0.0,420156.5465160698,5852911.816340172,0.3355,227
1151,0.475,420157.0162649121,5852911.883447149,0.0671,227
1152,0.0,420179.1951209664,5852996.169810853,0.1501,243
1152,0.475,420179.53065585374,5852996.50534574,0.0671,243
1153,0.0,420108.6656876439,5852816.423771696,0.3001,269
1153,0.475,420109.00122253125,5852816.759306584,0.0671,269
1154,0.0,419954.017658061,5852805.653101812,0.3355,210
1154,0.475,419954.4874069033,5852805.720208789,0.0671,210
1155,0.0,420160.57293471805,5852984.962945616,0.242,239
1155,0.475,420160.5058277406,5852985.432694458,0.2013,239
1156,0.0,420141.68232055986,5852844.138953391,0.1342,289
1156,0.475,420142.15206940216,5852844.2060603695,0.2767,289
1157,0.0,420160.5058277406,5852985.432694458,0.2013,239
1157,0.475,420160.57293471805,5852985.9024433,0.3355,239
1158,0.0,420181.14122331305,5852995.46518759,0.1342,243
1158,0.475,420181.61097215535,5852995.532294568,0.2013,243
1159,0.0,420207.07807010575,5852828.905669506,0.2013,294
1159,0.475,420207.41360499314,5852829.241204393,0.1342,294
1160,0.0,419820.37411242665,5853055.525932427,0.0949,55
1160,0.475,419820.84386126895,5853055.593039405,0.6002,55
1161,0.0,419908.9553226889,5852862.996014061,0.2684,126
1161,0.475,419909.4250715312,5852863.0631210385,0.0671,126
1162,0.0,420153.728023016,5852990.130182881,0.5534,234
1162,0.475,420153.2582741737,5852990.197289858,0.0671,234
1163,0.0,419963.7817232831,5853104.648239936,0.4026,48
1163,0.475,419964.2514721254,5853104.715346914,0.4082,48
1164,0.0,420002.36823532917,5852922.419242612,0.541,160
1164,0.475,420002.03270044184,5852922.7547774995,0.0671,160
1165,0.0,419944.38780679385,5852906.280014531,0.2013,144
1165,0.475,419944.85755563615,5852906.347121508,0.0949,144
1166,0.0,420025.9898913991,5852951.510117346,0.3001,161
1166,0.471,420025.9563379104,5852951.979866188,0.0671,161
1167,0.0,420149.56739041273,5852951.40945688,0.2013,225
1167,0.471,420150.03713925503,5852951.443010368,0.0671,225
1168,0.0,419873.7912664939,5852848.836441815,0.3614,143
1168,0.471,419873.3215176516,5852848.869995303,0.0671,143
1169,0.0,419900.49984352756,5852782.501194584,0.1342,174
1169,0.471,419900.96959236986,5852782.534748073,0.541,174
1170,0.0,419981.061769982,5852923.6271682065,0.1898,159
1170,0.471,419981.5315188243,5852923.660721696,0.7503,159
1171,0.0,420214.92958646995,5852999.961355081,0.5111,249
1171,0.471,420214.8960329812,5853000.431103922,0.2013,249
1172,0.0,420023.7753611425,5852886.080814311,0.3422,162
1172,0.471,420023.7418076538,5852886.550563154,0.5534,162
1173,0.0,419821.31361011125,5853055.559485916,0.9419,55
1173,0.471,419820.84386126895,5853055.593039405,0.6002,55
1174,0.0,420133.9314646619,5852845.648860385,0.2684,288
1174,0.471,420133.4617158196,5852845.682413873,0.2684,288
1175,0.0,420218.11716789985,5852914.534172759,0.2013,260
1175,0.471,420218.58691674215,5852914.567726248,0.2013,260
1176,0.0,420162.3177161323,5852981.641150231,0.2013,239
1176,0.471,420162.35126962105,5852982.110899073,0.2013,239
1177,0.0,420171.0416232036,5852823.067362466,0.2684,286
1177,0.471,420170.5718743613,5852823.100915954,0.2013,286
1178,0.0,419959.31910928123,5852961.542610479,0.3614,151
1178,0.471,419958.84936043894,5852961.576163967,0.2684,151
1179,0.0,420122.69104593544,5852909.870237825,0.2013,216
1179,0.471,420123.16079477774,5852909.903791314,0.0671,216
1180,0.0,419978.47815134935,5853247.351227529,0.5734,20
1180,0.471,419978.5117048381,5853247.820976371,0.0671,20
1181,0.0,420209.460367806,5852967.649345428,0.3422,246
1181,0.471,420209.4268143173,5852968.11909427,0.1342,246
1182,0.0,420118.5975203097,5852868.86787459,0.5241,262
1182,0.471,420119.067269152,5852868.901428079,0.0671,262
1183,0.0,419973.445128039,5853279.193488339,0.2013,24
1183,0.471,419973.4786815277,5853279.6632371815,0.5111,24
1184,0.0,420181.61097215535,5853011.63796916,0.4502,250
1184,0.471,420181.6445256441,5853012.107718003,0.0671,250
1185,0.0,419882.2131921666,5853129.310054157,0.4502,13
1185,0.471,419882.17963867786,5853129.779802999,0.0671,13
1186,0.0,420142.2191763796,5852819.3093717275,0.4502,285
1186,0.471,420142.6889252219,5852819.342925216,0.6711,285
1187,0.0,419939.5561044159,5853133.504240248,0.2847,40
1187,0.471,419940.0258532582,5853133.537793738,0.7592,40
1188,0.0,419981.49796533555,5853134.846379798,0.1501,44
1188,0.471,419981.96771417785,5853134.879933286,0.0671,44
1189,0.0,419889.59495968843,5852888.161130613,0.6002,113
1189,0.471,419889.62851317716,5852888.630879455,0.1342,113
1190,0.0,420025.55369604554,5852893.227707412,0.2122,163
1190,0.471,420026.02344488783,5852893.261260901,0.7382,163
